08:57:01.639 [DEBUG] [org.gradle.launcher.daemon.bootstrap.DaemonMain] Assuming the daemon was started with following jvm opts: [-XX:+HeapDumpOnOutOfMemoryError, -Xmx1024m, -Dfile.encoding=UTF-8, -Duser.country=IN, -Duser.language=en, -Duser.variant]
08:57:01.663 [INFO] [org.gradle.launcher.daemon.server.health.gc.GarbageCollectionMonitor] Unable to determine a garbage collection monitoring strategy for JVMStrategy{Ubuntu version 11.0.30}
08:57:01.680 [INFO] [org.gradle.launcher.daemon.server.Daemon] start() called on daemon - DefaultDaemonContext[uid=09285325-f717-4575-b108-45dc920053fb,javaHome=/usr/lib/jvm/java-11-openjdk-amd64,daemonRegistryDir=/home/student/.gradle/daemon,pid=6629,idleTimeout=10800000,daemonOpts=-XX:+HeapDumpOnOutOfMemoryError,-Xmx1024m,-Dfile.encoding=UTF-8,-Duser.country=IN,-Duser.language=en,-Duser.variant]
08:57:01.690 [DEBUG] [org.gradle.internal.remote.internal.inet.InetAddresses] Adding IP addresses for network interface enp1s0
08:57:01.690 [DEBUG] [org.gradle.internal.remote.internal.inet.InetAddresses] Is this a loopback interface? false
08:57:01.690 [DEBUG] [org.gradle.internal.remote.internal.inet.InetAddresses] Is this a multicast interface? true
08:57:01.690 [DEBUG] [org.gradle.internal.remote.internal.inet.InetAddresses] Adding remote address /fe80:0:0:0:96f0:c311:a665:ba6%enp1s0
08:57:01.691 [DEBUG] [org.gradle.internal.remote.internal.inet.InetAddresses] Adding remote address /10.201.113.31
08:57:01.691 [DEBUG] [org.gradle.internal.remote.internal.inet.InetAddresses] Adding remote multicast interface enp1s0
08:57:01.691 [DEBUG] [org.gradle.internal.remote.internal.inet.InetAddresses] Adding IP addresses for network interface lo
08:57:01.691 [DEBUG] [org.gradle.internal.remote.internal.inet.InetAddresses] Is this a loopback interface? true
08:57:01.691 [DEBUG] [org.gradle.internal.remote.internal.inet.InetAddresses] Is this a multicast interface? false
08:57:01.691 [DEBUG] [org.gradle.internal.remote.internal.inet.InetAddresses] Adding loopback address /0:0:0:0:0:0:0:1%lo
08:57:01.691 [DEBUG] [org.gradle.internal.remote.internal.inet.InetAddresses] Adding loopback address /127.0.0.1
08:57:01.692 [DEBUG] [org.gradle.internal.remote.internal.inet.TcpIncomingConnector] Listening on [d958654d-f7d7-4d4c-9d04-b55a4ec5c124 port:40229, addresses:[/0:0:0:0:0:0:0:1%lo, /127.0.0.1]].
08:57:01.699 [DEBUG] [org.gradle.launcher.daemon.server.Daemon] Daemon starting at: Tue Feb 17 08:57:01 IST 2026, with address: [d958654d-f7d7-4d4c-9d04-b55a4ec5c124 port:40229, addresses:[/0:0:0:0:0:0:0:1%lo, /127.0.0.1]]
08:57:01.699 [INFO] [org.gradle.launcher.daemon.server.DaemonRegistryUpdater] Advertising the daemon address to the clients: [d958654d-f7d7-4d4c-9d04-b55a4ec5c124 port:40229, addresses:[/0:0:0:0:0:0:0:1%lo, /127.0.0.1]]
08:57:01.700 [DEBUG] [org.gradle.launcher.daemon.server.DaemonRegistryUpdater] Advertised daemon context: DefaultDaemonContext[uid=09285325-f717-4575-b108-45dc920053fb,javaHome=/usr/lib/jvm/java-11-openjdk-amd64,daemonRegistryDir=/home/student/.gradle/daemon,pid=6629,idleTimeout=10800000,daemonOpts=-XX:+HeapDumpOnOutOfMemoryError,-Xmx1024m,-Dfile.encoding=UTF-8,-Duser.country=IN,-Duser.language=en,-Duser.variant]
08:57:01.700 [DEBUG] [org.gradle.launcher.daemon.registry.PersistentDaemonRegistry] Storing daemon address: [d958654d-f7d7-4d4c-9d04-b55a4ec5c124 port:40229, addresses:[/0:0:0:0:0:0:0:1%lo, /127.0.0.1]], context: DefaultDaemonContext[uid=09285325-f717-4575-b108-45dc920053fb,javaHome=/usr/lib/jvm/java-11-openjdk-amd64,daemonRegistryDir=/home/student/.gradle/daemon,pid=6629,idleTimeout=10800000,daemonOpts=-XX:+HeapDumpOnOutOfMemoryError,-Xmx1024m,-Dfile.encoding=UTF-8,-Duser.country=IN,-Duser.language=en,-Duser.variant]
08:57:01.703 [DEBUG] [org.gradle.cache.internal.DefaultFileLockManager] Waiting to acquire exclusive lock on daemon addresses registry.
08:57:01.705 [DEBUG] [org.gradle.cache.internal.DefaultFileLockManager] Lock acquired on daemon addresses registry.
08:57:01.706 [DEBUG] [org.gradle.cache.internal.DefaultFileLockManager] Releasing lock on daemon addresses registry.
08:57:01.707 [LIFECYCLE] [org.gradle.launcher.daemon.server.Daemon] Daemon server started.
08:57:01.707 [DEBUG] [org.gradle.launcher.daemon.bootstrap.DaemonStartupCommunication] Completed writing the daemon greeting. Closing streams...
08:57:01.710 [DEBUG] [org.gradle.launcher.daemon.server.Daemon] stopOnExpiration() called on daemon
08:57:01.710 [DEBUG] [org.gradle.launcher.daemon.server.Daemon] awaitExpiration() called on daemon
08:57:01.711 [DEBUG] [org.gradle.launcher.daemon.server.DaemonStateCoordinator] daemon is running. Sleeping until state changes.
08:57:01.711 [DEBUG] [org.gradle.internal.remote.internal.inet.TcpIncomingConnector] Accepted connection from /0:0:0:0:0:0:0:1:59976 to /0:0:0:0:0:0:0:1:40229.
08:57:01.753 [DEBUG] [org.gradle.launcher.daemon.server.SynchronizedDispatchConnection] thread 17: received class org.gradle.launcher.daemon.protocol.Build
08:57:01.753 [DEBUG] [org.gradle.launcher.daemon.server.DefaultDaemonConnection] thread 17: Received non-IO message from client: Build{id=a2a5094f-24b1-48a2-9506-71fee93615ea.1, currentDir=/home/student/1cr24cd403/HellloMavenGradle}
08:57:01.753 [INFO] [org.gradle.launcher.daemon.server.DefaultIncomingConnectionHandler] Received command: Build{id=a2a5094f-24b1-48a2-9506-71fee93615ea.1, currentDir=/home/student/1cr24cd403/HellloMavenGradle}.
08:57:01.753 [DEBUG] [org.gradle.launcher.daemon.server.DefaultIncomingConnectionHandler] Starting executing command: Build{id=a2a5094f-24b1-48a2-9506-71fee93615ea.1, currentDir=/home/student/1cr24cd403/HellloMavenGradle} with connection: socket connection from /0:0:0:0:0:0:0:1:40229 to /0:0:0:0:0:0:0:1:59976.
08:57:01.755 [ERROR] [org.gradle.launcher.daemon.server.DaemonStateCoordinator] Command execution: started DaemonCommandExecution[command = Build{id=a2a5094f-24b1-48a2-9506-71fee93615ea.1, currentDir=/home/student/1cr24cd403/HellloMavenGradle}, connection = DefaultDaemonConnection: socket connection from /0:0:0:0:0:0:0:1:40229 to /0:0:0:0:0:0:0:1:59976] after 0.0 minutes of idle
08:57:01.755 [INFO] [org.gradle.launcher.daemon.server.DaemonRegistryUpdater] Marking the daemon as busy, address: [d958654d-f7d7-4d4c-9d04-b55a4ec5c124 port:40229, addresses:[/0:0:0:0:0:0:0:1%lo, /127.0.0.1]]
08:57:01.756 [DEBUG] [org.gradle.launcher.daemon.registry.PersistentDaemonRegistry] Marking busy by address: [d958654d-f7d7-4d4c-9d04-b55a4ec5c124 port:40229, addresses:[/0:0:0:0:0:0:0:1%lo, /127.0.0.1]]
08:57:01.756 [DEBUG] [org.gradle.cache.internal.DefaultFileLockManager] Waiting to acquire exclusive lock on daemon addresses registry.
08:57:01.756 [DEBUG] [org.gradle.cache.internal.DefaultFileLockManager] Lock acquired on daemon addresses registry.
08:57:01.757 [DEBUG] [org.gradle.cache.internal.DefaultFileLockManager] Releasing lock on daemon addresses registry.
08:57:01.757 [DEBUG] [org.gradle.launcher.daemon.server.DaemonStateCoordinator] resetting idle timer
08:57:01.757 [DEBUG] [org.gradle.launcher.daemon.server.DaemonStateCoordinator] daemon is running. Sleeping until state changes.
08:57:01.757 [INFO] [org.gradle.launcher.daemon.server.exec.StartBuildOrRespondWithBusy] Daemon is about to start building Build{id=a2a5094f-24b1-48a2-9506-71fee93615ea.1, currentDir=/home/student/1cr24cd403/HellloMavenGradle}. Dispatching build started information...
08:57:01.758 [DEBUG] [org.gradle.launcher.daemon.server.SynchronizedDispatchConnection] thread 19: dispatching class org.gradle.launcher.daemon.protocol.BuildStarted
08:57:01.760 [DEBUG] [org.gradle.launcher.daemon.server.exec.EstablishBuildEnvironment] Configuring env variables: {PATH=/usr/local/sbin:/usr/local/bin:/usr/sbin:/usr/bin:/sbin:/bin:/usr/games:/usr/local/games:/snap/bin:/snap/bin, XAUTHORITY=/run/user/1001/.mutter-Xwaylandauth.BP9QK3, LESSCLOSE=/usr/bin/lesspipe %s %s, XMODIFIERS=@im=ibus, XDG_DATA_DIRS=/usr/share/ubuntu:/usr/local/share/:/usr/share/:/var/lib/snapd/desktop, GDMSESSION=ubuntu, QT_IM_MODULE=ibus, TERM=xterm-256color, XDG_CONFIG_DIRS=/etc/xdg/xdg-ubuntu:/etc/xdg, GNOME_TERMINAL_SERVICE=:1.125, LANG=en_IN, DBUS_SESSION_BUS_ADDRESS=unix:path=/run/user/1001/bus, XDG_SESSION_TYPE=wayland, XDG_CURRENT_DESKTOP=ubuntu:GNOME, DISPLAY=:0, WAYLAND_DISPLAY=wayland-0, COLORTERM=truecolor, SESSION_MANAGER=local/aimll501pc12-HP-Pro-Tower-280-G9-PCI-Desktop-PC:@/tmp/.ICE-unix/1763,unix/aimll501pc12-HP-Pro-Tower-280-G9-PCI-Desktop-PC:/tmp/.ICE-unix/1763, USERNAME=student, LOGNAME=student, PWD=/home/student/1cr24cd403/HellloMavenGradle, IM_CONFIG_PHASE=1, XDG_SESSION_CLASS=user, _=/usr/bin/gradle, LANGUAGE=en_IN:en, SHELL=/bin/bash, LESSOPEN=| /usr/bin/lesspipe %s, DESKTOP_SESSION=ubuntu, OLDPWD=/usr/share/gradle, USER=student, XDG_MENU_PREFIX=gnome-, VTE_VERSION=6800, QT_ACCESSIBILITY=1, GNOME_DESKTOP_SESSION_ID=this-is-deprecated, SSH_AUTH_SOCK=/run/user/1001/keyring/ssh, GNOME_TERMINAL_SCREEN=/org/gnome/Terminal/screen/22e5c1ff_1bfc_4729_9f66_f9c1e723be86, GTK_MODULES=gail:atk-bridge, GNOME_SHELL_SESSION_MODE=ubuntu, SYSTEMD_EXEC_PID=1789, LS_COLORS=rs=0:di=01;34:ln=01;36:mh=00:pi=40;33:so=01;35:do=01;35:bd=40;33;01:cd=40;33;01:or=40;31;01:mi=00:su=37;41:sg=30;43:ca=30;41:tw=30;42:ow=34;42:st=37;44:ex=01;32:*.tar=01;31:*.tgz=01;31:*.arc=01;31:*.arj=01;31:*.taz=01;31:*.lha=01;31:*.lz4=01;31:*.lzh=01;31:*.lzma=01;31:*.tlz=01;31:*.txz=01;31:*.tzo=01;31:*.t7z=01;31:*.zip=01;31:*.z=01;31:*.dz=01;31:*.gz=01;31:*.lrz=01;31:*.lz=01;31:*.lzo=01;31:*.xz=01;31:*.zst=01;31:*.tzst=01;31:*.bz2=01;31:*.bz=01;31:*.tbz=01;31:*.tbz2=01;31:*.tz=01;31:*.deb=01;31:*.rpm=01;31:*.jar=01;31:*.war=01;31:*.ear=01;31:*.sar=01;31:*.rar=01;31:*.alz=01;31:*.ace=01;31:*.zoo=01;31:*.cpio=01;31:*.7z=01;31:*.rz=01;31:*.cab=01;31:*.wim=01;31:*.swm=01;31:*.dwm=01;31:*.esd=01;31:*.jpg=01;35:*.jpeg=01;35:*.mjpg=01;35:*.mjpeg=01;35:*.gif=01;35:*.bmp=01;35:*.pbm=01;35:*.pgm=01;35:*.ppm=01;35:*.tga=01;35:*.xbm=01;35:*.xpm=01;35:*.tif=01;35:*.tiff=01;35:*.png=01;35:*.svg=01;35:*.svgz=01;35:*.mng=01;35:*.pcx=01;35:*.mov=01;35:*.mpg=01;35:*.mpeg=01;35:*.m2v=01;35:*.mkv=01;35:*.webm=01;35:*.webp=01;35:*.ogm=01;35:*.mp4=01;35:*.m4v=01;35:*.mp4v=01;35:*.vob=01;35:*.qt=01;35:*.nuv=01;35:*.wmv=01;35:*.asf=01;35:*.rm=01;35:*.rmvb=01;35:*.flc=01;35:*.avi=01;35:*.fli=01;35:*.flv=01;35:*.gl=01;35:*.dl=01;35:*.xcf=01;35:*.xwd=01;35:*.yuv=01;35:*.cgm=01;35:*.emf=01;35:*.ogv=01;35:*.ogx=01;35:*.aac=00;36:*.au=00;36:*.flac=00;36:*.m4a=00;36:*.mid=00;36:*.midi=00;36:*.mka=00;36:*.mp3=00;36:*.mpc=00;36:*.ogg=00;36:*.ra=00;36:*.wav=00;36:*.oga=00;36:*.opus=00;36:*.spx=00;36:*.xspf=00;36:, XDG_SESSION_DESKTOP=ubuntu, XDG_RUNTIME_DIR=/run/user/1001, GNOME_SETUP_DISPLAY=:1, SSH_AGENT_LAUNCHER=gnome-keyring, HOME=/home/student, SHLVL=1}
08:57:01.761 [WARN] [org.gradle.launcher.daemon.server.exec.EstablishBuildEnvironment] Warning: Unable able to set daemon's environment variables to match the client because: 
  Java 9 does not support modifying environment variables.
  If the daemon was started with a significantly different environment from the client, and your build 
  relies on environment variables, you may experience unexpected behavior.
08:57:01.762 [DEBUG] [org.gradle.launcher.daemon.server.exec.LogToClient] About to start relaying all logs to the client via the connection.
08:57:01.762 [INFO] [org.gradle.launcher.daemon.server.exec.LogToClient] The client will now receive all logging from the daemon (pid: 6629). The daemon log file: /home/student/.gradle/daemon/4.4.1/daemon-6629.out.log
08:57:01.764 [INFO] [org.gradle.launcher.daemon.server.exec.LogAndCheckHealth] Starting build in new daemon [memory: 1.1 GB]
08:57:01.766 [DEBUG] [org.gradle.launcher.daemon.server.exec.ExecuteBuild] The daemon has started executing the build.
08:57:01.766 [DEBUG] [org.gradle.launcher.daemon.server.exec.ExecuteBuild] Executing build with daemon context: DefaultDaemonContext[uid=09285325-f717-4575-b108-45dc920053fb,javaHome=/usr/lib/jvm/java-11-openjdk-amd64,daemonRegistryDir=/home/student/.gradle/daemon,pid=6629,idleTimeout=10800000,daemonOpts=-XX:+HeapDumpOnOutOfMemoryError,-Xmx1024m,-Dfile.encoding=UTF-8,-Duser.country=IN,-Duser.language=en,-Duser.variant]
:wrapper
:init

BUILD SUCCESSFUL in 1s
2 actionable tasks: 2 executed
08:57:02.559 [DEBUG] [org.gradle.launcher.daemon.server.exec.ExecuteBuild] The daemon has finished executing the build.
08:57:02.566 [DEBUG] [org.gradle.launcher.daemon.server.DaemonStateCoordinator] daemon is running. Sleeping until state changes.
08:57:02.566 [DEBUG] [org.gradle.launcher.daemon.server.DaemonStateCoordinator] Command execution: finished waiting for DaemonCommandExecution[command = Build{id=a2a5094f-24b1-48a2-9506-71fee93615ea.1, currentDir=/home/student/1cr24cd403/HellloMavenGradle}, connection = DefaultDaemonConnection: socket connection from /0:0:0:0:0:0:0:1:40229 to /0:0:0:0:0:0:0:1:59976]. Result org.gradle.launcher.daemon.server.DaemonStateCoordinator@33f0f467 with state Busy
08:57:02.566 [DEBUG] [org.gradle.launcher.daemon.server.DaemonStateCoordinator] Command execution: completed DaemonCommandExecution[command = Build{id=a2a5094f-24b1-48a2-9506-71fee93615ea.1, currentDir=/home/student/1cr24cd403/HellloMavenGradle}, connection = DefaultDaemonConnection: socket connection from /0:0:0:0:0:0:0:1:40229 to /0:0:0:0:0:0:0:1:59976]
08:57:02.566 [DEBUG] [org.gradle.launcher.daemon.server.DaemonStateCoordinator] resetting idle timer
08:57:02.566 [INFO] [org.gradle.launcher.daemon.server.DaemonRegistryUpdater] Marking the daemon as idle, address: [d958654d-f7d7-4d4c-9d04-b55a4ec5c124 port:40229, addresses:[/0:0:0:0:0:0:0:1%lo, /127.0.0.1]]
08:57:02.566 [DEBUG] [org.gradle.launcher.daemon.registry.PersistentDaemonRegistry] Marking busy by address: [d958654d-f7d7-4d4c-9d04-b55a4ec5c124 port:40229, addresses:[/0:0:0:0:0:0:0:1%lo, /127.0.0.1]]
08:57:02.567 [DEBUG] [org.gradle.cache.internal.DefaultFileLockManager] Waiting to acquire exclusive lock on daemon addresses registry.
08:57:02.567 [DEBUG] [org.gradle.cache.internal.DefaultFileLockManager] Lock acquired on daemon addresses registry.
08:57:02.567 [DEBUG] [org.gradle.cache.internal.DefaultFileLockManager] Releasing lock on daemon addresses registry.
08:57:02.567 [DEBUG] [org.gradle.launcher.daemon.server.DaemonStateCoordinator] daemon is running. Sleeping until state changes.
08:57:02.567 [DEBUG] [org.gradle.launcher.daemon.server.exec.ReturnResult] Daemon is dispatching the build result: Success[value=null]
08:57:02.567 [DEBUG] [org.gradle.launcher.daemon.server.SynchronizedDispatchConnection] thread 16: dispatching class org.gradle.launcher.daemon.protocol.Success
08:57:02.569 [DEBUG] [org.gradle.launcher.daemon.server.DefaultIncomingConnectionHandler] Finishing executing command: Build{id=a2a5094f-24b1-48a2-9506-71fee93615ea.1, currentDir=/home/student/1cr24cd403/HellloMavenGradle}
08:57:02.571 [DEBUG] [org.gradle.launcher.daemon.server.SynchronizedDispatchConnection] thread 17: received class org.gradle.launcher.daemon.protocol.CloseInput
08:57:02.571 [DEBUG] [org.gradle.launcher.daemon.server.DefaultDaemonConnection] thread 17: Received IO message from client: org.gradle.launcher.daemon.protocol.CloseInput@4c7de3e3
08:57:02.573 [DEBUG] [org.gradle.launcher.daemon.server.SynchronizedDispatchConnection] thread 17: received class org.gradle.launcher.daemon.protocol.Finished
08:57:02.573 [DEBUG] [org.gradle.launcher.daemon.server.DefaultDaemonConnection] thread 17: Received non-IO message from client: org.gradle.launcher.daemon.protocol.Finished@25f59ee7
08:57:02.573 [DEBUG] [org.gradle.launcher.daemon.server.DefaultIncomingConnectionHandler] Received finished message: org.gradle.launcher.daemon.protocol.Finished@25f59ee7
08:57:02.573 [DEBUG] [org.gradle.internal.remote.internal.inet.SocketConnection] Discarding EOFException: java.io.EOFException
08:57:02.573 [DEBUG] [org.gradle.launcher.daemon.server.SynchronizedDispatchConnection] thread 16: stopping connection
08:57:02.573 [DEBUG] [org.gradle.launcher.daemon.server.SynchronizedDispatchConnection] thread 17: received null
08:57:02.574 [DEBUG] [org.gradle.launcher.daemon.server.DefaultDaemonConnection] thread 17: Received end-of-input from client.
08:57:02.574 [DEBUG] [org.gradle.launcher.daemon.server.SynchronizedDispatchConnection] thread 16: stopping connection
08:57:11.711 [DEBUG] [org.gradle.launcher.daemon.server.Daemon] DaemonExpirationPeriodicCheck running
08:57:11.711 [DEBUG] [org.gradle.cache.internal.DefaultFileLockManager] Waiting to acquire shared lock on daemon addresses registry.
08:57:11.711 [DEBUG] [org.gradle.cache.internal.DefaultFileLockManager] Lock acquired on daemon addresses registry.
08:57:11.711 [DEBUG] [org.gradle.cache.internal.DefaultFileLockManager] Releasing lock on daemon addresses registry.
08:57:11.711 [DEBUG] [org.gradle.cache.internal.DefaultFileLockManager] Waiting to acquire shared lock on daemon addresses registry.
08:57:11.712 [DEBUG] [org.gradle.cache.internal.DefaultFileLockManager] Lock acquired on daemon addresses registry.
08:57:11.712 [DEBUG] [org.gradle.cache.internal.DefaultFileLockManager] Releasing lock on daemon addresses registry.
08:57:21.711 [DEBUG] [org.gradle.launcher.daemon.server.Daemon] DaemonExpirationPeriodicCheck running
08:57:21.711 [DEBUG] [org.gradle.cache.internal.DefaultFileLockManager] Waiting to acquire shared lock on daemon addresses registry.
08:57:21.711 [DEBUG] [org.gradle.cache.internal.DefaultFileLockManager] Lock acquired on daemon addresses registry.
08:57:21.711 [DEBUG] [org.gradle.cache.internal.DefaultFileLockManager] Releasing lock on daemon addresses registry.
08:57:21.711 [DEBUG] [org.gradle.cache.internal.DefaultFileLockManager] Waiting to acquire shared lock on daemon addresses registry.
08:57:21.711 [DEBUG] [org.gradle.cache.internal.DefaultFileLockManager] Lock acquired on daemon addresses registry.
08:57:21.711 [DEBUG] [org.gradle.cache.internal.DefaultFileLockManager] Releasing lock on daemon addresses registry.
08:57:21.711 [DEBUG] [org.gradle.cache.internal.DefaultFileLockManager] Waiting to acquire shared lock on daemon addresses registry.
08:57:21.711 [DEBUG] [org.gradle.cache.internal.DefaultFileLockManager] Lock acquired on daemon addresses registry.
08:57:21.711 [DEBUG] [org.gradle.cache.internal.DefaultFileLockManager] Releasing lock on daemon addresses registry.
08:57:31.711 [DEBUG] [org.gradle.launcher.daemon.server.Daemon] DaemonExpirationPeriodicCheck running
08:57:31.711 [DEBUG] [org.gradle.cache.internal.DefaultFileLockManager] Waiting to acquire shared lock on daemon addresses registry.
08:57:31.711 [DEBUG] [org.gradle.cache.internal.DefaultFileLockManager] Lock acquired on daemon addresses registry.
08:57:31.711 [DEBUG] [org.gradle.cache.internal.DefaultFileLockManager] Releasing lock on daemon addresses registry.
08:57:31.711 [DEBUG] [org.gradle.cache.internal.DefaultFileLockManager] Waiting to acquire shared lock on daemon addresses registry.
08:57:31.711 [DEBUG] [org.gradle.cache.internal.DefaultFileLockManager] Lock acquired on daemon addresses registry.
08:57:31.711 [DEBUG] [org.gradle.cache.internal.DefaultFileLockManager] Releasing lock on daemon addresses registry.
08:57:31.711 [DEBUG] [org.gradle.cache.internal.DefaultFileLockManager] Waiting to acquire shared lock on daemon addresses registry.
08:57:31.711 [DEBUG] [org.gradle.cache.internal.DefaultFileLockManager] Lock acquired on daemon addresses registry.
08:57:31.711 [DEBUG] [org.gradle.cache.internal.DefaultFileLockManager] Releasing lock on daemon addresses registry.
08:57:41.711 [DEBUG] [org.gradle.launcher.daemon.server.Daemon] DaemonExpirationPeriodicCheck running
08:57:41.711 [DEBUG] [org.gradle.cache.internal.DefaultFileLockManager] Waiting to acquire shared lock on daemon addresses registry.
08:57:41.711 [DEBUG] [org.gradle.cache.internal.DefaultFileLockManager] Lock acquired on daemon addresses registry.
08:57:41.711 [DEBUG] [org.gradle.cache.internal.DefaultFileLockManager] Releasing lock on daemon addresses registry.
08:57:41.711 [DEBUG] [org.gradle.cache.internal.DefaultFileLockManager] Waiting to acquire shared lock on daemon addresses registry.
08:57:41.711 [DEBUG] [org.gradle.cache.internal.DefaultFileLockManager] Lock acquired on daemon addresses registry.
08:57:41.711 [DEBUG] [org.gradle.cache.internal.DefaultFileLockManager] Releasing lock on daemon addresses registry.
08:57:41.711 [DEBUG] [org.gradle.cache.internal.DefaultFileLockManager] Waiting to acquire shared lock on daemon addresses registry.
08:57:41.711 [DEBUG] [org.gradle.cache.internal.DefaultFileLockManager] Lock acquired on daemon addresses registry.
08:57:41.711 [DEBUG] [org.gradle.cache.internal.DefaultFileLockManager] Releasing lock on daemon addresses registry.
08:57:51.711 [DEBUG] [org.gradle.launcher.daemon.server.Daemon] DaemonExpirationPeriodicCheck running
08:57:51.711 [DEBUG] [org.gradle.cache.internal.DefaultFileLockManager] Waiting to acquire shared lock on daemon addresses registry.
08:57:51.711 [DEBUG] [org.gradle.cache.internal.DefaultFileLockManager] Lock acquired on daemon addresses registry.
08:57:51.711 [DEBUG] [org.gradle.cache.internal.DefaultFileLockManager] Releasing lock on daemon addresses registry.
08:57:51.711 [DEBUG] [org.gradle.cache.internal.DefaultFileLockManager] Waiting to acquire shared lock on daemon addresses registry.
08:57:51.711 [DEBUG] [org.gradle.cache.internal.DefaultFileLockManager] Lock acquired on daemon addresses registry.
08:57:51.711 [DEBUG] [org.gradle.cache.internal.DefaultFileLockManager] Releasing lock on daemon addresses registry.
08:57:51.711 [DEBUG] [org.gradle.cache.internal.DefaultFileLockManager] Waiting to acquire shared lock on daemon addresses registry.
08:57:51.711 [DEBUG] [org.gradle.cache.internal.DefaultFileLockManager] Lock acquired on daemon addresses registry.
08:57:51.711 [DEBUG] [org.gradle.cache.internal.DefaultFileLockManager] Releasing lock on daemon addresses registry.
08:58:01.711 [DEBUG] [org.gradle.launcher.daemon.server.Daemon] DaemonExpirationPeriodicCheck running
08:58:01.711 [DEBUG] [org.gradle.cache.internal.DefaultFileLockManager] Waiting to acquire shared lock on daemon addresses registry.
08:58:01.711 [DEBUG] [org.gradle.cache.internal.DefaultFileLockManager] Lock acquired on daemon addresses registry.
08:58:01.711 [DEBUG] [org.gradle.cache.internal.DefaultFileLockManager] Releasing lock on daemon addresses registry.
08:58:01.711 [DEBUG] [org.gradle.cache.internal.DefaultFileLockManager] Waiting to acquire shared lock on daemon addresses registry.
08:58:01.711 [DEBUG] [org.gradle.cache.internal.DefaultFileLockManager] Lock acquired on daemon addresses registry.
08:58:01.711 [DEBUG] [org.gradle.cache.internal.DefaultFileLockManager] Releasing lock on daemon addresses registry.
08:58:01.711 [DEBUG] [org.gradle.cache.internal.DefaultFileLockManager] Waiting to acquire shared lock on daemon addresses registry.
08:58:01.711 [DEBUG] [org.gradle.cache.internal.DefaultFileLockManager] Lock acquired on daemon addresses registry.
08:58:01.711 [DEBUG] [org.gradle.cache.internal.DefaultFileLockManager] Releasing lock on daemon addresses registry.
08:58:11.711 [DEBUG] [org.gradle.launcher.daemon.server.Daemon] DaemonExpirationPeriodicCheck running
08:58:11.711 [DEBUG] [org.gradle.cache.internal.DefaultFileLockManager] Waiting to acquire shared lock on daemon addresses registry.
08:58:11.711 [DEBUG] [org.gradle.cache.internal.DefaultFileLockManager] Lock acquired on daemon addresses registry.
08:58:11.711 [DEBUG] [org.gradle.cache.internal.DefaultFileLockManager] Releasing lock on daemon addresses registry.
08:58:11.711 [DEBUG] [org.gradle.cache.internal.DefaultFileLockManager] Waiting to acquire shared lock on daemon addresses registry.
08:58:11.711 [DEBUG] [org.gradle.cache.internal.DefaultFileLockManager] Lock acquired on daemon addresses registry.
08:58:11.711 [DEBUG] [org.gradle.cache.internal.DefaultFileLockManager] Releasing lock on daemon addresses registry.
08:58:11.711 [DEBUG] [org.gradle.cache.internal.DefaultFileLockManager] Waiting to acquire shared lock on daemon addresses registry.
08:58:11.711 [DEBUG] [org.gradle.cache.internal.DefaultFileLockManager] Lock acquired on daemon addresses registry.
08:58:11.711 [DEBUG] [org.gradle.cache.internal.DefaultFileLockManager] Releasing lock on daemon addresses registry.
08:58:21.711 [DEBUG] [org.gradle.launcher.daemon.server.Daemon] DaemonExpirationPeriodicCheck running
08:58:21.711 [DEBUG] [org.gradle.cache.internal.DefaultFileLockManager] Waiting to acquire shared lock on daemon addresses registry.
08:58:21.711 [DEBUG] [org.gradle.cache.internal.DefaultFileLockManager] Lock acquired on daemon addresses registry.
08:58:21.711 [DEBUG] [org.gradle.cache.internal.DefaultFileLockManager] Releasing lock on daemon addresses registry.
08:58:21.711 [DEBUG] [org.gradle.cache.internal.DefaultFileLockManager] Waiting to acquire shared lock on daemon addresses registry.
08:58:21.711 [DEBUG] [org.gradle.cache.internal.DefaultFileLockManager] Lock acquired on daemon addresses registry.
08:58:21.711 [DEBUG] [org.gradle.cache.internal.DefaultFileLockManager] Releasing lock on daemon addresses registry.
08:58:21.711 [DEBUG] [org.gradle.cache.internal.DefaultFileLockManager] Waiting to acquire shared lock on daemon addresses registry.
08:58:21.711 [DEBUG] [org.gradle.cache.internal.DefaultFileLockManager] Lock acquired on daemon addresses registry.
08:58:21.711 [DEBUG] [org.gradle.cache.internal.DefaultFileLockManager] Releasing lock on daemon addresses registry.
08:58:31.711 [DEBUG] [org.gradle.launcher.daemon.server.Daemon] DaemonExpirationPeriodicCheck running
08:58:31.711 [DEBUG] [org.gradle.cache.internal.DefaultFileLockManager] Waiting to acquire shared lock on daemon addresses registry.
08:58:31.711 [DEBUG] [org.gradle.cache.internal.DefaultFileLockManager] Lock acquired on daemon addresses registry.
08:58:31.711 [DEBUG] [org.gradle.cache.internal.DefaultFileLockManager] Releasing lock on daemon addresses registry.
08:58:31.711 [DEBUG] [org.gradle.cache.internal.DefaultFileLockManager] Waiting to acquire shared lock on daemon addresses registry.
08:58:31.711 [DEBUG] [org.gradle.cache.internal.DefaultFileLockManager] Lock acquired on daemon addresses registry.
08:58:31.711 [DEBUG] [org.gradle.cache.internal.DefaultFileLockManager] Releasing lock on daemon addresses registry.
08:58:31.711 [DEBUG] [org.gradle.cache.internal.DefaultFileLockManager] Waiting to acquire shared lock on daemon addresses registry.
08:58:31.711 [DEBUG] [org.gradle.cache.internal.DefaultFileLockManager] Lock acquired on daemon addresses registry.
08:58:31.711 [DEBUG] [org.gradle.cache.internal.DefaultFileLockManager] Releasing lock on daemon addresses registry.
08:58:41.711 [DEBUG] [org.gradle.launcher.daemon.server.Daemon] DaemonExpirationPeriodicCheck running
08:58:41.711 [DEBUG] [org.gradle.cache.internal.DefaultFileLockManager] Waiting to acquire shared lock on daemon addresses registry.
08:58:41.711 [DEBUG] [org.gradle.cache.internal.DefaultFileLockManager] Lock acquired on daemon addresses registry.
08:58:41.711 [DEBUG] [org.gradle.cache.internal.DefaultFileLockManager] Releasing lock on daemon addresses registry.
08:58:41.711 [DEBUG] [org.gradle.cache.internal.DefaultFileLockManager] Waiting to acquire shared lock on daemon addresses registry.
08:58:41.711 [DEBUG] [org.gradle.cache.internal.DefaultFileLockManager] Lock acquired on daemon addresses registry.
08:58:41.711 [DEBUG] [org.gradle.cache.internal.DefaultFileLockManager] Releasing lock on daemon addresses registry.
08:58:41.711 [DEBUG] [org.gradle.cache.internal.DefaultFileLockManager] Waiting to acquire shared lock on daemon addresses registry.
08:58:41.711 [DEBUG] [org.gradle.cache.internal.DefaultFileLockManager] Lock acquired on daemon addresses registry.
08:58:41.711 [DEBUG] [org.gradle.cache.internal.DefaultFileLockManager] Releasing lock on daemon addresses registry.
08:58:51.711 [DEBUG] [org.gradle.launcher.daemon.server.Daemon] DaemonExpirationPeriodicCheck running
08:58:51.711 [DEBUG] [org.gradle.cache.internal.DefaultFileLockManager] Waiting to acquire shared lock on daemon addresses registry.
08:58:51.711 [DEBUG] [org.gradle.cache.internal.DefaultFileLockManager] Lock acquired on daemon addresses registry.
08:58:51.711 [DEBUG] [org.gradle.cache.internal.DefaultFileLockManager] Releasing lock on daemon addresses registry.
08:58:51.711 [DEBUG] [org.gradle.cache.internal.DefaultFileLockManager] Waiting to acquire shared lock on daemon addresses registry.
08:58:51.711 [DEBUG] [org.gradle.cache.internal.DefaultFileLockManager] Lock acquired on daemon addresses registry.
08:58:51.711 [DEBUG] [org.gradle.cache.internal.DefaultFileLockManager] Releasing lock on daemon addresses registry.
08:58:51.711 [DEBUG] [org.gradle.cache.internal.DefaultFileLockManager] Waiting to acquire shared lock on daemon addresses registry.
08:58:51.711 [DEBUG] [org.gradle.cache.internal.DefaultFileLockManager] Lock acquired on daemon addresses registry.
08:58:51.711 [DEBUG] [org.gradle.cache.internal.DefaultFileLockManager] Releasing lock on daemon addresses registry.
08:59:01.711 [DEBUG] [org.gradle.launcher.daemon.server.Daemon] DaemonExpirationPeriodicCheck running
08:59:01.711 [DEBUG] [org.gradle.cache.internal.DefaultFileLockManager] Waiting to acquire shared lock on daemon addresses registry.
08:59:01.711 [DEBUG] [org.gradle.cache.internal.DefaultFileLockManager] Lock acquired on daemon addresses registry.
08:59:01.711 [DEBUG] [org.gradle.cache.internal.DefaultFileLockManager] Releasing lock on daemon addresses registry.
08:59:01.711 [DEBUG] [org.gradle.cache.internal.DefaultFileLockManager] Waiting to acquire shared lock on daemon addresses registry.
08:59:01.711 [DEBUG] [org.gradle.cache.internal.DefaultFileLockManager] Lock acquired on daemon addresses registry.
08:59:01.711 [DEBUG] [org.gradle.cache.internal.DefaultFileLockManager] Releasing lock on daemon addresses registry.
08:59:01.711 [DEBUG] [org.gradle.cache.internal.DefaultFileLockManager] Waiting to acquire shared lock on daemon addresses registry.
08:59:01.711 [DEBUG] [org.gradle.cache.internal.DefaultFileLockManager] Lock acquired on daemon addresses registry.
08:59:01.711 [DEBUG] [org.gradle.cache.internal.DefaultFileLockManager] Releasing lock on daemon addresses registry.
08:59:11.711 [DEBUG] [org.gradle.launcher.daemon.server.Daemon] DaemonExpirationPeriodicCheck running
08:59:11.711 [DEBUG] [org.gradle.cache.internal.DefaultFileLockManager] Waiting to acquire shared lock on daemon addresses registry.
08:59:11.711 [DEBUG] [org.gradle.cache.internal.DefaultFileLockManager] Lock acquired on daemon addresses registry.
08:59:11.711 [DEBUG] [org.gradle.cache.internal.DefaultFileLockManager] Releasing lock on daemon addresses registry.
08:59:11.711 [DEBUG] [org.gradle.cache.internal.DefaultFileLockManager] Waiting to acquire shared lock on daemon addresses registry.
08:59:11.711 [DEBUG] [org.gradle.cache.internal.DefaultFileLockManager] Lock acquired on daemon addresses registry.
08:59:11.711 [DEBUG] [org.gradle.cache.internal.DefaultFileLockManager] Releasing lock on daemon addresses registry.
08:59:11.711 [DEBUG] [org.gradle.cache.internal.DefaultFileLockManager] Waiting to acquire shared lock on daemon addresses registry.
08:59:11.711 [DEBUG] [org.gradle.cache.internal.DefaultFileLockManager] Lock acquired on daemon addresses registry.
08:59:11.711 [DEBUG] [org.gradle.cache.internal.DefaultFileLockManager] Releasing lock on daemon addresses registry.
08:59:21.711 [DEBUG] [org.gradle.launcher.daemon.server.Daemon] DaemonExpirationPeriodicCheck running
08:59:21.711 [DEBUG] [org.gradle.cache.internal.DefaultFileLockManager] Waiting to acquire shared lock on daemon addresses registry.
08:59:21.711 [DEBUG] [org.gradle.cache.internal.DefaultFileLockManager] Lock acquired on daemon addresses registry.
08:59:21.711 [DEBUG] [org.gradle.cache.internal.DefaultFileLockManager] Releasing lock on daemon addresses registry.
08:59:21.711 [DEBUG] [org.gradle.cache.internal.DefaultFileLockManager] Waiting to acquire shared lock on daemon addresses registry.
08:59:21.711 [DEBUG] [org.gradle.cache.internal.DefaultFileLockManager] Lock acquired on daemon addresses registry.
08:59:21.711 [DEBUG] [org.gradle.cache.internal.DefaultFileLockManager] Releasing lock on daemon addresses registry.
08:59:21.711 [DEBUG] [org.gradle.cache.internal.DefaultFileLockManager] Waiting to acquire shared lock on daemon addresses registry.
08:59:21.711 [DEBUG] [org.gradle.cache.internal.DefaultFileLockManager] Lock acquired on daemon addresses registry.
08:59:21.711 [DEBUG] [org.gradle.cache.internal.DefaultFileLockManager] Releasing lock on daemon addresses registry.
08:59:31.711 [DEBUG] [org.gradle.launcher.daemon.server.Daemon] DaemonExpirationPeriodicCheck running
08:59:31.711 [DEBUG] [org.gradle.cache.internal.DefaultFileLockManager] Waiting to acquire shared lock on daemon addresses registry.
08:59:31.711 [DEBUG] [org.gradle.cache.internal.DefaultFileLockManager] Lock acquired on daemon addresses registry.
08:59:31.711 [DEBUG] [org.gradle.cache.internal.DefaultFileLockManager] Releasing lock on daemon addresses registry.
08:59:31.711 [DEBUG] [org.gradle.cache.internal.DefaultFileLockManager] Waiting to acquire shared lock on daemon addresses registry.
08:59:31.711 [DEBUG] [org.gradle.cache.internal.DefaultFileLockManager] Lock acquired on daemon addresses registry.
08:59:31.711 [DEBUG] [org.gradle.cache.internal.DefaultFileLockManager] Releasing lock on daemon addresses registry.
08:59:31.711 [DEBUG] [org.gradle.cache.internal.DefaultFileLockManager] Waiting to acquire shared lock on daemon addresses registry.
08:59:31.711 [DEBUG] [org.gradle.cache.internal.DefaultFileLockManager] Lock acquired on daemon addresses registry.
08:59:31.711 [DEBUG] [org.gradle.cache.internal.DefaultFileLockManager] Releasing lock on daemon addresses registry.
08:59:41.711 [DEBUG] [org.gradle.launcher.daemon.server.Daemon] DaemonExpirationPeriodicCheck running
08:59:41.711 [DEBUG] [org.gradle.cache.internal.DefaultFileLockManager] Waiting to acquire shared lock on daemon addresses registry.
08:59:41.711 [DEBUG] [org.gradle.cache.internal.DefaultFileLockManager] Lock acquired on daemon addresses registry.
08:59:41.711 [DEBUG] [org.gradle.cache.internal.DefaultFileLockManager] Releasing lock on daemon addresses registry.
08:59:41.711 [DEBUG] [org.gradle.cache.internal.DefaultFileLockManager] Waiting to acquire shared lock on daemon addresses registry.
08:59:41.711 [DEBUG] [org.gradle.cache.internal.DefaultFileLockManager] Lock acquired on daemon addresses registry.
08:59:41.711 [DEBUG] [org.gradle.cache.internal.DefaultFileLockManager] Releasing lock on daemon addresses registry.
08:59:41.711 [DEBUG] [org.gradle.cache.internal.DefaultFileLockManager] Waiting to acquire shared lock on daemon addresses registry.
08:59:41.711 [DEBUG] [org.gradle.cache.internal.DefaultFileLockManager] Lock acquired on daemon addresses registry.
08:59:41.711 [DEBUG] [org.gradle.cache.internal.DefaultFileLockManager] Releasing lock on daemon addresses registry.
08:59:51.711 [DEBUG] [org.gradle.launcher.daemon.server.Daemon] DaemonExpirationPeriodicCheck running
08:59:51.711 [DEBUG] [org.gradle.cache.internal.DefaultFileLockManager] Waiting to acquire shared lock on daemon addresses registry.
08:59:51.711 [DEBUG] [org.gradle.cache.internal.DefaultFileLockManager] Lock acquired on daemon addresses registry.
08:59:51.711 [DEBUG] [org.gradle.cache.internal.DefaultFileLockManager] Releasing lock on daemon addresses registry.
08:59:51.711 [DEBUG] [org.gradle.cache.internal.DefaultFileLockManager] Waiting to acquire shared lock on daemon addresses registry.
08:59:51.711 [DEBUG] [org.gradle.cache.internal.DefaultFileLockManager] Lock acquired on daemon addresses registry.
08:59:51.711 [DEBUG] [org.gradle.cache.internal.DefaultFileLockManager] Releasing lock on daemon addresses registry.
08:59:51.711 [DEBUG] [org.gradle.cache.internal.DefaultFileLockManager] Waiting to acquire shared lock on daemon addresses registry.
08:59:51.711 [DEBUG] [org.gradle.cache.internal.DefaultFileLockManager] Lock acquired on daemon addresses registry.
08:59:51.711 [DEBUG] [org.gradle.cache.internal.DefaultFileLockManager] Releasing lock on daemon addresses registry.
09:00:01.711 [DEBUG] [org.gradle.launcher.daemon.server.Daemon] DaemonExpirationPeriodicCheck running
09:00:01.711 [DEBUG] [org.gradle.cache.internal.DefaultFileLockManager] Waiting to acquire shared lock on daemon addresses registry.
09:00:01.711 [DEBUG] [org.gradle.cache.internal.DefaultFileLockManager] Lock acquired on daemon addresses registry.
09:00:01.711 [DEBUG] [org.gradle.cache.internal.DefaultFileLockManager] Releasing lock on daemon addresses registry.
09:00:01.711 [DEBUG] [org.gradle.cache.internal.DefaultFileLockManager] Waiting to acquire shared lock on daemon addresses registry.
09:00:01.711 [DEBUG] [org.gradle.cache.internal.DefaultFileLockManager] Lock acquired on daemon addresses registry.
09:00:01.711 [DEBUG] [org.gradle.cache.internal.DefaultFileLockManager] Releasing lock on daemon addresses registry.
09:00:01.711 [DEBUG] [org.gradle.cache.internal.DefaultFileLockManager] Waiting to acquire shared lock on daemon addresses registry.
09:00:01.711 [DEBUG] [org.gradle.cache.internal.DefaultFileLockManager] Lock acquired on daemon addresses registry.
09:00:01.711 [DEBUG] [org.gradle.cache.internal.DefaultFileLockManager] Releasing lock on daemon addresses registry.
09:00:11.711 [DEBUG] [org.gradle.launcher.daemon.server.Daemon] DaemonExpirationPeriodicCheck running
09:00:11.711 [DEBUG] [org.gradle.cache.internal.DefaultFileLockManager] Waiting to acquire shared lock on daemon addresses registry.
09:00:11.711 [DEBUG] [org.gradle.cache.internal.DefaultFileLockManager] Lock acquired on daemon addresses registry.
09:00:11.711 [DEBUG] [org.gradle.cache.internal.DefaultFileLockManager] Releasing lock on daemon addresses registry.
09:00:11.711 [DEBUG] [org.gradle.cache.internal.DefaultFileLockManager] Waiting to acquire shared lock on daemon addresses registry.
09:00:11.711 [DEBUG] [org.gradle.cache.internal.DefaultFileLockManager] Lock acquired on daemon addresses registry.
09:00:11.711 [DEBUG] [org.gradle.cache.internal.DefaultFileLockManager] Releasing lock on daemon addresses registry.
09:00:11.711 [DEBUG] [org.gradle.cache.internal.DefaultFileLockManager] Waiting to acquire shared lock on daemon addresses registry.
09:00:11.711 [DEBUG] [org.gradle.cache.internal.DefaultFileLockManager] Lock acquired on daemon addresses registry.
09:00:11.711 [DEBUG] [org.gradle.cache.internal.DefaultFileLockManager] Releasing lock on daemon addresses registry.
09:00:21.711 [DEBUG] [org.gradle.launcher.daemon.server.Daemon] DaemonExpirationPeriodicCheck running
09:00:21.711 [DEBUG] [org.gradle.cache.internal.DefaultFileLockManager] Waiting to acquire shared lock on daemon addresses registry.
09:00:21.711 [DEBUG] [org.gradle.cache.internal.DefaultFileLockManager] Lock acquired on daemon addresses registry.
09:00:21.711 [DEBUG] [org.gradle.cache.internal.DefaultFileLockManager] Releasing lock on daemon addresses registry.
09:00:21.711 [DEBUG] [org.gradle.cache.internal.DefaultFileLockManager] Waiting to acquire shared lock on daemon addresses registry.
09:00:21.711 [DEBUG] [org.gradle.cache.internal.DefaultFileLockManager] Lock acquired on daemon addresses registry.
09:00:21.711 [DEBUG] [org.gradle.cache.internal.DefaultFileLockManager] Releasing lock on daemon addresses registry.
09:00:21.711 [DEBUG] [org.gradle.cache.internal.DefaultFileLockManager] Waiting to acquire shared lock on daemon addresses registry.
09:00:21.711 [DEBUG] [org.gradle.cache.internal.DefaultFileLockManager] Lock acquired on daemon addresses registry.
09:00:21.711 [DEBUG] [org.gradle.cache.internal.DefaultFileLockManager] Releasing lock on daemon addresses registry.
09:00:31.711 [DEBUG] [org.gradle.launcher.daemon.server.Daemon] DaemonExpirationPeriodicCheck running
09:00:31.711 [DEBUG] [org.gradle.cache.internal.DefaultFileLockManager] Waiting to acquire shared lock on daemon addresses registry.
09:00:31.712 [DEBUG] [org.gradle.cache.internal.DefaultFileLockManager] Lock acquired on daemon addresses registry.
09:00:31.712 [DEBUG] [org.gradle.cache.internal.DefaultFileLockManager] Releasing lock on daemon addresses registry.
09:00:31.712 [DEBUG] [org.gradle.cache.internal.DefaultFileLockManager] Waiting to acquire shared lock on daemon addresses registry.
09:00:31.712 [DEBUG] [org.gradle.cache.internal.DefaultFileLockManager] Lock acquired on daemon addresses registry.
09:00:31.712 [DEBUG] [org.gradle.cache.internal.DefaultFileLockManager] Releasing lock on daemon addresses registry.
09:00:31.712 [DEBUG] [org.gradle.cache.internal.DefaultFileLockManager] Waiting to acquire shared lock on daemon addresses registry.
09:00:31.713 [DEBUG] [org.gradle.cache.internal.DefaultFileLockManager] Lock acquired on daemon addresses registry.
09:00:31.713 [DEBUG] [org.gradle.cache.internal.DefaultFileLockManager] Releasing lock on daemon addresses registry.
09:00:41.711 [DEBUG] [org.gradle.launcher.daemon.server.Daemon] DaemonExpirationPeriodicCheck running
09:00:41.711 [DEBUG] [org.gradle.cache.internal.DefaultFileLockManager] Waiting to acquire shared lock on daemon addresses registry.
09:00:41.711 [DEBUG] [org.gradle.cache.internal.DefaultFileLockManager] Lock acquired on daemon addresses registry.
09:00:41.711 [DEBUG] [org.gradle.cache.internal.DefaultFileLockManager] Releasing lock on daemon addresses registry.
09:00:41.711 [DEBUG] [org.gradle.cache.internal.DefaultFileLockManager] Waiting to acquire shared lock on daemon addresses registry.
09:00:41.711 [DEBUG] [org.gradle.cache.internal.DefaultFileLockManager] Lock acquired on daemon addresses registry.
09:00:41.711 [DEBUG] [org.gradle.cache.internal.DefaultFileLockManager] Releasing lock on daemon addresses registry.
09:00:41.711 [DEBUG] [org.gradle.cache.internal.DefaultFileLockManager] Waiting to acquire shared lock on daemon addresses registry.
09:00:41.711 [DEBUG] [org.gradle.cache.internal.DefaultFileLockManager] Lock acquired on daemon addresses registry.
09:00:41.711 [DEBUG] [org.gradle.cache.internal.DefaultFileLockManager] Releasing lock on daemon addresses registry.
09:00:51.711 [DEBUG] [org.gradle.launcher.daemon.server.Daemon] DaemonExpirationPeriodicCheck running
09:00:51.711 [DEBUG] [org.gradle.cache.internal.DefaultFileLockManager] Waiting to acquire shared lock on daemon addresses registry.
09:00:51.711 [DEBUG] [org.gradle.cache.internal.DefaultFileLockManager] Lock acquired on daemon addresses registry.
09:00:51.711 [DEBUG] [org.gradle.cache.internal.DefaultFileLockManager] Releasing lock on daemon addresses registry.
09:00:51.711 [DEBUG] [org.gradle.cache.internal.DefaultFileLockManager] Waiting to acquire shared lock on daemon addresses registry.
09:00:51.711 [DEBUG] [org.gradle.cache.internal.DefaultFileLockManager] Lock acquired on daemon addresses registry.
09:00:51.711 [DEBUG] [org.gradle.cache.internal.DefaultFileLockManager] Releasing lock on daemon addresses registry.
09:00:51.711 [DEBUG] [org.gradle.cache.internal.DefaultFileLockManager] Waiting to acquire shared lock on daemon addresses registry.
09:00:51.711 [DEBUG] [org.gradle.cache.internal.DefaultFileLockManager] Lock acquired on daemon addresses registry.
09:00:51.711 [DEBUG] [org.gradle.cache.internal.DefaultFileLockManager] Releasing lock on daemon addresses registry.
09:01:01.711 [DEBUG] [org.gradle.launcher.daemon.server.Daemon] DaemonExpirationPeriodicCheck running
09:01:01.711 [DEBUG] [org.gradle.cache.internal.DefaultFileLockManager] Waiting to acquire shared lock on daemon addresses registry.
09:01:01.711 [DEBUG] [org.gradle.cache.internal.DefaultFileLockManager] Lock acquired on daemon addresses registry.
09:01:01.711 [DEBUG] [org.gradle.cache.internal.DefaultFileLockManager] Releasing lock on daemon addresses registry.
09:01:01.711 [DEBUG] [org.gradle.cache.internal.DefaultFileLockManager] Waiting to acquire shared lock on daemon addresses registry.
09:01:01.711 [DEBUG] [org.gradle.cache.internal.DefaultFileLockManager] Lock acquired on daemon addresses registry.
09:01:01.711 [DEBUG] [org.gradle.cache.internal.DefaultFileLockManager] Releasing lock on daemon addresses registry.
09:01:01.711 [DEBUG] [org.gradle.cache.internal.DefaultFileLockManager] Waiting to acquire shared lock on daemon addresses registry.
09:01:01.711 [DEBUG] [org.gradle.cache.internal.DefaultFileLockManager] Lock acquired on daemon addresses registry.
09:01:01.711 [DEBUG] [org.gradle.cache.internal.DefaultFileLockManager] Releasing lock on daemon addresses registry.
09:01:11.711 [DEBUG] [org.gradle.launcher.daemon.server.Daemon] DaemonExpirationPeriodicCheck running
09:01:11.711 [DEBUG] [org.gradle.cache.internal.DefaultFileLockManager] Waiting to acquire shared lock on daemon addresses registry.
09:01:11.711 [DEBUG] [org.gradle.cache.internal.DefaultFileLockManager] Lock acquired on daemon addresses registry.
09:01:11.711 [DEBUG] [org.gradle.cache.internal.DefaultFileLockManager] Releasing lock on daemon addresses registry.
09:01:11.711 [DEBUG] [org.gradle.cache.internal.DefaultFileLockManager] Waiting to acquire shared lock on daemon addresses registry.
09:01:11.711 [DEBUG] [org.gradle.cache.internal.DefaultFileLockManager] Lock acquired on daemon addresses registry.
09:01:11.711 [DEBUG] [org.gradle.cache.internal.DefaultFileLockManager] Releasing lock on daemon addresses registry.
09:01:11.711 [DEBUG] [org.gradle.cache.internal.DefaultFileLockManager] Waiting to acquire shared lock on daemon addresses registry.
09:01:11.711 [DEBUG] [org.gradle.cache.internal.DefaultFileLockManager] Lock acquired on daemon addresses registry.
09:01:11.711 [DEBUG] [org.gradle.cache.internal.DefaultFileLockManager] Releasing lock on daemon addresses registry.
09:01:21.711 [DEBUG] [org.gradle.launcher.daemon.server.Daemon] DaemonExpirationPeriodicCheck running
09:01:21.711 [DEBUG] [org.gradle.cache.internal.DefaultFileLockManager] Waiting to acquire shared lock on daemon addresses registry.
09:01:21.711 [DEBUG] [org.gradle.cache.internal.DefaultFileLockManager] Lock acquired on daemon addresses registry.
09:01:21.711 [DEBUG] [org.gradle.cache.internal.DefaultFileLockManager] Releasing lock on daemon addresses registry.
09:01:21.711 [DEBUG] [org.gradle.cache.internal.DefaultFileLockManager] Waiting to acquire shared lock on daemon addresses registry.
09:01:21.711 [DEBUG] [org.gradle.cache.internal.DefaultFileLockManager] Lock acquired on daemon addresses registry.
09:01:21.711 [DEBUG] [org.gradle.cache.internal.DefaultFileLockManager] Releasing lock on daemon addresses registry.
09:01:21.711 [DEBUG] [org.gradle.cache.internal.DefaultFileLockManager] Waiting to acquire shared lock on daemon addresses registry.
09:01:21.711 [DEBUG] [org.gradle.cache.internal.DefaultFileLockManager] Lock acquired on daemon addresses registry.
09:01:21.711 [DEBUG] [org.gradle.cache.internal.DefaultFileLockManager] Releasing lock on daemon addresses registry.
09:01:31.711 [DEBUG] [org.gradle.launcher.daemon.server.Daemon] DaemonExpirationPeriodicCheck running
09:01:31.711 [DEBUG] [org.gradle.cache.internal.DefaultFileLockManager] Waiting to acquire shared lock on daemon addresses registry.
09:01:31.711 [DEBUG] [org.gradle.cache.internal.DefaultFileLockManager] Lock acquired on daemon addresses registry.
09:01:31.711 [DEBUG] [org.gradle.cache.internal.DefaultFileLockManager] Releasing lock on daemon addresses registry.
09:01:31.711 [DEBUG] [org.gradle.cache.internal.DefaultFileLockManager] Waiting to acquire shared lock on daemon addresses registry.
09:01:31.711 [DEBUG] [org.gradle.cache.internal.DefaultFileLockManager] Lock acquired on daemon addresses registry.
09:01:31.711 [DEBUG] [org.gradle.cache.internal.DefaultFileLockManager] Releasing lock on daemon addresses registry.
09:01:31.711 [DEBUG] [org.gradle.cache.internal.DefaultFileLockManager] Waiting to acquire shared lock on daemon addresses registry.
09:01:31.711 [DEBUG] [org.gradle.cache.internal.DefaultFileLockManager] Lock acquired on daemon addresses registry.
09:01:31.711 [DEBUG] [org.gradle.cache.internal.DefaultFileLockManager] Releasing lock on daemon addresses registry.
09:01:41.711 [DEBUG] [org.gradle.launcher.daemon.server.Daemon] DaemonExpirationPeriodicCheck running
09:01:41.711 [DEBUG] [org.gradle.cache.internal.DefaultFileLockManager] Waiting to acquire shared lock on daemon addresses registry.
09:01:41.711 [DEBUG] [org.gradle.cache.internal.DefaultFileLockManager] Lock acquired on daemon addresses registry.
09:01:41.711 [DEBUG] [org.gradle.cache.internal.DefaultFileLockManager] Releasing lock on daemon addresses registry.
09:01:41.711 [DEBUG] [org.gradle.cache.internal.DefaultFileLockManager] Waiting to acquire shared lock on daemon addresses registry.
09:01:41.711 [DEBUG] [org.gradle.cache.internal.DefaultFileLockManager] Lock acquired on daemon addresses registry.
09:01:41.711 [DEBUG] [org.gradle.cache.internal.DefaultFileLockManager] Releasing lock on daemon addresses registry.
09:01:41.711 [DEBUG] [org.gradle.cache.internal.DefaultFileLockManager] Waiting to acquire shared lock on daemon addresses registry.
09:01:41.711 [DEBUG] [org.gradle.cache.internal.DefaultFileLockManager] Lock acquired on daemon addresses registry.
09:01:41.711 [DEBUG] [org.gradle.cache.internal.DefaultFileLockManager] Releasing lock on daemon addresses registry.
09:01:51.711 [DEBUG] [org.gradle.launcher.daemon.server.Daemon] DaemonExpirationPeriodicCheck running
09:01:51.711 [DEBUG] [org.gradle.cache.internal.DefaultFileLockManager] Waiting to acquire shared lock on daemon addresses registry.
09:01:51.711 [DEBUG] [org.gradle.cache.internal.DefaultFileLockManager] Lock acquired on daemon addresses registry.
09:01:51.711 [DEBUG] [org.gradle.cache.internal.DefaultFileLockManager] Releasing lock on daemon addresses registry.
09:01:51.711 [DEBUG] [org.gradle.cache.internal.DefaultFileLockManager] Waiting to acquire shared lock on daemon addresses registry.
09:01:51.711 [DEBUG] [org.gradle.cache.internal.DefaultFileLockManager] Lock acquired on daemon addresses registry.
09:01:51.711 [DEBUG] [org.gradle.cache.internal.DefaultFileLockManager] Releasing lock on daemon addresses registry.
09:01:51.711 [DEBUG] [org.gradle.cache.internal.DefaultFileLockManager] Waiting to acquire shared lock on daemon addresses registry.
09:01:51.711 [DEBUG] [org.gradle.cache.internal.DefaultFileLockManager] Lock acquired on daemon addresses registry.
09:01:51.711 [DEBUG] [org.gradle.cache.internal.DefaultFileLockManager] Releasing lock on daemon addresses registry.
09:02:01.711 [DEBUG] [org.gradle.launcher.daemon.server.Daemon] DaemonExpirationPeriodicCheck running
09:02:01.711 [DEBUG] [org.gradle.cache.internal.DefaultFileLockManager] Waiting to acquire shared lock on daemon addresses registry.
09:02:01.711 [DEBUG] [org.gradle.cache.internal.DefaultFileLockManager] Lock acquired on daemon addresses registry.
09:02:01.711 [DEBUG] [org.gradle.cache.internal.DefaultFileLockManager] Releasing lock on daemon addresses registry.
09:02:01.711 [DEBUG] [org.gradle.cache.internal.DefaultFileLockManager] Waiting to acquire shared lock on daemon addresses registry.
09:02:01.711 [DEBUG] [org.gradle.cache.internal.DefaultFileLockManager] Lock acquired on daemon addresses registry.
09:02:01.711 [DEBUG] [org.gradle.cache.internal.DefaultFileLockManager] Releasing lock on daemon addresses registry.
09:02:01.711 [DEBUG] [org.gradle.cache.internal.DefaultFileLockManager] Waiting to acquire shared lock on daemon addresses registry.
09:02:01.711 [DEBUG] [org.gradle.cache.internal.DefaultFileLockManager] Lock acquired on daemon addresses registry.
09:02:01.711 [DEBUG] [org.gradle.cache.internal.DefaultFileLockManager] Releasing lock on daemon addresses registry.
09:02:11.711 [DEBUG] [org.gradle.launcher.daemon.server.Daemon] DaemonExpirationPeriodicCheck running
09:02:11.711 [DEBUG] [org.gradle.cache.internal.DefaultFileLockManager] Waiting to acquire shared lock on daemon addresses registry.
09:02:11.711 [DEBUG] [org.gradle.cache.internal.DefaultFileLockManager] Lock acquired on daemon addresses registry.
09:02:11.711 [DEBUG] [org.gradle.cache.internal.DefaultFileLockManager] Releasing lock on daemon addresses registry.
09:02:11.711 [DEBUG] [org.gradle.cache.internal.DefaultFileLockManager] Waiting to acquire shared lock on daemon addresses registry.
09:02:11.711 [DEBUG] [org.gradle.cache.internal.DefaultFileLockManager] Lock acquired on daemon addresses registry.
09:02:11.711 [DEBUG] [org.gradle.cache.internal.DefaultFileLockManager] Releasing lock on daemon addresses registry.
09:02:11.711 [DEBUG] [org.gradle.cache.internal.DefaultFileLockManager] Waiting to acquire shared lock on daemon addresses registry.
09:02:11.711 [DEBUG] [org.gradle.cache.internal.DefaultFileLockManager] Lock acquired on daemon addresses registry.
09:02:11.711 [DEBUG] [org.gradle.cache.internal.DefaultFileLockManager] Releasing lock on daemon addresses registry.
09:02:12.543 [DEBUG] [org.gradle.internal.remote.internal.inet.TcpIncomingConnector] Accepted connection from /0:0:0:0:0:0:0:1:51024 to /0:0:0:0:0:0:0:1:40229.
09:02:12.569 [DEBUG] [org.gradle.launcher.daemon.server.SynchronizedDispatchConnection] thread 44: received class org.gradle.launcher.daemon.protocol.Build
09:02:12.569 [DEBUG] [org.gradle.launcher.daemon.server.DefaultDaemonConnection] thread 44: Received non-IO message from client: Build{id=ccb56c64-fe22-405c-9778-79fb1978d063.1, currentDir=/home/student/1cr24cd403/HellloMavenGradle}
09:02:12.569 [INFO] [org.gradle.launcher.daemon.server.DefaultIncomingConnectionHandler] Received command: Build{id=ccb56c64-fe22-405c-9778-79fb1978d063.1, currentDir=/home/student/1cr24cd403/HellloMavenGradle}.
09:02:12.569 [DEBUG] [org.gradle.launcher.daemon.server.DefaultIncomingConnectionHandler] Starting executing command: Build{id=ccb56c64-fe22-405c-9778-79fb1978d063.1, currentDir=/home/student/1cr24cd403/HellloMavenGradle} with connection: socket connection from /0:0:0:0:0:0:0:1:40229 to /0:0:0:0:0:0:0:1:51024.
09:02:12.569 [ERROR] [org.gradle.launcher.daemon.server.DaemonStateCoordinator] Command execution: started DaemonCommandExecution[command = Build{id=ccb56c64-fe22-405c-9778-79fb1978d063.1, currentDir=/home/student/1cr24cd403/HellloMavenGradle}, connection = DefaultDaemonConnection: socket connection from /0:0:0:0:0:0:0:1:40229 to /0:0:0:0:0:0:0:1:51024] after 5.0 minutes of idle
09:02:12.569 [INFO] [org.gradle.launcher.daemon.server.DaemonRegistryUpdater] Marking the daemon as busy, address: [d958654d-f7d7-4d4c-9d04-b55a4ec5c124 port:40229, addresses:[/0:0:0:0:0:0:0:1%lo, /127.0.0.1]]
09:02:12.569 [DEBUG] [org.gradle.launcher.daemon.registry.PersistentDaemonRegistry] Marking busy by address: [d958654d-f7d7-4d4c-9d04-b55a4ec5c124 port:40229, addresses:[/0:0:0:0:0:0:0:1%lo, /127.0.0.1]]
09:02:12.569 [DEBUG] [org.gradle.cache.internal.DefaultFileLockManager] Waiting to acquire exclusive lock on daemon addresses registry.
09:02:12.569 [DEBUG] [org.gradle.cache.internal.DefaultFileLockManager] Lock acquired on daemon addresses registry.
09:02:12.570 [DEBUG] [org.gradle.cache.internal.DefaultFileLockManager] Releasing lock on daemon addresses registry.
09:02:12.570 [DEBUG] [org.gradle.launcher.daemon.server.DaemonStateCoordinator] resetting idle timer
09:02:12.570 [DEBUG] [org.gradle.launcher.daemon.server.DaemonStateCoordinator] daemon is running. Sleeping until state changes.
09:02:12.570 [INFO] [org.gradle.launcher.daemon.server.exec.StartBuildOrRespondWithBusy] Daemon is about to start building Build{id=ccb56c64-fe22-405c-9778-79fb1978d063.1, currentDir=/home/student/1cr24cd403/HellloMavenGradle}. Dispatching build started information...
09:02:12.570 [DEBUG] [org.gradle.launcher.daemon.server.SynchronizedDispatchConnection] thread 46: dispatching class org.gradle.launcher.daemon.protocol.BuildStarted
09:02:12.570 [DEBUG] [org.gradle.launcher.daemon.server.exec.EstablishBuildEnvironment] Configuring env variables: {PATH=/usr/local/sbin:/usr/local/bin:/usr/sbin:/usr/bin:/sbin:/bin:/usr/games:/usr/local/games:/snap/bin:/snap/bin, XAUTHORITY=/run/user/1001/.mutter-Xwaylandauth.BP9QK3, LESSCLOSE=/usr/bin/lesspipe %s %s, XMODIFIERS=@im=ibus, XDG_DATA_DIRS=/usr/share/ubuntu:/usr/local/share/:/usr/share/:/var/lib/snapd/desktop, GDMSESSION=ubuntu, QT_IM_MODULE=ibus, TERM=xterm-256color, XDG_CONFIG_DIRS=/etc/xdg/xdg-ubuntu:/etc/xdg, GNOME_TERMINAL_SERVICE=:1.125, LANG=en_IN, DBUS_SESSION_BUS_ADDRESS=unix:path=/run/user/1001/bus, XDG_SESSION_TYPE=wayland, XDG_CURRENT_DESKTOP=ubuntu:GNOME, DISPLAY=:0, WAYLAND_DISPLAY=wayland-0, COLORTERM=truecolor, SESSION_MANAGER=local/aimll501pc12-HP-Pro-Tower-280-G9-PCI-Desktop-PC:@/tmp/.ICE-unix/1763,unix/aimll501pc12-HP-Pro-Tower-280-G9-PCI-Desktop-PC:/tmp/.ICE-unix/1763, USERNAME=student, LOGNAME=student, PWD=/home/student/1cr24cd403/HellloMavenGradle, IM_CONFIG_PHASE=1, XDG_SESSION_CLASS=user, _=/usr/bin/gradle, LANGUAGE=en_IN:en, SHELL=/bin/bash, LESSOPEN=| /usr/bin/lesspipe %s, DESKTOP_SESSION=ubuntu, OLDPWD=/usr/share/gradle, USER=student, XDG_MENU_PREFIX=gnome-, VTE_VERSION=6800, QT_ACCESSIBILITY=1, GNOME_DESKTOP_SESSION_ID=this-is-deprecated, SSH_AUTH_SOCK=/run/user/1001/keyring/ssh, GNOME_TERMINAL_SCREEN=/org/gnome/Terminal/screen/22e5c1ff_1bfc_4729_9f66_f9c1e723be86, GTK_MODULES=gail:atk-bridge, GNOME_SHELL_SESSION_MODE=ubuntu, SYSTEMD_EXEC_PID=1789, LS_COLORS=rs=0:di=01;34:ln=01;36:mh=00:pi=40;33:so=01;35:do=01;35:bd=40;33;01:cd=40;33;01:or=40;31;01:mi=00:su=37;41:sg=30;43:ca=30;41:tw=30;42:ow=34;42:st=37;44:ex=01;32:*.tar=01;31:*.tgz=01;31:*.arc=01;31:*.arj=01;31:*.taz=01;31:*.lha=01;31:*.lz4=01;31:*.lzh=01;31:*.lzma=01;31:*.tlz=01;31:*.txz=01;31:*.tzo=01;31:*.t7z=01;31:*.zip=01;31:*.z=01;31:*.dz=01;31:*.gz=01;31:*.lrz=01;31:*.lz=01;31:*.lzo=01;31:*.xz=01;31:*.zst=01;31:*.tzst=01;31:*.bz2=01;31:*.bz=01;31:*.tbz=01;31:*.tbz2=01;31:*.tz=01;31:*.deb=01;31:*.rpm=01;31:*.jar=01;31:*.war=01;31:*.ear=01;31:*.sar=01;31:*.rar=01;31:*.alz=01;31:*.ace=01;31:*.zoo=01;31:*.cpio=01;31:*.7z=01;31:*.rz=01;31:*.cab=01;31:*.wim=01;31:*.swm=01;31:*.dwm=01;31:*.esd=01;31:*.jpg=01;35:*.jpeg=01;35:*.mjpg=01;35:*.mjpeg=01;35:*.gif=01;35:*.bmp=01;35:*.pbm=01;35:*.pgm=01;35:*.ppm=01;35:*.tga=01;35:*.xbm=01;35:*.xpm=01;35:*.tif=01;35:*.tiff=01;35:*.png=01;35:*.svg=01;35:*.svgz=01;35:*.mng=01;35:*.pcx=01;35:*.mov=01;35:*.mpg=01;35:*.mpeg=01;35:*.m2v=01;35:*.mkv=01;35:*.webm=01;35:*.webp=01;35:*.ogm=01;35:*.mp4=01;35:*.m4v=01;35:*.mp4v=01;35:*.vob=01;35:*.qt=01;35:*.nuv=01;35:*.wmv=01;35:*.asf=01;35:*.rm=01;35:*.rmvb=01;35:*.flc=01;35:*.avi=01;35:*.fli=01;35:*.flv=01;35:*.gl=01;35:*.dl=01;35:*.xcf=01;35:*.xwd=01;35:*.yuv=01;35:*.cgm=01;35:*.emf=01;35:*.ogv=01;35:*.ogx=01;35:*.aac=00;36:*.au=00;36:*.flac=00;36:*.m4a=00;36:*.mid=00;36:*.midi=00;36:*.mka=00;36:*.mp3=00;36:*.mpc=00;36:*.ogg=00;36:*.ra=00;36:*.wav=00;36:*.oga=00;36:*.opus=00;36:*.spx=00;36:*.xspf=00;36:, XDG_SESSION_DESKTOP=ubuntu, XDG_RUNTIME_DIR=/run/user/1001, GNOME_SETUP_DISPLAY=:1, SSH_AGENT_LAUNCHER=gnome-keyring, HOME=/home/student, SHLVL=1}
09:02:12.570 [WARN] [org.gradle.launcher.daemon.server.exec.EstablishBuildEnvironment] Warning: Unable able to set daemon's environment variables to match the client because: 
  Java 9 does not support modifying environment variables.
  If the daemon was started with a significantly different environment from the client, and your build 
  relies on environment variables, you may experience unexpected behavior.
09:02:12.570 [DEBUG] [org.gradle.launcher.daemon.server.exec.LogToClient] About to start relaying all logs to the client via the connection.
09:02:12.571 [INFO] [org.gradle.launcher.daemon.server.exec.LogToClient] The client will now receive all logging from the daemon (pid: 6629). The daemon log file: /home/student/.gradle/daemon/4.4.1/daemon-6629.out.log
09:02:12.571 [INFO] [org.gradle.launcher.daemon.server.exec.LogAndCheckHealth] Starting 2nd build in daemon [uptime: 5 mins 10.921 secs, performance: 99%]
09:02:12.571 [DEBUG] [org.gradle.launcher.daemon.server.exec.ExecuteBuild] The daemon has started executing the build.
09:02:12.571 [DEBUG] [org.gradle.launcher.daemon.server.exec.ExecuteBuild] Executing build with daemon context: DefaultDaemonContext[uid=09285325-f717-4575-b108-45dc920053fb,javaHome=/usr/lib/jvm/java-11-openjdk-amd64,daemonRegistryDir=/home/student/.gradle/daemon,pid=6629,idleTimeout=10800000,daemonOpts=-XX:+HeapDumpOnOutOfMemoryError,-Xmx1024m,-Dfile.encoding=UTF-8,-Duser.country=IN,-Duser.language=en,-Duser.variant]
:compileJava
:processResources NO-SOURCE
:classes
:run
Hello world.

BUILD SUCCESSFUL in 1s
2 actionable tasks: 2 executed
09:02:13.678 [DEBUG] [org.gradle.launcher.daemon.server.exec.ExecuteBuild] The daemon has finished executing the build.
09:02:13.683 [DEBUG] [org.gradle.launcher.daemon.server.DaemonStateCoordinator] daemon is running. Sleeping until state changes.
09:02:13.684 [DEBUG] [org.gradle.launcher.daemon.server.DaemonStateCoordinator] Command execution: finished waiting for DaemonCommandExecution[command = Build{id=ccb56c64-fe22-405c-9778-79fb1978d063.1, currentDir=/home/student/1cr24cd403/HellloMavenGradle}, connection = DefaultDaemonConnection: socket connection from /0:0:0:0:0:0:0:1:40229 to /0:0:0:0:0:0:0:1:51024]. Result org.gradle.launcher.daemon.server.DaemonStateCoordinator@33f0f467 with state Busy
09:02:13.684 [DEBUG] [org.gradle.launcher.daemon.server.DaemonStateCoordinator] Command execution: completed DaemonCommandExecution[command = Build{id=ccb56c64-fe22-405c-9778-79fb1978d063.1, currentDir=/home/student/1cr24cd403/HellloMavenGradle}, connection = DefaultDaemonConnection: socket connection from /0:0:0:0:0:0:0:1:40229 to /0:0:0:0:0:0:0:1:51024]
09:02:13.684 [DEBUG] [org.gradle.launcher.daemon.server.DaemonStateCoordinator] resetting idle timer
09:02:13.684 [INFO] [org.gradle.launcher.daemon.server.DaemonRegistryUpdater] Marking the daemon as idle, address: [d958654d-f7d7-4d4c-9d04-b55a4ec5c124 port:40229, addresses:[/0:0:0:0:0:0:0:1%lo, /127.0.0.1]]
09:02:13.684 [DEBUG] [org.gradle.launcher.daemon.registry.PersistentDaemonRegistry] Marking busy by address: [d958654d-f7d7-4d4c-9d04-b55a4ec5c124 port:40229, addresses:[/0:0:0:0:0:0:0:1%lo, /127.0.0.1]]
09:02:13.684 [DEBUG] [org.gradle.cache.internal.DefaultFileLockManager] Waiting to acquire exclusive lock on daemon addresses registry.
09:02:13.684 [DEBUG] [org.gradle.cache.internal.DefaultFileLockManager] Lock acquired on daemon addresses registry.
09:02:13.684 [DEBUG] [org.gradle.cache.internal.DefaultFileLockManager] Releasing lock on daemon addresses registry.
09:02:13.684 [DEBUG] [org.gradle.launcher.daemon.server.DaemonStateCoordinator] daemon is running. Sleeping until state changes.
09:02:13.684 [DEBUG] [org.gradle.launcher.daemon.server.exec.ReturnResult] Daemon is dispatching the build result: Success[value=null]
09:02:13.684 [DEBUG] [org.gradle.launcher.daemon.server.SynchronizedDispatchConnection] thread 43: dispatching class org.gradle.launcher.daemon.protocol.Success
09:02:13.684 [DEBUG] [org.gradle.launcher.daemon.server.DefaultIncomingConnectionHandler] Finishing executing command: Build{id=ccb56c64-fe22-405c-9778-79fb1978d063.1, currentDir=/home/student/1cr24cd403/HellloMavenGradle}
09:02:13.685 [DEBUG] [org.gradle.launcher.daemon.server.SynchronizedDispatchConnection] thread 44: received class org.gradle.launcher.daemon.protocol.CloseInput
09:02:13.685 [DEBUG] [org.gradle.launcher.daemon.server.DefaultDaemonConnection] thread 44: Received IO message from client: org.gradle.launcher.daemon.protocol.CloseInput@34a5e7d5
09:02:13.686 [DEBUG] [org.gradle.launcher.daemon.server.SynchronizedDispatchConnection] thread 44: received class org.gradle.launcher.daemon.protocol.Finished
09:02:13.686 [DEBUG] [org.gradle.launcher.daemon.server.DefaultDaemonConnection] thread 44: Received non-IO message from client: org.gradle.launcher.daemon.protocol.Finished@3a620f31
09:02:13.686 [DEBUG] [org.gradle.launcher.daemon.server.DefaultIncomingConnectionHandler] Received finished message: org.gradle.launcher.daemon.protocol.Finished@3a620f31
09:02:13.686 [DEBUG] [org.gradle.internal.remote.internal.inet.SocketConnection] Discarding EOFException: java.io.EOFException
09:02:13.686 [DEBUG] [org.gradle.launcher.daemon.server.SynchronizedDispatchConnection] thread 44: received null
09:02:13.686 [DEBUG] [org.gradle.launcher.daemon.server.DefaultDaemonConnection] thread 44: Received end-of-input from client.
09:02:13.686 [DEBUG] [org.gradle.launcher.daemon.server.SynchronizedDispatchConnection] thread 43: stopping connection
09:02:13.687 [DEBUG] [org.gradle.launcher.daemon.server.SynchronizedDispatchConnection] thread 43: stopping connection
09:02:17.755 [DEBUG] [org.gradle.process.internal.health.memory.MemoryManager] Emitting OS memory status event {Total: 16440098816, Free: 12855820288}
09:02:17.755 [DEBUG] [org.gradle.launcher.daemon.server.health.LowMemoryDaemonExpirationStrategy] Received memory status update: {Total: 16440098816, Free: 12855820288}
09:02:17.755 [DEBUG] [org.gradle.process.internal.health.memory.MemoryManager] Emitting JVM memory status event {Maximum: 1073741824, Committed: 260046848}
09:02:21.711 [DEBUG] [org.gradle.launcher.daemon.server.Daemon] DaemonExpirationPeriodicCheck running
09:02:21.711 [DEBUG] [org.gradle.cache.internal.DefaultFileLockManager] Waiting to acquire shared lock on daemon addresses registry.
09:02:21.711 [DEBUG] [org.gradle.cache.internal.DefaultFileLockManager] Lock acquired on daemon addresses registry.
09:02:21.711 [DEBUG] [org.gradle.cache.internal.DefaultFileLockManager] Releasing lock on daemon addresses registry.
09:02:21.711 [DEBUG] [org.gradle.cache.internal.DefaultFileLockManager] Waiting to acquire shared lock on daemon addresses registry.
09:02:21.711 [DEBUG] [org.gradle.cache.internal.DefaultFileLockManager] Lock acquired on daemon addresses registry.
09:02:21.711 [DEBUG] [org.gradle.cache.internal.DefaultFileLockManager] Releasing lock on daemon addresses registry.
09:02:22.755 [DEBUG] [org.gradle.process.internal.health.memory.MemoryManager] Emitting OS memory status event {Total: 16440098816, Free: 12889079808}
09:02:22.755 [DEBUG] [org.gradle.launcher.daemon.server.health.LowMemoryDaemonExpirationStrategy] Received memory status update: {Total: 16440098816, Free: 12889079808}
09:02:22.755 [DEBUG] [org.gradle.process.internal.health.memory.MemoryManager] Emitting JVM memory status event {Maximum: 1073741824, Committed: 260046848}
09:02:27.755 [DEBUG] [org.gradle.process.internal.health.memory.MemoryManager] Emitting OS memory status event {Total: 16440098816, Free: 12900724736}
09:02:27.755 [DEBUG] [org.gradle.launcher.daemon.server.health.LowMemoryDaemonExpirationStrategy] Received memory status update: {Total: 16440098816, Free: 12900724736}
09:02:27.755 [DEBUG] [org.gradle.process.internal.health.memory.MemoryManager] Emitting JVM memory status event {Maximum: 1073741824, Committed: 260046848}
09:02:31.711 [DEBUG] [org.gradle.launcher.daemon.server.Daemon] DaemonExpirationPeriodicCheck running
09:02:31.711 [DEBUG] [org.gradle.cache.internal.DefaultFileLockManager] Waiting to acquire shared lock on daemon addresses registry.
09:02:31.711 [DEBUG] [org.gradle.cache.internal.DefaultFileLockManager] Lock acquired on daemon addresses registry.
09:02:31.711 [DEBUG] [org.gradle.cache.internal.DefaultFileLockManager] Releasing lock on daemon addresses registry.
09:02:31.711 [DEBUG] [org.gradle.cache.internal.DefaultFileLockManager] Waiting to acquire shared lock on daemon addresses registry.
09:02:31.711 [DEBUG] [org.gradle.cache.internal.DefaultFileLockManager] Lock acquired on daemon addresses registry.
09:02:31.711 [DEBUG] [org.gradle.cache.internal.DefaultFileLockManager] Releasing lock on daemon addresses registry.
09:02:31.711 [DEBUG] [org.gradle.cache.internal.DefaultFileLockManager] Waiting to acquire shared lock on daemon addresses registry.
09:02:31.711 [DEBUG] [org.gradle.cache.internal.DefaultFileLockManager] Lock acquired on daemon addresses registry.
09:02:31.711 [DEBUG] [org.gradle.cache.internal.DefaultFileLockManager] Releasing lock on daemon addresses registry.
09:02:32.755 [DEBUG] [org.gradle.process.internal.health.memory.MemoryManager] Emitting OS memory status event {Total: 16440098816, Free: 12928565248}
09:02:32.755 [DEBUG] [org.gradle.launcher.daemon.server.health.LowMemoryDaemonExpirationStrategy] Received memory status update: {Total: 16440098816, Free: 12928565248}
09:02:32.755 [DEBUG] [org.gradle.process.internal.health.memory.MemoryManager] Emitting JVM memory status event {Maximum: 1073741824, Committed: 260046848}
09:02:37.755 [DEBUG] [org.gradle.process.internal.health.memory.MemoryManager] Emitting OS memory status event {Total: 16440098816, Free: 13003407360}
09:02:37.755 [DEBUG] [org.gradle.launcher.daemon.server.health.LowMemoryDaemonExpirationStrategy] Received memory status update: {Total: 16440098816, Free: 13003407360}
09:02:37.755 [DEBUG] [org.gradle.process.internal.health.memory.MemoryManager] Emitting JVM memory status event {Maximum: 1073741824, Committed: 260046848}
09:02:41.711 [DEBUG] [org.gradle.launcher.daemon.server.Daemon] DaemonExpirationPeriodicCheck running
09:02:41.711 [DEBUG] [org.gradle.cache.internal.DefaultFileLockManager] Waiting to acquire shared lock on daemon addresses registry.
09:02:41.711 [DEBUG] [org.gradle.cache.internal.DefaultFileLockManager] Lock acquired on daemon addresses registry.
09:02:41.711 [DEBUG] [org.gradle.cache.internal.DefaultFileLockManager] Releasing lock on daemon addresses registry.
09:02:41.711 [DEBUG] [org.gradle.cache.internal.DefaultFileLockManager] Waiting to acquire shared lock on daemon addresses registry.
09:02:41.711 [DEBUG] [org.gradle.cache.internal.DefaultFileLockManager] Lock acquired on daemon addresses registry.
09:02:41.711 [DEBUG] [org.gradle.cache.internal.DefaultFileLockManager] Releasing lock on daemon addresses registry.
09:02:41.711 [DEBUG] [org.gradle.cache.internal.DefaultFileLockManager] Waiting to acquire shared lock on daemon addresses registry.
09:02:41.711 [DEBUG] [org.gradle.cache.internal.DefaultFileLockManager] Lock acquired on daemon addresses registry.
09:02:41.711 [DEBUG] [org.gradle.cache.internal.DefaultFileLockManager] Releasing lock on daemon addresses registry.
09:02:42.755 [DEBUG] [org.gradle.process.internal.health.memory.MemoryManager] Emitting OS memory status event {Total: 16440098816, Free: 12990763008}
09:02:42.755 [DEBUG] [org.gradle.launcher.daemon.server.health.LowMemoryDaemonExpirationStrategy] Received memory status update: {Total: 16440098816, Free: 12990763008}
09:02:42.755 [DEBUG] [org.gradle.process.internal.health.memory.MemoryManager] Emitting JVM memory status event {Maximum: 1073741824, Committed: 260046848}
09:02:46.018 [DEBUG] [org.gradle.internal.remote.internal.inet.TcpIncomingConnector] Accepted connection from /0:0:0:0:0:0:0:1:57510 to /0:0:0:0:0:0:0:1:40229.
09:02:46.043 [DEBUG] [org.gradle.launcher.daemon.server.SynchronizedDispatchConnection] thread 78: received class org.gradle.launcher.daemon.protocol.Build
09:02:46.043 [DEBUG] [org.gradle.launcher.daemon.server.DefaultDaemonConnection] thread 78: Received non-IO message from client: Build{id=fb4c71e3-21ab-4ba6-a4fe-d68472db06e0.1, currentDir=/home/student/1cr24cd403/HellloMavenGradle}
09:02:46.043 [INFO] [org.gradle.launcher.daemon.server.DefaultIncomingConnectionHandler] Received command: Build{id=fb4c71e3-21ab-4ba6-a4fe-d68472db06e0.1, currentDir=/home/student/1cr24cd403/HellloMavenGradle}.
09:02:46.043 [DEBUG] [org.gradle.launcher.daemon.server.DefaultIncomingConnectionHandler] Starting executing command: Build{id=fb4c71e3-21ab-4ba6-a4fe-d68472db06e0.1, currentDir=/home/student/1cr24cd403/HellloMavenGradle} with connection: socket connection from /0:0:0:0:0:0:0:1:40229 to /0:0:0:0:0:0:0:1:57510.
09:02:46.044 [ERROR] [org.gradle.launcher.daemon.server.DaemonStateCoordinator] Command execution: started DaemonCommandExecution[command = Build{id=fb4c71e3-21ab-4ba6-a4fe-d68472db06e0.1, currentDir=/home/student/1cr24cd403/HellloMavenGradle}, connection = DefaultDaemonConnection: socket connection from /0:0:0:0:0:0:0:1:40229 to /0:0:0:0:0:0:0:1:57510] after 0.0 minutes of idle
09:02:46.044 [INFO] [org.gradle.launcher.daemon.server.DaemonRegistryUpdater] Marking the daemon as busy, address: [d958654d-f7d7-4d4c-9d04-b55a4ec5c124 port:40229, addresses:[/0:0:0:0:0:0:0:1%lo, /127.0.0.1]]
09:02:46.044 [DEBUG] [org.gradle.launcher.daemon.registry.PersistentDaemonRegistry] Marking busy by address: [d958654d-f7d7-4d4c-9d04-b55a4ec5c124 port:40229, addresses:[/0:0:0:0:0:0:0:1%lo, /127.0.0.1]]
09:02:46.044 [DEBUG] [org.gradle.cache.internal.DefaultFileLockManager] Waiting to acquire exclusive lock on daemon addresses registry.
09:02:46.044 [DEBUG] [org.gradle.cache.internal.DefaultFileLockManager] Lock acquired on daemon addresses registry.
09:02:46.044 [DEBUG] [org.gradle.cache.internal.DefaultFileLockManager] Releasing lock on daemon addresses registry.
09:02:46.044 [DEBUG] [org.gradle.launcher.daemon.server.DaemonStateCoordinator] resetting idle timer
09:02:46.044 [DEBUG] [org.gradle.launcher.daemon.server.DaemonStateCoordinator] daemon is running. Sleeping until state changes.
09:02:46.044 [INFO] [org.gradle.launcher.daemon.server.exec.StartBuildOrRespondWithBusy] Daemon is about to start building Build{id=fb4c71e3-21ab-4ba6-a4fe-d68472db06e0.1, currentDir=/home/student/1cr24cd403/HellloMavenGradle}. Dispatching build started information...
09:02:46.044 [DEBUG] [org.gradle.launcher.daemon.server.SynchronizedDispatchConnection] thread 46: dispatching class org.gradle.launcher.daemon.protocol.BuildStarted
09:02:46.044 [DEBUG] [org.gradle.launcher.daemon.server.exec.EstablishBuildEnvironment] Configuring env variables: {PATH=/usr/local/sbin:/usr/local/bin:/usr/sbin:/usr/bin:/sbin:/bin:/usr/games:/usr/local/games:/snap/bin:/snap/bin, XAUTHORITY=/run/user/1001/.mutter-Xwaylandauth.BP9QK3, LESSCLOSE=/usr/bin/lesspipe %s %s, XMODIFIERS=@im=ibus, XDG_DATA_DIRS=/usr/share/ubuntu:/usr/local/share/:/usr/share/:/var/lib/snapd/desktop, GDMSESSION=ubuntu, QT_IM_MODULE=ibus, TERM=xterm-256color, XDG_CONFIG_DIRS=/etc/xdg/xdg-ubuntu:/etc/xdg, GNOME_TERMINAL_SERVICE=:1.125, LANG=en_IN, DBUS_SESSION_BUS_ADDRESS=unix:path=/run/user/1001/bus, XDG_SESSION_TYPE=wayland, XDG_CURRENT_DESKTOP=ubuntu:GNOME, DISPLAY=:0, WAYLAND_DISPLAY=wayland-0, COLORTERM=truecolor, SESSION_MANAGER=local/aimll501pc12-HP-Pro-Tower-280-G9-PCI-Desktop-PC:@/tmp/.ICE-unix/1763,unix/aimll501pc12-HP-Pro-Tower-280-G9-PCI-Desktop-PC:/tmp/.ICE-unix/1763, USERNAME=student, LOGNAME=student, PWD=/home/student/1cr24cd403/HellloMavenGradle, IM_CONFIG_PHASE=1, XDG_SESSION_CLASS=user, _=/usr/bin/gradle, LANGUAGE=en_IN:en, SHELL=/bin/bash, LESSOPEN=| /usr/bin/lesspipe %s, DESKTOP_SESSION=ubuntu, OLDPWD=/usr/share/gradle, USER=student, XDG_MENU_PREFIX=gnome-, VTE_VERSION=6800, QT_ACCESSIBILITY=1, GNOME_DESKTOP_SESSION_ID=this-is-deprecated, SSH_AUTH_SOCK=/run/user/1001/keyring/ssh, GNOME_TERMINAL_SCREEN=/org/gnome/Terminal/screen/22e5c1ff_1bfc_4729_9f66_f9c1e723be86, GTK_MODULES=gail:atk-bridge, GNOME_SHELL_SESSION_MODE=ubuntu, SYSTEMD_EXEC_PID=1789, LS_COLORS=rs=0:di=01;34:ln=01;36:mh=00:pi=40;33:so=01;35:do=01;35:bd=40;33;01:cd=40;33;01:or=40;31;01:mi=00:su=37;41:sg=30;43:ca=30;41:tw=30;42:ow=34;42:st=37;44:ex=01;32:*.tar=01;31:*.tgz=01;31:*.arc=01;31:*.arj=01;31:*.taz=01;31:*.lha=01;31:*.lz4=01;31:*.lzh=01;31:*.lzma=01;31:*.tlz=01;31:*.txz=01;31:*.tzo=01;31:*.t7z=01;31:*.zip=01;31:*.z=01;31:*.dz=01;31:*.gz=01;31:*.lrz=01;31:*.lz=01;31:*.lzo=01;31:*.xz=01;31:*.zst=01;31:*.tzst=01;31:*.bz2=01;31:*.bz=01;31:*.tbz=01;31:*.tbz2=01;31:*.tz=01;31:*.deb=01;31:*.rpm=01;31:*.jar=01;31:*.war=01;31:*.ear=01;31:*.sar=01;31:*.rar=01;31:*.alz=01;31:*.ace=01;31:*.zoo=01;31:*.cpio=01;31:*.7z=01;31:*.rz=01;31:*.cab=01;31:*.wim=01;31:*.swm=01;31:*.dwm=01;31:*.esd=01;31:*.jpg=01;35:*.jpeg=01;35:*.mjpg=01;35:*.mjpeg=01;35:*.gif=01;35:*.bmp=01;35:*.pbm=01;35:*.pgm=01;35:*.ppm=01;35:*.tga=01;35:*.xbm=01;35:*.xpm=01;35:*.tif=01;35:*.tiff=01;35:*.png=01;35:*.svg=01;35:*.svgz=01;35:*.mng=01;35:*.pcx=01;35:*.mov=01;35:*.mpg=01;35:*.mpeg=01;35:*.m2v=01;35:*.mkv=01;35:*.webm=01;35:*.webp=01;35:*.ogm=01;35:*.mp4=01;35:*.m4v=01;35:*.mp4v=01;35:*.vob=01;35:*.qt=01;35:*.nuv=01;35:*.wmv=01;35:*.asf=01;35:*.rm=01;35:*.rmvb=01;35:*.flc=01;35:*.avi=01;35:*.fli=01;35:*.flv=01;35:*.gl=01;35:*.dl=01;35:*.xcf=01;35:*.xwd=01;35:*.yuv=01;35:*.cgm=01;35:*.emf=01;35:*.ogv=01;35:*.ogx=01;35:*.aac=00;36:*.au=00;36:*.flac=00;36:*.m4a=00;36:*.mid=00;36:*.midi=00;36:*.mka=00;36:*.mp3=00;36:*.mpc=00;36:*.ogg=00;36:*.ra=00;36:*.wav=00;36:*.oga=00;36:*.opus=00;36:*.spx=00;36:*.xspf=00;36:, XDG_SESSION_DESKTOP=ubuntu, XDG_RUNTIME_DIR=/run/user/1001, GNOME_SETUP_DISPLAY=:1, SSH_AGENT_LAUNCHER=gnome-keyring, HOME=/home/student, SHLVL=1}
09:02:46.045 [WARN] [org.gradle.launcher.daemon.server.exec.EstablishBuildEnvironment] Warning: Unable able to set daemon's environment variables to match the client because: 
  Java 9 does not support modifying environment variables.
  If the daemon was started with a significantly different environment from the client, and your build 
  relies on environment variables, you may experience unexpected behavior.
09:02:46.045 [DEBUG] [org.gradle.launcher.daemon.server.exec.LogToClient] About to start relaying all logs to the client via the connection.
09:02:46.045 [INFO] [org.gradle.launcher.daemon.server.exec.LogToClient] The client will now receive all logging from the daemon (pid: 6629). The daemon log file: /home/student/.gradle/daemon/4.4.1/daemon-6629.out.log
09:02:46.045 [INFO] [org.gradle.launcher.daemon.server.exec.LogAndCheckHealth] Starting 3rd build in daemon [uptime: 5 mins 44.395 secs, performance: 99%]
09:02:46.045 [DEBUG] [org.gradle.launcher.daemon.server.exec.ExecuteBuild] The daemon has started executing the build.
09:02:46.045 [DEBUG] [org.gradle.launcher.daemon.server.exec.ExecuteBuild] Executing build with daemon context: DefaultDaemonContext[uid=09285325-f717-4575-b108-45dc920053fb,javaHome=/usr/lib/jvm/java-11-openjdk-amd64,daemonRegistryDir=/home/student/.gradle/daemon,pid=6629,idleTimeout=10800000,daemonOpts=-XX:+HeapDumpOnOutOfMemoryError,-Xmx1024m,-Dfile.encoding=UTF-8,-Duser.country=IN,-Duser.language=en,-Duser.variant]
:compileJava
:processResources NO-SOURCE
:classes
:run
Hello world to maven.

BUILD SUCCESSFUL in 0s
2 actionable tasks: 2 executed
09:02:46.138 [DEBUG] [org.gradle.launcher.daemon.server.exec.ExecuteBuild] The daemon has finished executing the build.
09:02:46.147 [DEBUG] [org.gradle.launcher.daemon.server.DaemonStateCoordinator] Command execution: finished waiting for DaemonCommandExecution[command = Build{id=fb4c71e3-21ab-4ba6-a4fe-d68472db06e0.1, currentDir=/home/student/1cr24cd403/HellloMavenGradle}, connection = DefaultDaemonConnection: socket connection from /0:0:0:0:0:0:0:1:40229 to /0:0:0:0:0:0:0:1:57510]. Result org.gradle.launcher.daemon.server.DaemonStateCoordinator@33f0f467 with state Busy
09:02:46.147 [DEBUG] [org.gradle.launcher.daemon.server.DaemonStateCoordinator] Command execution: completed DaemonCommandExecution[command = Build{id=fb4c71e3-21ab-4ba6-a4fe-d68472db06e0.1, currentDir=/home/student/1cr24cd403/HellloMavenGradle}, connection = DefaultDaemonConnection: socket connection from /0:0:0:0:0:0:0:1:40229 to /0:0:0:0:0:0:0:1:57510]
09:02:46.147 [DEBUG] [org.gradle.launcher.daemon.server.DaemonStateCoordinator] resetting idle timer
09:02:46.147 [INFO] [org.gradle.launcher.daemon.server.DaemonRegistryUpdater] Marking the daemon as idle, address: [d958654d-f7d7-4d4c-9d04-b55a4ec5c124 port:40229, addresses:[/0:0:0:0:0:0:0:1%lo, /127.0.0.1]]
09:02:46.147 [DEBUG] [org.gradle.launcher.daemon.registry.PersistentDaemonRegistry] Marking busy by address: [d958654d-f7d7-4d4c-9d04-b55a4ec5c124 port:40229, addresses:[/0:0:0:0:0:0:0:1%lo, /127.0.0.1]]
09:02:46.147 [DEBUG] [org.gradle.cache.internal.DefaultFileLockManager] Waiting to acquire exclusive lock on daemon addresses registry.
09:02:46.147 [DEBUG] [org.gradle.cache.internal.DefaultFileLockManager] Lock acquired on daemon addresses registry.
09:02:46.147 [DEBUG] [org.gradle.cache.internal.DefaultFileLockManager] Releasing lock on daemon addresses registry.
09:02:46.147 [DEBUG] [org.gradle.launcher.daemon.server.exec.ReturnResult] Daemon is dispatching the build result: Success[value=null]
09:02:46.147 [DEBUG] [org.gradle.launcher.daemon.server.DaemonStateCoordinator] daemon is running. Sleeping until state changes.
09:02:46.147 [DEBUG] [org.gradle.launcher.daemon.server.SynchronizedDispatchConnection] thread 43: dispatching class org.gradle.launcher.daemon.protocol.Success
09:02:46.147 [DEBUG] [org.gradle.launcher.daemon.server.DefaultIncomingConnectionHandler] Finishing executing command: Build{id=fb4c71e3-21ab-4ba6-a4fe-d68472db06e0.1, currentDir=/home/student/1cr24cd403/HellloMavenGradle}
09:02:46.149 [DEBUG] [org.gradle.launcher.daemon.server.SynchronizedDispatchConnection] thread 78: received class org.gradle.launcher.daemon.protocol.CloseInput
09:02:46.149 [DEBUG] [org.gradle.launcher.daemon.server.DefaultDaemonConnection] thread 78: Received IO message from client: org.gradle.launcher.daemon.protocol.CloseInput@1a9dd979
09:02:46.150 [DEBUG] [org.gradle.launcher.daemon.server.SynchronizedDispatchConnection] thread 78: received class org.gradle.launcher.daemon.protocol.Finished
09:02:46.150 [DEBUG] [org.gradle.launcher.daemon.server.DefaultDaemonConnection] thread 78: Received non-IO message from client: org.gradle.launcher.daemon.protocol.Finished@145a245a
09:02:46.150 [DEBUG] [org.gradle.launcher.daemon.server.DefaultIncomingConnectionHandler] Received finished message: org.gradle.launcher.daemon.protocol.Finished@145a245a
09:02:46.150 [DEBUG] [org.gradle.internal.remote.internal.inet.SocketConnection] Discarding EOFException: java.io.EOFException
09:02:46.150 [DEBUG] [org.gradle.launcher.daemon.server.SynchronizedDispatchConnection] thread 43: stopping connection
09:02:46.150 [DEBUG] [org.gradle.launcher.daemon.server.SynchronizedDispatchConnection] thread 78: received null
09:02:46.150 [DEBUG] [org.gradle.launcher.daemon.server.DefaultDaemonConnection] thread 78: Received end-of-input from client.
09:02:46.150 [DEBUG] [org.gradle.launcher.daemon.server.SynchronizedDispatchConnection] thread 43: stopping connection
09:02:47.755 [DEBUG] [org.gradle.process.internal.health.memory.MemoryManager] Emitting OS memory status event {Total: 16440098816, Free: 13000474624}
09:02:47.755 [DEBUG] [org.gradle.launcher.daemon.server.health.LowMemoryDaemonExpirationStrategy] Received memory status update: {Total: 16440098816, Free: 13000474624}
09:02:47.755 [DEBUG] [org.gradle.process.internal.health.memory.MemoryManager] Emitting JVM memory status event {Maximum: 1073741824, Committed: 260046848}
09:02:51.711 [DEBUG] [org.gradle.launcher.daemon.server.Daemon] DaemonExpirationPeriodicCheck running
09:02:51.711 [DEBUG] [org.gradle.cache.internal.DefaultFileLockManager] Waiting to acquire shared lock on daemon addresses registry.
09:02:51.711 [DEBUG] [org.gradle.cache.internal.DefaultFileLockManager] Lock acquired on daemon addresses registry.
09:02:51.711 [DEBUG] [org.gradle.cache.internal.DefaultFileLockManager] Releasing lock on daemon addresses registry.
09:02:51.711 [DEBUG] [org.gradle.cache.internal.DefaultFileLockManager] Waiting to acquire shared lock on daemon addresses registry.
09:02:51.711 [DEBUG] [org.gradle.cache.internal.DefaultFileLockManager] Lock acquired on daemon addresses registry.
09:02:51.711 [DEBUG] [org.gradle.cache.internal.DefaultFileLockManager] Releasing lock on daemon addresses registry.
09:02:52.755 [DEBUG] [org.gradle.process.internal.health.memory.MemoryManager] Emitting OS memory status event {Total: 16440098816, Free: 12998709248}
09:02:52.755 [DEBUG] [org.gradle.launcher.daemon.server.health.LowMemoryDaemonExpirationStrategy] Received memory status update: {Total: 16440098816, Free: 12998709248}
09:02:52.755 [DEBUG] [org.gradle.process.internal.health.memory.MemoryManager] Emitting JVM memory status event {Maximum: 1073741824, Committed: 260046848}
09:02:57.755 [DEBUG] [org.gradle.process.internal.health.memory.MemoryManager] Emitting OS memory status event {Total: 16440098816, Free: 13001732096}
09:02:57.755 [DEBUG] [org.gradle.launcher.daemon.server.health.LowMemoryDaemonExpirationStrategy] Received memory status update: {Total: 16440098816, Free: 13001732096}
09:02:57.755 [DEBUG] [org.gradle.process.internal.health.memory.MemoryManager] Emitting JVM memory status event {Maximum: 1073741824, Committed: 260046848}
09:03:01.711 [DEBUG] [org.gradle.launcher.daemon.server.Daemon] DaemonExpirationPeriodicCheck running
09:03:01.711 [DEBUG] [org.gradle.cache.internal.DefaultFileLockManager] Waiting to acquire shared lock on daemon addresses registry.
09:03:01.711 [DEBUG] [org.gradle.cache.internal.DefaultFileLockManager] Lock acquired on daemon addresses registry.
09:03:01.711 [DEBUG] [org.gradle.cache.internal.DefaultFileLockManager] Releasing lock on daemon addresses registry.
09:03:01.711 [DEBUG] [org.gradle.cache.internal.DefaultFileLockManager] Waiting to acquire shared lock on daemon addresses registry.
09:03:01.711 [DEBUG] [org.gradle.cache.internal.DefaultFileLockManager] Lock acquired on daemon addresses registry.
09:03:01.711 [DEBUG] [org.gradle.cache.internal.DefaultFileLockManager] Releasing lock on daemon addresses registry.
09:03:01.711 [DEBUG] [org.gradle.cache.internal.DefaultFileLockManager] Waiting to acquire shared lock on daemon addresses registry.
09:03:01.711 [DEBUG] [org.gradle.cache.internal.DefaultFileLockManager] Lock acquired on daemon addresses registry.
09:03:01.711 [DEBUG] [org.gradle.cache.internal.DefaultFileLockManager] Releasing lock on daemon addresses registry.
09:03:02.755 [DEBUG] [org.gradle.process.internal.health.memory.MemoryManager] Emitting OS memory status event {Total: 16440098816, Free: 12940558336}
09:03:02.755 [DEBUG] [org.gradle.launcher.daemon.server.health.LowMemoryDaemonExpirationStrategy] Received memory status update: {Total: 16440098816, Free: 12940558336}
09:03:02.755 [DEBUG] [org.gradle.process.internal.health.memory.MemoryManager] Emitting JVM memory status event {Maximum: 1073741824, Committed: 260046848}
09:03:07.755 [DEBUG] [org.gradle.process.internal.health.memory.MemoryManager] Emitting OS memory status event {Total: 16440098816, Free: 12942188544}
09:03:07.755 [DEBUG] [org.gradle.launcher.daemon.server.health.LowMemoryDaemonExpirationStrategy] Received memory status update: {Total: 16440098816, Free: 12942188544}
09:03:07.755 [DEBUG] [org.gradle.process.internal.health.memory.MemoryManager] Emitting JVM memory status event {Maximum: 1073741824, Committed: 260046848}
09:03:11.711 [DEBUG] [org.gradle.launcher.daemon.server.Daemon] DaemonExpirationPeriodicCheck running
09:03:11.711 [DEBUG] [org.gradle.cache.internal.DefaultFileLockManager] Waiting to acquire shared lock on daemon addresses registry.
09:03:11.711 [DEBUG] [org.gradle.cache.internal.DefaultFileLockManager] Lock acquired on daemon addresses registry.
09:03:11.711 [DEBUG] [org.gradle.cache.internal.DefaultFileLockManager] Releasing lock on daemon addresses registry.
09:03:11.711 [DEBUG] [org.gradle.cache.internal.DefaultFileLockManager] Waiting to acquire shared lock on daemon addresses registry.
09:03:11.711 [DEBUG] [org.gradle.cache.internal.DefaultFileLockManager] Lock acquired on daemon addresses registry.
09:03:11.711 [DEBUG] [org.gradle.cache.internal.DefaultFileLockManager] Releasing lock on daemon addresses registry.
09:03:11.711 [DEBUG] [org.gradle.cache.internal.DefaultFileLockManager] Waiting to acquire shared lock on daemon addresses registry.
09:03:11.711 [DEBUG] [org.gradle.cache.internal.DefaultFileLockManager] Lock acquired on daemon addresses registry.
09:03:11.711 [DEBUG] [org.gradle.cache.internal.DefaultFileLockManager] Releasing lock on daemon addresses registry.
09:03:12.754 [DEBUG] [org.gradle.process.internal.health.memory.MemoryManager] Emitting OS memory status event {Total: 16440098816, Free: 12976918528}
09:03:12.754 [DEBUG] [org.gradle.launcher.daemon.server.health.LowMemoryDaemonExpirationStrategy] Received memory status update: {Total: 16440098816, Free: 12976918528}
09:03:12.754 [DEBUG] [org.gradle.process.internal.health.memory.MemoryManager] Emitting JVM memory status event {Maximum: 1073741824, Committed: 260046848}
09:03:17.755 [DEBUG] [org.gradle.process.internal.health.memory.MemoryManager] Emitting OS memory status event {Total: 16440098816, Free: 12981178368}
09:03:17.755 [DEBUG] [org.gradle.launcher.daemon.server.health.LowMemoryDaemonExpirationStrategy] Received memory status update: {Total: 16440098816, Free: 12981178368}
09:03:17.755 [DEBUG] [org.gradle.process.internal.health.memory.MemoryManager] Emitting JVM memory status event {Maximum: 1073741824, Committed: 260046848}
09:03:21.711 [DEBUG] [org.gradle.launcher.daemon.server.Daemon] DaemonExpirationPeriodicCheck running
09:03:21.711 [DEBUG] [org.gradle.cache.internal.DefaultFileLockManager] Waiting to acquire shared lock on daemon addresses registry.
09:03:21.711 [DEBUG] [org.gradle.cache.internal.DefaultFileLockManager] Lock acquired on daemon addresses registry.
09:03:21.711 [DEBUG] [org.gradle.cache.internal.DefaultFileLockManager] Releasing lock on daemon addresses registry.
09:03:21.711 [DEBUG] [org.gradle.cache.internal.DefaultFileLockManager] Waiting to acquire shared lock on daemon addresses registry.
09:03:21.711 [DEBUG] [org.gradle.cache.internal.DefaultFileLockManager] Lock acquired on daemon addresses registry.
09:03:21.711 [DEBUG] [org.gradle.cache.internal.DefaultFileLockManager] Releasing lock on daemon addresses registry.
09:03:21.711 [DEBUG] [org.gradle.cache.internal.DefaultFileLockManager] Waiting to acquire shared lock on daemon addresses registry.
09:03:21.711 [DEBUG] [org.gradle.cache.internal.DefaultFileLockManager] Lock acquired on daemon addresses registry.
09:03:21.711 [DEBUG] [org.gradle.cache.internal.DefaultFileLockManager] Releasing lock on daemon addresses registry.
09:03:22.755 [DEBUG] [org.gradle.process.internal.health.memory.MemoryManager] Emitting OS memory status event {Total: 16440098816, Free: 12978393088}
09:03:22.755 [DEBUG] [org.gradle.launcher.daemon.server.health.LowMemoryDaemonExpirationStrategy] Received memory status update: {Total: 16440098816, Free: 12978393088}
09:03:22.755 [DEBUG] [org.gradle.process.internal.health.memory.MemoryManager] Emitting JVM memory status event {Maximum: 1073741824, Committed: 260046848}
09:03:27.755 [DEBUG] [org.gradle.process.internal.health.memory.MemoryManager] Emitting OS memory status event {Total: 16440098816, Free: 12978470912}
09:03:27.755 [DEBUG] [org.gradle.launcher.daemon.server.health.LowMemoryDaemonExpirationStrategy] Received memory status update: {Total: 16440098816, Free: 12978470912}
09:03:27.755 [DEBUG] [org.gradle.process.internal.health.memory.MemoryManager] Emitting JVM memory status event {Maximum: 1073741824, Committed: 260046848}
09:03:31.711 [DEBUG] [org.gradle.launcher.daemon.server.Daemon] DaemonExpirationPeriodicCheck running
09:03:31.711 [DEBUG] [org.gradle.cache.internal.DefaultFileLockManager] Waiting to acquire shared lock on daemon addresses registry.
09:03:31.711 [DEBUG] [org.gradle.cache.internal.DefaultFileLockManager] Lock acquired on daemon addresses registry.
09:03:31.711 [DEBUG] [org.gradle.cache.internal.DefaultFileLockManager] Releasing lock on daemon addresses registry.
09:03:31.711 [DEBUG] [org.gradle.cache.internal.DefaultFileLockManager] Waiting to acquire shared lock on daemon addresses registry.
09:03:31.711 [DEBUG] [org.gradle.cache.internal.DefaultFileLockManager] Lock acquired on daemon addresses registry.
09:03:31.711 [DEBUG] [org.gradle.cache.internal.DefaultFileLockManager] Releasing lock on daemon addresses registry.
09:03:31.711 [DEBUG] [org.gradle.cache.internal.DefaultFileLockManager] Waiting to acquire shared lock on daemon addresses registry.
09:03:31.711 [DEBUG] [org.gradle.cache.internal.DefaultFileLockManager] Lock acquired on daemon addresses registry.
09:03:31.711 [DEBUG] [org.gradle.cache.internal.DefaultFileLockManager] Releasing lock on daemon addresses registry.
09:03:32.754 [DEBUG] [org.gradle.process.internal.health.memory.MemoryManager] Emitting OS memory status event {Total: 16440098816, Free: 12982022144}
09:03:32.755 [DEBUG] [org.gradle.launcher.daemon.server.health.LowMemoryDaemonExpirationStrategy] Received memory status update: {Total: 16440098816, Free: 12982022144}
09:03:32.755 [DEBUG] [org.gradle.process.internal.health.memory.MemoryManager] Emitting JVM memory status event {Maximum: 1073741824, Committed: 260046848}
09:03:37.755 [DEBUG] [org.gradle.process.internal.health.memory.MemoryManager] Emitting OS memory status event {Total: 16440098816, Free: 12984741888}
09:03:37.755 [DEBUG] [org.gradle.launcher.daemon.server.health.LowMemoryDaemonExpirationStrategy] Received memory status update: {Total: 16440098816, Free: 12984741888}
09:03:37.755 [DEBUG] [org.gradle.process.internal.health.memory.MemoryManager] Emitting JVM memory status event {Maximum: 1073741824, Committed: 260046848}
09:03:41.711 [DEBUG] [org.gradle.launcher.daemon.server.Daemon] DaemonExpirationPeriodicCheck running
09:03:41.711 [DEBUG] [org.gradle.cache.internal.DefaultFileLockManager] Waiting to acquire shared lock on daemon addresses registry.
09:03:41.711 [DEBUG] [org.gradle.cache.internal.DefaultFileLockManager] Lock acquired on daemon addresses registry.
09:03:41.711 [DEBUG] [org.gradle.cache.internal.DefaultFileLockManager] Releasing lock on daemon addresses registry.
09:03:41.711 [DEBUG] [org.gradle.cache.internal.DefaultFileLockManager] Waiting to acquire shared lock on daemon addresses registry.
09:03:41.711 [DEBUG] [org.gradle.cache.internal.DefaultFileLockManager] Lock acquired on daemon addresses registry.
09:03:41.711 [DEBUG] [org.gradle.cache.internal.DefaultFileLockManager] Releasing lock on daemon addresses registry.
09:03:41.711 [DEBUG] [org.gradle.cache.internal.DefaultFileLockManager] Waiting to acquire shared lock on daemon addresses registry.
09:03:41.711 [DEBUG] [org.gradle.cache.internal.DefaultFileLockManager] Lock acquired on daemon addresses registry.
09:03:41.711 [DEBUG] [org.gradle.cache.internal.DefaultFileLockManager] Releasing lock on daemon addresses registry.
09:03:42.755 [DEBUG] [org.gradle.process.internal.health.memory.MemoryManager] Emitting OS memory status event {Total: 16440098816, Free: 12991815680}
09:03:42.755 [DEBUG] [org.gradle.launcher.daemon.server.health.LowMemoryDaemonExpirationStrategy] Received memory status update: {Total: 16440098816, Free: 12991815680}
09:03:42.755 [DEBUG] [org.gradle.process.internal.health.memory.MemoryManager] Emitting JVM memory status event {Maximum: 1073741824, Committed: 260046848}
09:03:47.755 [DEBUG] [org.gradle.process.internal.health.memory.MemoryManager] Emitting OS memory status event {Total: 16440098816, Free: 12993228800}
09:03:47.755 [DEBUG] [org.gradle.launcher.daemon.server.health.LowMemoryDaemonExpirationStrategy] Received memory status update: {Total: 16440098816, Free: 12993228800}
09:03:47.755 [DEBUG] [org.gradle.process.internal.health.memory.MemoryManager] Emitting JVM memory status event {Maximum: 1073741824, Committed: 260046848}
09:03:51.711 [DEBUG] [org.gradle.launcher.daemon.server.Daemon] DaemonExpirationPeriodicCheck running
09:03:51.711 [DEBUG] [org.gradle.cache.internal.DefaultFileLockManager] Waiting to acquire shared lock on daemon addresses registry.
09:03:51.711 [DEBUG] [org.gradle.cache.internal.DefaultFileLockManager] Lock acquired on daemon addresses registry.
09:03:51.711 [DEBUG] [org.gradle.cache.internal.DefaultFileLockManager] Releasing lock on daemon addresses registry.
09:03:51.711 [DEBUG] [org.gradle.cache.internal.DefaultFileLockManager] Waiting to acquire shared lock on daemon addresses registry.
09:03:51.711 [DEBUG] [org.gradle.cache.internal.DefaultFileLockManager] Lock acquired on daemon addresses registry.
09:03:51.711 [DEBUG] [org.gradle.cache.internal.DefaultFileLockManager] Releasing lock on daemon addresses registry.
09:03:51.711 [DEBUG] [org.gradle.cache.internal.DefaultFileLockManager] Waiting to acquire shared lock on daemon addresses registry.
09:03:51.711 [DEBUG] [org.gradle.cache.internal.DefaultFileLockManager] Lock acquired on daemon addresses registry.
09:03:51.711 [DEBUG] [org.gradle.cache.internal.DefaultFileLockManager] Releasing lock on daemon addresses registry.
09:03:52.754 [DEBUG] [org.gradle.process.internal.health.memory.MemoryManager] Emitting OS memory status event {Total: 16440098816, Free: 13000949760}
09:03:52.754 [DEBUG] [org.gradle.launcher.daemon.server.health.LowMemoryDaemonExpirationStrategy] Received memory status update: {Total: 16440098816, Free: 13000949760}
09:03:52.755 [DEBUG] [org.gradle.process.internal.health.memory.MemoryManager] Emitting JVM memory status event {Maximum: 1073741824, Committed: 260046848}
09:03:57.755 [DEBUG] [org.gradle.process.internal.health.memory.MemoryManager] Emitting OS memory status event {Total: 16440098816, Free: 13004677120}
09:03:57.755 [DEBUG] [org.gradle.launcher.daemon.server.health.LowMemoryDaemonExpirationStrategy] Received memory status update: {Total: 16440098816, Free: 13004677120}
09:03:57.755 [DEBUG] [org.gradle.process.internal.health.memory.MemoryManager] Emitting JVM memory status event {Maximum: 1073741824, Committed: 260046848}
09:04:01.711 [DEBUG] [org.gradle.launcher.daemon.server.Daemon] DaemonExpirationPeriodicCheck running
09:04:01.711 [DEBUG] [org.gradle.cache.internal.DefaultFileLockManager] Waiting to acquire shared lock on daemon addresses registry.
09:04:01.711 [DEBUG] [org.gradle.cache.internal.DefaultFileLockManager] Lock acquired on daemon addresses registry.
09:04:01.711 [DEBUG] [org.gradle.cache.internal.DefaultFileLockManager] Releasing lock on daemon addresses registry.
09:04:01.711 [DEBUG] [org.gradle.cache.internal.DefaultFileLockManager] Waiting to acquire shared lock on daemon addresses registry.
09:04:01.711 [DEBUG] [org.gradle.cache.internal.DefaultFileLockManager] Lock acquired on daemon addresses registry.
09:04:01.711 [DEBUG] [org.gradle.cache.internal.DefaultFileLockManager] Releasing lock on daemon addresses registry.
09:04:01.711 [DEBUG] [org.gradle.cache.internal.DefaultFileLockManager] Waiting to acquire shared lock on daemon addresses registry.
09:04:01.711 [DEBUG] [org.gradle.cache.internal.DefaultFileLockManager] Lock acquired on daemon addresses registry.
09:04:01.711 [DEBUG] [org.gradle.cache.internal.DefaultFileLockManager] Releasing lock on daemon addresses registry.
09:04:02.754 [DEBUG] [org.gradle.process.internal.health.memory.MemoryManager] Emitting OS memory status event {Total: 16440098816, Free: 13004394496}
09:04:02.755 [DEBUG] [org.gradle.launcher.daemon.server.health.LowMemoryDaemonExpirationStrategy] Received memory status update: {Total: 16440098816, Free: 13004394496}
09:04:02.755 [DEBUG] [org.gradle.process.internal.health.memory.MemoryManager] Emitting JVM memory status event {Maximum: 1073741824, Committed: 260046848}
09:04:07.755 [DEBUG] [org.gradle.process.internal.health.memory.MemoryManager] Emitting OS memory status event {Total: 16440098816, Free: 13006639104}
09:04:07.755 [DEBUG] [org.gradle.launcher.daemon.server.health.LowMemoryDaemonExpirationStrategy] Received memory status update: {Total: 16440098816, Free: 13006639104}
09:04:07.755 [DEBUG] [org.gradle.process.internal.health.memory.MemoryManager] Emitting JVM memory status event {Maximum: 1073741824, Committed: 260046848}
09:04:11.711 [DEBUG] [org.gradle.launcher.daemon.server.Daemon] DaemonExpirationPeriodicCheck running
09:04:11.711 [DEBUG] [org.gradle.cache.internal.DefaultFileLockManager] Waiting to acquire shared lock on daemon addresses registry.
09:04:11.711 [DEBUG] [org.gradle.cache.internal.DefaultFileLockManager] Lock acquired on daemon addresses registry.
09:04:11.711 [DEBUG] [org.gradle.cache.internal.DefaultFileLockManager] Releasing lock on daemon addresses registry.
09:04:11.711 [DEBUG] [org.gradle.cache.internal.DefaultFileLockManager] Waiting to acquire shared lock on daemon addresses registry.
09:04:11.711 [DEBUG] [org.gradle.cache.internal.DefaultFileLockManager] Lock acquired on daemon addresses registry.
09:04:11.711 [DEBUG] [org.gradle.cache.internal.DefaultFileLockManager] Releasing lock on daemon addresses registry.
09:04:11.711 [DEBUG] [org.gradle.cache.internal.DefaultFileLockManager] Waiting to acquire shared lock on daemon addresses registry.
09:04:11.711 [DEBUG] [org.gradle.cache.internal.DefaultFileLockManager] Lock acquired on daemon addresses registry.
09:04:11.711 [DEBUG] [org.gradle.cache.internal.DefaultFileLockManager] Releasing lock on daemon addresses registry.
09:04:12.754 [DEBUG] [org.gradle.process.internal.health.memory.MemoryManager] Emitting OS memory status event {Total: 16440098816, Free: 13025329152}
09:04:12.755 [DEBUG] [org.gradle.launcher.daemon.server.health.LowMemoryDaemonExpirationStrategy] Received memory status update: {Total: 16440098816, Free: 13025329152}
09:04:12.755 [DEBUG] [org.gradle.process.internal.health.memory.MemoryManager] Emitting JVM memory status event {Maximum: 1073741824, Committed: 260046848}
09:04:17.755 [DEBUG] [org.gradle.process.internal.health.memory.MemoryManager] Emitting OS memory status event {Total: 16440098816, Free: 13027332096}
09:04:17.755 [DEBUG] [org.gradle.launcher.daemon.server.health.LowMemoryDaemonExpirationStrategy] Received memory status update: {Total: 16440098816, Free: 13027332096}
09:04:17.755 [DEBUG] [org.gradle.process.internal.health.memory.MemoryManager] Emitting JVM memory status event {Maximum: 1073741824, Committed: 260046848}
09:04:21.711 [DEBUG] [org.gradle.launcher.daemon.server.Daemon] DaemonExpirationPeriodicCheck running
09:04:21.711 [DEBUG] [org.gradle.cache.internal.DefaultFileLockManager] Waiting to acquire shared lock on daemon addresses registry.
09:04:21.711 [DEBUG] [org.gradle.cache.internal.DefaultFileLockManager] Lock acquired on daemon addresses registry.
09:04:21.711 [DEBUG] [org.gradle.cache.internal.DefaultFileLockManager] Releasing lock on daemon addresses registry.
09:04:21.711 [DEBUG] [org.gradle.cache.internal.DefaultFileLockManager] Waiting to acquire shared lock on daemon addresses registry.
09:04:21.711 [DEBUG] [org.gradle.cache.internal.DefaultFileLockManager] Lock acquired on daemon addresses registry.
09:04:21.711 [DEBUG] [org.gradle.cache.internal.DefaultFileLockManager] Releasing lock on daemon addresses registry.
09:04:21.711 [DEBUG] [org.gradle.cache.internal.DefaultFileLockManager] Waiting to acquire shared lock on daemon addresses registry.
09:04:21.711 [DEBUG] [org.gradle.cache.internal.DefaultFileLockManager] Lock acquired on daemon addresses registry.
09:04:21.711 [DEBUG] [org.gradle.cache.internal.DefaultFileLockManager] Releasing lock on daemon addresses registry.
09:04:22.755 [DEBUG] [org.gradle.process.internal.health.memory.MemoryManager] Emitting OS memory status event {Total: 16440098816, Free: 13028802560}
09:04:22.755 [DEBUG] [org.gradle.launcher.daemon.server.health.LowMemoryDaemonExpirationStrategy] Received memory status update: {Total: 16440098816, Free: 13028802560}
09:04:22.755 [DEBUG] [org.gradle.process.internal.health.memory.MemoryManager] Emitting JVM memory status event {Maximum: 1073741824, Committed: 260046848}
09:04:27.755 [DEBUG] [org.gradle.process.internal.health.memory.MemoryManager] Emitting OS memory status event {Total: 16440098816, Free: 13033885696}
09:04:27.755 [DEBUG] [org.gradle.launcher.daemon.server.health.LowMemoryDaemonExpirationStrategy] Received memory status update: {Total: 16440098816, Free: 13033885696}
09:04:27.755 [DEBUG] [org.gradle.process.internal.health.memory.MemoryManager] Emitting JVM memory status event {Maximum: 1073741824, Committed: 260046848}
09:04:31.711 [DEBUG] [org.gradle.launcher.daemon.server.Daemon] DaemonExpirationPeriodicCheck running
09:04:31.711 [DEBUG] [org.gradle.cache.internal.DefaultFileLockManager] Waiting to acquire shared lock on daemon addresses registry.
09:04:31.711 [DEBUG] [org.gradle.cache.internal.DefaultFileLockManager] Lock acquired on daemon addresses registry.
09:04:31.711 [DEBUG] [org.gradle.cache.internal.DefaultFileLockManager] Releasing lock on daemon addresses registry.
09:04:31.711 [DEBUG] [org.gradle.cache.internal.DefaultFileLockManager] Waiting to acquire shared lock on daemon addresses registry.
09:04:31.711 [DEBUG] [org.gradle.cache.internal.DefaultFileLockManager] Lock acquired on daemon addresses registry.
09:04:31.711 [DEBUG] [org.gradle.cache.internal.DefaultFileLockManager] Releasing lock on daemon addresses registry.
09:04:31.711 [DEBUG] [org.gradle.cache.internal.DefaultFileLockManager] Waiting to acquire shared lock on daemon addresses registry.
09:04:31.711 [DEBUG] [org.gradle.cache.internal.DefaultFileLockManager] Lock acquired on daemon addresses registry.
09:04:31.711 [DEBUG] [org.gradle.cache.internal.DefaultFileLockManager] Releasing lock on daemon addresses registry.
09:04:32.755 [DEBUG] [org.gradle.process.internal.health.memory.MemoryManager] Emitting OS memory status event {Total: 16440098816, Free: 13030526976}
09:04:32.755 [DEBUG] [org.gradle.launcher.daemon.server.health.LowMemoryDaemonExpirationStrategy] Received memory status update: {Total: 16440098816, Free: 13030526976}
09:04:32.755 [DEBUG] [org.gradle.process.internal.health.memory.MemoryManager] Emitting JVM memory status event {Maximum: 1073741824, Committed: 260046848}
09:04:37.755 [DEBUG] [org.gradle.process.internal.health.memory.MemoryManager] Emitting OS memory status event {Total: 16440098816, Free: 13030797312}
09:04:37.755 [DEBUG] [org.gradle.launcher.daemon.server.health.LowMemoryDaemonExpirationStrategy] Received memory status update: {Total: 16440098816, Free: 13030797312}
09:04:37.755 [DEBUG] [org.gradle.process.internal.health.memory.MemoryManager] Emitting JVM memory status event {Maximum: 1073741824, Committed: 260046848}
09:04:41.711 [DEBUG] [org.gradle.launcher.daemon.server.Daemon] DaemonExpirationPeriodicCheck running
09:04:41.711 [DEBUG] [org.gradle.cache.internal.DefaultFileLockManager] Waiting to acquire shared lock on daemon addresses registry.
09:04:41.711 [DEBUG] [org.gradle.cache.internal.DefaultFileLockManager] Lock acquired on daemon addresses registry.
09:04:41.711 [DEBUG] [org.gradle.cache.internal.DefaultFileLockManager] Releasing lock on daemon addresses registry.
09:04:41.711 [DEBUG] [org.gradle.cache.internal.DefaultFileLockManager] Waiting to acquire shared lock on daemon addresses registry.
09:04:41.711 [DEBUG] [org.gradle.cache.internal.DefaultFileLockManager] Lock acquired on daemon addresses registry.
09:04:41.711 [DEBUG] [org.gradle.cache.internal.DefaultFileLockManager] Releasing lock on daemon addresses registry.
09:04:41.711 [DEBUG] [org.gradle.cache.internal.DefaultFileLockManager] Waiting to acquire shared lock on daemon addresses registry.
09:04:41.711 [DEBUG] [org.gradle.cache.internal.DefaultFileLockManager] Lock acquired on daemon addresses registry.
09:04:41.711 [DEBUG] [org.gradle.cache.internal.DefaultFileLockManager] Releasing lock on daemon addresses registry.
09:04:42.754 [DEBUG] [org.gradle.process.internal.health.memory.MemoryManager] Emitting OS memory status event {Total: 16440098816, Free: 13028999168}
09:04:42.754 [DEBUG] [org.gradle.launcher.daemon.server.health.LowMemoryDaemonExpirationStrategy] Received memory status update: {Total: 16440098816, Free: 13028999168}
09:04:42.754 [DEBUG] [org.gradle.process.internal.health.memory.MemoryManager] Emitting JVM memory status event {Maximum: 1073741824, Committed: 260046848}
09:04:47.755 [DEBUG] [org.gradle.process.internal.health.memory.MemoryManager] Emitting OS memory status event {Total: 16440098816, Free: 12913577984}
09:04:47.755 [DEBUG] [org.gradle.launcher.daemon.server.health.LowMemoryDaemonExpirationStrategy] Received memory status update: {Total: 16440098816, Free: 12913577984}
09:04:47.755 [DEBUG] [org.gradle.process.internal.health.memory.MemoryManager] Emitting JVM memory status event {Maximum: 1073741824, Committed: 260046848}
09:04:51.711 [DEBUG] [org.gradle.launcher.daemon.server.Daemon] DaemonExpirationPeriodicCheck running
09:04:51.711 [DEBUG] [org.gradle.cache.internal.DefaultFileLockManager] Waiting to acquire shared lock on daemon addresses registry.
09:04:51.711 [DEBUG] [org.gradle.cache.internal.DefaultFileLockManager] Lock acquired on daemon addresses registry.
09:04:51.711 [DEBUG] [org.gradle.cache.internal.DefaultFileLockManager] Releasing lock on daemon addresses registry.
09:04:51.711 [DEBUG] [org.gradle.cache.internal.DefaultFileLockManager] Waiting to acquire shared lock on daemon addresses registry.
09:04:51.711 [DEBUG] [org.gradle.cache.internal.DefaultFileLockManager] Lock acquired on daemon addresses registry.
09:04:51.711 [DEBUG] [org.gradle.cache.internal.DefaultFileLockManager] Releasing lock on daemon addresses registry.
09:04:51.711 [DEBUG] [org.gradle.cache.internal.DefaultFileLockManager] Waiting to acquire shared lock on daemon addresses registry.
09:04:51.711 [DEBUG] [org.gradle.cache.internal.DefaultFileLockManager] Lock acquired on daemon addresses registry.
09:04:51.711 [DEBUG] [org.gradle.cache.internal.DefaultFileLockManager] Releasing lock on daemon addresses registry.
09:04:52.755 [DEBUG] [org.gradle.process.internal.health.memory.MemoryManager] Emitting OS memory status event {Total: 16440098816, Free: 12642652160}
09:04:52.755 [DEBUG] [org.gradle.launcher.daemon.server.health.LowMemoryDaemonExpirationStrategy] Received memory status update: {Total: 16440098816, Free: 12642652160}
09:04:52.755 [DEBUG] [org.gradle.process.internal.health.memory.MemoryManager] Emitting JVM memory status event {Maximum: 1073741824, Committed: 260046848}
09:04:57.755 [DEBUG] [org.gradle.process.internal.health.memory.MemoryManager] Emitting OS memory status event {Total: 16440098816, Free: 12581011456}
09:04:57.755 [DEBUG] [org.gradle.launcher.daemon.server.health.LowMemoryDaemonExpirationStrategy] Received memory status update: {Total: 16440098816, Free: 12581011456}
09:04:57.755 [DEBUG] [org.gradle.process.internal.health.memory.MemoryManager] Emitting JVM memory status event {Maximum: 1073741824, Committed: 260046848}
09:05:01.711 [DEBUG] [org.gradle.launcher.daemon.server.Daemon] DaemonExpirationPeriodicCheck running
09:05:01.711 [DEBUG] [org.gradle.cache.internal.DefaultFileLockManager] Waiting to acquire shared lock on daemon addresses registry.
09:05:01.711 [DEBUG] [org.gradle.cache.internal.DefaultFileLockManager] Lock acquired on daemon addresses registry.
09:05:01.711 [DEBUG] [org.gradle.cache.internal.DefaultFileLockManager] Releasing lock on daemon addresses registry.
09:05:01.711 [DEBUG] [org.gradle.cache.internal.DefaultFileLockManager] Waiting to acquire shared lock on daemon addresses registry.
09:05:01.711 [DEBUG] [org.gradle.cache.internal.DefaultFileLockManager] Lock acquired on daemon addresses registry.
09:05:01.711 [DEBUG] [org.gradle.cache.internal.DefaultFileLockManager] Releasing lock on daemon addresses registry.
09:05:01.711 [DEBUG] [org.gradle.cache.internal.DefaultFileLockManager] Waiting to acquire shared lock on daemon addresses registry.
09:05:01.711 [DEBUG] [org.gradle.cache.internal.DefaultFileLockManager] Lock acquired on daemon addresses registry.
09:05:01.711 [DEBUG] [org.gradle.cache.internal.DefaultFileLockManager] Releasing lock on daemon addresses registry.
09:05:02.755 [DEBUG] [org.gradle.process.internal.health.memory.MemoryManager] Emitting OS memory status event {Total: 16440098816, Free: 12612456448}
09:05:02.755 [DEBUG] [org.gradle.launcher.daemon.server.health.LowMemoryDaemonExpirationStrategy] Received memory status update: {Total: 16440098816, Free: 12612456448}
09:05:02.755 [DEBUG] [org.gradle.process.internal.health.memory.MemoryManager] Emitting JVM memory status event {Maximum: 1073741824, Committed: 260046848}
09:05:07.755 [DEBUG] [org.gradle.process.internal.health.memory.MemoryManager] Emitting OS memory status event {Total: 16440098816, Free: 12726931456}
09:05:07.755 [DEBUG] [org.gradle.launcher.daemon.server.health.LowMemoryDaemonExpirationStrategy] Received memory status update: {Total: 16440098816, Free: 12726931456}
09:05:07.755 [DEBUG] [org.gradle.process.internal.health.memory.MemoryManager] Emitting JVM memory status event {Maximum: 1073741824, Committed: 260046848}
09:05:11.711 [DEBUG] [org.gradle.launcher.daemon.server.Daemon] DaemonExpirationPeriodicCheck running
09:05:11.711 [DEBUG] [org.gradle.cache.internal.DefaultFileLockManager] Waiting to acquire shared lock on daemon addresses registry.
09:05:11.711 [DEBUG] [org.gradle.cache.internal.DefaultFileLockManager] Lock acquired on daemon addresses registry.
09:05:11.711 [DEBUG] [org.gradle.cache.internal.DefaultFileLockManager] Releasing lock on daemon addresses registry.
09:05:11.711 [DEBUG] [org.gradle.cache.internal.DefaultFileLockManager] Waiting to acquire shared lock on daemon addresses registry.
09:05:11.711 [DEBUG] [org.gradle.cache.internal.DefaultFileLockManager] Lock acquired on daemon addresses registry.
09:05:11.711 [DEBUG] [org.gradle.cache.internal.DefaultFileLockManager] Releasing lock on daemon addresses registry.
09:05:11.711 [DEBUG] [org.gradle.cache.internal.DefaultFileLockManager] Waiting to acquire shared lock on daemon addresses registry.
09:05:11.711 [DEBUG] [org.gradle.cache.internal.DefaultFileLockManager] Lock acquired on daemon addresses registry.
09:05:11.711 [DEBUG] [org.gradle.cache.internal.DefaultFileLockManager] Releasing lock on daemon addresses registry.
09:05:12.755 [DEBUG] [org.gradle.process.internal.health.memory.MemoryManager] Emitting OS memory status event {Total: 16440098816, Free: 12732190720}
09:05:12.755 [DEBUG] [org.gradle.launcher.daemon.server.health.LowMemoryDaemonExpirationStrategy] Received memory status update: {Total: 16440098816, Free: 12732190720}
09:05:12.755 [DEBUG] [org.gradle.process.internal.health.memory.MemoryManager] Emitting JVM memory status event {Maximum: 1073741824, Committed: 260046848}
09:05:17.755 [DEBUG] [org.gradle.process.internal.health.memory.MemoryManager] Emitting OS memory status event {Total: 16440098816, Free: 12764094464}
09:05:17.755 [DEBUG] [org.gradle.launcher.daemon.server.health.LowMemoryDaemonExpirationStrategy] Received memory status update: {Total: 16440098816, Free: 12764094464}
09:05:17.755 [DEBUG] [org.gradle.process.internal.health.memory.MemoryManager] Emitting JVM memory status event {Maximum: 1073741824, Committed: 260046848}
09:05:21.711 [DEBUG] [org.gradle.launcher.daemon.server.Daemon] DaemonExpirationPeriodicCheck running
09:05:21.711 [DEBUG] [org.gradle.cache.internal.DefaultFileLockManager] Waiting to acquire shared lock on daemon addresses registry.
09:05:21.711 [DEBUG] [org.gradle.cache.internal.DefaultFileLockManager] Lock acquired on daemon addresses registry.
09:05:21.711 [DEBUG] [org.gradle.cache.internal.DefaultFileLockManager] Releasing lock on daemon addresses registry.
09:05:21.711 [DEBUG] [org.gradle.cache.internal.DefaultFileLockManager] Waiting to acquire shared lock on daemon addresses registry.
09:05:21.711 [DEBUG] [org.gradle.cache.internal.DefaultFileLockManager] Lock acquired on daemon addresses registry.
09:05:21.711 [DEBUG] [org.gradle.cache.internal.DefaultFileLockManager] Releasing lock on daemon addresses registry.
09:05:21.711 [DEBUG] [org.gradle.cache.internal.DefaultFileLockManager] Waiting to acquire shared lock on daemon addresses registry.
09:05:21.711 [DEBUG] [org.gradle.cache.internal.DefaultFileLockManager] Lock acquired on daemon addresses registry.
09:05:21.711 [DEBUG] [org.gradle.cache.internal.DefaultFileLockManager] Releasing lock on daemon addresses registry.
09:05:22.755 [DEBUG] [org.gradle.process.internal.health.memory.MemoryManager] Emitting OS memory status event {Total: 16440098816, Free: 12768333824}
09:05:22.755 [DEBUG] [org.gradle.launcher.daemon.server.health.LowMemoryDaemonExpirationStrategy] Received memory status update: {Total: 16440098816, Free: 12768333824}
09:05:22.755 [DEBUG] [org.gradle.process.internal.health.memory.MemoryManager] Emitting JVM memory status event {Maximum: 1073741824, Committed: 260046848}
09:05:27.755 [DEBUG] [org.gradle.process.internal.health.memory.MemoryManager] Emitting OS memory status event {Total: 16440098816, Free: 12759605248}
09:05:27.755 [DEBUG] [org.gradle.launcher.daemon.server.health.LowMemoryDaemonExpirationStrategy] Received memory status update: {Total: 16440098816, Free: 12759605248}
09:05:27.755 [DEBUG] [org.gradle.process.internal.health.memory.MemoryManager] Emitting JVM memory status event {Maximum: 1073741824, Committed: 260046848}
09:05:31.711 [DEBUG] [org.gradle.launcher.daemon.server.Daemon] DaemonExpirationPeriodicCheck running
09:05:31.711 [DEBUG] [org.gradle.cache.internal.DefaultFileLockManager] Waiting to acquire shared lock on daemon addresses registry.
09:05:31.711 [DEBUG] [org.gradle.cache.internal.DefaultFileLockManager] Lock acquired on daemon addresses registry.
09:05:31.711 [DEBUG] [org.gradle.cache.internal.DefaultFileLockManager] Releasing lock on daemon addresses registry.
09:05:31.711 [DEBUG] [org.gradle.cache.internal.DefaultFileLockManager] Waiting to acquire shared lock on daemon addresses registry.
09:05:31.711 [DEBUG] [org.gradle.cache.internal.DefaultFileLockManager] Lock acquired on daemon addresses registry.
09:05:31.711 [DEBUG] [org.gradle.cache.internal.DefaultFileLockManager] Releasing lock on daemon addresses registry.
09:05:31.711 [DEBUG] [org.gradle.cache.internal.DefaultFileLockManager] Waiting to acquire shared lock on daemon addresses registry.
09:05:31.711 [DEBUG] [org.gradle.cache.internal.DefaultFileLockManager] Lock acquired on daemon addresses registry.
09:05:31.711 [DEBUG] [org.gradle.cache.internal.DefaultFileLockManager] Releasing lock on daemon addresses registry.
09:05:32.755 [DEBUG] [org.gradle.process.internal.health.memory.MemoryManager] Emitting OS memory status event {Total: 16440098816, Free: 12656336896}
09:05:32.755 [DEBUG] [org.gradle.launcher.daemon.server.health.LowMemoryDaemonExpirationStrategy] Received memory status update: {Total: 16440098816, Free: 12656336896}
09:05:32.755 [DEBUG] [org.gradle.process.internal.health.memory.MemoryManager] Emitting JVM memory status event {Maximum: 1073741824, Committed: 260046848}
09:05:37.755 [DEBUG] [org.gradle.process.internal.health.memory.MemoryManager] Emitting OS memory status event {Total: 16440098816, Free: 12667310080}
09:05:37.755 [DEBUG] [org.gradle.launcher.daemon.server.health.LowMemoryDaemonExpirationStrategy] Received memory status update: {Total: 16440098816, Free: 12667310080}
09:05:37.755 [DEBUG] [org.gradle.process.internal.health.memory.MemoryManager] Emitting JVM memory status event {Maximum: 1073741824, Committed: 260046848}
09:05:41.711 [DEBUG] [org.gradle.launcher.daemon.server.Daemon] DaemonExpirationPeriodicCheck running
09:05:41.711 [DEBUG] [org.gradle.cache.internal.DefaultFileLockManager] Waiting to acquire shared lock on daemon addresses registry.
09:05:41.711 [DEBUG] [org.gradle.cache.internal.DefaultFileLockManager] Lock acquired on daemon addresses registry.
09:05:41.711 [DEBUG] [org.gradle.cache.internal.DefaultFileLockManager] Releasing lock on daemon addresses registry.
09:05:41.711 [DEBUG] [org.gradle.cache.internal.DefaultFileLockManager] Waiting to acquire shared lock on daemon addresses registry.
09:05:41.711 [DEBUG] [org.gradle.cache.internal.DefaultFileLockManager] Lock acquired on daemon addresses registry.
09:05:41.711 [DEBUG] [org.gradle.cache.internal.DefaultFileLockManager] Releasing lock on daemon addresses registry.
09:05:41.711 [DEBUG] [org.gradle.cache.internal.DefaultFileLockManager] Waiting to acquire shared lock on daemon addresses registry.
09:05:41.711 [DEBUG] [org.gradle.cache.internal.DefaultFileLockManager] Lock acquired on daemon addresses registry.
09:05:41.711 [DEBUG] [org.gradle.cache.internal.DefaultFileLockManager] Releasing lock on daemon addresses registry.
09:05:42.755 [DEBUG] [org.gradle.process.internal.health.memory.MemoryManager] Emitting OS memory status event {Total: 16440098816, Free: 12676567040}
09:05:42.755 [DEBUG] [org.gradle.launcher.daemon.server.health.LowMemoryDaemonExpirationStrategy] Received memory status update: {Total: 16440098816, Free: 12676567040}
09:05:42.755 [DEBUG] [org.gradle.process.internal.health.memory.MemoryManager] Emitting JVM memory status event {Maximum: 1073741824, Committed: 260046848}
09:05:47.755 [DEBUG] [org.gradle.process.internal.health.memory.MemoryManager] Emitting OS memory status event {Total: 16440098816, Free: 12669091840}
09:05:47.755 [DEBUG] [org.gradle.launcher.daemon.server.health.LowMemoryDaemonExpirationStrategy] Received memory status update: {Total: 16440098816, Free: 12669091840}
09:05:47.755 [DEBUG] [org.gradle.process.internal.health.memory.MemoryManager] Emitting JVM memory status event {Maximum: 1073741824, Committed: 260046848}
09:05:51.711 [DEBUG] [org.gradle.launcher.daemon.server.Daemon] DaemonExpirationPeriodicCheck running
09:05:51.711 [DEBUG] [org.gradle.cache.internal.DefaultFileLockManager] Waiting to acquire shared lock on daemon addresses registry.
09:05:51.711 [DEBUG] [org.gradle.cache.internal.DefaultFileLockManager] Lock acquired on daemon addresses registry.
09:05:51.711 [DEBUG] [org.gradle.cache.internal.DefaultFileLockManager] Releasing lock on daemon addresses registry.
09:05:51.711 [DEBUG] [org.gradle.cache.internal.DefaultFileLockManager] Waiting to acquire shared lock on daemon addresses registry.
09:05:51.711 [DEBUG] [org.gradle.cache.internal.DefaultFileLockManager] Lock acquired on daemon addresses registry.
09:05:51.711 [DEBUG] [org.gradle.cache.internal.DefaultFileLockManager] Releasing lock on daemon addresses registry.
09:05:51.711 [DEBUG] [org.gradle.cache.internal.DefaultFileLockManager] Waiting to acquire shared lock on daemon addresses registry.
09:05:51.711 [DEBUG] [org.gradle.cache.internal.DefaultFileLockManager] Lock acquired on daemon addresses registry.
09:05:51.711 [DEBUG] [org.gradle.cache.internal.DefaultFileLockManager] Releasing lock on daemon addresses registry.
09:05:52.755 [DEBUG] [org.gradle.process.internal.health.memory.MemoryManager] Emitting OS memory status event {Total: 16440098816, Free: 12683976704}
09:05:52.755 [DEBUG] [org.gradle.launcher.daemon.server.health.LowMemoryDaemonExpirationStrategy] Received memory status update: {Total: 16440098816, Free: 12683976704}
09:05:52.755 [DEBUG] [org.gradle.process.internal.health.memory.MemoryManager] Emitting JVM memory status event {Maximum: 1073741824, Committed: 260046848}
09:05:57.755 [DEBUG] [org.gradle.process.internal.health.memory.MemoryManager] Emitting OS memory status event {Total: 16440098816, Free: 12684058624}
09:05:57.755 [DEBUG] [org.gradle.launcher.daemon.server.health.LowMemoryDaemonExpirationStrategy] Received memory status update: {Total: 16440098816, Free: 12684058624}
09:05:57.755 [DEBUG] [org.gradle.process.internal.health.memory.MemoryManager] Emitting JVM memory status event {Maximum: 1073741824, Committed: 260046848}
09:06:01.711 [DEBUG] [org.gradle.launcher.daemon.server.Daemon] DaemonExpirationPeriodicCheck running
09:06:01.711 [DEBUG] [org.gradle.cache.internal.DefaultFileLockManager] Waiting to acquire shared lock on daemon addresses registry.
09:06:01.711 [DEBUG] [org.gradle.cache.internal.DefaultFileLockManager] Lock acquired on daemon addresses registry.
09:06:01.711 [DEBUG] [org.gradle.cache.internal.DefaultFileLockManager] Releasing lock on daemon addresses registry.
09:06:01.711 [DEBUG] [org.gradle.cache.internal.DefaultFileLockManager] Waiting to acquire shared lock on daemon addresses registry.
09:06:01.711 [DEBUG] [org.gradle.cache.internal.DefaultFileLockManager] Lock acquired on daemon addresses registry.
09:06:01.711 [DEBUG] [org.gradle.cache.internal.DefaultFileLockManager] Releasing lock on daemon addresses registry.
09:06:01.711 [DEBUG] [org.gradle.cache.internal.DefaultFileLockManager] Waiting to acquire shared lock on daemon addresses registry.
09:06:01.711 [DEBUG] [org.gradle.cache.internal.DefaultFileLockManager] Lock acquired on daemon addresses registry.
09:06:01.711 [DEBUG] [org.gradle.cache.internal.DefaultFileLockManager] Releasing lock on daemon addresses registry.
09:06:02.755 [DEBUG] [org.gradle.process.internal.health.memory.MemoryManager] Emitting OS memory status event {Total: 16440098816, Free: 12706430976}
09:06:02.755 [DEBUG] [org.gradle.launcher.daemon.server.health.LowMemoryDaemonExpirationStrategy] Received memory status update: {Total: 16440098816, Free: 12706430976}
09:06:02.755 [DEBUG] [org.gradle.process.internal.health.memory.MemoryManager] Emitting JVM memory status event {Maximum: 1073741824, Committed: 260046848}
09:06:07.755 [DEBUG] [org.gradle.process.internal.health.memory.MemoryManager] Emitting OS memory status event {Total: 16440098816, Free: 12704051200}
09:06:07.755 [DEBUG] [org.gradle.launcher.daemon.server.health.LowMemoryDaemonExpirationStrategy] Received memory status update: {Total: 16440098816, Free: 12704051200}
09:06:07.755 [DEBUG] [org.gradle.process.internal.health.memory.MemoryManager] Emitting JVM memory status event {Maximum: 1073741824, Committed: 260046848}
09:06:11.711 [DEBUG] [org.gradle.launcher.daemon.server.Daemon] DaemonExpirationPeriodicCheck running
09:06:11.711 [DEBUG] [org.gradle.cache.internal.DefaultFileLockManager] Waiting to acquire shared lock on daemon addresses registry.
09:06:11.711 [DEBUG] [org.gradle.cache.internal.DefaultFileLockManager] Lock acquired on daemon addresses registry.
09:06:11.711 [DEBUG] [org.gradle.cache.internal.DefaultFileLockManager] Releasing lock on daemon addresses registry.
09:06:11.711 [DEBUG] [org.gradle.cache.internal.DefaultFileLockManager] Waiting to acquire shared lock on daemon addresses registry.
09:06:11.711 [DEBUG] [org.gradle.cache.internal.DefaultFileLockManager] Lock acquired on daemon addresses registry.
09:06:11.711 [DEBUG] [org.gradle.cache.internal.DefaultFileLockManager] Releasing lock on daemon addresses registry.
09:06:11.711 [DEBUG] [org.gradle.cache.internal.DefaultFileLockManager] Waiting to acquire shared lock on daemon addresses registry.
09:06:11.711 [DEBUG] [org.gradle.cache.internal.DefaultFileLockManager] Lock acquired on daemon addresses registry.
09:06:11.711 [DEBUG] [org.gradle.cache.internal.DefaultFileLockManager] Releasing lock on daemon addresses registry.
09:06:12.755 [DEBUG] [org.gradle.process.internal.health.memory.MemoryManager] Emitting OS memory status event {Total: 16440098816, Free: 12711804928}
09:06:12.755 [DEBUG] [org.gradle.launcher.daemon.server.health.LowMemoryDaemonExpirationStrategy] Received memory status update: {Total: 16440098816, Free: 12711804928}
09:06:12.755 [DEBUG] [org.gradle.process.internal.health.memory.MemoryManager] Emitting JVM memory status event {Maximum: 1073741824, Committed: 260046848}
09:06:17.755 [DEBUG] [org.gradle.process.internal.health.memory.MemoryManager] Emitting OS memory status event {Total: 16440098816, Free: 12642889728}
09:06:17.755 [DEBUG] [org.gradle.launcher.daemon.server.health.LowMemoryDaemonExpirationStrategy] Received memory status update: {Total: 16440098816, Free: 12642889728}
09:06:17.755 [DEBUG] [org.gradle.process.internal.health.memory.MemoryManager] Emitting JVM memory status event {Maximum: 1073741824, Committed: 260046848}
09:06:21.711 [DEBUG] [org.gradle.launcher.daemon.server.Daemon] DaemonExpirationPeriodicCheck running
09:06:21.711 [DEBUG] [org.gradle.cache.internal.DefaultFileLockManager] Waiting to acquire shared lock on daemon addresses registry.
09:06:21.711 [DEBUG] [org.gradle.cache.internal.DefaultFileLockManager] Lock acquired on daemon addresses registry.
09:06:21.711 [DEBUG] [org.gradle.cache.internal.DefaultFileLockManager] Releasing lock on daemon addresses registry.
09:06:21.711 [DEBUG] [org.gradle.cache.internal.DefaultFileLockManager] Waiting to acquire shared lock on daemon addresses registry.
09:06:21.711 [DEBUG] [org.gradle.cache.internal.DefaultFileLockManager] Lock acquired on daemon addresses registry.
09:06:21.711 [DEBUG] [org.gradle.cache.internal.DefaultFileLockManager] Releasing lock on daemon addresses registry.
09:06:21.711 [DEBUG] [org.gradle.cache.internal.DefaultFileLockManager] Waiting to acquire shared lock on daemon addresses registry.
09:06:21.711 [DEBUG] [org.gradle.cache.internal.DefaultFileLockManager] Lock acquired on daemon addresses registry.
09:06:21.711 [DEBUG] [org.gradle.cache.internal.DefaultFileLockManager] Releasing lock on daemon addresses registry.
09:06:22.755 [DEBUG] [org.gradle.process.internal.health.memory.MemoryManager] Emitting OS memory status event {Total: 16440098816, Free: 12513759232}
09:06:22.755 [DEBUG] [org.gradle.launcher.daemon.server.health.LowMemoryDaemonExpirationStrategy] Received memory status update: {Total: 16440098816, Free: 12513759232}
09:06:22.755 [DEBUG] [org.gradle.process.internal.health.memory.MemoryManager] Emitting JVM memory status event {Maximum: 1073741824, Committed: 260046848}
09:06:27.755 [DEBUG] [org.gradle.process.internal.health.memory.MemoryManager] Emitting OS memory status event {Total: 16440098816, Free: 12554031104}
09:06:27.755 [DEBUG] [org.gradle.launcher.daemon.server.health.LowMemoryDaemonExpirationStrategy] Received memory status update: {Total: 16440098816, Free: 12554031104}
09:06:27.755 [DEBUG] [org.gradle.process.internal.health.memory.MemoryManager] Emitting JVM memory status event {Maximum: 1073741824, Committed: 260046848}
09:06:31.711 [DEBUG] [org.gradle.launcher.daemon.server.Daemon] DaemonExpirationPeriodicCheck running
09:06:31.711 [DEBUG] [org.gradle.cache.internal.DefaultFileLockManager] Waiting to acquire shared lock on daemon addresses registry.
09:06:31.711 [DEBUG] [org.gradle.cache.internal.DefaultFileLockManager] Lock acquired on daemon addresses registry.
09:06:31.711 [DEBUG] [org.gradle.cache.internal.DefaultFileLockManager] Releasing lock on daemon addresses registry.
09:06:31.711 [DEBUG] [org.gradle.cache.internal.DefaultFileLockManager] Waiting to acquire shared lock on daemon addresses registry.
09:06:31.711 [DEBUG] [org.gradle.cache.internal.DefaultFileLockManager] Lock acquired on daemon addresses registry.
09:06:31.711 [DEBUG] [org.gradle.cache.internal.DefaultFileLockManager] Releasing lock on daemon addresses registry.
09:06:31.711 [DEBUG] [org.gradle.cache.internal.DefaultFileLockManager] Waiting to acquire shared lock on daemon addresses registry.
09:06:31.711 [DEBUG] [org.gradle.cache.internal.DefaultFileLockManager] Lock acquired on daemon addresses registry.
09:06:31.711 [DEBUG] [org.gradle.cache.internal.DefaultFileLockManager] Releasing lock on daemon addresses registry.
09:06:32.754 [DEBUG] [org.gradle.process.internal.health.memory.MemoryManager] Emitting OS memory status event {Total: 16440098816, Free: 12598566912}
09:06:32.754 [DEBUG] [org.gradle.launcher.daemon.server.health.LowMemoryDaemonExpirationStrategy] Received memory status update: {Total: 16440098816, Free: 12598566912}
09:06:32.754 [DEBUG] [org.gradle.process.internal.health.memory.MemoryManager] Emitting JVM memory status event {Maximum: 1073741824, Committed: 260046848}
09:06:37.755 [DEBUG] [org.gradle.process.internal.health.memory.MemoryManager] Emitting OS memory status event {Total: 16440098816, Free: 12638371840}
09:06:37.755 [DEBUG] [org.gradle.launcher.daemon.server.health.LowMemoryDaemonExpirationStrategy] Received memory status update: {Total: 16440098816, Free: 12638371840}
09:06:37.755 [DEBUG] [org.gradle.process.internal.health.memory.MemoryManager] Emitting JVM memory status event {Maximum: 1073741824, Committed: 260046848}
09:06:41.711 [DEBUG] [org.gradle.launcher.daemon.server.Daemon] DaemonExpirationPeriodicCheck running
09:06:41.711 [DEBUG] [org.gradle.cache.internal.DefaultFileLockManager] Waiting to acquire shared lock on daemon addresses registry.
09:06:41.711 [DEBUG] [org.gradle.cache.internal.DefaultFileLockManager] Lock acquired on daemon addresses registry.
09:06:41.711 [DEBUG] [org.gradle.cache.internal.DefaultFileLockManager] Releasing lock on daemon addresses registry.
09:06:41.711 [DEBUG] [org.gradle.cache.internal.DefaultFileLockManager] Waiting to acquire shared lock on daemon addresses registry.
09:06:41.711 [DEBUG] [org.gradle.cache.internal.DefaultFileLockManager] Lock acquired on daemon addresses registry.
09:06:41.711 [DEBUG] [org.gradle.cache.internal.DefaultFileLockManager] Releasing lock on daemon addresses registry.
09:06:41.711 [DEBUG] [org.gradle.cache.internal.DefaultFileLockManager] Waiting to acquire shared lock on daemon addresses registry.
09:06:41.711 [DEBUG] [org.gradle.cache.internal.DefaultFileLockManager] Lock acquired on daemon addresses registry.
09:06:41.711 [DEBUG] [org.gradle.cache.internal.DefaultFileLockManager] Releasing lock on daemon addresses registry.
09:06:42.754 [DEBUG] [org.gradle.process.internal.health.memory.MemoryManager] Emitting OS memory status event {Total: 16440098816, Free: 12628951040}
09:06:42.754 [DEBUG] [org.gradle.launcher.daemon.server.health.LowMemoryDaemonExpirationStrategy] Received memory status update: {Total: 16440098816, Free: 12628951040}
09:06:42.754 [DEBUG] [org.gradle.process.internal.health.memory.MemoryManager] Emitting JVM memory status event {Maximum: 1073741824, Committed: 260046848}
09:06:47.755 [DEBUG] [org.gradle.process.internal.health.memory.MemoryManager] Emitting OS memory status event {Total: 16440098816, Free: 12619423744}
09:06:47.755 [DEBUG] [org.gradle.launcher.daemon.server.health.LowMemoryDaemonExpirationStrategy] Received memory status update: {Total: 16440098816, Free: 12619423744}
09:06:47.755 [DEBUG] [org.gradle.process.internal.health.memory.MemoryManager] Emitting JVM memory status event {Maximum: 1073741824, Committed: 260046848}
09:06:51.711 [DEBUG] [org.gradle.launcher.daemon.server.Daemon] DaemonExpirationPeriodicCheck running
09:06:51.711 [DEBUG] [org.gradle.cache.internal.DefaultFileLockManager] Waiting to acquire shared lock on daemon addresses registry.
09:06:51.711 [DEBUG] [org.gradle.cache.internal.DefaultFileLockManager] Lock acquired on daemon addresses registry.
09:06:51.711 [DEBUG] [org.gradle.cache.internal.DefaultFileLockManager] Releasing lock on daemon addresses registry.
09:06:51.711 [DEBUG] [org.gradle.cache.internal.DefaultFileLockManager] Waiting to acquire shared lock on daemon addresses registry.
09:06:51.711 [DEBUG] [org.gradle.cache.internal.DefaultFileLockManager] Lock acquired on daemon addresses registry.
09:06:51.711 [DEBUG] [org.gradle.cache.internal.DefaultFileLockManager] Releasing lock on daemon addresses registry.
09:06:51.711 [DEBUG] [org.gradle.cache.internal.DefaultFileLockManager] Waiting to acquire shared lock on daemon addresses registry.
09:06:51.711 [DEBUG] [org.gradle.cache.internal.DefaultFileLockManager] Lock acquired on daemon addresses registry.
09:06:51.711 [DEBUG] [org.gradle.cache.internal.DefaultFileLockManager] Releasing lock on daemon addresses registry.
09:06:52.754 [DEBUG] [org.gradle.process.internal.health.memory.MemoryManager] Emitting OS memory status event {Total: 16440098816, Free: 12617707520}
09:06:52.755 [DEBUG] [org.gradle.launcher.daemon.server.health.LowMemoryDaemonExpirationStrategy] Received memory status update: {Total: 16440098816, Free: 12617707520}
09:06:52.755 [DEBUG] [org.gradle.process.internal.health.memory.MemoryManager] Emitting JVM memory status event {Maximum: 1073741824, Committed: 260046848}
09:06:57.755 [DEBUG] [org.gradle.process.internal.health.memory.MemoryManager] Emitting OS memory status event {Total: 16440098816, Free: 12613447680}
09:06:57.755 [DEBUG] [org.gradle.launcher.daemon.server.health.LowMemoryDaemonExpirationStrategy] Received memory status update: {Total: 16440098816, Free: 12613447680}
09:06:57.755 [DEBUG] [org.gradle.process.internal.health.memory.MemoryManager] Emitting JVM memory status event {Maximum: 1073741824, Committed: 260046848}
09:07:01.711 [DEBUG] [org.gradle.launcher.daemon.server.Daemon] DaemonExpirationPeriodicCheck running
09:07:01.711 [DEBUG] [org.gradle.cache.internal.DefaultFileLockManager] Waiting to acquire shared lock on daemon addresses registry.
09:07:01.711 [DEBUG] [org.gradle.cache.internal.DefaultFileLockManager] Lock acquired on daemon addresses registry.
09:07:01.711 [DEBUG] [org.gradle.cache.internal.DefaultFileLockManager] Releasing lock on daemon addresses registry.
09:07:01.711 [DEBUG] [org.gradle.cache.internal.DefaultFileLockManager] Waiting to acquire shared lock on daemon addresses registry.
09:07:01.711 [DEBUG] [org.gradle.cache.internal.DefaultFileLockManager] Lock acquired on daemon addresses registry.
09:07:01.711 [DEBUG] [org.gradle.cache.internal.DefaultFileLockManager] Releasing lock on daemon addresses registry.
09:07:01.711 [DEBUG] [org.gradle.cache.internal.DefaultFileLockManager] Waiting to acquire shared lock on daemon addresses registry.
09:07:01.711 [DEBUG] [org.gradle.cache.internal.DefaultFileLockManager] Lock acquired on daemon addresses registry.
09:07:01.711 [DEBUG] [org.gradle.cache.internal.DefaultFileLockManager] Releasing lock on daemon addresses registry.
09:07:02.754 [DEBUG] [org.gradle.process.internal.health.memory.MemoryManager] Emitting OS memory status event {Total: 16440098816, Free: 12633452544}
09:07:02.754 [DEBUG] [org.gradle.launcher.daemon.server.health.LowMemoryDaemonExpirationStrategy] Received memory status update: {Total: 16440098816, Free: 12633452544}
09:07:02.754 [DEBUG] [org.gradle.process.internal.health.memory.MemoryManager] Emitting JVM memory status event {Maximum: 1073741824, Committed: 260046848}
09:07:07.755 [DEBUG] [org.gradle.process.internal.health.memory.MemoryManager] Emitting OS memory status event {Total: 16440098816, Free: 12631388160}
09:07:07.755 [DEBUG] [org.gradle.launcher.daemon.server.health.LowMemoryDaemonExpirationStrategy] Received memory status update: {Total: 16440098816, Free: 12631388160}
09:07:07.755 [DEBUG] [org.gradle.process.internal.health.memory.MemoryManager] Emitting JVM memory status event {Maximum: 1073741824, Committed: 260046848}
09:07:11.711 [DEBUG] [org.gradle.launcher.daemon.server.Daemon] DaemonExpirationPeriodicCheck running
09:07:11.711 [DEBUG] [org.gradle.cache.internal.DefaultFileLockManager] Waiting to acquire shared lock on daemon addresses registry.
09:07:11.711 [DEBUG] [org.gradle.cache.internal.DefaultFileLockManager] Lock acquired on daemon addresses registry.
09:07:11.711 [DEBUG] [org.gradle.cache.internal.DefaultFileLockManager] Releasing lock on daemon addresses registry.
09:07:11.711 [DEBUG] [org.gradle.cache.internal.DefaultFileLockManager] Waiting to acquire shared lock on daemon addresses registry.
09:07:11.711 [DEBUG] [org.gradle.cache.internal.DefaultFileLockManager] Lock acquired on daemon addresses registry.
09:07:11.711 [DEBUG] [org.gradle.cache.internal.DefaultFileLockManager] Releasing lock on daemon addresses registry.
09:07:11.711 [DEBUG] [org.gradle.cache.internal.DefaultFileLockManager] Waiting to acquire shared lock on daemon addresses registry.
09:07:11.711 [DEBUG] [org.gradle.cache.internal.DefaultFileLockManager] Lock acquired on daemon addresses registry.
09:07:11.711 [DEBUG] [org.gradle.cache.internal.DefaultFileLockManager] Releasing lock on daemon addresses registry.
09:07:12.754 [DEBUG] [org.gradle.process.internal.health.memory.MemoryManager] Emitting OS memory status event {Total: 16440098816, Free: 12628242432}
09:07:12.754 [DEBUG] [org.gradle.launcher.daemon.server.health.LowMemoryDaemonExpirationStrategy] Received memory status update: {Total: 16440098816, Free: 12628242432}
09:07:12.755 [DEBUG] [org.gradle.process.internal.health.memory.MemoryManager] Emitting JVM memory status event {Maximum: 1073741824, Committed: 260046848}
09:07:17.755 [DEBUG] [org.gradle.process.internal.health.memory.MemoryManager] Emitting OS memory status event {Total: 16440098816, Free: 12626493440}
09:07:17.755 [DEBUG] [org.gradle.launcher.daemon.server.health.LowMemoryDaemonExpirationStrategy] Received memory status update: {Total: 16440098816, Free: 12626493440}
09:07:17.755 [DEBUG] [org.gradle.process.internal.health.memory.MemoryManager] Emitting JVM memory status event {Maximum: 1073741824, Committed: 260046848}
09:07:21.711 [DEBUG] [org.gradle.launcher.daemon.server.Daemon] DaemonExpirationPeriodicCheck running
09:07:21.711 [DEBUG] [org.gradle.cache.internal.DefaultFileLockManager] Waiting to acquire shared lock on daemon addresses registry.
09:07:21.711 [DEBUG] [org.gradle.cache.internal.DefaultFileLockManager] Lock acquired on daemon addresses registry.
09:07:21.711 [DEBUG] [org.gradle.cache.internal.DefaultFileLockManager] Releasing lock on daemon addresses registry.
09:07:21.711 [DEBUG] [org.gradle.cache.internal.DefaultFileLockManager] Waiting to acquire shared lock on daemon addresses registry.
09:07:21.711 [DEBUG] [org.gradle.cache.internal.DefaultFileLockManager] Lock acquired on daemon addresses registry.
09:07:21.711 [DEBUG] [org.gradle.cache.internal.DefaultFileLockManager] Releasing lock on daemon addresses registry.
09:07:21.711 [DEBUG] [org.gradle.cache.internal.DefaultFileLockManager] Waiting to acquire shared lock on daemon addresses registry.
09:07:21.711 [DEBUG] [org.gradle.cache.internal.DefaultFileLockManager] Lock acquired on daemon addresses registry.
09:07:21.711 [DEBUG] [org.gradle.cache.internal.DefaultFileLockManager] Releasing lock on daemon addresses registry.
09:07:22.754 [DEBUG] [org.gradle.process.internal.health.memory.MemoryManager] Emitting OS memory status event {Total: 16440098816, Free: 12626087936}
09:07:22.754 [DEBUG] [org.gradle.launcher.daemon.server.health.LowMemoryDaemonExpirationStrategy] Received memory status update: {Total: 16440098816, Free: 12626087936}
09:07:22.755 [DEBUG] [org.gradle.process.internal.health.memory.MemoryManager] Emitting JVM memory status event {Maximum: 1073741824, Committed: 260046848}
09:07:27.755 [DEBUG] [org.gradle.process.internal.health.memory.MemoryManager] Emitting OS memory status event {Total: 16440098816, Free: 12630327296}
09:07:27.755 [DEBUG] [org.gradle.launcher.daemon.server.health.LowMemoryDaemonExpirationStrategy] Received memory status update: {Total: 16440098816, Free: 12630327296}
09:07:27.755 [DEBUG] [org.gradle.process.internal.health.memory.MemoryManager] Emitting JVM memory status event {Maximum: 1073741824, Committed: 260046848}
09:07:31.711 [DEBUG] [org.gradle.launcher.daemon.server.Daemon] DaemonExpirationPeriodicCheck running
09:07:31.711 [DEBUG] [org.gradle.cache.internal.DefaultFileLockManager] Waiting to acquire shared lock on daemon addresses registry.
09:07:31.711 [DEBUG] [org.gradle.cache.internal.DefaultFileLockManager] Lock acquired on daemon addresses registry.
09:07:31.711 [DEBUG] [org.gradle.cache.internal.DefaultFileLockManager] Releasing lock on daemon addresses registry.
09:07:31.711 [DEBUG] [org.gradle.cache.internal.DefaultFileLockManager] Waiting to acquire shared lock on daemon addresses registry.
09:07:31.711 [DEBUG] [org.gradle.cache.internal.DefaultFileLockManager] Lock acquired on daemon addresses registry.
09:07:31.711 [DEBUG] [org.gradle.cache.internal.DefaultFileLockManager] Releasing lock on daemon addresses registry.
09:07:31.711 [DEBUG] [org.gradle.cache.internal.DefaultFileLockManager] Waiting to acquire shared lock on daemon addresses registry.
09:07:31.711 [DEBUG] [org.gradle.cache.internal.DefaultFileLockManager] Lock acquired on daemon addresses registry.
09:07:31.711 [DEBUG] [org.gradle.cache.internal.DefaultFileLockManager] Releasing lock on daemon addresses registry.
09:07:32.754 [DEBUG] [org.gradle.process.internal.health.memory.MemoryManager] Emitting OS memory status event {Total: 16440098816, Free: 12630372352}
09:07:32.754 [DEBUG] [org.gradle.launcher.daemon.server.health.LowMemoryDaemonExpirationStrategy] Received memory status update: {Total: 16440098816, Free: 12630372352}
09:07:32.754 [DEBUG] [org.gradle.process.internal.health.memory.MemoryManager] Emitting JVM memory status event {Maximum: 1073741824, Committed: 260046848}
09:07:37.755 [DEBUG] [org.gradle.process.internal.health.memory.MemoryManager] Emitting OS memory status event {Total: 16440098816, Free: 12640944128}
09:07:37.755 [DEBUG] [org.gradle.launcher.daemon.server.health.LowMemoryDaemonExpirationStrategy] Received memory status update: {Total: 16440098816, Free: 12640944128}
09:07:37.755 [DEBUG] [org.gradle.process.internal.health.memory.MemoryManager] Emitting JVM memory status event {Maximum: 1073741824, Committed: 260046848}
09:07:41.711 [DEBUG] [org.gradle.launcher.daemon.server.Daemon] DaemonExpirationPeriodicCheck running
09:07:41.711 [DEBUG] [org.gradle.cache.internal.DefaultFileLockManager] Waiting to acquire shared lock on daemon addresses registry.
09:07:41.711 [DEBUG] [org.gradle.cache.internal.DefaultFileLockManager] Lock acquired on daemon addresses registry.
09:07:41.711 [DEBUG] [org.gradle.cache.internal.DefaultFileLockManager] Releasing lock on daemon addresses registry.
09:07:41.711 [DEBUG] [org.gradle.cache.internal.DefaultFileLockManager] Waiting to acquire shared lock on daemon addresses registry.
09:07:41.711 [DEBUG] [org.gradle.cache.internal.DefaultFileLockManager] Lock acquired on daemon addresses registry.
09:07:41.711 [DEBUG] [org.gradle.cache.internal.DefaultFileLockManager] Releasing lock on daemon addresses registry.
09:07:41.711 [DEBUG] [org.gradle.cache.internal.DefaultFileLockManager] Waiting to acquire shared lock on daemon addresses registry.
09:07:41.711 [DEBUG] [org.gradle.cache.internal.DefaultFileLockManager] Lock acquired on daemon addresses registry.
09:07:41.711 [DEBUG] [org.gradle.cache.internal.DefaultFileLockManager] Releasing lock on daemon addresses registry.
09:07:42.754 [DEBUG] [org.gradle.process.internal.health.memory.MemoryManager] Emitting OS memory status event {Total: 16440098816, Free: 12641624064}
09:07:42.754 [DEBUG] [org.gradle.launcher.daemon.server.health.LowMemoryDaemonExpirationStrategy] Received memory status update: {Total: 16440098816, Free: 12641624064}
09:07:42.755 [DEBUG] [org.gradle.process.internal.health.memory.MemoryManager] Emitting JVM memory status event {Maximum: 1073741824, Committed: 260046848}
09:07:47.755 [DEBUG] [org.gradle.process.internal.health.memory.MemoryManager] Emitting OS memory status event {Total: 16440098816, Free: 12642381824}
09:07:47.755 [DEBUG] [org.gradle.launcher.daemon.server.health.LowMemoryDaemonExpirationStrategy] Received memory status update: {Total: 16440098816, Free: 12642381824}
09:07:47.755 [DEBUG] [org.gradle.process.internal.health.memory.MemoryManager] Emitting JVM memory status event {Maximum: 1073741824, Committed: 260046848}
09:07:51.711 [DEBUG] [org.gradle.launcher.daemon.server.Daemon] DaemonExpirationPeriodicCheck running
09:07:51.711 [DEBUG] [org.gradle.cache.internal.DefaultFileLockManager] Waiting to acquire shared lock on daemon addresses registry.
09:07:51.711 [DEBUG] [org.gradle.cache.internal.DefaultFileLockManager] Lock acquired on daemon addresses registry.
09:07:51.711 [DEBUG] [org.gradle.cache.internal.DefaultFileLockManager] Releasing lock on daemon addresses registry.
09:07:51.711 [DEBUG] [org.gradle.cache.internal.DefaultFileLockManager] Waiting to acquire shared lock on daemon addresses registry.
09:07:51.711 [DEBUG] [org.gradle.cache.internal.DefaultFileLockManager] Lock acquired on daemon addresses registry.
09:07:51.711 [DEBUG] [org.gradle.cache.internal.DefaultFileLockManager] Releasing lock on daemon addresses registry.
09:07:51.711 [DEBUG] [org.gradle.cache.internal.DefaultFileLockManager] Waiting to acquire shared lock on daemon addresses registry.
09:07:51.711 [DEBUG] [org.gradle.cache.internal.DefaultFileLockManager] Lock acquired on daemon addresses registry.
09:07:51.711 [DEBUG] [org.gradle.cache.internal.DefaultFileLockManager] Releasing lock on daemon addresses registry.
09:07:52.754 [DEBUG] [org.gradle.process.internal.health.memory.MemoryManager] Emitting OS memory status event {Total: 16440098816, Free: 12648427520}
09:07:52.754 [DEBUG] [org.gradle.launcher.daemon.server.health.LowMemoryDaemonExpirationStrategy] Received memory status update: {Total: 16440098816, Free: 12648427520}
09:07:52.754 [DEBUG] [org.gradle.process.internal.health.memory.MemoryManager] Emitting JVM memory status event {Maximum: 1073741824, Committed: 260046848}
09:07:57.755 [DEBUG] [org.gradle.process.internal.health.memory.MemoryManager] Emitting OS memory status event {Total: 16440098816, Free: 12647944192}
09:07:57.755 [DEBUG] [org.gradle.launcher.daemon.server.health.LowMemoryDaemonExpirationStrategy] Received memory status update: {Total: 16440098816, Free: 12647944192}
09:07:57.755 [DEBUG] [org.gradle.process.internal.health.memory.MemoryManager] Emitting JVM memory status event {Maximum: 1073741824, Committed: 260046848}
09:08:01.711 [DEBUG] [org.gradle.launcher.daemon.server.Daemon] DaemonExpirationPeriodicCheck running
09:08:01.711 [DEBUG] [org.gradle.cache.internal.DefaultFileLockManager] Waiting to acquire shared lock on daemon addresses registry.
09:08:01.711 [DEBUG] [org.gradle.cache.internal.DefaultFileLockManager] Lock acquired on daemon addresses registry.
09:08:01.711 [DEBUG] [org.gradle.cache.internal.DefaultFileLockManager] Releasing lock on daemon addresses registry.
09:08:01.711 [DEBUG] [org.gradle.cache.internal.DefaultFileLockManager] Waiting to acquire shared lock on daemon addresses registry.
09:08:01.711 [DEBUG] [org.gradle.cache.internal.DefaultFileLockManager] Lock acquired on daemon addresses registry.
09:08:01.711 [DEBUG] [org.gradle.cache.internal.DefaultFileLockManager] Releasing lock on daemon addresses registry.
09:08:01.711 [DEBUG] [org.gradle.cache.internal.DefaultFileLockManager] Waiting to acquire shared lock on daemon addresses registry.
09:08:01.711 [DEBUG] [org.gradle.cache.internal.DefaultFileLockManager] Lock acquired on daemon addresses registry.
09:08:01.711 [DEBUG] [org.gradle.cache.internal.DefaultFileLockManager] Releasing lock on daemon addresses registry.
09:08:02.754 [DEBUG] [org.gradle.process.internal.health.memory.MemoryManager] Emitting OS memory status event {Total: 16440098816, Free: 12647763968}
09:08:02.754 [DEBUG] [org.gradle.launcher.daemon.server.health.LowMemoryDaemonExpirationStrategy] Received memory status update: {Total: 16440098816, Free: 12647763968}
09:08:02.754 [DEBUG] [org.gradle.process.internal.health.memory.MemoryManager] Emitting JVM memory status event {Maximum: 1073741824, Committed: 260046848}
09:08:07.755 [DEBUG] [org.gradle.process.internal.health.memory.MemoryManager] Emitting OS memory status event {Total: 16440098816, Free: 12645478400}
09:08:07.755 [DEBUG] [org.gradle.launcher.daemon.server.health.LowMemoryDaemonExpirationStrategy] Received memory status update: {Total: 16440098816, Free: 12645478400}
09:08:07.755 [DEBUG] [org.gradle.process.internal.health.memory.MemoryManager] Emitting JVM memory status event {Maximum: 1073741824, Committed: 260046848}
09:08:11.711 [DEBUG] [org.gradle.launcher.daemon.server.Daemon] DaemonExpirationPeriodicCheck running
09:08:11.711 [DEBUG] [org.gradle.cache.internal.DefaultFileLockManager] Waiting to acquire shared lock on daemon addresses registry.
09:08:11.711 [DEBUG] [org.gradle.cache.internal.DefaultFileLockManager] Lock acquired on daemon addresses registry.
09:08:11.711 [DEBUG] [org.gradle.cache.internal.DefaultFileLockManager] Releasing lock on daemon addresses registry.
09:08:11.711 [DEBUG] [org.gradle.cache.internal.DefaultFileLockManager] Waiting to acquire shared lock on daemon addresses registry.
09:08:11.711 [DEBUG] [org.gradle.cache.internal.DefaultFileLockManager] Lock acquired on daemon addresses registry.
09:08:11.711 [DEBUG] [org.gradle.cache.internal.DefaultFileLockManager] Releasing lock on daemon addresses registry.
09:08:11.711 [DEBUG] [org.gradle.cache.internal.DefaultFileLockManager] Waiting to acquire shared lock on daemon addresses registry.
09:08:11.711 [DEBUG] [org.gradle.cache.internal.DefaultFileLockManager] Lock acquired on daemon addresses registry.
09:08:11.711 [DEBUG] [org.gradle.cache.internal.DefaultFileLockManager] Releasing lock on daemon addresses registry.
09:08:12.754 [DEBUG] [org.gradle.process.internal.health.memory.MemoryManager] Emitting OS memory status event {Total: 16440098816, Free: 12641931264}
09:08:12.755 [DEBUG] [org.gradle.launcher.daemon.server.health.LowMemoryDaemonExpirationStrategy] Received memory status update: {Total: 16440098816, Free: 12641931264}
09:08:12.755 [DEBUG] [org.gradle.process.internal.health.memory.MemoryManager] Emitting JVM memory status event {Maximum: 1073741824, Committed: 260046848}
09:08:17.755 [DEBUG] [org.gradle.process.internal.health.memory.MemoryManager] Emitting OS memory status event {Total: 16440098816, Free: 12641947648}
09:08:17.755 [DEBUG] [org.gradle.launcher.daemon.server.health.LowMemoryDaemonExpirationStrategy] Received memory status update: {Total: 16440098816, Free: 12641947648}
09:08:17.755 [DEBUG] [org.gradle.process.internal.health.memory.MemoryManager] Emitting JVM memory status event {Maximum: 1073741824, Committed: 260046848}
09:08:21.711 [DEBUG] [org.gradle.launcher.daemon.server.Daemon] DaemonExpirationPeriodicCheck running
09:08:21.711 [DEBUG] [org.gradle.cache.internal.DefaultFileLockManager] Waiting to acquire shared lock on daemon addresses registry.
09:08:21.711 [DEBUG] [org.gradle.cache.internal.DefaultFileLockManager] Lock acquired on daemon addresses registry.
09:08:21.711 [DEBUG] [org.gradle.cache.internal.DefaultFileLockManager] Releasing lock on daemon addresses registry.
09:08:21.711 [DEBUG] [org.gradle.cache.internal.DefaultFileLockManager] Waiting to acquire shared lock on daemon addresses registry.
09:08:21.711 [DEBUG] [org.gradle.cache.internal.DefaultFileLockManager] Lock acquired on daemon addresses registry.
09:08:21.711 [DEBUG] [org.gradle.cache.internal.DefaultFileLockManager] Releasing lock on daemon addresses registry.
09:08:21.711 [DEBUG] [org.gradle.cache.internal.DefaultFileLockManager] Waiting to acquire shared lock on daemon addresses registry.
09:08:21.711 [DEBUG] [org.gradle.cache.internal.DefaultFileLockManager] Lock acquired on daemon addresses registry.
09:08:21.711 [DEBUG] [org.gradle.cache.internal.DefaultFileLockManager] Releasing lock on daemon addresses registry.
09:08:22.754 [DEBUG] [org.gradle.process.internal.health.memory.MemoryManager] Emitting OS memory status event {Total: 16440098816, Free: 12632748032}
09:08:22.754 [DEBUG] [org.gradle.launcher.daemon.server.health.LowMemoryDaemonExpirationStrategy] Received memory status update: {Total: 16440098816, Free: 12632748032}
09:08:22.754 [DEBUG] [org.gradle.process.internal.health.memory.MemoryManager] Emitting JVM memory status event {Maximum: 1073741824, Committed: 260046848}
09:08:27.755 [DEBUG] [org.gradle.process.internal.health.memory.MemoryManager] Emitting OS memory status event {Total: 16440098816, Free: 12632756224}
09:08:27.755 [DEBUG] [org.gradle.launcher.daemon.server.health.LowMemoryDaemonExpirationStrategy] Received memory status update: {Total: 16440098816, Free: 12632756224}
09:08:27.755 [DEBUG] [org.gradle.process.internal.health.memory.MemoryManager] Emitting JVM memory status event {Maximum: 1073741824, Committed: 260046848}
09:08:31.711 [DEBUG] [org.gradle.launcher.daemon.server.Daemon] DaemonExpirationPeriodicCheck running
09:08:31.711 [DEBUG] [org.gradle.cache.internal.DefaultFileLockManager] Waiting to acquire shared lock on daemon addresses registry.
09:08:31.711 [DEBUG] [org.gradle.cache.internal.DefaultFileLockManager] Lock acquired on daemon addresses registry.
09:08:31.711 [DEBUG] [org.gradle.cache.internal.DefaultFileLockManager] Releasing lock on daemon addresses registry.
09:08:31.711 [DEBUG] [org.gradle.cache.internal.DefaultFileLockManager] Waiting to acquire shared lock on daemon addresses registry.
09:08:31.711 [DEBUG] [org.gradle.cache.internal.DefaultFileLockManager] Lock acquired on daemon addresses registry.
09:08:31.711 [DEBUG] [org.gradle.cache.internal.DefaultFileLockManager] Releasing lock on daemon addresses registry.
09:08:31.711 [DEBUG] [org.gradle.cache.internal.DefaultFileLockManager] Waiting to acquire shared lock on daemon addresses registry.
09:08:31.711 [DEBUG] [org.gradle.cache.internal.DefaultFileLockManager] Lock acquired on daemon addresses registry.
09:08:31.711 [DEBUG] [org.gradle.cache.internal.DefaultFileLockManager] Releasing lock on daemon addresses registry.
09:08:32.754 [DEBUG] [org.gradle.process.internal.health.memory.MemoryManager] Emitting OS memory status event {Total: 16440098816, Free: 12632948736}
09:08:32.755 [DEBUG] [org.gradle.launcher.daemon.server.health.LowMemoryDaemonExpirationStrategy] Received memory status update: {Total: 16440098816, Free: 12632948736}
09:08:32.755 [DEBUG] [org.gradle.process.internal.health.memory.MemoryManager] Emitting JVM memory status event {Maximum: 1073741824, Committed: 260046848}
09:08:37.755 [DEBUG] [org.gradle.process.internal.health.memory.MemoryManager] Emitting OS memory status event {Total: 16440098816, Free: 12633092096}
09:08:37.755 [DEBUG] [org.gradle.launcher.daemon.server.health.LowMemoryDaemonExpirationStrategy] Received memory status update: {Total: 16440098816, Free: 12633092096}
09:08:37.755 [DEBUG] [org.gradle.process.internal.health.memory.MemoryManager] Emitting JVM memory status event {Maximum: 1073741824, Committed: 260046848}
09:08:41.711 [DEBUG] [org.gradle.launcher.daemon.server.Daemon] DaemonExpirationPeriodicCheck running
09:08:41.711 [DEBUG] [org.gradle.cache.internal.DefaultFileLockManager] Waiting to acquire shared lock on daemon addresses registry.
09:08:41.711 [DEBUG] [org.gradle.cache.internal.DefaultFileLockManager] Lock acquired on daemon addresses registry.
09:08:41.711 [DEBUG] [org.gradle.cache.internal.DefaultFileLockManager] Releasing lock on daemon addresses registry.
09:08:41.711 [DEBUG] [org.gradle.cache.internal.DefaultFileLockManager] Waiting to acquire shared lock on daemon addresses registry.
09:08:41.711 [DEBUG] [org.gradle.cache.internal.DefaultFileLockManager] Lock acquired on daemon addresses registry.
09:08:41.711 [DEBUG] [org.gradle.cache.internal.DefaultFileLockManager] Releasing lock on daemon addresses registry.
09:08:41.711 [DEBUG] [org.gradle.cache.internal.DefaultFileLockManager] Waiting to acquire shared lock on daemon addresses registry.
09:08:41.711 [DEBUG] [org.gradle.cache.internal.DefaultFileLockManager] Lock acquired on daemon addresses registry.
09:08:41.711 [DEBUG] [org.gradle.cache.internal.DefaultFileLockManager] Releasing lock on daemon addresses registry.
09:08:42.754 [DEBUG] [org.gradle.process.internal.health.memory.MemoryManager] Emitting OS memory status event {Total: 16440098816, Free: 12647452672}
09:08:42.755 [DEBUG] [org.gradle.launcher.daemon.server.health.LowMemoryDaemonExpirationStrategy] Received memory status update: {Total: 16440098816, Free: 12647452672}
09:08:42.755 [DEBUG] [org.gradle.process.internal.health.memory.MemoryManager] Emitting JVM memory status event {Maximum: 1073741824, Committed: 260046848}
09:08:47.755 [DEBUG] [org.gradle.process.internal.health.memory.MemoryManager] Emitting OS memory status event {Total: 16440098816, Free: 12658999296}
09:08:47.755 [DEBUG] [org.gradle.launcher.daemon.server.health.LowMemoryDaemonExpirationStrategy] Received memory status update: {Total: 16440098816, Free: 12658999296}
09:08:47.755 [DEBUG] [org.gradle.process.internal.health.memory.MemoryManager] Emitting JVM memory status event {Maximum: 1073741824, Committed: 260046848}
09:08:51.711 [DEBUG] [org.gradle.launcher.daemon.server.Daemon] DaemonExpirationPeriodicCheck running
09:08:51.711 [DEBUG] [org.gradle.cache.internal.DefaultFileLockManager] Waiting to acquire shared lock on daemon addresses registry.
09:08:51.711 [DEBUG] [org.gradle.cache.internal.DefaultFileLockManager] Lock acquired on daemon addresses registry.
09:08:51.711 [DEBUG] [org.gradle.cache.internal.DefaultFileLockManager] Releasing lock on daemon addresses registry.
09:08:51.711 [DEBUG] [org.gradle.cache.internal.DefaultFileLockManager] Waiting to acquire shared lock on daemon addresses registry.
09:08:51.711 [DEBUG] [org.gradle.cache.internal.DefaultFileLockManager] Lock acquired on daemon addresses registry.
09:08:51.711 [DEBUG] [org.gradle.cache.internal.DefaultFileLockManager] Releasing lock on daemon addresses registry.
09:08:51.711 [DEBUG] [org.gradle.cache.internal.DefaultFileLockManager] Waiting to acquire shared lock on daemon addresses registry.
09:08:51.711 [DEBUG] [org.gradle.cache.internal.DefaultFileLockManager] Lock acquired on daemon addresses registry.
09:08:51.711 [DEBUG] [org.gradle.cache.internal.DefaultFileLockManager] Releasing lock on daemon addresses registry.
09:08:52.755 [DEBUG] [org.gradle.process.internal.health.memory.MemoryManager] Emitting OS memory status event {Total: 16440098816, Free: 12608901120}
09:08:52.755 [DEBUG] [org.gradle.launcher.daemon.server.health.LowMemoryDaemonExpirationStrategy] Received memory status update: {Total: 16440098816, Free: 12608901120}
09:08:52.755 [DEBUG] [org.gradle.process.internal.health.memory.MemoryManager] Emitting JVM memory status event {Maximum: 1073741824, Committed: 260046848}
09:08:57.755 [DEBUG] [org.gradle.process.internal.health.memory.MemoryManager] Emitting OS memory status event {Total: 16440098816, Free: 12617256960}
09:08:57.755 [DEBUG] [org.gradle.launcher.daemon.server.health.LowMemoryDaemonExpirationStrategy] Received memory status update: {Total: 16440098816, Free: 12617256960}
09:08:57.755 [DEBUG] [org.gradle.process.internal.health.memory.MemoryManager] Emitting JVM memory status event {Maximum: 1073741824, Committed: 260046848}
09:09:01.711 [DEBUG] [org.gradle.launcher.daemon.server.Daemon] DaemonExpirationPeriodicCheck running
09:09:01.711 [DEBUG] [org.gradle.cache.internal.DefaultFileLockManager] Waiting to acquire shared lock on daemon addresses registry.
09:09:01.711 [DEBUG] [org.gradle.cache.internal.DefaultFileLockManager] Lock acquired on daemon addresses registry.
09:09:01.711 [DEBUG] [org.gradle.cache.internal.DefaultFileLockManager] Releasing lock on daemon addresses registry.
09:09:01.711 [DEBUG] [org.gradle.cache.internal.DefaultFileLockManager] Waiting to acquire shared lock on daemon addresses registry.
09:09:01.711 [DEBUG] [org.gradle.cache.internal.DefaultFileLockManager] Lock acquired on daemon addresses registry.
09:09:01.711 [DEBUG] [org.gradle.cache.internal.DefaultFileLockManager] Releasing lock on daemon addresses registry.
09:09:01.711 [DEBUG] [org.gradle.cache.internal.DefaultFileLockManager] Waiting to acquire shared lock on daemon addresses registry.
09:09:01.711 [DEBUG] [org.gradle.cache.internal.DefaultFileLockManager] Lock acquired on daemon addresses registry.
09:09:01.711 [DEBUG] [org.gradle.cache.internal.DefaultFileLockManager] Releasing lock on daemon addresses registry.
09:09:02.754 [DEBUG] [org.gradle.process.internal.health.memory.MemoryManager] Emitting OS memory status event {Total: 16440098816, Free: 12618969088}
09:09:02.754 [DEBUG] [org.gradle.launcher.daemon.server.health.LowMemoryDaemonExpirationStrategy] Received memory status update: {Total: 16440098816, Free: 12618969088}
09:09:02.755 [DEBUG] [org.gradle.process.internal.health.memory.MemoryManager] Emitting JVM memory status event {Maximum: 1073741824, Committed: 260046848}
09:09:07.755 [DEBUG] [org.gradle.process.internal.health.memory.MemoryManager] Emitting OS memory status event {Total: 16440098816, Free: 12616138752}
09:09:07.755 [DEBUG] [org.gradle.launcher.daemon.server.health.LowMemoryDaemonExpirationStrategy] Received memory status update: {Total: 16440098816, Free: 12616138752}
09:09:07.755 [DEBUG] [org.gradle.process.internal.health.memory.MemoryManager] Emitting JVM memory status event {Maximum: 1073741824, Committed: 260046848}
09:09:11.711 [DEBUG] [org.gradle.launcher.daemon.server.Daemon] DaemonExpirationPeriodicCheck running
09:09:11.711 [DEBUG] [org.gradle.cache.internal.DefaultFileLockManager] Waiting to acquire shared lock on daemon addresses registry.
09:09:11.711 [DEBUG] [org.gradle.cache.internal.DefaultFileLockManager] Lock acquired on daemon addresses registry.
09:09:11.711 [DEBUG] [org.gradle.cache.internal.DefaultFileLockManager] Releasing lock on daemon addresses registry.
09:09:11.711 [DEBUG] [org.gradle.cache.internal.DefaultFileLockManager] Waiting to acquire shared lock on daemon addresses registry.
09:09:11.711 [DEBUG] [org.gradle.cache.internal.DefaultFileLockManager] Lock acquired on daemon addresses registry.
09:09:11.711 [DEBUG] [org.gradle.cache.internal.DefaultFileLockManager] Releasing lock on daemon addresses registry.
09:09:11.711 [DEBUG] [org.gradle.cache.internal.DefaultFileLockManager] Waiting to acquire shared lock on daemon addresses registry.
09:09:11.711 [DEBUG] [org.gradle.cache.internal.DefaultFileLockManager] Lock acquired on daemon addresses registry.
09:09:11.711 [DEBUG] [org.gradle.cache.internal.DefaultFileLockManager] Releasing lock on daemon addresses registry.
09:09:12.754 [DEBUG] [org.gradle.process.internal.health.memory.MemoryManager] Emitting OS memory status event {Total: 16440098816, Free: 12626718720}
09:09:12.755 [DEBUG] [org.gradle.launcher.daemon.server.health.LowMemoryDaemonExpirationStrategy] Received memory status update: {Total: 16440098816, Free: 12626718720}
09:09:12.755 [DEBUG] [org.gradle.process.internal.health.memory.MemoryManager] Emitting JVM memory status event {Maximum: 1073741824, Committed: 260046848}
09:09:17.755 [DEBUG] [org.gradle.process.internal.health.memory.MemoryManager] Emitting OS memory status event {Total: 16440098816, Free: 12626726912}
09:09:17.755 [DEBUG] [org.gradle.launcher.daemon.server.health.LowMemoryDaemonExpirationStrategy] Received memory status update: {Total: 16440098816, Free: 12626726912}
09:09:17.755 [DEBUG] [org.gradle.process.internal.health.memory.MemoryManager] Emitting JVM memory status event {Maximum: 1073741824, Committed: 260046848}
09:09:21.711 [DEBUG] [org.gradle.launcher.daemon.server.Daemon] DaemonExpirationPeriodicCheck running
09:09:21.711 [DEBUG] [org.gradle.cache.internal.DefaultFileLockManager] Waiting to acquire shared lock on daemon addresses registry.
09:09:21.711 [DEBUG] [org.gradle.cache.internal.DefaultFileLockManager] Lock acquired on daemon addresses registry.
09:09:21.711 [DEBUG] [org.gradle.cache.internal.DefaultFileLockManager] Releasing lock on daemon addresses registry.
09:09:21.711 [DEBUG] [org.gradle.cache.internal.DefaultFileLockManager] Waiting to acquire shared lock on daemon addresses registry.
09:09:21.711 [DEBUG] [org.gradle.cache.internal.DefaultFileLockManager] Lock acquired on daemon addresses registry.
09:09:21.711 [DEBUG] [org.gradle.cache.internal.DefaultFileLockManager] Releasing lock on daemon addresses registry.
09:09:21.711 [DEBUG] [org.gradle.cache.internal.DefaultFileLockManager] Waiting to acquire shared lock on daemon addresses registry.
09:09:21.711 [DEBUG] [org.gradle.cache.internal.DefaultFileLockManager] Lock acquired on daemon addresses registry.
09:09:21.711 [DEBUG] [org.gradle.cache.internal.DefaultFileLockManager] Releasing lock on daemon addresses registry.
09:09:22.754 [DEBUG] [org.gradle.process.internal.health.memory.MemoryManager] Emitting OS memory status event {Total: 16440098816, Free: 12625948672}
09:09:22.755 [DEBUG] [org.gradle.launcher.daemon.server.health.LowMemoryDaemonExpirationStrategy] Received memory status update: {Total: 16440098816, Free: 12625948672}
09:09:22.755 [DEBUG] [org.gradle.process.internal.health.memory.MemoryManager] Emitting JVM memory status event {Maximum: 1073741824, Committed: 260046848}
09:09:27.755 [DEBUG] [org.gradle.process.internal.health.memory.MemoryManager] Emitting OS memory status event {Total: 16440098816, Free: 12625956864}
09:09:27.755 [DEBUG] [org.gradle.launcher.daemon.server.health.LowMemoryDaemonExpirationStrategy] Received memory status update: {Total: 16440098816, Free: 12625956864}
09:09:27.755 [DEBUG] [org.gradle.process.internal.health.memory.MemoryManager] Emitting JVM memory status event {Maximum: 1073741824, Committed: 260046848}
09:09:31.711 [DEBUG] [org.gradle.launcher.daemon.server.Daemon] DaemonExpirationPeriodicCheck running
09:09:31.711 [DEBUG] [org.gradle.cache.internal.DefaultFileLockManager] Waiting to acquire shared lock on daemon addresses registry.
09:09:31.711 [DEBUG] [org.gradle.cache.internal.DefaultFileLockManager] Lock acquired on daemon addresses registry.
09:09:31.711 [DEBUG] [org.gradle.cache.internal.DefaultFileLockManager] Releasing lock on daemon addresses registry.
09:09:31.711 [DEBUG] [org.gradle.cache.internal.DefaultFileLockManager] Waiting to acquire shared lock on daemon addresses registry.
09:09:31.711 [DEBUG] [org.gradle.cache.internal.DefaultFileLockManager] Lock acquired on daemon addresses registry.
09:09:31.711 [DEBUG] [org.gradle.cache.internal.DefaultFileLockManager] Releasing lock on daemon addresses registry.
09:09:31.711 [DEBUG] [org.gradle.cache.internal.DefaultFileLockManager] Waiting to acquire shared lock on daemon addresses registry.
09:09:31.711 [DEBUG] [org.gradle.cache.internal.DefaultFileLockManager] Lock acquired on daemon addresses registry.
09:09:31.711 [DEBUG] [org.gradle.cache.internal.DefaultFileLockManager] Releasing lock on daemon addresses registry.
09:09:32.754 [DEBUG] [org.gradle.process.internal.health.memory.MemoryManager] Emitting OS memory status event {Total: 16440098816, Free: 12625981440}
09:09:32.755 [DEBUG] [org.gradle.launcher.daemon.server.health.LowMemoryDaemonExpirationStrategy] Received memory status update: {Total: 16440098816, Free: 12625981440}
09:09:32.755 [DEBUG] [org.gradle.process.internal.health.memory.MemoryManager] Emitting JVM memory status event {Maximum: 1073741824, Committed: 260046848}
09:09:37.755 [DEBUG] [org.gradle.process.internal.health.memory.MemoryManager] Emitting OS memory status event {Total: 16440098816, Free: 12629270528}
09:09:37.755 [DEBUG] [org.gradle.launcher.daemon.server.health.LowMemoryDaemonExpirationStrategy] Received memory status update: {Total: 16440098816, Free: 12629270528}
09:09:37.755 [DEBUG] [org.gradle.process.internal.health.memory.MemoryManager] Emitting JVM memory status event {Maximum: 1073741824, Committed: 260046848}
09:09:41.711 [DEBUG] [org.gradle.launcher.daemon.server.Daemon] DaemonExpirationPeriodicCheck running
09:09:41.711 [DEBUG] [org.gradle.cache.internal.DefaultFileLockManager] Waiting to acquire shared lock on daemon addresses registry.
09:09:41.711 [DEBUG] [org.gradle.cache.internal.DefaultFileLockManager] Lock acquired on daemon addresses registry.
09:09:41.711 [DEBUG] [org.gradle.cache.internal.DefaultFileLockManager] Releasing lock on daemon addresses registry.
09:09:41.711 [DEBUG] [org.gradle.cache.internal.DefaultFileLockManager] Waiting to acquire shared lock on daemon addresses registry.
09:09:41.711 [DEBUG] [org.gradle.cache.internal.DefaultFileLockManager] Lock acquired on daemon addresses registry.
09:09:41.711 [DEBUG] [org.gradle.cache.internal.DefaultFileLockManager] Releasing lock on daemon addresses registry.
09:09:41.711 [DEBUG] [org.gradle.cache.internal.DefaultFileLockManager] Waiting to acquire shared lock on daemon addresses registry.
09:09:41.711 [DEBUG] [org.gradle.cache.internal.DefaultFileLockManager] Lock acquired on daemon addresses registry.
09:09:41.711 [DEBUG] [org.gradle.cache.internal.DefaultFileLockManager] Releasing lock on daemon addresses registry.
09:09:42.754 [DEBUG] [org.gradle.process.internal.health.memory.MemoryManager] Emitting OS memory status event {Total: 16440098816, Free: 12629180416}
09:09:42.754 [DEBUG] [org.gradle.launcher.daemon.server.health.LowMemoryDaemonExpirationStrategy] Received memory status update: {Total: 16440098816, Free: 12629180416}
09:09:42.754 [DEBUG] [org.gradle.process.internal.health.memory.MemoryManager] Emitting JVM memory status event {Maximum: 1073741824, Committed: 260046848}
09:09:47.755 [DEBUG] [org.gradle.process.internal.health.memory.MemoryManager] Emitting OS memory status event {Total: 16440098816, Free: 12629118976}
09:09:47.755 [DEBUG] [org.gradle.launcher.daemon.server.health.LowMemoryDaemonExpirationStrategy] Received memory status update: {Total: 16440098816, Free: 12629118976}
09:09:47.755 [DEBUG] [org.gradle.process.internal.health.memory.MemoryManager] Emitting JVM memory status event {Maximum: 1073741824, Committed: 260046848}
09:09:51.711 [DEBUG] [org.gradle.launcher.daemon.server.Daemon] DaemonExpirationPeriodicCheck running
09:09:51.711 [DEBUG] [org.gradle.cache.internal.DefaultFileLockManager] Waiting to acquire shared lock on daemon addresses registry.
09:09:51.711 [DEBUG] [org.gradle.cache.internal.DefaultFileLockManager] Lock acquired on daemon addresses registry.
09:09:51.711 [DEBUG] [org.gradle.cache.internal.DefaultFileLockManager] Releasing lock on daemon addresses registry.
09:09:51.711 [DEBUG] [org.gradle.cache.internal.DefaultFileLockManager] Waiting to acquire shared lock on daemon addresses registry.
09:09:51.711 [DEBUG] [org.gradle.cache.internal.DefaultFileLockManager] Lock acquired on daemon addresses registry.
09:09:51.711 [DEBUG] [org.gradle.cache.internal.DefaultFileLockManager] Releasing lock on daemon addresses registry.
09:09:51.711 [DEBUG] [org.gradle.cache.internal.DefaultFileLockManager] Waiting to acquire shared lock on daemon addresses registry.
09:09:51.711 [DEBUG] [org.gradle.cache.internal.DefaultFileLockManager] Lock acquired on daemon addresses registry.
09:09:51.711 [DEBUG] [org.gradle.cache.internal.DefaultFileLockManager] Releasing lock on daemon addresses registry.
09:09:52.755 [DEBUG] [org.gradle.process.internal.health.memory.MemoryManager] Emitting OS memory status event {Total: 16440098816, Free: 12628656128}
09:09:52.755 [DEBUG] [org.gradle.launcher.daemon.server.health.LowMemoryDaemonExpirationStrategy] Received memory status update: {Total: 16440098816, Free: 12628656128}
09:09:52.755 [DEBUG] [org.gradle.process.internal.health.memory.MemoryManager] Emitting JVM memory status event {Maximum: 1073741824, Committed: 260046848}
09:09:57.755 [DEBUG] [org.gradle.process.internal.health.memory.MemoryManager] Emitting OS memory status event {Total: 16440098816, Free: 12628963328}
09:09:57.755 [DEBUG] [org.gradle.launcher.daemon.server.health.LowMemoryDaemonExpirationStrategy] Received memory status update: {Total: 16440098816, Free: 12628963328}
09:09:57.755 [DEBUG] [org.gradle.process.internal.health.memory.MemoryManager] Emitting JVM memory status event {Maximum: 1073741824, Committed: 260046848}
09:10:01.711 [DEBUG] [org.gradle.launcher.daemon.server.Daemon] DaemonExpirationPeriodicCheck running
09:10:01.711 [DEBUG] [org.gradle.cache.internal.DefaultFileLockManager] Waiting to acquire shared lock on daemon addresses registry.
09:10:01.711 [DEBUG] [org.gradle.cache.internal.DefaultFileLockManager] Lock acquired on daemon addresses registry.
09:10:01.711 [DEBUG] [org.gradle.cache.internal.DefaultFileLockManager] Releasing lock on daemon addresses registry.
09:10:01.711 [DEBUG] [org.gradle.cache.internal.DefaultFileLockManager] Waiting to acquire shared lock on daemon addresses registry.
09:10:01.711 [DEBUG] [org.gradle.cache.internal.DefaultFileLockManager] Lock acquired on daemon addresses registry.
09:10:01.711 [DEBUG] [org.gradle.cache.internal.DefaultFileLockManager] Releasing lock on daemon addresses registry.
09:10:01.711 [DEBUG] [org.gradle.cache.internal.DefaultFileLockManager] Waiting to acquire shared lock on daemon addresses registry.
09:10:01.711 [DEBUG] [org.gradle.cache.internal.DefaultFileLockManager] Lock acquired on daemon addresses registry.
09:10:01.711 [DEBUG] [org.gradle.cache.internal.DefaultFileLockManager] Releasing lock on daemon addresses registry.
09:10:02.754 [DEBUG] [org.gradle.process.internal.health.memory.MemoryManager] Emitting OS memory status event {Total: 16440098816, Free: 12628717568}
09:10:02.754 [DEBUG] [org.gradle.launcher.daemon.server.health.LowMemoryDaemonExpirationStrategy] Received memory status update: {Total: 16440098816, Free: 12628717568}
09:10:02.755 [DEBUG] [org.gradle.process.internal.health.memory.MemoryManager] Emitting JVM memory status event {Maximum: 1073741824, Committed: 260046848}
09:10:07.755 [DEBUG] [org.gradle.process.internal.health.memory.MemoryManager] Emitting OS memory status event {Total: 16440098816, Free: 12627357696}
09:10:07.755 [DEBUG] [org.gradle.launcher.daemon.server.health.LowMemoryDaemonExpirationStrategy] Received memory status update: {Total: 16440098816, Free: 12627357696}
09:10:07.755 [DEBUG] [org.gradle.process.internal.health.memory.MemoryManager] Emitting JVM memory status event {Maximum: 1073741824, Committed: 260046848}
09:10:11.711 [DEBUG] [org.gradle.launcher.daemon.server.Daemon] DaemonExpirationPeriodicCheck running
09:10:11.711 [DEBUG] [org.gradle.cache.internal.DefaultFileLockManager] Waiting to acquire shared lock on daemon addresses registry.
09:10:11.711 [DEBUG] [org.gradle.cache.internal.DefaultFileLockManager] Lock acquired on daemon addresses registry.
09:10:11.711 [DEBUG] [org.gradle.cache.internal.DefaultFileLockManager] Releasing lock on daemon addresses registry.
09:10:11.711 [DEBUG] [org.gradle.cache.internal.DefaultFileLockManager] Waiting to acquire shared lock on daemon addresses registry.
09:10:11.711 [DEBUG] [org.gradle.cache.internal.DefaultFileLockManager] Lock acquired on daemon addresses registry.
09:10:11.711 [DEBUG] [org.gradle.cache.internal.DefaultFileLockManager] Releasing lock on daemon addresses registry.
09:10:11.711 [DEBUG] [org.gradle.cache.internal.DefaultFileLockManager] Waiting to acquire shared lock on daemon addresses registry.
09:10:11.711 [DEBUG] [org.gradle.cache.internal.DefaultFileLockManager] Lock acquired on daemon addresses registry.
09:10:11.711 [DEBUG] [org.gradle.cache.internal.DefaultFileLockManager] Releasing lock on daemon addresses registry.
09:10:12.754 [DEBUG] [org.gradle.process.internal.health.memory.MemoryManager] Emitting OS memory status event {Total: 16440098816, Free: 12628938752}
09:10:12.755 [DEBUG] [org.gradle.launcher.daemon.server.health.LowMemoryDaemonExpirationStrategy] Received memory status update: {Total: 16440098816, Free: 12628938752}
09:10:12.755 [DEBUG] [org.gradle.process.internal.health.memory.MemoryManager] Emitting JVM memory status event {Maximum: 1073741824, Committed: 260046848}
09:10:17.755 [DEBUG] [org.gradle.process.internal.health.memory.MemoryManager] Emitting OS memory status event {Total: 16440098816, Free: 12629491712}
09:10:17.755 [DEBUG] [org.gradle.launcher.daemon.server.health.LowMemoryDaemonExpirationStrategy] Received memory status update: {Total: 16440098816, Free: 12629491712}
09:10:17.755 [DEBUG] [org.gradle.process.internal.health.memory.MemoryManager] Emitting JVM memory status event {Maximum: 1073741824, Committed: 260046848}
09:10:21.711 [DEBUG] [org.gradle.launcher.daemon.server.Daemon] DaemonExpirationPeriodicCheck running
09:10:21.711 [DEBUG] [org.gradle.cache.internal.DefaultFileLockManager] Waiting to acquire shared lock on daemon addresses registry.
09:10:21.711 [DEBUG] [org.gradle.cache.internal.DefaultFileLockManager] Lock acquired on daemon addresses registry.
09:10:21.711 [DEBUG] [org.gradle.cache.internal.DefaultFileLockManager] Releasing lock on daemon addresses registry.
09:10:21.711 [DEBUG] [org.gradle.cache.internal.DefaultFileLockManager] Waiting to acquire shared lock on daemon addresses registry.
09:10:21.711 [DEBUG] [org.gradle.cache.internal.DefaultFileLockManager] Lock acquired on daemon addresses registry.
09:10:21.711 [DEBUG] [org.gradle.cache.internal.DefaultFileLockManager] Releasing lock on daemon addresses registry.
09:10:21.711 [DEBUG] [org.gradle.cache.internal.DefaultFileLockManager] Waiting to acquire shared lock on daemon addresses registry.
09:10:21.711 [DEBUG] [org.gradle.cache.internal.DefaultFileLockManager] Lock acquired on daemon addresses registry.
09:10:21.711 [DEBUG] [org.gradle.cache.internal.DefaultFileLockManager] Releasing lock on daemon addresses registry.
09:10:22.754 [DEBUG] [org.gradle.process.internal.health.memory.MemoryManager] Emitting OS memory status event {Total: 16440098816, Free: 12629303296}
09:10:22.754 [DEBUG] [org.gradle.launcher.daemon.server.health.LowMemoryDaemonExpirationStrategy] Received memory status update: {Total: 16440098816, Free: 12629303296}
09:10:22.755 [DEBUG] [org.gradle.process.internal.health.memory.MemoryManager] Emitting JVM memory status event {Maximum: 1073741824, Committed: 260046848}
09:10:27.755 [DEBUG] [org.gradle.process.internal.health.memory.MemoryManager] Emitting OS memory status event {Total: 16440098816, Free: 12629204992}
09:10:27.755 [DEBUG] [org.gradle.launcher.daemon.server.health.LowMemoryDaemonExpirationStrategy] Received memory status update: {Total: 16440098816, Free: 12629204992}
09:10:27.755 [DEBUG] [org.gradle.process.internal.health.memory.MemoryManager] Emitting JVM memory status event {Maximum: 1073741824, Committed: 260046848}
09:10:31.711 [DEBUG] [org.gradle.launcher.daemon.server.Daemon] DaemonExpirationPeriodicCheck running
09:10:31.711 [DEBUG] [org.gradle.cache.internal.DefaultFileLockManager] Waiting to acquire shared lock on daemon addresses registry.
09:10:31.711 [DEBUG] [org.gradle.cache.internal.DefaultFileLockManager] Lock acquired on daemon addresses registry.
09:10:31.711 [DEBUG] [org.gradle.cache.internal.DefaultFileLockManager] Releasing lock on daemon addresses registry.
09:10:31.711 [DEBUG] [org.gradle.cache.internal.DefaultFileLockManager] Waiting to acquire shared lock on daemon addresses registry.
09:10:31.711 [DEBUG] [org.gradle.cache.internal.DefaultFileLockManager] Lock acquired on daemon addresses registry.
09:10:31.711 [DEBUG] [org.gradle.cache.internal.DefaultFileLockManager] Releasing lock on daemon addresses registry.
09:10:31.711 [DEBUG] [org.gradle.cache.internal.DefaultFileLockManager] Waiting to acquire shared lock on daemon addresses registry.
09:10:31.711 [DEBUG] [org.gradle.cache.internal.DefaultFileLockManager] Lock acquired on daemon addresses registry.
09:10:31.711 [DEBUG] [org.gradle.cache.internal.DefaultFileLockManager] Releasing lock on daemon addresses registry.
09:10:32.754 [DEBUG] [org.gradle.process.internal.health.memory.MemoryManager] Emitting OS memory status event {Total: 16440098816, Free: 12633128960}
09:10:32.755 [DEBUG] [org.gradle.launcher.daemon.server.health.LowMemoryDaemonExpirationStrategy] Received memory status update: {Total: 16440098816, Free: 12633128960}
09:10:32.755 [DEBUG] [org.gradle.process.internal.health.memory.MemoryManager] Emitting JVM memory status event {Maximum: 1073741824, Committed: 260046848}
09:10:37.755 [DEBUG] [org.gradle.process.internal.health.memory.MemoryManager] Emitting OS memory status event {Total: 16440098816, Free: 12631863296}
09:10:37.755 [DEBUG] [org.gradle.launcher.daemon.server.health.LowMemoryDaemonExpirationStrategy] Received memory status update: {Total: 16440098816, Free: 12631863296}
09:10:37.755 [DEBUG] [org.gradle.process.internal.health.memory.MemoryManager] Emitting JVM memory status event {Maximum: 1073741824, Committed: 260046848}
09:10:41.711 [DEBUG] [org.gradle.launcher.daemon.server.Daemon] DaemonExpirationPeriodicCheck running
09:10:41.711 [DEBUG] [org.gradle.cache.internal.DefaultFileLockManager] Waiting to acquire shared lock on daemon addresses registry.
09:10:41.711 [DEBUG] [org.gradle.cache.internal.DefaultFileLockManager] Lock acquired on daemon addresses registry.
09:10:41.711 [DEBUG] [org.gradle.cache.internal.DefaultFileLockManager] Releasing lock on daemon addresses registry.
09:10:41.711 [DEBUG] [org.gradle.cache.internal.DefaultFileLockManager] Waiting to acquire shared lock on daemon addresses registry.
09:10:41.711 [DEBUG] [org.gradle.cache.internal.DefaultFileLockManager] Lock acquired on daemon addresses registry.
09:10:41.711 [DEBUG] [org.gradle.cache.internal.DefaultFileLockManager] Releasing lock on daemon addresses registry.
09:10:41.711 [DEBUG] [org.gradle.cache.internal.DefaultFileLockManager] Waiting to acquire shared lock on daemon addresses registry.
09:10:41.711 [DEBUG] [org.gradle.cache.internal.DefaultFileLockManager] Lock acquired on daemon addresses registry.
09:10:41.711 [DEBUG] [org.gradle.cache.internal.DefaultFileLockManager] Releasing lock on daemon addresses registry.
09:10:42.754 [DEBUG] [org.gradle.process.internal.health.memory.MemoryManager] Emitting OS memory status event {Total: 16440098816, Free: 12632920064}
09:10:42.754 [DEBUG] [org.gradle.launcher.daemon.server.health.LowMemoryDaemonExpirationStrategy] Received memory status update: {Total: 16440098816, Free: 12632920064}
09:10:42.754 [DEBUG] [org.gradle.process.internal.health.memory.MemoryManager] Emitting JVM memory status event {Maximum: 1073741824, Committed: 260046848}
09:10:47.755 [DEBUG] [org.gradle.process.internal.health.memory.MemoryManager] Emitting OS memory status event {Total: 16440098816, Free: 12632936448}
09:10:47.755 [DEBUG] [org.gradle.launcher.daemon.server.health.LowMemoryDaemonExpirationStrategy] Received memory status update: {Total: 16440098816, Free: 12632936448}
09:10:47.755 [DEBUG] [org.gradle.process.internal.health.memory.MemoryManager] Emitting JVM memory status event {Maximum: 1073741824, Committed: 260046848}
09:10:51.711 [DEBUG] [org.gradle.launcher.daemon.server.Daemon] DaemonExpirationPeriodicCheck running
09:10:51.711 [DEBUG] [org.gradle.cache.internal.DefaultFileLockManager] Waiting to acquire shared lock on daemon addresses registry.
09:10:51.711 [DEBUG] [org.gradle.cache.internal.DefaultFileLockManager] Lock acquired on daemon addresses registry.
09:10:51.711 [DEBUG] [org.gradle.cache.internal.DefaultFileLockManager] Releasing lock on daemon addresses registry.
09:10:51.711 [DEBUG] [org.gradle.cache.internal.DefaultFileLockManager] Waiting to acquire shared lock on daemon addresses registry.
09:10:51.711 [DEBUG] [org.gradle.cache.internal.DefaultFileLockManager] Lock acquired on daemon addresses registry.
09:10:51.711 [DEBUG] [org.gradle.cache.internal.DefaultFileLockManager] Releasing lock on daemon addresses registry.
09:10:51.711 [DEBUG] [org.gradle.cache.internal.DefaultFileLockManager] Waiting to acquire shared lock on daemon addresses registry.
09:10:51.711 [DEBUG] [org.gradle.cache.internal.DefaultFileLockManager] Lock acquired on daemon addresses registry.
09:10:51.711 [DEBUG] [org.gradle.cache.internal.DefaultFileLockManager] Releasing lock on daemon addresses registry.
09:10:52.754 [DEBUG] [org.gradle.process.internal.health.memory.MemoryManager] Emitting OS memory status event {Total: 16440098816, Free: 12632965120}
09:10:52.755 [DEBUG] [org.gradle.launcher.daemon.server.health.LowMemoryDaemonExpirationStrategy] Received memory status update: {Total: 16440098816, Free: 12632965120}
09:10:52.755 [DEBUG] [org.gradle.process.internal.health.memory.MemoryManager] Emitting JVM memory status event {Maximum: 1073741824, Committed: 260046848}
09:10:57.755 [DEBUG] [org.gradle.process.internal.health.memory.MemoryManager] Emitting OS memory status event {Total: 16440098816, Free: 12633174016}
09:10:57.755 [DEBUG] [org.gradle.launcher.daemon.server.health.LowMemoryDaemonExpirationStrategy] Received memory status update: {Total: 16440098816, Free: 12633174016}
09:10:57.755 [DEBUG] [org.gradle.process.internal.health.memory.MemoryManager] Emitting JVM memory status event {Maximum: 1073741824, Committed: 260046848}
09:11:01.711 [DEBUG] [org.gradle.launcher.daemon.server.Daemon] DaemonExpirationPeriodicCheck running
09:11:01.711 [DEBUG] [org.gradle.cache.internal.DefaultFileLockManager] Waiting to acquire shared lock on daemon addresses registry.
09:11:01.711 [DEBUG] [org.gradle.cache.internal.DefaultFileLockManager] Lock acquired on daemon addresses registry.
09:11:01.711 [DEBUG] [org.gradle.cache.internal.DefaultFileLockManager] Releasing lock on daemon addresses registry.
09:11:01.711 [DEBUG] [org.gradle.cache.internal.DefaultFileLockManager] Waiting to acquire shared lock on daemon addresses registry.
09:11:01.711 [DEBUG] [org.gradle.cache.internal.DefaultFileLockManager] Lock acquired on daemon addresses registry.
09:11:01.711 [DEBUG] [org.gradle.cache.internal.DefaultFileLockManager] Releasing lock on daemon addresses registry.
09:11:01.711 [DEBUG] [org.gradle.cache.internal.DefaultFileLockManager] Waiting to acquire shared lock on daemon addresses registry.
09:11:01.711 [DEBUG] [org.gradle.cache.internal.DefaultFileLockManager] Lock acquired on daemon addresses registry.
09:11:01.711 [DEBUG] [org.gradle.cache.internal.DefaultFileLockManager] Releasing lock on daemon addresses registry.
09:11:02.754 [DEBUG] [org.gradle.process.internal.health.memory.MemoryManager] Emitting OS memory status event {Total: 16440098816, Free: 12633227264}
09:11:02.755 [DEBUG] [org.gradle.launcher.daemon.server.health.LowMemoryDaemonExpirationStrategy] Received memory status update: {Total: 16440098816, Free: 12633227264}
09:11:02.755 [DEBUG] [org.gradle.process.internal.health.memory.MemoryManager] Emitting JVM memory status event {Maximum: 1073741824, Committed: 260046848}
09:11:07.755 [DEBUG] [org.gradle.process.internal.health.memory.MemoryManager] Emitting OS memory status event {Total: 16440098816, Free: 12633235456}
09:11:07.755 [DEBUG] [org.gradle.launcher.daemon.server.health.LowMemoryDaemonExpirationStrategy] Received memory status update: {Total: 16440098816, Free: 12633235456}
09:11:07.755 [DEBUG] [org.gradle.process.internal.health.memory.MemoryManager] Emitting JVM memory status event {Maximum: 1073741824, Committed: 260046848}
09:11:11.711 [DEBUG] [org.gradle.launcher.daemon.server.Daemon] DaemonExpirationPeriodicCheck running
09:11:11.711 [DEBUG] [org.gradle.cache.internal.DefaultFileLockManager] Waiting to acquire shared lock on daemon addresses registry.
09:11:11.711 [DEBUG] [org.gradle.cache.internal.DefaultFileLockManager] Lock acquired on daemon addresses registry.
09:11:11.711 [DEBUG] [org.gradle.cache.internal.DefaultFileLockManager] Releasing lock on daemon addresses registry.
09:11:11.711 [DEBUG] [org.gradle.cache.internal.DefaultFileLockManager] Waiting to acquire shared lock on daemon addresses registry.
09:11:11.711 [DEBUG] [org.gradle.cache.internal.DefaultFileLockManager] Lock acquired on daemon addresses registry.
09:11:11.711 [DEBUG] [org.gradle.cache.internal.DefaultFileLockManager] Releasing lock on daemon addresses registry.
09:11:11.711 [DEBUG] [org.gradle.cache.internal.DefaultFileLockManager] Waiting to acquire shared lock on daemon addresses registry.
09:11:11.711 [DEBUG] [org.gradle.cache.internal.DefaultFileLockManager] Lock acquired on daemon addresses registry.
09:11:11.711 [DEBUG] [org.gradle.cache.internal.DefaultFileLockManager] Releasing lock on daemon addresses registry.
09:11:12.754 [DEBUG] [org.gradle.process.internal.health.memory.MemoryManager] Emitting OS memory status event {Total: 16440098816, Free: 12639637504}
09:11:12.755 [DEBUG] [org.gradle.launcher.daemon.server.health.LowMemoryDaemonExpirationStrategy] Received memory status update: {Total: 16440098816, Free: 12639637504}
09:11:12.755 [DEBUG] [org.gradle.process.internal.health.memory.MemoryManager] Emitting JVM memory status event {Maximum: 1073741824, Committed: 260046848}
09:11:17.755 [DEBUG] [org.gradle.process.internal.health.memory.MemoryManager] Emitting OS memory status event {Total: 16440098816, Free: 12639387648}
09:11:17.755 [DEBUG] [org.gradle.launcher.daemon.server.health.LowMemoryDaemonExpirationStrategy] Received memory status update: {Total: 16440098816, Free: 12639387648}
09:11:17.755 [DEBUG] [org.gradle.process.internal.health.memory.MemoryManager] Emitting JVM memory status event {Maximum: 1073741824, Committed: 260046848}
09:11:21.711 [DEBUG] [org.gradle.launcher.daemon.server.Daemon] DaemonExpirationPeriodicCheck running
09:11:21.711 [DEBUG] [org.gradle.cache.internal.DefaultFileLockManager] Waiting to acquire shared lock on daemon addresses registry.
09:11:21.711 [DEBUG] [org.gradle.cache.internal.DefaultFileLockManager] Lock acquired on daemon addresses registry.
09:11:21.711 [DEBUG] [org.gradle.cache.internal.DefaultFileLockManager] Releasing lock on daemon addresses registry.
09:11:21.711 [DEBUG] [org.gradle.cache.internal.DefaultFileLockManager] Waiting to acquire shared lock on daemon addresses registry.
09:11:21.711 [DEBUG] [org.gradle.cache.internal.DefaultFileLockManager] Lock acquired on daemon addresses registry.
09:11:21.711 [DEBUG] [org.gradle.cache.internal.DefaultFileLockManager] Releasing lock on daemon addresses registry.
09:11:21.711 [DEBUG] [org.gradle.cache.internal.DefaultFileLockManager] Waiting to acquire shared lock on daemon addresses registry.
09:11:21.711 [DEBUG] [org.gradle.cache.internal.DefaultFileLockManager] Lock acquired on daemon addresses registry.
09:11:21.711 [DEBUG] [org.gradle.cache.internal.DefaultFileLockManager] Releasing lock on daemon addresses registry.
09:11:22.755 [DEBUG] [org.gradle.process.internal.health.memory.MemoryManager] Emitting OS memory status event {Total: 16440098816, Free: 12639404032}
09:11:22.755 [DEBUG] [org.gradle.launcher.daemon.server.health.LowMemoryDaemonExpirationStrategy] Received memory status update: {Total: 16440098816, Free: 12639404032}
09:11:22.755 [DEBUG] [org.gradle.process.internal.health.memory.MemoryManager] Emitting JVM memory status event {Maximum: 1073741824, Committed: 260046848}
09:11:27.755 [DEBUG] [org.gradle.process.internal.health.memory.MemoryManager] Emitting OS memory status event {Total: 16440098816, Free: 12639428608}
09:11:27.755 [DEBUG] [org.gradle.launcher.daemon.server.health.LowMemoryDaemonExpirationStrategy] Received memory status update: {Total: 16440098816, Free: 12639428608}
09:11:27.755 [DEBUG] [org.gradle.process.internal.health.memory.MemoryManager] Emitting JVM memory status event {Maximum: 1073741824, Committed: 260046848}
09:11:31.711 [DEBUG] [org.gradle.launcher.daemon.server.Daemon] DaemonExpirationPeriodicCheck running
09:11:31.711 [DEBUG] [org.gradle.cache.internal.DefaultFileLockManager] Waiting to acquire shared lock on daemon addresses registry.
09:11:31.711 [DEBUG] [org.gradle.cache.internal.DefaultFileLockManager] Lock acquired on daemon addresses registry.
09:11:31.711 [DEBUG] [org.gradle.cache.internal.DefaultFileLockManager] Releasing lock on daemon addresses registry.
09:11:31.711 [DEBUG] [org.gradle.cache.internal.DefaultFileLockManager] Waiting to acquire shared lock on daemon addresses registry.
09:11:31.711 [DEBUG] [org.gradle.cache.internal.DefaultFileLockManager] Lock acquired on daemon addresses registry.
09:11:31.711 [DEBUG] [org.gradle.cache.internal.DefaultFileLockManager] Releasing lock on daemon addresses registry.
09:11:31.711 [DEBUG] [org.gradle.cache.internal.DefaultFileLockManager] Waiting to acquire shared lock on daemon addresses registry.
09:11:31.711 [DEBUG] [org.gradle.cache.internal.DefaultFileLockManager] Lock acquired on daemon addresses registry.
09:11:31.711 [DEBUG] [org.gradle.cache.internal.DefaultFileLockManager] Releasing lock on daemon addresses registry.
09:11:32.754 [DEBUG] [org.gradle.process.internal.health.memory.MemoryManager] Emitting OS memory status event {Total: 16440098816, Free: 12638806016}
09:11:32.754 [DEBUG] [org.gradle.launcher.daemon.server.health.LowMemoryDaemonExpirationStrategy] Received memory status update: {Total: 16440098816, Free: 12638806016}
09:11:32.755 [DEBUG] [org.gradle.process.internal.health.memory.MemoryManager] Emitting JVM memory status event {Maximum: 1073741824, Committed: 260046848}
09:11:37.755 [DEBUG] [org.gradle.process.internal.health.memory.MemoryManager] Emitting OS memory status event {Total: 16440098816, Free: 12637790208}
09:11:37.755 [DEBUG] [org.gradle.launcher.daemon.server.health.LowMemoryDaemonExpirationStrategy] Received memory status update: {Total: 16440098816, Free: 12637790208}
09:11:37.755 [DEBUG] [org.gradle.process.internal.health.memory.MemoryManager] Emitting JVM memory status event {Maximum: 1073741824, Committed: 260046848}
09:11:41.711 [DEBUG] [org.gradle.launcher.daemon.server.Daemon] DaemonExpirationPeriodicCheck running
09:11:41.711 [DEBUG] [org.gradle.cache.internal.DefaultFileLockManager] Waiting to acquire shared lock on daemon addresses registry.
09:11:41.711 [DEBUG] [org.gradle.cache.internal.DefaultFileLockManager] Lock acquired on daemon addresses registry.
09:11:41.711 [DEBUG] [org.gradle.cache.internal.DefaultFileLockManager] Releasing lock on daemon addresses registry.
09:11:41.711 [DEBUG] [org.gradle.cache.internal.DefaultFileLockManager] Waiting to acquire shared lock on daemon addresses registry.
09:11:41.711 [DEBUG] [org.gradle.cache.internal.DefaultFileLockManager] Lock acquired on daemon addresses registry.
09:11:41.711 [DEBUG] [org.gradle.cache.internal.DefaultFileLockManager] Releasing lock on daemon addresses registry.
09:11:41.711 [DEBUG] [org.gradle.cache.internal.DefaultFileLockManager] Waiting to acquire shared lock on daemon addresses registry.
09:11:41.711 [DEBUG] [org.gradle.cache.internal.DefaultFileLockManager] Lock acquired on daemon addresses registry.
09:11:41.711 [DEBUG] [org.gradle.cache.internal.DefaultFileLockManager] Releasing lock on daemon addresses registry.
09:11:42.754 [DEBUG] [org.gradle.process.internal.health.memory.MemoryManager] Emitting OS memory status event {Total: 16440098816, Free: 12637818880}
09:11:42.754 [DEBUG] [org.gradle.launcher.daemon.server.health.LowMemoryDaemonExpirationStrategy] Received memory status update: {Total: 16440098816, Free: 12637818880}
09:11:42.754 [DEBUG] [org.gradle.process.internal.health.memory.MemoryManager] Emitting JVM memory status event {Maximum: 1073741824, Committed: 260046848}
09:11:47.755 [DEBUG] [org.gradle.process.internal.health.memory.MemoryManager] Emitting OS memory status event {Total: 16440098816, Free: 12637573120}
09:11:47.755 [DEBUG] [org.gradle.launcher.daemon.server.health.LowMemoryDaemonExpirationStrategy] Received memory status update: {Total: 16440098816, Free: 12637573120}
09:11:47.755 [DEBUG] [org.gradle.process.internal.health.memory.MemoryManager] Emitting JVM memory status event {Maximum: 1073741824, Committed: 260046848}
09:11:51.711 [DEBUG] [org.gradle.launcher.daemon.server.Daemon] DaemonExpirationPeriodicCheck running
09:11:51.711 [DEBUG] [org.gradle.cache.internal.DefaultFileLockManager] Waiting to acquire shared lock on daemon addresses registry.
09:11:51.711 [DEBUG] [org.gradle.cache.internal.DefaultFileLockManager] Lock acquired on daemon addresses registry.
09:11:51.711 [DEBUG] [org.gradle.cache.internal.DefaultFileLockManager] Releasing lock on daemon addresses registry.
09:11:51.711 [DEBUG] [org.gradle.cache.internal.DefaultFileLockManager] Waiting to acquire shared lock on daemon addresses registry.
09:11:51.711 [DEBUG] [org.gradle.cache.internal.DefaultFileLockManager] Lock acquired on daemon addresses registry.
09:11:51.711 [DEBUG] [org.gradle.cache.internal.DefaultFileLockManager] Releasing lock on daemon addresses registry.
09:11:51.711 [DEBUG] [org.gradle.cache.internal.DefaultFileLockManager] Waiting to acquire shared lock on daemon addresses registry.
09:11:51.711 [DEBUG] [org.gradle.cache.internal.DefaultFileLockManager] Lock acquired on daemon addresses registry.
09:11:51.711 [DEBUG] [org.gradle.cache.internal.DefaultFileLockManager] Releasing lock on daemon addresses registry.
09:11:52.754 [DEBUG] [org.gradle.process.internal.health.memory.MemoryManager] Emitting OS memory status event {Total: 16440098816, Free: 12637585408}
09:11:52.755 [DEBUG] [org.gradle.launcher.daemon.server.health.LowMemoryDaemonExpirationStrategy] Received memory status update: {Total: 16440098816, Free: 12637585408}
09:11:52.755 [DEBUG] [org.gradle.process.internal.health.memory.MemoryManager] Emitting JVM memory status event {Maximum: 1073741824, Committed: 260046848}
09:11:57.755 [DEBUG] [org.gradle.process.internal.health.memory.MemoryManager] Emitting OS memory status event {Total: 16440098816, Free: 12637634560}
09:11:57.755 [DEBUG] [org.gradle.launcher.daemon.server.health.LowMemoryDaemonExpirationStrategy] Received memory status update: {Total: 16440098816, Free: 12637634560}
09:11:57.755 [DEBUG] [org.gradle.process.internal.health.memory.MemoryManager] Emitting JVM memory status event {Maximum: 1073741824, Committed: 260046848}
09:12:01.711 [DEBUG] [org.gradle.launcher.daemon.server.Daemon] DaemonExpirationPeriodicCheck running
09:12:01.711 [DEBUG] [org.gradle.cache.internal.DefaultFileLockManager] Waiting to acquire shared lock on daemon addresses registry.
09:12:01.711 [DEBUG] [org.gradle.cache.internal.DefaultFileLockManager] Lock acquired on daemon addresses registry.
09:12:01.711 [DEBUG] [org.gradle.cache.internal.DefaultFileLockManager] Releasing lock on daemon addresses registry.
09:12:01.711 [DEBUG] [org.gradle.cache.internal.DefaultFileLockManager] Waiting to acquire shared lock on daemon addresses registry.
09:12:01.711 [DEBUG] [org.gradle.cache.internal.DefaultFileLockManager] Lock acquired on daemon addresses registry.
09:12:01.711 [DEBUG] [org.gradle.cache.internal.DefaultFileLockManager] Releasing lock on daemon addresses registry.
09:12:01.711 [DEBUG] [org.gradle.cache.internal.DefaultFileLockManager] Waiting to acquire shared lock on daemon addresses registry.
09:12:01.711 [DEBUG] [org.gradle.cache.internal.DefaultFileLockManager] Lock acquired on daemon addresses registry.
09:12:01.711 [DEBUG] [org.gradle.cache.internal.DefaultFileLockManager] Releasing lock on daemon addresses registry.
09:12:02.754 [DEBUG] [org.gradle.process.internal.health.memory.MemoryManager] Emitting OS memory status event {Total: 16440098816, Free: 12636676096}
09:12:02.755 [DEBUG] [org.gradle.launcher.daemon.server.health.LowMemoryDaemonExpirationStrategy] Received memory status update: {Total: 16440098816, Free: 12636676096}
09:12:02.755 [DEBUG] [org.gradle.process.internal.health.memory.MemoryManager] Emitting JVM memory status event {Maximum: 1073741824, Committed: 260046848}
09:12:07.755 [DEBUG] [org.gradle.process.internal.health.memory.MemoryManager] Emitting OS memory status event {Total: 16440098816, Free: 12636745728}
09:12:07.755 [DEBUG] [org.gradle.launcher.daemon.server.health.LowMemoryDaemonExpirationStrategy] Received memory status update: {Total: 16440098816, Free: 12636745728}
09:12:07.755 [DEBUG] [org.gradle.process.internal.health.memory.MemoryManager] Emitting JVM memory status event {Maximum: 1073741824, Committed: 260046848}
09:12:11.711 [DEBUG] [org.gradle.launcher.daemon.server.Daemon] DaemonExpirationPeriodicCheck running
09:12:11.711 [DEBUG] [org.gradle.cache.internal.DefaultFileLockManager] Waiting to acquire shared lock on daemon addresses registry.
09:12:11.711 [DEBUG] [org.gradle.cache.internal.DefaultFileLockManager] Lock acquired on daemon addresses registry.
09:12:11.711 [DEBUG] [org.gradle.cache.internal.DefaultFileLockManager] Releasing lock on daemon addresses registry.
09:12:11.711 [DEBUG] [org.gradle.cache.internal.DefaultFileLockManager] Waiting to acquire shared lock on daemon addresses registry.
09:12:11.711 [DEBUG] [org.gradle.cache.internal.DefaultFileLockManager] Lock acquired on daemon addresses registry.
09:12:11.711 [DEBUG] [org.gradle.cache.internal.DefaultFileLockManager] Releasing lock on daemon addresses registry.
09:12:11.711 [DEBUG] [org.gradle.cache.internal.DefaultFileLockManager] Waiting to acquire shared lock on daemon addresses registry.
09:12:11.711 [DEBUG] [org.gradle.cache.internal.DefaultFileLockManager] Lock acquired on daemon addresses registry.
09:12:11.711 [DEBUG] [org.gradle.cache.internal.DefaultFileLockManager] Releasing lock on daemon addresses registry.
09:12:12.754 [DEBUG] [org.gradle.process.internal.health.memory.MemoryManager] Emitting OS memory status event {Total: 16440098816, Free: 12636753920}
09:12:12.755 [DEBUG] [org.gradle.launcher.daemon.server.health.LowMemoryDaemonExpirationStrategy] Received memory status update: {Total: 16440098816, Free: 12636753920}
09:12:12.755 [DEBUG] [org.gradle.process.internal.health.memory.MemoryManager] Emitting JVM memory status event {Maximum: 1073741824, Committed: 260046848}
09:12:17.755 [DEBUG] [org.gradle.process.internal.health.memory.MemoryManager] Emitting OS memory status event {Total: 16440098816, Free: 12636782592}
09:12:17.755 [DEBUG] [org.gradle.launcher.daemon.server.health.LowMemoryDaemonExpirationStrategy] Received memory status update: {Total: 16440098816, Free: 12636782592}
09:12:17.755 [DEBUG] [org.gradle.process.internal.health.memory.MemoryManager] Emitting JVM memory status event {Maximum: 1073741824, Committed: 260046848}
09:12:21.711 [DEBUG] [org.gradle.launcher.daemon.server.Daemon] DaemonExpirationPeriodicCheck running
09:12:21.711 [DEBUG] [org.gradle.cache.internal.DefaultFileLockManager] Waiting to acquire shared lock on daemon addresses registry.
09:12:21.711 [DEBUG] [org.gradle.cache.internal.DefaultFileLockManager] Lock acquired on daemon addresses registry.
09:12:21.711 [DEBUG] [org.gradle.cache.internal.DefaultFileLockManager] Releasing lock on daemon addresses registry.
09:12:21.711 [DEBUG] [org.gradle.cache.internal.DefaultFileLockManager] Waiting to acquire shared lock on daemon addresses registry.
09:12:21.711 [DEBUG] [org.gradle.cache.internal.DefaultFileLockManager] Lock acquired on daemon addresses registry.
09:12:21.711 [DEBUG] [org.gradle.cache.internal.DefaultFileLockManager] Releasing lock on daemon addresses registry.
09:12:21.711 [DEBUG] [org.gradle.cache.internal.DefaultFileLockManager] Waiting to acquire shared lock on daemon addresses registry.
09:12:21.711 [DEBUG] [org.gradle.cache.internal.DefaultFileLockManager] Lock acquired on daemon addresses registry.
09:12:21.711 [DEBUG] [org.gradle.cache.internal.DefaultFileLockManager] Releasing lock on daemon addresses registry.
09:12:22.754 [DEBUG] [org.gradle.process.internal.health.memory.MemoryManager] Emitting OS memory status event {Total: 16440098816, Free: 12633993216}
09:12:22.755 [DEBUG] [org.gradle.launcher.daemon.server.health.LowMemoryDaemonExpirationStrategy] Received memory status update: {Total: 16440098816, Free: 12633993216}
09:12:22.755 [DEBUG] [org.gradle.process.internal.health.memory.MemoryManager] Emitting JVM memory status event {Maximum: 1073741824, Committed: 260046848}
09:12:27.755 [DEBUG] [org.gradle.process.internal.health.memory.MemoryManager] Emitting OS memory status event {Total: 16440098816, Free: 12631703552}
09:12:27.755 [DEBUG] [org.gradle.launcher.daemon.server.health.LowMemoryDaemonExpirationStrategy] Received memory status update: {Total: 16440098816, Free: 12631703552}
09:12:27.755 [DEBUG] [org.gradle.process.internal.health.memory.MemoryManager] Emitting JVM memory status event {Maximum: 1073741824, Committed: 260046848}
09:12:31.711 [DEBUG] [org.gradle.launcher.daemon.server.Daemon] DaemonExpirationPeriodicCheck running
09:12:31.711 [DEBUG] [org.gradle.cache.internal.DefaultFileLockManager] Waiting to acquire shared lock on daemon addresses registry.
09:12:31.711 [DEBUG] [org.gradle.cache.internal.DefaultFileLockManager] Lock acquired on daemon addresses registry.
09:12:31.711 [DEBUG] [org.gradle.cache.internal.DefaultFileLockManager] Releasing lock on daemon addresses registry.
09:12:31.711 [DEBUG] [org.gradle.cache.internal.DefaultFileLockManager] Waiting to acquire shared lock on daemon addresses registry.
09:12:31.711 [DEBUG] [org.gradle.cache.internal.DefaultFileLockManager] Lock acquired on daemon addresses registry.
09:12:31.711 [DEBUG] [org.gradle.cache.internal.DefaultFileLockManager] Releasing lock on daemon addresses registry.
09:12:31.711 [DEBUG] [org.gradle.cache.internal.DefaultFileLockManager] Waiting to acquire shared lock on daemon addresses registry.
09:12:31.711 [DEBUG] [org.gradle.cache.internal.DefaultFileLockManager] Lock acquired on daemon addresses registry.
09:12:31.711 [DEBUG] [org.gradle.cache.internal.DefaultFileLockManager] Releasing lock on daemon addresses registry.
09:12:32.754 [DEBUG] [org.gradle.process.internal.health.memory.MemoryManager] Emitting OS memory status event {Total: 16440098816, Free: 12632834048}
09:12:32.755 [DEBUG] [org.gradle.launcher.daemon.server.health.LowMemoryDaemonExpirationStrategy] Received memory status update: {Total: 16440098816, Free: 12632834048}
09:12:32.755 [DEBUG] [org.gradle.process.internal.health.memory.MemoryManager] Emitting JVM memory status event {Maximum: 1073741824, Committed: 260046848}
09:12:37.755 [DEBUG] [org.gradle.process.internal.health.memory.MemoryManager] Emitting OS memory status event {Total: 16440098816, Free: 12632514560}
09:12:37.796 [DEBUG] [org.gradle.launcher.daemon.server.health.LowMemoryDaemonExpirationStrategy] Received memory status update: {Total: 16440098816, Free: 12632514560}
09:12:37.796 [DEBUG] [org.gradle.process.internal.health.memory.MemoryManager] Emitting JVM memory status event {Maximum: 1073741824, Committed: 260046848}
09:12:41.711 [DEBUG] [org.gradle.launcher.daemon.server.Daemon] DaemonExpirationPeriodicCheck running
09:12:41.711 [DEBUG] [org.gradle.cache.internal.DefaultFileLockManager] Waiting to acquire shared lock on daemon addresses registry.
09:12:41.711 [DEBUG] [org.gradle.cache.internal.DefaultFileLockManager] Lock acquired on daemon addresses registry.
09:12:41.711 [DEBUG] [org.gradle.cache.internal.DefaultFileLockManager] Releasing lock on daemon addresses registry.
09:12:41.711 [DEBUG] [org.gradle.cache.internal.DefaultFileLockManager] Waiting to acquire shared lock on daemon addresses registry.
09:12:41.711 [DEBUG] [org.gradle.cache.internal.DefaultFileLockManager] Lock acquired on daemon addresses registry.
09:12:41.711 [DEBUG] [org.gradle.cache.internal.DefaultFileLockManager] Releasing lock on daemon addresses registry.
09:12:41.711 [DEBUG] [org.gradle.cache.internal.DefaultFileLockManager] Waiting to acquire shared lock on daemon addresses registry.
09:12:41.711 [DEBUG] [org.gradle.cache.internal.DefaultFileLockManager] Lock acquired on daemon addresses registry.
09:12:41.711 [DEBUG] [org.gradle.cache.internal.DefaultFileLockManager] Releasing lock on daemon addresses registry.
09:12:42.754 [DEBUG] [org.gradle.process.internal.health.memory.MemoryManager] Emitting OS memory status event {Total: 16440098816, Free: 12632518656}
09:12:42.755 [DEBUG] [org.gradle.launcher.daemon.server.health.LowMemoryDaemonExpirationStrategy] Received memory status update: {Total: 16440098816, Free: 12632518656}
09:12:42.755 [DEBUG] [org.gradle.process.internal.health.memory.MemoryManager] Emitting JVM memory status event {Maximum: 1073741824, Committed: 260046848}
09:12:47.755 [DEBUG] [org.gradle.process.internal.health.memory.MemoryManager] Emitting OS memory status event {Total: 16440098816, Free: 12632027136}
09:12:47.755 [DEBUG] [org.gradle.launcher.daemon.server.health.LowMemoryDaemonExpirationStrategy] Received memory status update: {Total: 16440098816, Free: 12632027136}
09:12:47.755 [DEBUG] [org.gradle.process.internal.health.memory.MemoryManager] Emitting JVM memory status event {Maximum: 1073741824, Committed: 260046848}
09:12:51.711 [DEBUG] [org.gradle.launcher.daemon.server.Daemon] DaemonExpirationPeriodicCheck running
09:12:51.711 [DEBUG] [org.gradle.cache.internal.DefaultFileLockManager] Waiting to acquire shared lock on daemon addresses registry.
09:12:51.711 [DEBUG] [org.gradle.cache.internal.DefaultFileLockManager] Lock acquired on daemon addresses registry.
09:12:51.711 [DEBUG] [org.gradle.cache.internal.DefaultFileLockManager] Releasing lock on daemon addresses registry.
09:12:51.711 [DEBUG] [org.gradle.cache.internal.DefaultFileLockManager] Waiting to acquire shared lock on daemon addresses registry.
09:12:51.711 [DEBUG] [org.gradle.cache.internal.DefaultFileLockManager] Lock acquired on daemon addresses registry.
09:12:51.711 [DEBUG] [org.gradle.cache.internal.DefaultFileLockManager] Releasing lock on daemon addresses registry.
09:12:51.711 [DEBUG] [org.gradle.cache.internal.DefaultFileLockManager] Waiting to acquire shared lock on daemon addresses registry.
09:12:51.711 [DEBUG] [org.gradle.cache.internal.DefaultFileLockManager] Lock acquired on daemon addresses registry.
09:12:51.711 [DEBUG] [org.gradle.cache.internal.DefaultFileLockManager] Releasing lock on daemon addresses registry.
09:12:52.755 [DEBUG] [org.gradle.process.internal.health.memory.MemoryManager] Emitting OS memory status event {Total: 16440098816, Free: 12631781376}
09:12:52.755 [DEBUG] [org.gradle.launcher.daemon.server.health.LowMemoryDaemonExpirationStrategy] Received memory status update: {Total: 16440098816, Free: 12631781376}
09:12:52.755 [DEBUG] [org.gradle.process.internal.health.memory.MemoryManager] Emitting JVM memory status event {Maximum: 1073741824, Committed: 260046848}
09:12:57.755 [DEBUG] [org.gradle.process.internal.health.memory.MemoryManager] Emitting OS memory status event {Total: 16440098816, Free: 12631535616}
09:12:57.755 [DEBUG] [org.gradle.launcher.daemon.server.health.LowMemoryDaemonExpirationStrategy] Received memory status update: {Total: 16440098816, Free: 12631535616}
09:12:57.755 [DEBUG] [org.gradle.process.internal.health.memory.MemoryManager] Emitting JVM memory status event {Maximum: 1073741824, Committed: 260046848}
09:13:01.711 [DEBUG] [org.gradle.launcher.daemon.server.Daemon] DaemonExpirationPeriodicCheck running
09:13:01.711 [DEBUG] [org.gradle.cache.internal.DefaultFileLockManager] Waiting to acquire shared lock on daemon addresses registry.
09:13:01.711 [DEBUG] [org.gradle.cache.internal.DefaultFileLockManager] Lock acquired on daemon addresses registry.
09:13:01.711 [DEBUG] [org.gradle.cache.internal.DefaultFileLockManager] Releasing lock on daemon addresses registry.
09:13:01.711 [DEBUG] [org.gradle.cache.internal.DefaultFileLockManager] Waiting to acquire shared lock on daemon addresses registry.
09:13:01.711 [DEBUG] [org.gradle.cache.internal.DefaultFileLockManager] Lock acquired on daemon addresses registry.
09:13:01.711 [DEBUG] [org.gradle.cache.internal.DefaultFileLockManager] Releasing lock on daemon addresses registry.
09:13:01.711 [DEBUG] [org.gradle.cache.internal.DefaultFileLockManager] Waiting to acquire shared lock on daemon addresses registry.
09:13:01.711 [DEBUG] [org.gradle.cache.internal.DefaultFileLockManager] Lock acquired on daemon addresses registry.
09:13:01.711 [DEBUG] [org.gradle.cache.internal.DefaultFileLockManager] Releasing lock on daemon addresses registry.
09:13:02.755 [DEBUG] [org.gradle.process.internal.health.memory.MemoryManager] Emitting OS memory status event {Total: 16440098816, Free: 12631285760}
09:13:02.755 [DEBUG] [org.gradle.launcher.daemon.server.health.LowMemoryDaemonExpirationStrategy] Received memory status update: {Total: 16440098816, Free: 12631285760}
09:13:02.755 [DEBUG] [org.gradle.process.internal.health.memory.MemoryManager] Emitting JVM memory status event {Maximum: 1073741824, Committed: 260046848}
09:13:07.755 [DEBUG] [org.gradle.process.internal.health.memory.MemoryManager] Emitting OS memory status event {Total: 16440098816, Free: 12552822784}
09:13:07.755 [DEBUG] [org.gradle.launcher.daemon.server.health.LowMemoryDaemonExpirationStrategy] Received memory status update: {Total: 16440098816, Free: 12552822784}
09:13:07.755 [DEBUG] [org.gradle.process.internal.health.memory.MemoryManager] Emitting JVM memory status event {Maximum: 1073741824, Committed: 260046848}
09:13:11.711 [DEBUG] [org.gradle.launcher.daemon.server.Daemon] DaemonExpirationPeriodicCheck running
09:13:11.711 [DEBUG] [org.gradle.cache.internal.DefaultFileLockManager] Waiting to acquire shared lock on daemon addresses registry.
09:13:11.711 [DEBUG] [org.gradle.cache.internal.DefaultFileLockManager] Lock acquired on daemon addresses registry.
09:13:11.711 [DEBUG] [org.gradle.cache.internal.DefaultFileLockManager] Releasing lock on daemon addresses registry.
09:13:11.711 [DEBUG] [org.gradle.cache.internal.DefaultFileLockManager] Waiting to acquire shared lock on daemon addresses registry.
09:13:11.711 [DEBUG] [org.gradle.cache.internal.DefaultFileLockManager] Lock acquired on daemon addresses registry.
09:13:11.711 [DEBUG] [org.gradle.cache.internal.DefaultFileLockManager] Releasing lock on daemon addresses registry.
09:13:11.711 [DEBUG] [org.gradle.cache.internal.DefaultFileLockManager] Waiting to acquire shared lock on daemon addresses registry.
09:13:11.711 [DEBUG] [org.gradle.cache.internal.DefaultFileLockManager] Lock acquired on daemon addresses registry.
09:13:11.711 [DEBUG] [org.gradle.cache.internal.DefaultFileLockManager] Releasing lock on daemon addresses registry.
09:13:12.755 [DEBUG] [org.gradle.process.internal.health.memory.MemoryManager] Emitting OS memory status event {Total: 16440098816, Free: 12618264576}
09:13:12.755 [DEBUG] [org.gradle.launcher.daemon.server.health.LowMemoryDaemonExpirationStrategy] Received memory status update: {Total: 16440098816, Free: 12618264576}
09:13:12.755 [DEBUG] [org.gradle.process.internal.health.memory.MemoryManager] Emitting JVM memory status event {Maximum: 1073741824, Committed: 260046848}
09:13:17.755 [DEBUG] [org.gradle.process.internal.health.memory.MemoryManager] Emitting OS memory status event {Total: 16440098816, Free: 12621971456}
09:13:17.755 [DEBUG] [org.gradle.launcher.daemon.server.health.LowMemoryDaemonExpirationStrategy] Received memory status update: {Total: 16440098816, Free: 12621971456}
09:13:17.755 [DEBUG] [org.gradle.process.internal.health.memory.MemoryManager] Emitting JVM memory status event {Maximum: 1073741824, Committed: 260046848}
09:13:21.711 [DEBUG] [org.gradle.launcher.daemon.server.Daemon] DaemonExpirationPeriodicCheck running
09:13:21.711 [DEBUG] [org.gradle.cache.internal.DefaultFileLockManager] Waiting to acquire shared lock on daemon addresses registry.
09:13:21.711 [DEBUG] [org.gradle.cache.internal.DefaultFileLockManager] Lock acquired on daemon addresses registry.
09:13:21.711 [DEBUG] [org.gradle.cache.internal.DefaultFileLockManager] Releasing lock on daemon addresses registry.
09:13:21.711 [DEBUG] [org.gradle.cache.internal.DefaultFileLockManager] Waiting to acquire shared lock on daemon addresses registry.
09:13:21.711 [DEBUG] [org.gradle.cache.internal.DefaultFileLockManager] Lock acquired on daemon addresses registry.
09:13:21.711 [DEBUG] [org.gradle.cache.internal.DefaultFileLockManager] Releasing lock on daemon addresses registry.
09:13:21.711 [DEBUG] [org.gradle.cache.internal.DefaultFileLockManager] Waiting to acquire shared lock on daemon addresses registry.
09:13:21.711 [DEBUG] [org.gradle.cache.internal.DefaultFileLockManager] Lock acquired on daemon addresses registry.
09:13:21.711 [DEBUG] [org.gradle.cache.internal.DefaultFileLockManager] Releasing lock on daemon addresses registry.
09:13:22.755 [DEBUG] [org.gradle.process.internal.health.memory.MemoryManager] Emitting OS memory status event {Total: 16440098816, Free: 12621996032}
09:13:22.755 [DEBUG] [org.gradle.launcher.daemon.server.health.LowMemoryDaemonExpirationStrategy] Received memory status update: {Total: 16440098816, Free: 12621996032}
09:13:22.755 [DEBUG] [org.gradle.process.internal.health.memory.MemoryManager] Emitting JVM memory status event {Maximum: 1073741824, Committed: 260046848}
09:13:27.755 [DEBUG] [org.gradle.process.internal.health.memory.MemoryManager] Emitting OS memory status event {Total: 16440098816, Free: 12622004224}
09:13:27.755 [DEBUG] [org.gradle.launcher.daemon.server.health.LowMemoryDaemonExpirationStrategy] Received memory status update: {Total: 16440098816, Free: 12622004224}
09:13:27.755 [DEBUG] [org.gradle.process.internal.health.memory.MemoryManager] Emitting JVM memory status event {Maximum: 1073741824, Committed: 260046848}
09:13:31.711 [DEBUG] [org.gradle.launcher.daemon.server.Daemon] DaemonExpirationPeriodicCheck running
09:13:31.711 [DEBUG] [org.gradle.cache.internal.DefaultFileLockManager] Waiting to acquire shared lock on daemon addresses registry.
09:13:31.711 [DEBUG] [org.gradle.cache.internal.DefaultFileLockManager] Lock acquired on daemon addresses registry.
09:13:31.711 [DEBUG] [org.gradle.cache.internal.DefaultFileLockManager] Releasing lock on daemon addresses registry.
09:13:31.711 [DEBUG] [org.gradle.cache.internal.DefaultFileLockManager] Waiting to acquire shared lock on daemon addresses registry.
09:13:31.711 [DEBUG] [org.gradle.cache.internal.DefaultFileLockManager] Lock acquired on daemon addresses registry.
09:13:31.711 [DEBUG] [org.gradle.cache.internal.DefaultFileLockManager] Releasing lock on daemon addresses registry.
09:13:31.711 [DEBUG] [org.gradle.cache.internal.DefaultFileLockManager] Waiting to acquire shared lock on daemon addresses registry.
09:13:31.711 [DEBUG] [org.gradle.cache.internal.DefaultFileLockManager] Lock acquired on daemon addresses registry.
09:13:31.711 [DEBUG] [org.gradle.cache.internal.DefaultFileLockManager] Releasing lock on daemon addresses registry.
09:13:32.754 [DEBUG] [org.gradle.process.internal.health.memory.MemoryManager] Emitting OS memory status event {Total: 16440098816, Free: 12621500416}
09:13:32.754 [DEBUG] [org.gradle.launcher.daemon.server.health.LowMemoryDaemonExpirationStrategy] Received memory status update: {Total: 16440098816, Free: 12621500416}
09:13:32.754 [DEBUG] [org.gradle.process.internal.health.memory.MemoryManager] Emitting JVM memory status event {Maximum: 1073741824, Committed: 260046848}
09:13:37.755 [DEBUG] [org.gradle.process.internal.health.memory.MemoryManager] Emitting OS memory status event {Total: 16440098816, Free: 12621258752}
09:13:37.755 [DEBUG] [org.gradle.launcher.daemon.server.health.LowMemoryDaemonExpirationStrategy] Received memory status update: {Total: 16440098816, Free: 12621258752}
09:13:37.755 [DEBUG] [org.gradle.process.internal.health.memory.MemoryManager] Emitting JVM memory status event {Maximum: 1073741824, Committed: 260046848}
09:13:41.711 [DEBUG] [org.gradle.launcher.daemon.server.Daemon] DaemonExpirationPeriodicCheck running
09:13:41.711 [DEBUG] [org.gradle.cache.internal.DefaultFileLockManager] Waiting to acquire shared lock on daemon addresses registry.
09:13:41.711 [DEBUG] [org.gradle.cache.internal.DefaultFileLockManager] Lock acquired on daemon addresses registry.
09:13:41.711 [DEBUG] [org.gradle.cache.internal.DefaultFileLockManager] Releasing lock on daemon addresses registry.
09:13:41.711 [DEBUG] [org.gradle.cache.internal.DefaultFileLockManager] Waiting to acquire shared lock on daemon addresses registry.
09:13:41.711 [DEBUG] [org.gradle.cache.internal.DefaultFileLockManager] Lock acquired on daemon addresses registry.
09:13:41.711 [DEBUG] [org.gradle.cache.internal.DefaultFileLockManager] Releasing lock on daemon addresses registry.
09:13:41.711 [DEBUG] [org.gradle.cache.internal.DefaultFileLockManager] Waiting to acquire shared lock on daemon addresses registry.
09:13:41.711 [DEBUG] [org.gradle.cache.internal.DefaultFileLockManager] Lock acquired on daemon addresses registry.
09:13:41.711 [DEBUG] [org.gradle.cache.internal.DefaultFileLockManager] Releasing lock on daemon addresses registry.
09:13:42.754 [DEBUG] [org.gradle.process.internal.health.memory.MemoryManager] Emitting OS memory status event {Total: 16440098816, Free: 12621266944}
09:13:42.754 [DEBUG] [org.gradle.launcher.daemon.server.health.LowMemoryDaemonExpirationStrategy] Received memory status update: {Total: 16440098816, Free: 12621266944}
09:13:42.754 [DEBUG] [org.gradle.process.internal.health.memory.MemoryManager] Emitting JVM memory status event {Maximum: 1073741824, Committed: 260046848}
09:13:47.755 [DEBUG] [org.gradle.process.internal.health.memory.MemoryManager] Emitting OS memory status event {Total: 16440098816, Free: 12621275136}
09:13:47.755 [DEBUG] [org.gradle.launcher.daemon.server.health.LowMemoryDaemonExpirationStrategy] Received memory status update: {Total: 16440098816, Free: 12621275136}
09:13:47.755 [DEBUG] [org.gradle.process.internal.health.memory.MemoryManager] Emitting JVM memory status event {Maximum: 1073741824, Committed: 260046848}
09:13:51.711 [DEBUG] [org.gradle.launcher.daemon.server.Daemon] DaemonExpirationPeriodicCheck running
09:13:51.711 [DEBUG] [org.gradle.cache.internal.DefaultFileLockManager] Waiting to acquire shared lock on daemon addresses registry.
09:13:51.711 [DEBUG] [org.gradle.cache.internal.DefaultFileLockManager] Lock acquired on daemon addresses registry.
09:13:51.711 [DEBUG] [org.gradle.cache.internal.DefaultFileLockManager] Releasing lock on daemon addresses registry.
09:13:51.711 [DEBUG] [org.gradle.cache.internal.DefaultFileLockManager] Waiting to acquire shared lock on daemon addresses registry.
09:13:51.711 [DEBUG] [org.gradle.cache.internal.DefaultFileLockManager] Lock acquired on daemon addresses registry.
09:13:51.711 [DEBUG] [org.gradle.cache.internal.DefaultFileLockManager] Releasing lock on daemon addresses registry.
09:13:51.711 [DEBUG] [org.gradle.cache.internal.DefaultFileLockManager] Waiting to acquire shared lock on daemon addresses registry.
09:13:51.711 [DEBUG] [org.gradle.cache.internal.DefaultFileLockManager] Lock acquired on daemon addresses registry.
09:13:51.711 [DEBUG] [org.gradle.cache.internal.DefaultFileLockManager] Releasing lock on daemon addresses registry.
09:13:52.754 [DEBUG] [org.gradle.process.internal.health.memory.MemoryManager] Emitting OS memory status event {Total: 16440098816, Free: 12621283328}
09:13:52.754 [DEBUG] [org.gradle.launcher.daemon.server.health.LowMemoryDaemonExpirationStrategy] Received memory status update: {Total: 16440098816, Free: 12621283328}
09:13:52.754 [DEBUG] [org.gradle.process.internal.health.memory.MemoryManager] Emitting JVM memory status event {Maximum: 1073741824, Committed: 260046848}
09:13:57.755 [DEBUG] [org.gradle.process.internal.health.memory.MemoryManager] Emitting OS memory status event {Total: 16440098816, Free: 12636307456}
09:13:57.755 [DEBUG] [org.gradle.launcher.daemon.server.health.LowMemoryDaemonExpirationStrategy] Received memory status update: {Total: 16440098816, Free: 12636307456}
09:13:57.755 [DEBUG] [org.gradle.process.internal.health.memory.MemoryManager] Emitting JVM memory status event {Maximum: 1073741824, Committed: 260046848}
09:14:01.711 [DEBUG] [org.gradle.launcher.daemon.server.Daemon] DaemonExpirationPeriodicCheck running
09:14:01.711 [DEBUG] [org.gradle.cache.internal.DefaultFileLockManager] Waiting to acquire shared lock on daemon addresses registry.
09:14:01.711 [DEBUG] [org.gradle.cache.internal.DefaultFileLockManager] Lock acquired on daemon addresses registry.
09:14:01.711 [DEBUG] [org.gradle.cache.internal.DefaultFileLockManager] Releasing lock on daemon addresses registry.
09:14:01.711 [DEBUG] [org.gradle.cache.internal.DefaultFileLockManager] Waiting to acquire shared lock on daemon addresses registry.
09:14:01.711 [DEBUG] [org.gradle.cache.internal.DefaultFileLockManager] Lock acquired on daemon addresses registry.
09:14:01.711 [DEBUG] [org.gradle.cache.internal.DefaultFileLockManager] Releasing lock on daemon addresses registry.
09:14:01.711 [DEBUG] [org.gradle.cache.internal.DefaultFileLockManager] Waiting to acquire shared lock on daemon addresses registry.
09:14:01.711 [DEBUG] [org.gradle.cache.internal.DefaultFileLockManager] Lock acquired on daemon addresses registry.
09:14:01.711 [DEBUG] [org.gradle.cache.internal.DefaultFileLockManager] Releasing lock on daemon addresses registry.
09:14:02.754 [DEBUG] [org.gradle.process.internal.health.memory.MemoryManager] Emitting OS memory status event {Total: 16440098816, Free: 12636311552}
09:14:02.754 [DEBUG] [org.gradle.launcher.daemon.server.health.LowMemoryDaemonExpirationStrategy] Received memory status update: {Total: 16440098816, Free: 12636311552}
09:14:02.755 [DEBUG] [org.gradle.process.internal.health.memory.MemoryManager] Emitting JVM memory status event {Maximum: 1073741824, Committed: 260046848}
09:14:07.755 [DEBUG] [org.gradle.process.internal.health.memory.MemoryManager] Emitting OS memory status event {Total: 16440098816, Free: 12636352512}
09:14:07.755 [DEBUG] [org.gradle.launcher.daemon.server.health.LowMemoryDaemonExpirationStrategy] Received memory status update: {Total: 16440098816, Free: 12636352512}
09:14:07.755 [DEBUG] [org.gradle.process.internal.health.memory.MemoryManager] Emitting JVM memory status event {Maximum: 1073741824, Committed: 260046848}
09:14:11.711 [DEBUG] [org.gradle.launcher.daemon.server.Daemon] DaemonExpirationPeriodicCheck running
09:14:11.711 [DEBUG] [org.gradle.cache.internal.DefaultFileLockManager] Waiting to acquire shared lock on daemon addresses registry.
09:14:11.711 [DEBUG] [org.gradle.cache.internal.DefaultFileLockManager] Lock acquired on daemon addresses registry.
09:14:11.711 [DEBUG] [org.gradle.cache.internal.DefaultFileLockManager] Releasing lock on daemon addresses registry.
09:14:11.711 [DEBUG] [org.gradle.cache.internal.DefaultFileLockManager] Waiting to acquire shared lock on daemon addresses registry.
09:14:11.711 [DEBUG] [org.gradle.cache.internal.DefaultFileLockManager] Lock acquired on daemon addresses registry.
09:14:11.711 [DEBUG] [org.gradle.cache.internal.DefaultFileLockManager] Releasing lock on daemon addresses registry.
09:14:11.711 [DEBUG] [org.gradle.cache.internal.DefaultFileLockManager] Waiting to acquire shared lock on daemon addresses registry.
09:14:11.711 [DEBUG] [org.gradle.cache.internal.DefaultFileLockManager] Lock acquired on daemon addresses registry.
09:14:11.711 [DEBUG] [org.gradle.cache.internal.DefaultFileLockManager] Releasing lock on daemon addresses registry.
09:14:12.754 [DEBUG] [org.gradle.process.internal.health.memory.MemoryManager] Emitting OS memory status event {Total: 16440098816, Free: 12636385280}
09:14:12.754 [DEBUG] [org.gradle.launcher.daemon.server.health.LowMemoryDaemonExpirationStrategy] Received memory status update: {Total: 16440098816, Free: 12636385280}
09:14:12.755 [DEBUG] [org.gradle.process.internal.health.memory.MemoryManager] Emitting JVM memory status event {Maximum: 1073741824, Committed: 260046848}
09:14:17.755 [DEBUG] [org.gradle.process.internal.health.memory.MemoryManager] Emitting OS memory status event {Total: 16440098816, Free: 12636397568}
09:14:17.755 [DEBUG] [org.gradle.launcher.daemon.server.health.LowMemoryDaemonExpirationStrategy] Received memory status update: {Total: 16440098816, Free: 12636397568}
09:14:17.755 [DEBUG] [org.gradle.process.internal.health.memory.MemoryManager] Emitting JVM memory status event {Maximum: 1073741824, Committed: 260046848}
09:14:21.711 [DEBUG] [org.gradle.launcher.daemon.server.Daemon] DaemonExpirationPeriodicCheck running
09:14:21.711 [DEBUG] [org.gradle.cache.internal.DefaultFileLockManager] Waiting to acquire shared lock on daemon addresses registry.
09:14:21.711 [DEBUG] [org.gradle.cache.internal.DefaultFileLockManager] Lock acquired on daemon addresses registry.
09:14:21.711 [DEBUG] [org.gradle.cache.internal.DefaultFileLockManager] Releasing lock on daemon addresses registry.
09:14:21.711 [DEBUG] [org.gradle.cache.internal.DefaultFileLockManager] Waiting to acquire shared lock on daemon addresses registry.
09:14:21.711 [DEBUG] [org.gradle.cache.internal.DefaultFileLockManager] Lock acquired on daemon addresses registry.
09:14:21.711 [DEBUG] [org.gradle.cache.internal.DefaultFileLockManager] Releasing lock on daemon addresses registry.
09:14:21.711 [DEBUG] [org.gradle.cache.internal.DefaultFileLockManager] Waiting to acquire shared lock on daemon addresses registry.
09:14:21.711 [DEBUG] [org.gradle.cache.internal.DefaultFileLockManager] Lock acquired on daemon addresses registry.
09:14:21.711 [DEBUG] [org.gradle.cache.internal.DefaultFileLockManager] Releasing lock on daemon addresses registry.
09:14:22.754 [DEBUG] [org.gradle.process.internal.health.memory.MemoryManager] Emitting OS memory status event {Total: 16440098816, Free: 12636405760}
09:14:22.754 [DEBUG] [org.gradle.launcher.daemon.server.health.LowMemoryDaemonExpirationStrategy] Received memory status update: {Total: 16440098816, Free: 12636405760}
09:14:22.755 [DEBUG] [org.gradle.process.internal.health.memory.MemoryManager] Emitting JVM memory status event {Maximum: 1073741824, Committed: 260046848}
09:14:27.755 [DEBUG] [org.gradle.process.internal.health.memory.MemoryManager] Emitting OS memory status event {Total: 16440098816, Free: 12641153024}
09:14:27.755 [DEBUG] [org.gradle.launcher.daemon.server.health.LowMemoryDaemonExpirationStrategy] Received memory status update: {Total: 16440098816, Free: 12641153024}
09:14:27.755 [DEBUG] [org.gradle.process.internal.health.memory.MemoryManager] Emitting JVM memory status event {Maximum: 1073741824, Committed: 260046848}
09:14:31.711 [DEBUG] [org.gradle.launcher.daemon.server.Daemon] DaemonExpirationPeriodicCheck running
09:14:31.711 [DEBUG] [org.gradle.cache.internal.DefaultFileLockManager] Waiting to acquire shared lock on daemon addresses registry.
09:14:31.711 [DEBUG] [org.gradle.cache.internal.DefaultFileLockManager] Lock acquired on daemon addresses registry.
09:14:31.711 [DEBUG] [org.gradle.cache.internal.DefaultFileLockManager] Releasing lock on daemon addresses registry.
09:14:31.711 [DEBUG] [org.gradle.cache.internal.DefaultFileLockManager] Waiting to acquire shared lock on daemon addresses registry.
09:14:31.711 [DEBUG] [org.gradle.cache.internal.DefaultFileLockManager] Lock acquired on daemon addresses registry.
09:14:31.711 [DEBUG] [org.gradle.cache.internal.DefaultFileLockManager] Releasing lock on daemon addresses registry.
09:14:31.711 [DEBUG] [org.gradle.cache.internal.DefaultFileLockManager] Waiting to acquire shared lock on daemon addresses registry.
09:14:31.711 [DEBUG] [org.gradle.cache.internal.DefaultFileLockManager] Lock acquired on daemon addresses registry.
09:14:31.711 [DEBUG] [org.gradle.cache.internal.DefaultFileLockManager] Releasing lock on daemon addresses registry.
09:14:32.754 [DEBUG] [org.gradle.process.internal.health.memory.MemoryManager] Emitting OS memory status event {Total: 16440098816, Free: 12640411648}
09:14:32.755 [DEBUG] [org.gradle.launcher.daemon.server.health.LowMemoryDaemonExpirationStrategy] Received memory status update: {Total: 16440098816, Free: 12640411648}
09:14:32.755 [DEBUG] [org.gradle.process.internal.health.memory.MemoryManager] Emitting JVM memory status event {Maximum: 1073741824, Committed: 260046848}
09:14:37.755 [DEBUG] [org.gradle.process.internal.health.memory.MemoryManager] Emitting OS memory status event {Total: 16440098816, Free: 12638613504}
09:14:37.755 [DEBUG] [org.gradle.launcher.daemon.server.health.LowMemoryDaemonExpirationStrategy] Received memory status update: {Total: 16440098816, Free: 12638613504}
09:14:37.755 [DEBUG] [org.gradle.process.internal.health.memory.MemoryManager] Emitting JVM memory status event {Maximum: 1073741824, Committed: 260046848}
09:14:41.711 [DEBUG] [org.gradle.launcher.daemon.server.Daemon] DaemonExpirationPeriodicCheck running
09:14:41.711 [DEBUG] [org.gradle.cache.internal.DefaultFileLockManager] Waiting to acquire shared lock on daemon addresses registry.
09:14:41.711 [DEBUG] [org.gradle.cache.internal.DefaultFileLockManager] Lock acquired on daemon addresses registry.
09:14:41.711 [DEBUG] [org.gradle.cache.internal.DefaultFileLockManager] Releasing lock on daemon addresses registry.
09:14:41.711 [DEBUG] [org.gradle.cache.internal.DefaultFileLockManager] Waiting to acquire shared lock on daemon addresses registry.
09:14:41.711 [DEBUG] [org.gradle.cache.internal.DefaultFileLockManager] Lock acquired on daemon addresses registry.
09:14:41.711 [DEBUG] [org.gradle.cache.internal.DefaultFileLockManager] Releasing lock on daemon addresses registry.
09:14:41.711 [DEBUG] [org.gradle.cache.internal.DefaultFileLockManager] Waiting to acquire shared lock on daemon addresses registry.
09:14:41.711 [DEBUG] [org.gradle.cache.internal.DefaultFileLockManager] Lock acquired on daemon addresses registry.
09:14:41.711 [DEBUG] [org.gradle.cache.internal.DefaultFileLockManager] Releasing lock on daemon addresses registry.
09:14:42.755 [DEBUG] [org.gradle.process.internal.health.memory.MemoryManager] Emitting OS memory status event {Total: 16440098816, Free: 12638408704}
09:14:42.755 [DEBUG] [org.gradle.launcher.daemon.server.health.LowMemoryDaemonExpirationStrategy] Received memory status update: {Total: 16440098816, Free: 12638408704}
09:14:42.755 [DEBUG] [org.gradle.process.internal.health.memory.MemoryManager] Emitting JVM memory status event {Maximum: 1073741824, Committed: 260046848}
09:14:47.755 [DEBUG] [org.gradle.process.internal.health.memory.MemoryManager] Emitting OS memory status event {Total: 16440098816, Free: 12638420992}
09:14:47.755 [DEBUG] [org.gradle.launcher.daemon.server.health.LowMemoryDaemonExpirationStrategy] Received memory status update: {Total: 16440098816, Free: 12638420992}
09:14:47.755 [DEBUG] [org.gradle.process.internal.health.memory.MemoryManager] Emitting JVM memory status event {Maximum: 1073741824, Committed: 260046848}
09:14:51.711 [DEBUG] [org.gradle.launcher.daemon.server.Daemon] DaemonExpirationPeriodicCheck running
09:14:51.711 [DEBUG] [org.gradle.cache.internal.DefaultFileLockManager] Waiting to acquire shared lock on daemon addresses registry.
09:14:51.711 [DEBUG] [org.gradle.cache.internal.DefaultFileLockManager] Lock acquired on daemon addresses registry.
09:14:51.711 [DEBUG] [org.gradle.cache.internal.DefaultFileLockManager] Releasing lock on daemon addresses registry.
09:14:51.711 [DEBUG] [org.gradle.cache.internal.DefaultFileLockManager] Waiting to acquire shared lock on daemon addresses registry.
09:14:51.711 [DEBUG] [org.gradle.cache.internal.DefaultFileLockManager] Lock acquired on daemon addresses registry.
09:14:51.711 [DEBUG] [org.gradle.cache.internal.DefaultFileLockManager] Releasing lock on daemon addresses registry.
09:14:51.711 [DEBUG] [org.gradle.cache.internal.DefaultFileLockManager] Waiting to acquire shared lock on daemon addresses registry.
09:14:51.711 [DEBUG] [org.gradle.cache.internal.DefaultFileLockManager] Lock acquired on daemon addresses registry.
09:14:51.711 [DEBUG] [org.gradle.cache.internal.DefaultFileLockManager] Releasing lock on daemon addresses registry.
09:14:52.754 [DEBUG] [org.gradle.process.internal.health.memory.MemoryManager] Emitting OS memory status event {Total: 16440098816, Free: 12632829952}
09:14:52.754 [DEBUG] [org.gradle.launcher.daemon.server.health.LowMemoryDaemonExpirationStrategy] Received memory status update: {Total: 16440098816, Free: 12632829952}
09:14:52.755 [DEBUG] [org.gradle.process.internal.health.memory.MemoryManager] Emitting JVM memory status event {Maximum: 1073741824, Committed: 260046848}
09:14:57.755 [DEBUG] [org.gradle.process.internal.health.memory.MemoryManager] Emitting OS memory status event {Total: 16440098816, Free: 12634099712}
09:14:57.755 [DEBUG] [org.gradle.launcher.daemon.server.health.LowMemoryDaemonExpirationStrategy] Received memory status update: {Total: 16440098816, Free: 12634099712}
09:14:57.755 [DEBUG] [org.gradle.process.internal.health.memory.MemoryManager] Emitting JVM memory status event {Maximum: 1073741824, Committed: 260046848}
09:15:01.711 [DEBUG] [org.gradle.launcher.daemon.server.Daemon] DaemonExpirationPeriodicCheck running
09:15:01.711 [DEBUG] [org.gradle.cache.internal.DefaultFileLockManager] Waiting to acquire shared lock on daemon addresses registry.
09:15:01.711 [DEBUG] [org.gradle.cache.internal.DefaultFileLockManager] Lock acquired on daemon addresses registry.
09:15:01.711 [DEBUG] [org.gradle.cache.internal.DefaultFileLockManager] Releasing lock on daemon addresses registry.
09:15:01.711 [DEBUG] [org.gradle.cache.internal.DefaultFileLockManager] Waiting to acquire shared lock on daemon addresses registry.
09:15:01.711 [DEBUG] [org.gradle.cache.internal.DefaultFileLockManager] Lock acquired on daemon addresses registry.
09:15:01.711 [DEBUG] [org.gradle.cache.internal.DefaultFileLockManager] Releasing lock on daemon addresses registry.
09:15:01.711 [DEBUG] [org.gradle.cache.internal.DefaultFileLockManager] Waiting to acquire shared lock on daemon addresses registry.
09:15:01.711 [DEBUG] [org.gradle.cache.internal.DefaultFileLockManager] Lock acquired on daemon addresses registry.
09:15:01.711 [DEBUG] [org.gradle.cache.internal.DefaultFileLockManager] Releasing lock on daemon addresses registry.
09:15:02.754 [DEBUG] [org.gradle.process.internal.health.memory.MemoryManager] Emitting OS memory status event {Total: 16440098816, Free: 12633616384}
09:15:02.754 [DEBUG] [org.gradle.launcher.daemon.server.health.LowMemoryDaemonExpirationStrategy] Received memory status update: {Total: 16440098816, Free: 12633616384}
09:15:02.755 [DEBUG] [org.gradle.process.internal.health.memory.MemoryManager] Emitting JVM memory status event {Maximum: 1073741824, Committed: 260046848}
09:15:07.755 [DEBUG] [org.gradle.process.internal.health.memory.MemoryManager] Emitting OS memory status event {Total: 16440098816, Free: 12633669632}
09:15:07.755 [DEBUG] [org.gradle.launcher.daemon.server.health.LowMemoryDaemonExpirationStrategy] Received memory status update: {Total: 16440098816, Free: 12633669632}
09:15:07.755 [DEBUG] [org.gradle.process.internal.health.memory.MemoryManager] Emitting JVM memory status event {Maximum: 1073741824, Committed: 260046848}
09:15:11.711 [DEBUG] [org.gradle.launcher.daemon.server.Daemon] DaemonExpirationPeriodicCheck running
09:15:11.711 [DEBUG] [org.gradle.cache.internal.DefaultFileLockManager] Waiting to acquire shared lock on daemon addresses registry.
09:15:11.711 [DEBUG] [org.gradle.cache.internal.DefaultFileLockManager] Lock acquired on daemon addresses registry.
09:15:11.711 [DEBUG] [org.gradle.cache.internal.DefaultFileLockManager] Releasing lock on daemon addresses registry.
09:15:11.711 [DEBUG] [org.gradle.cache.internal.DefaultFileLockManager] Waiting to acquire shared lock on daemon addresses registry.
09:15:11.711 [DEBUG] [org.gradle.cache.internal.DefaultFileLockManager] Lock acquired on daemon addresses registry.
09:15:11.711 [DEBUG] [org.gradle.cache.internal.DefaultFileLockManager] Releasing lock on daemon addresses registry.
09:15:11.711 [DEBUG] [org.gradle.cache.internal.DefaultFileLockManager] Waiting to acquire shared lock on daemon addresses registry.
09:15:11.711 [DEBUG] [org.gradle.cache.internal.DefaultFileLockManager] Lock acquired on daemon addresses registry.
09:15:11.711 [DEBUG] [org.gradle.cache.internal.DefaultFileLockManager] Releasing lock on daemon addresses registry.
09:15:12.754 [DEBUG] [org.gradle.process.internal.health.memory.MemoryManager] Emitting OS memory status event {Total: 16440098816, Free: 12633690112}
09:15:12.754 [DEBUG] [org.gradle.launcher.daemon.server.health.LowMemoryDaemonExpirationStrategy] Received memory status update: {Total: 16440098816, Free: 12633690112}
09:15:12.754 [DEBUG] [org.gradle.process.internal.health.memory.MemoryManager] Emitting JVM memory status event {Maximum: 1073741824, Committed: 260046848}
09:15:17.755 [DEBUG] [org.gradle.process.internal.health.memory.MemoryManager] Emitting OS memory status event {Total: 16440098816, Free: 12633440256}
09:15:17.755 [DEBUG] [org.gradle.launcher.daemon.server.health.LowMemoryDaemonExpirationStrategy] Received memory status update: {Total: 16440098816, Free: 12633440256}
09:15:17.755 [DEBUG] [org.gradle.process.internal.health.memory.MemoryManager] Emitting JVM memory status event {Maximum: 1073741824, Committed: 260046848}
09:15:21.711 [DEBUG] [org.gradle.launcher.daemon.server.Daemon] DaemonExpirationPeriodicCheck running
09:15:21.711 [DEBUG] [org.gradle.cache.internal.DefaultFileLockManager] Waiting to acquire shared lock on daemon addresses registry.
09:15:21.711 [DEBUG] [org.gradle.cache.internal.DefaultFileLockManager] Lock acquired on daemon addresses registry.
09:15:21.711 [DEBUG] [org.gradle.cache.internal.DefaultFileLockManager] Releasing lock on daemon addresses registry.
09:15:21.711 [DEBUG] [org.gradle.cache.internal.DefaultFileLockManager] Waiting to acquire shared lock on daemon addresses registry.
09:15:21.711 [DEBUG] [org.gradle.cache.internal.DefaultFileLockManager] Lock acquired on daemon addresses registry.
09:15:21.711 [DEBUG] [org.gradle.cache.internal.DefaultFileLockManager] Releasing lock on daemon addresses registry.
09:15:21.711 [DEBUG] [org.gradle.cache.internal.DefaultFileLockManager] Waiting to acquire shared lock on daemon addresses registry.
09:15:21.711 [DEBUG] [org.gradle.cache.internal.DefaultFileLockManager] Lock acquired on daemon addresses registry.
09:15:21.711 [DEBUG] [org.gradle.cache.internal.DefaultFileLockManager] Releasing lock on daemon addresses registry.
09:15:22.754 [DEBUG] [org.gradle.process.internal.health.memory.MemoryManager] Emitting OS memory status event {Total: 16440098816, Free: 12633448448}
09:15:22.754 [DEBUG] [org.gradle.launcher.daemon.server.health.LowMemoryDaemonExpirationStrategy] Received memory status update: {Total: 16440098816, Free: 12633448448}
09:15:22.755 [DEBUG] [org.gradle.process.internal.health.memory.MemoryManager] Emitting JVM memory status event {Maximum: 1073741824, Committed: 260046848}
09:15:27.755 [DEBUG] [org.gradle.process.internal.health.memory.MemoryManager] Emitting OS memory status event {Total: 16440098816, Free: 12633489408}
09:15:27.755 [DEBUG] [org.gradle.launcher.daemon.server.health.LowMemoryDaemonExpirationStrategy] Received memory status update: {Total: 16440098816, Free: 12633489408}
09:15:27.755 [DEBUG] [org.gradle.process.internal.health.memory.MemoryManager] Emitting JVM memory status event {Maximum: 1073741824, Committed: 260046848}
09:15:31.711 [DEBUG] [org.gradle.launcher.daemon.server.Daemon] DaemonExpirationPeriodicCheck running
09:15:31.711 [DEBUG] [org.gradle.cache.internal.DefaultFileLockManager] Waiting to acquire shared lock on daemon addresses registry.
09:15:31.711 [DEBUG] [org.gradle.cache.internal.DefaultFileLockManager] Lock acquired on daemon addresses registry.
09:15:31.711 [DEBUG] [org.gradle.cache.internal.DefaultFileLockManager] Releasing lock on daemon addresses registry.
09:15:31.711 [DEBUG] [org.gradle.cache.internal.DefaultFileLockManager] Waiting to acquire shared lock on daemon addresses registry.
09:15:31.711 [DEBUG] [org.gradle.cache.internal.DefaultFileLockManager] Lock acquired on daemon addresses registry.
09:15:31.711 [DEBUG] [org.gradle.cache.internal.DefaultFileLockManager] Releasing lock on daemon addresses registry.
09:15:31.711 [DEBUG] [org.gradle.cache.internal.DefaultFileLockManager] Waiting to acquire shared lock on daemon addresses registry.
09:15:31.711 [DEBUG] [org.gradle.cache.internal.DefaultFileLockManager] Lock acquired on daemon addresses registry.
09:15:31.711 [DEBUG] [org.gradle.cache.internal.DefaultFileLockManager] Releasing lock on daemon addresses registry.
09:15:32.754 [DEBUG] [org.gradle.process.internal.health.memory.MemoryManager] Emitting OS memory status event {Total: 16440098816, Free: 12633329664}
09:15:32.754 [DEBUG] [org.gradle.launcher.daemon.server.health.LowMemoryDaemonExpirationStrategy] Received memory status update: {Total: 16440098816, Free: 12633329664}
09:15:32.754 [DEBUG] [org.gradle.process.internal.health.memory.MemoryManager] Emitting JVM memory status event {Maximum: 1073741824, Committed: 260046848}
09:15:37.755 [DEBUG] [org.gradle.process.internal.health.memory.MemoryManager] Emitting OS memory status event {Total: 16440098816, Free: 12633350144}
09:15:37.755 [DEBUG] [org.gradle.launcher.daemon.server.health.LowMemoryDaemonExpirationStrategy] Received memory status update: {Total: 16440098816, Free: 12633350144}
09:15:37.755 [DEBUG] [org.gradle.process.internal.health.memory.MemoryManager] Emitting JVM memory status event {Maximum: 1073741824, Committed: 260046848}
09:15:41.711 [DEBUG] [org.gradle.launcher.daemon.server.Daemon] DaemonExpirationPeriodicCheck running
09:15:41.711 [DEBUG] [org.gradle.cache.internal.DefaultFileLockManager] Waiting to acquire shared lock on daemon addresses registry.
09:15:41.711 [DEBUG] [org.gradle.cache.internal.DefaultFileLockManager] Lock acquired on daemon addresses registry.
09:15:41.711 [DEBUG] [org.gradle.cache.internal.DefaultFileLockManager] Releasing lock on daemon addresses registry.
09:15:41.711 [DEBUG] [org.gradle.cache.internal.DefaultFileLockManager] Waiting to acquire shared lock on daemon addresses registry.
09:15:41.711 [DEBUG] [org.gradle.cache.internal.DefaultFileLockManager] Lock acquired on daemon addresses registry.
09:15:41.711 [DEBUG] [org.gradle.cache.internal.DefaultFileLockManager] Releasing lock on daemon addresses registry.
09:15:41.711 [DEBUG] [org.gradle.cache.internal.DefaultFileLockManager] Waiting to acquire shared lock on daemon addresses registry.
09:15:41.711 [DEBUG] [org.gradle.cache.internal.DefaultFileLockManager] Lock acquired on daemon addresses registry.
09:15:41.711 [DEBUG] [org.gradle.cache.internal.DefaultFileLockManager] Releasing lock on daemon addresses registry.
09:15:42.754 [DEBUG] [org.gradle.process.internal.health.memory.MemoryManager] Emitting OS memory status event {Total: 16440098816, Free: 12633358336}
09:15:42.754 [DEBUG] [org.gradle.launcher.daemon.server.health.LowMemoryDaemonExpirationStrategy] Received memory status update: {Total: 16440098816, Free: 12633358336}
09:15:42.754 [DEBUG] [org.gradle.process.internal.health.memory.MemoryManager] Emitting JVM memory status event {Maximum: 1073741824, Committed: 260046848}
09:15:47.755 [DEBUG] [org.gradle.process.internal.health.memory.MemoryManager] Emitting OS memory status event {Total: 16440098816, Free: 12633387008}
09:15:47.755 [DEBUG] [org.gradle.launcher.daemon.server.health.LowMemoryDaemonExpirationStrategy] Received memory status update: {Total: 16440098816, Free: 12633387008}
09:15:47.755 [DEBUG] [org.gradle.process.internal.health.memory.MemoryManager] Emitting JVM memory status event {Maximum: 1073741824, Committed: 260046848}
09:15:51.711 [DEBUG] [org.gradle.launcher.daemon.server.Daemon] DaemonExpirationPeriodicCheck running
09:15:51.711 [DEBUG] [org.gradle.cache.internal.DefaultFileLockManager] Waiting to acquire shared lock on daemon addresses registry.
09:15:51.711 [DEBUG] [org.gradle.cache.internal.DefaultFileLockManager] Lock acquired on daemon addresses registry.
09:15:51.711 [DEBUG] [org.gradle.cache.internal.DefaultFileLockManager] Releasing lock on daemon addresses registry.
09:15:51.711 [DEBUG] [org.gradle.cache.internal.DefaultFileLockManager] Waiting to acquire shared lock on daemon addresses registry.
09:15:51.711 [DEBUG] [org.gradle.cache.internal.DefaultFileLockManager] Lock acquired on daemon addresses registry.
09:15:51.711 [DEBUG] [org.gradle.cache.internal.DefaultFileLockManager] Releasing lock on daemon addresses registry.
09:15:51.711 [DEBUG] [org.gradle.cache.internal.DefaultFileLockManager] Waiting to acquire shared lock on daemon addresses registry.
09:15:51.711 [DEBUG] [org.gradle.cache.internal.DefaultFileLockManager] Lock acquired on daemon addresses registry.
09:15:51.711 [DEBUG] [org.gradle.cache.internal.DefaultFileLockManager] Releasing lock on daemon addresses registry.
09:15:52.754 [DEBUG] [org.gradle.process.internal.health.memory.MemoryManager] Emitting OS memory status event {Total: 16440098816, Free: 12633268224}
09:15:52.754 [DEBUG] [org.gradle.launcher.daemon.server.health.LowMemoryDaemonExpirationStrategy] Received memory status update: {Total: 16440098816, Free: 12633268224}
09:15:52.754 [DEBUG] [org.gradle.process.internal.health.memory.MemoryManager] Emitting JVM memory status event {Maximum: 1073741824, Committed: 260046848}
09:15:57.755 [DEBUG] [org.gradle.process.internal.health.memory.MemoryManager] Emitting OS memory status event {Total: 16440098816, Free: 12633276416}
09:15:57.755 [DEBUG] [org.gradle.launcher.daemon.server.health.LowMemoryDaemonExpirationStrategy] Received memory status update: {Total: 16440098816, Free: 12633276416}
09:15:57.755 [DEBUG] [org.gradle.process.internal.health.memory.MemoryManager] Emitting JVM memory status event {Maximum: 1073741824, Committed: 260046848}
09:16:01.711 [DEBUG] [org.gradle.launcher.daemon.server.Daemon] DaemonExpirationPeriodicCheck running
09:16:01.711 [DEBUG] [org.gradle.cache.internal.DefaultFileLockManager] Waiting to acquire shared lock on daemon addresses registry.
09:16:01.711 [DEBUG] [org.gradle.cache.internal.DefaultFileLockManager] Lock acquired on daemon addresses registry.
09:16:01.711 [DEBUG] [org.gradle.cache.internal.DefaultFileLockManager] Releasing lock on daemon addresses registry.
09:16:01.711 [DEBUG] [org.gradle.cache.internal.DefaultFileLockManager] Waiting to acquire shared lock on daemon addresses registry.
09:16:01.711 [DEBUG] [org.gradle.cache.internal.DefaultFileLockManager] Lock acquired on daemon addresses registry.
09:16:01.711 [DEBUG] [org.gradle.cache.internal.DefaultFileLockManager] Releasing lock on daemon addresses registry.
09:16:01.711 [DEBUG] [org.gradle.cache.internal.DefaultFileLockManager] Waiting to acquire shared lock on daemon addresses registry.
09:16:01.711 [DEBUG] [org.gradle.cache.internal.DefaultFileLockManager] Lock acquired on daemon addresses registry.
09:16:01.711 [DEBUG] [org.gradle.cache.internal.DefaultFileLockManager] Releasing lock on daemon addresses registry.
09:16:02.754 [DEBUG] [org.gradle.process.internal.health.memory.MemoryManager] Emitting OS memory status event {Total: 16440098816, Free: 12633276416}
09:16:02.754 [DEBUG] [org.gradle.launcher.daemon.server.health.LowMemoryDaemonExpirationStrategy] Received memory status update: {Total: 16440098816, Free: 12633276416}
09:16:02.754 [DEBUG] [org.gradle.process.internal.health.memory.MemoryManager] Emitting JVM memory status event {Maximum: 1073741824, Committed: 260046848}
09:16:07.755 [DEBUG] [org.gradle.process.internal.health.memory.MemoryManager] Emitting OS memory status event {Total: 16440098816, Free: 12633284608}
09:16:07.755 [DEBUG] [org.gradle.launcher.daemon.server.health.LowMemoryDaemonExpirationStrategy] Received memory status update: {Total: 16440098816, Free: 12633284608}
09:16:07.755 [DEBUG] [org.gradle.process.internal.health.memory.MemoryManager] Emitting JVM memory status event {Maximum: 1073741824, Committed: 260046848}
09:16:11.711 [DEBUG] [org.gradle.launcher.daemon.server.Daemon] DaemonExpirationPeriodicCheck running
09:16:11.711 [DEBUG] [org.gradle.cache.internal.DefaultFileLockManager] Waiting to acquire shared lock on daemon addresses registry.
09:16:11.711 [DEBUG] [org.gradle.cache.internal.DefaultFileLockManager] Lock acquired on daemon addresses registry.
09:16:11.711 [DEBUG] [org.gradle.cache.internal.DefaultFileLockManager] Releasing lock on daemon addresses registry.
09:16:11.711 [DEBUG] [org.gradle.cache.internal.DefaultFileLockManager] Waiting to acquire shared lock on daemon addresses registry.
09:16:11.711 [DEBUG] [org.gradle.cache.internal.DefaultFileLockManager] Lock acquired on daemon addresses registry.
09:16:11.711 [DEBUG] [org.gradle.cache.internal.DefaultFileLockManager] Releasing lock on daemon addresses registry.
09:16:11.711 [DEBUG] [org.gradle.cache.internal.DefaultFileLockManager] Waiting to acquire shared lock on daemon addresses registry.
09:16:11.711 [DEBUG] [org.gradle.cache.internal.DefaultFileLockManager] Lock acquired on daemon addresses registry.
09:16:11.711 [DEBUG] [org.gradle.cache.internal.DefaultFileLockManager] Releasing lock on daemon addresses registry.
09:16:12.754 [DEBUG] [org.gradle.process.internal.health.memory.MemoryManager] Emitting OS memory status event {Total: 16440098816, Free: 12633296896}
09:16:12.755 [DEBUG] [org.gradle.launcher.daemon.server.health.LowMemoryDaemonExpirationStrategy] Received memory status update: {Total: 16440098816, Free: 12633296896}
09:16:12.755 [DEBUG] [org.gradle.process.internal.health.memory.MemoryManager] Emitting JVM memory status event {Maximum: 1073741824, Committed: 260046848}
09:16:17.755 [DEBUG] [org.gradle.process.internal.health.memory.MemoryManager] Emitting OS memory status event {Total: 16440098816, Free: 12633354240}
09:16:17.755 [DEBUG] [org.gradle.launcher.daemon.server.health.LowMemoryDaemonExpirationStrategy] Received memory status update: {Total: 16440098816, Free: 12633354240}
09:16:17.755 [DEBUG] [org.gradle.process.internal.health.memory.MemoryManager] Emitting JVM memory status event {Maximum: 1073741824, Committed: 260046848}
09:16:21.711 [DEBUG] [org.gradle.launcher.daemon.server.Daemon] DaemonExpirationPeriodicCheck running
09:16:21.711 [DEBUG] [org.gradle.cache.internal.DefaultFileLockManager] Waiting to acquire shared lock on daemon addresses registry.
09:16:21.711 [DEBUG] [org.gradle.cache.internal.DefaultFileLockManager] Lock acquired on daemon addresses registry.
09:16:21.711 [DEBUG] [org.gradle.cache.internal.DefaultFileLockManager] Releasing lock on daemon addresses registry.
09:16:21.711 [DEBUG] [org.gradle.cache.internal.DefaultFileLockManager] Waiting to acquire shared lock on daemon addresses registry.
09:16:21.711 [DEBUG] [org.gradle.cache.internal.DefaultFileLockManager] Lock acquired on daemon addresses registry.
09:16:21.711 [DEBUG] [org.gradle.cache.internal.DefaultFileLockManager] Releasing lock on daemon addresses registry.
09:16:21.711 [DEBUG] [org.gradle.cache.internal.DefaultFileLockManager] Waiting to acquire shared lock on daemon addresses registry.
09:16:21.711 [DEBUG] [org.gradle.cache.internal.DefaultFileLockManager] Lock acquired on daemon addresses registry.
09:16:21.711 [DEBUG] [org.gradle.cache.internal.DefaultFileLockManager] Releasing lock on daemon addresses registry.
09:16:22.754 [DEBUG] [org.gradle.process.internal.health.memory.MemoryManager] Emitting OS memory status event {Total: 16440098816, Free: 12626145280}
09:16:22.754 [DEBUG] [org.gradle.launcher.daemon.server.health.LowMemoryDaemonExpirationStrategy] Received memory status update: {Total: 16440098816, Free: 12626145280}
09:16:22.754 [DEBUG] [org.gradle.process.internal.health.memory.MemoryManager] Emitting JVM memory status event {Maximum: 1073741824, Committed: 260046848}
09:16:27.755 [DEBUG] [org.gradle.process.internal.health.memory.MemoryManager] Emitting OS memory status event {Total: 16440098816, Free: 12625637376}
09:16:27.755 [DEBUG] [org.gradle.launcher.daemon.server.health.LowMemoryDaemonExpirationStrategy] Received memory status update: {Total: 16440098816, Free: 12625637376}
09:16:27.755 [DEBUG] [org.gradle.process.internal.health.memory.MemoryManager] Emitting JVM memory status event {Maximum: 1073741824, Committed: 260046848}
09:16:31.711 [DEBUG] [org.gradle.launcher.daemon.server.Daemon] DaemonExpirationPeriodicCheck running
09:16:31.711 [DEBUG] [org.gradle.cache.internal.DefaultFileLockManager] Waiting to acquire shared lock on daemon addresses registry.
09:16:31.711 [DEBUG] [org.gradle.cache.internal.DefaultFileLockManager] Lock acquired on daemon addresses registry.
09:16:31.711 [DEBUG] [org.gradle.cache.internal.DefaultFileLockManager] Releasing lock on daemon addresses registry.
09:16:31.711 [DEBUG] [org.gradle.cache.internal.DefaultFileLockManager] Waiting to acquire shared lock on daemon addresses registry.
09:16:31.711 [DEBUG] [org.gradle.cache.internal.DefaultFileLockManager] Lock acquired on daemon addresses registry.
09:16:31.711 [DEBUG] [org.gradle.cache.internal.DefaultFileLockManager] Releasing lock on daemon addresses registry.
09:16:31.711 [DEBUG] [org.gradle.cache.internal.DefaultFileLockManager] Waiting to acquire shared lock on daemon addresses registry.
09:16:31.711 [DEBUG] [org.gradle.cache.internal.DefaultFileLockManager] Lock acquired on daemon addresses registry.
09:16:31.711 [DEBUG] [org.gradle.cache.internal.DefaultFileLockManager] Releasing lock on daemon addresses registry.
09:16:32.754 [DEBUG] [org.gradle.process.internal.health.memory.MemoryManager] Emitting OS memory status event {Total: 16440098816, Free: 12624629760}
09:16:32.755 [DEBUG] [org.gradle.launcher.daemon.server.health.LowMemoryDaemonExpirationStrategy] Received memory status update: {Total: 16440098816, Free: 12624629760}
09:16:32.755 [DEBUG] [org.gradle.process.internal.health.memory.MemoryManager] Emitting JVM memory status event {Maximum: 1073741824, Committed: 260046848}
09:16:37.755 [DEBUG] [org.gradle.process.internal.health.memory.MemoryManager] Emitting OS memory status event {Total: 16440098816, Free: 12636385280}
09:16:37.755 [DEBUG] [org.gradle.launcher.daemon.server.health.LowMemoryDaemonExpirationStrategy] Received memory status update: {Total: 16440098816, Free: 12636385280}
09:16:37.755 [DEBUG] [org.gradle.process.internal.health.memory.MemoryManager] Emitting JVM memory status event {Maximum: 1073741824, Committed: 260046848}
09:16:41.711 [DEBUG] [org.gradle.launcher.daemon.server.Daemon] DaemonExpirationPeriodicCheck running
09:16:41.711 [DEBUG] [org.gradle.cache.internal.DefaultFileLockManager] Waiting to acquire shared lock on daemon addresses registry.
09:16:41.711 [DEBUG] [org.gradle.cache.internal.DefaultFileLockManager] Lock acquired on daemon addresses registry.
09:16:41.711 [DEBUG] [org.gradle.cache.internal.DefaultFileLockManager] Releasing lock on daemon addresses registry.
09:16:41.711 [DEBUG] [org.gradle.cache.internal.DefaultFileLockManager] Waiting to acquire shared lock on daemon addresses registry.
09:16:41.711 [DEBUG] [org.gradle.cache.internal.DefaultFileLockManager] Lock acquired on daemon addresses registry.
09:16:41.711 [DEBUG] [org.gradle.cache.internal.DefaultFileLockManager] Releasing lock on daemon addresses registry.
09:16:41.711 [DEBUG] [org.gradle.cache.internal.DefaultFileLockManager] Waiting to acquire shared lock on daemon addresses registry.
09:16:41.711 [DEBUG] [org.gradle.cache.internal.DefaultFileLockManager] Lock acquired on daemon addresses registry.
09:16:41.711 [DEBUG] [org.gradle.cache.internal.DefaultFileLockManager] Releasing lock on daemon addresses registry.
09:16:42.754 [DEBUG] [org.gradle.process.internal.health.memory.MemoryManager] Emitting OS memory status event {Total: 16440098816, Free: 12635549696}
09:16:42.754 [DEBUG] [org.gradle.launcher.daemon.server.health.LowMemoryDaemonExpirationStrategy] Received memory status update: {Total: 16440098816, Free: 12635549696}
09:16:42.754 [DEBUG] [org.gradle.process.internal.health.memory.MemoryManager] Emitting JVM memory status event {Maximum: 1073741824, Committed: 260046848}
09:16:47.755 [DEBUG] [org.gradle.process.internal.health.memory.MemoryManager] Emitting OS memory status event {Total: 16440098816, Free: 12635557888}
09:16:47.755 [DEBUG] [org.gradle.launcher.daemon.server.health.LowMemoryDaemonExpirationStrategy] Received memory status update: {Total: 16440098816, Free: 12635557888}
09:16:47.755 [DEBUG] [org.gradle.process.internal.health.memory.MemoryManager] Emitting JVM memory status event {Maximum: 1073741824, Committed: 260046848}
09:16:51.711 [DEBUG] [org.gradle.launcher.daemon.server.Daemon] DaemonExpirationPeriodicCheck running
09:16:51.711 [DEBUG] [org.gradle.cache.internal.DefaultFileLockManager] Waiting to acquire shared lock on daemon addresses registry.
09:16:51.711 [DEBUG] [org.gradle.cache.internal.DefaultFileLockManager] Lock acquired on daemon addresses registry.
09:16:51.711 [DEBUG] [org.gradle.cache.internal.DefaultFileLockManager] Releasing lock on daemon addresses registry.
09:16:51.711 [DEBUG] [org.gradle.cache.internal.DefaultFileLockManager] Waiting to acquire shared lock on daemon addresses registry.
09:16:51.711 [DEBUG] [org.gradle.cache.internal.DefaultFileLockManager] Lock acquired on daemon addresses registry.
09:16:51.711 [DEBUG] [org.gradle.cache.internal.DefaultFileLockManager] Releasing lock on daemon addresses registry.
09:16:51.711 [DEBUG] [org.gradle.cache.internal.DefaultFileLockManager] Waiting to acquire shared lock on daemon addresses registry.
09:16:51.711 [DEBUG] [org.gradle.cache.internal.DefaultFileLockManager] Lock acquired on daemon addresses registry.
09:16:51.711 [DEBUG] [org.gradle.cache.internal.DefaultFileLockManager] Releasing lock on daemon addresses registry.
09:16:52.754 [DEBUG] [org.gradle.process.internal.health.memory.MemoryManager] Emitting OS memory status event {Total: 16440098816, Free: 12637659136}
09:16:52.754 [DEBUG] [org.gradle.launcher.daemon.server.health.LowMemoryDaemonExpirationStrategy] Received memory status update: {Total: 16440098816, Free: 12637659136}
09:16:52.754 [DEBUG] [org.gradle.process.internal.health.memory.MemoryManager] Emitting JVM memory status event {Maximum: 1073741824, Committed: 260046848}
09:16:57.755 [DEBUG] [org.gradle.process.internal.health.memory.MemoryManager] Emitting OS memory status event {Total: 16440098816, Free: 12634636288}
09:16:57.755 [DEBUG] [org.gradle.launcher.daemon.server.health.LowMemoryDaemonExpirationStrategy] Received memory status update: {Total: 16440098816, Free: 12634636288}
09:16:57.755 [DEBUG] [org.gradle.process.internal.health.memory.MemoryManager] Emitting JVM memory status event {Maximum: 1073741824, Committed: 260046848}
09:17:01.711 [DEBUG] [org.gradle.launcher.daemon.server.Daemon] DaemonExpirationPeriodicCheck running
09:17:01.711 [DEBUG] [org.gradle.cache.internal.DefaultFileLockManager] Waiting to acquire shared lock on daemon addresses registry.
09:17:01.711 [DEBUG] [org.gradle.cache.internal.DefaultFileLockManager] Lock acquired on daemon addresses registry.
09:17:01.711 [DEBUG] [org.gradle.cache.internal.DefaultFileLockManager] Releasing lock on daemon addresses registry.
09:17:01.711 [DEBUG] [org.gradle.cache.internal.DefaultFileLockManager] Waiting to acquire shared lock on daemon addresses registry.
09:17:01.711 [DEBUG] [org.gradle.cache.internal.DefaultFileLockManager] Lock acquired on daemon addresses registry.
09:17:01.711 [DEBUG] [org.gradle.cache.internal.DefaultFileLockManager] Releasing lock on daemon addresses registry.
09:17:01.711 [DEBUG] [org.gradle.cache.internal.DefaultFileLockManager] Waiting to acquire shared lock on daemon addresses registry.
09:17:01.711 [DEBUG] [org.gradle.cache.internal.DefaultFileLockManager] Lock acquired on daemon addresses registry.
09:17:01.711 [DEBUG] [org.gradle.cache.internal.DefaultFileLockManager] Releasing lock on daemon addresses registry.
09:17:02.754 [DEBUG] [org.gradle.process.internal.health.memory.MemoryManager] Emitting OS memory status event {Total: 16440098816, Free: 12635176960}
09:17:02.755 [DEBUG] [org.gradle.launcher.daemon.server.health.LowMemoryDaemonExpirationStrategy] Received memory status update: {Total: 16440098816, Free: 12635176960}
09:17:02.755 [DEBUG] [org.gradle.process.internal.health.memory.MemoryManager] Emitting JVM memory status event {Maximum: 1073741824, Committed: 260046848}
09:17:07.755 [DEBUG] [org.gradle.process.internal.health.memory.MemoryManager] Emitting OS memory status event {Total: 16440098816, Free: 12634918912}
09:17:07.755 [DEBUG] [org.gradle.launcher.daemon.server.health.LowMemoryDaemonExpirationStrategy] Received memory status update: {Total: 16440098816, Free: 12634918912}
09:17:07.755 [DEBUG] [org.gradle.process.internal.health.memory.MemoryManager] Emitting JVM memory status event {Maximum: 1073741824, Committed: 260046848}
09:17:11.711 [DEBUG] [org.gradle.launcher.daemon.server.Daemon] DaemonExpirationPeriodicCheck running
09:17:11.711 [DEBUG] [org.gradle.cache.internal.DefaultFileLockManager] Waiting to acquire shared lock on daemon addresses registry.
09:17:11.711 [DEBUG] [org.gradle.cache.internal.DefaultFileLockManager] Lock acquired on daemon addresses registry.
09:17:11.711 [DEBUG] [org.gradle.cache.internal.DefaultFileLockManager] Releasing lock on daemon addresses registry.
09:17:11.711 [DEBUG] [org.gradle.cache.internal.DefaultFileLockManager] Waiting to acquire shared lock on daemon addresses registry.
09:17:11.711 [DEBUG] [org.gradle.cache.internal.DefaultFileLockManager] Lock acquired on daemon addresses registry.
09:17:11.711 [DEBUG] [org.gradle.cache.internal.DefaultFileLockManager] Releasing lock on daemon addresses registry.
09:17:11.711 [DEBUG] [org.gradle.cache.internal.DefaultFileLockManager] Waiting to acquire shared lock on daemon addresses registry.
09:17:11.711 [DEBUG] [org.gradle.cache.internal.DefaultFileLockManager] Lock acquired on daemon addresses registry.
09:17:11.711 [DEBUG] [org.gradle.cache.internal.DefaultFileLockManager] Releasing lock on daemon addresses registry.
09:17:12.754 [DEBUG] [org.gradle.process.internal.health.memory.MemoryManager] Emitting OS memory status event {Total: 16440098816, Free: 12634468352}
09:17:12.755 [DEBUG] [org.gradle.launcher.daemon.server.health.LowMemoryDaemonExpirationStrategy] Received memory status update: {Total: 16440098816, Free: 12634468352}
09:17:12.755 [DEBUG] [org.gradle.process.internal.health.memory.MemoryManager] Emitting JVM memory status event {Maximum: 1073741824, Committed: 260046848}
09:17:17.755 [DEBUG] [org.gradle.process.internal.health.memory.MemoryManager] Emitting OS memory status event {Total: 16440098816, Free: 12634476544}
09:17:17.755 [DEBUG] [org.gradle.launcher.daemon.server.health.LowMemoryDaemonExpirationStrategy] Received memory status update: {Total: 16440098816, Free: 12634476544}
09:17:17.755 [DEBUG] [org.gradle.process.internal.health.memory.MemoryManager] Emitting JVM memory status event {Maximum: 1073741824, Committed: 260046848}
09:17:21.711 [DEBUG] [org.gradle.launcher.daemon.server.Daemon] DaemonExpirationPeriodicCheck running
09:17:21.711 [DEBUG] [org.gradle.cache.internal.DefaultFileLockManager] Waiting to acquire shared lock on daemon addresses registry.
09:17:21.711 [DEBUG] [org.gradle.cache.internal.DefaultFileLockManager] Lock acquired on daemon addresses registry.
09:17:21.711 [DEBUG] [org.gradle.cache.internal.DefaultFileLockManager] Releasing lock on daemon addresses registry.
09:17:21.711 [DEBUG] [org.gradle.cache.internal.DefaultFileLockManager] Waiting to acquire shared lock on daemon addresses registry.
09:17:21.711 [DEBUG] [org.gradle.cache.internal.DefaultFileLockManager] Lock acquired on daemon addresses registry.
09:17:21.711 [DEBUG] [org.gradle.cache.internal.DefaultFileLockManager] Releasing lock on daemon addresses registry.
09:17:21.711 [DEBUG] [org.gradle.cache.internal.DefaultFileLockManager] Waiting to acquire shared lock on daemon addresses registry.
09:17:21.711 [DEBUG] [org.gradle.cache.internal.DefaultFileLockManager] Lock acquired on daemon addresses registry.
09:17:21.711 [DEBUG] [org.gradle.cache.internal.DefaultFileLockManager] Releasing lock on daemon addresses registry.
09:17:22.755 [DEBUG] [org.gradle.process.internal.health.memory.MemoryManager] Emitting OS memory status event {Total: 16440098816, Free: 12634230784}
09:17:22.755 [DEBUG] [org.gradle.launcher.daemon.server.health.LowMemoryDaemonExpirationStrategy] Received memory status update: {Total: 16440098816, Free: 12634230784}
09:17:22.755 [DEBUG] [org.gradle.process.internal.health.memory.MemoryManager] Emitting JVM memory status event {Maximum: 1073741824, Committed: 260046848}
09:17:27.755 [DEBUG] [org.gradle.process.internal.health.memory.MemoryManager] Emitting OS memory status event {Total: 16440098816, Free: 12631691264}
09:17:27.755 [DEBUG] [org.gradle.launcher.daemon.server.health.LowMemoryDaemonExpirationStrategy] Received memory status update: {Total: 16440098816, Free: 12631691264}
09:17:27.755 [DEBUG] [org.gradle.process.internal.health.memory.MemoryManager] Emitting JVM memory status event {Maximum: 1073741824, Committed: 260046848}
09:17:31.711 [DEBUG] [org.gradle.launcher.daemon.server.Daemon] DaemonExpirationPeriodicCheck running
09:17:31.711 [DEBUG] [org.gradle.cache.internal.DefaultFileLockManager] Waiting to acquire shared lock on daemon addresses registry.
09:17:31.711 [DEBUG] [org.gradle.cache.internal.DefaultFileLockManager] Lock acquired on daemon addresses registry.
09:17:31.711 [DEBUG] [org.gradle.cache.internal.DefaultFileLockManager] Releasing lock on daemon addresses registry.
09:17:31.711 [DEBUG] [org.gradle.cache.internal.DefaultFileLockManager] Waiting to acquire shared lock on daemon addresses registry.
09:17:31.711 [DEBUG] [org.gradle.cache.internal.DefaultFileLockManager] Lock acquired on daemon addresses registry.
09:17:31.711 [DEBUG] [org.gradle.cache.internal.DefaultFileLockManager] Releasing lock on daemon addresses registry.
09:17:31.711 [DEBUG] [org.gradle.cache.internal.DefaultFileLockManager] Waiting to acquire shared lock on daemon addresses registry.
09:17:31.711 [DEBUG] [org.gradle.cache.internal.DefaultFileLockManager] Lock acquired on daemon addresses registry.
09:17:31.711 [DEBUG] [org.gradle.cache.internal.DefaultFileLockManager] Releasing lock on daemon addresses registry.
09:17:32.754 [DEBUG] [org.gradle.process.internal.health.memory.MemoryManager] Emitting OS memory status event {Total: 16440098816, Free: 12631212032}
09:17:32.754 [DEBUG] [org.gradle.launcher.daemon.server.health.LowMemoryDaemonExpirationStrategy] Received memory status update: {Total: 16440098816, Free: 12631212032}
09:17:32.754 [DEBUG] [org.gradle.process.internal.health.memory.MemoryManager] Emitting JVM memory status event {Maximum: 1073741824, Committed: 260046848}
09:17:37.755 [DEBUG] [org.gradle.process.internal.health.memory.MemoryManager] Emitting OS memory status event {Total: 16440098816, Free: 12631248896}
09:17:37.755 [DEBUG] [org.gradle.launcher.daemon.server.health.LowMemoryDaemonExpirationStrategy] Received memory status update: {Total: 16440098816, Free: 12631248896}
09:17:37.755 [DEBUG] [org.gradle.process.internal.health.memory.MemoryManager] Emitting JVM memory status event {Maximum: 1073741824, Committed: 260046848}
09:17:41.711 [DEBUG] [org.gradle.launcher.daemon.server.Daemon] DaemonExpirationPeriodicCheck running
09:17:41.711 [DEBUG] [org.gradle.cache.internal.DefaultFileLockManager] Waiting to acquire shared lock on daemon addresses registry.
09:17:41.711 [DEBUG] [org.gradle.cache.internal.DefaultFileLockManager] Lock acquired on daemon addresses registry.
09:17:41.711 [DEBUG] [org.gradle.cache.internal.DefaultFileLockManager] Releasing lock on daemon addresses registry.
09:17:41.711 [DEBUG] [org.gradle.cache.internal.DefaultFileLockManager] Waiting to acquire shared lock on daemon addresses registry.
09:17:41.711 [DEBUG] [org.gradle.cache.internal.DefaultFileLockManager] Lock acquired on daemon addresses registry.
09:17:41.711 [DEBUG] [org.gradle.cache.internal.DefaultFileLockManager] Releasing lock on daemon addresses registry.
09:17:41.711 [DEBUG] [org.gradle.cache.internal.DefaultFileLockManager] Waiting to acquire shared lock on daemon addresses registry.
09:17:41.711 [DEBUG] [org.gradle.cache.internal.DefaultFileLockManager] Lock acquired on daemon addresses registry.
09:17:41.711 [DEBUG] [org.gradle.cache.internal.DefaultFileLockManager] Releasing lock on daemon addresses registry.
09:17:42.754 [DEBUG] [org.gradle.process.internal.health.memory.MemoryManager] Emitting OS memory status event {Total: 16440098816, Free: 12631261184}
09:17:42.754 [DEBUG] [org.gradle.launcher.daemon.server.health.LowMemoryDaemonExpirationStrategy] Received memory status update: {Total: 16440098816, Free: 12631261184}
09:17:42.754 [DEBUG] [org.gradle.process.internal.health.memory.MemoryManager] Emitting JVM memory status event {Maximum: 1073741824, Committed: 260046848}
09:17:47.755 [DEBUG] [org.gradle.process.internal.health.memory.MemoryManager] Emitting OS memory status event {Total: 16440098816, Free: 12631306240}
09:17:47.755 [DEBUG] [org.gradle.launcher.daemon.server.health.LowMemoryDaemonExpirationStrategy] Received memory status update: {Total: 16440098816, Free: 12631306240}
09:17:47.755 [DEBUG] [org.gradle.process.internal.health.memory.MemoryManager] Emitting JVM memory status event {Maximum: 1073741824, Committed: 260046848}
09:17:51.711 [DEBUG] [org.gradle.launcher.daemon.server.Daemon] DaemonExpirationPeriodicCheck running
09:17:51.711 [DEBUG] [org.gradle.cache.internal.DefaultFileLockManager] Waiting to acquire shared lock on daemon addresses registry.
09:17:51.711 [DEBUG] [org.gradle.cache.internal.DefaultFileLockManager] Lock acquired on daemon addresses registry.
09:17:51.711 [DEBUG] [org.gradle.cache.internal.DefaultFileLockManager] Releasing lock on daemon addresses registry.
09:17:51.711 [DEBUG] [org.gradle.cache.internal.DefaultFileLockManager] Waiting to acquire shared lock on daemon addresses registry.
09:17:51.711 [DEBUG] [org.gradle.cache.internal.DefaultFileLockManager] Lock acquired on daemon addresses registry.
09:17:51.711 [DEBUG] [org.gradle.cache.internal.DefaultFileLockManager] Releasing lock on daemon addresses registry.
09:17:51.711 [DEBUG] [org.gradle.cache.internal.DefaultFileLockManager] Waiting to acquire shared lock on daemon addresses registry.
09:17:51.711 [DEBUG] [org.gradle.cache.internal.DefaultFileLockManager] Lock acquired on daemon addresses registry.
09:17:51.711 [DEBUG] [org.gradle.cache.internal.DefaultFileLockManager] Releasing lock on daemon addresses registry.
09:17:52.754 [DEBUG] [org.gradle.process.internal.health.memory.MemoryManager] Emitting OS memory status event {Total: 16440098816, Free: 12631314432}
09:17:52.754 [DEBUG] [org.gradle.launcher.daemon.server.health.LowMemoryDaemonExpirationStrategy] Received memory status update: {Total: 16440098816, Free: 12631314432}
09:17:52.755 [DEBUG] [org.gradle.process.internal.health.memory.MemoryManager] Emitting JVM memory status event {Maximum: 1073741824, Committed: 260046848}
09:17:57.755 [DEBUG] [org.gradle.process.internal.health.memory.MemoryManager] Emitting OS memory status event {Total: 16440098816, Free: 12631584768}
09:17:57.755 [DEBUG] [org.gradle.launcher.daemon.server.health.LowMemoryDaemonExpirationStrategy] Received memory status update: {Total: 16440098816, Free: 12631584768}
09:17:57.755 [DEBUG] [org.gradle.process.internal.health.memory.MemoryManager] Emitting JVM memory status event {Maximum: 1073741824, Committed: 260046848}
09:18:01.711 [DEBUG] [org.gradle.launcher.daemon.server.Daemon] DaemonExpirationPeriodicCheck running
09:18:01.711 [DEBUG] [org.gradle.cache.internal.DefaultFileLockManager] Waiting to acquire shared lock on daemon addresses registry.
09:18:01.711 [DEBUG] [org.gradle.cache.internal.DefaultFileLockManager] Lock acquired on daemon addresses registry.
09:18:01.711 [DEBUG] [org.gradle.cache.internal.DefaultFileLockManager] Releasing lock on daemon addresses registry.
09:18:01.711 [DEBUG] [org.gradle.cache.internal.DefaultFileLockManager] Waiting to acquire shared lock on daemon addresses registry.
09:18:01.711 [DEBUG] [org.gradle.cache.internal.DefaultFileLockManager] Lock acquired on daemon addresses registry.
09:18:01.711 [DEBUG] [org.gradle.cache.internal.DefaultFileLockManager] Releasing lock on daemon addresses registry.
09:18:01.711 [DEBUG] [org.gradle.cache.internal.DefaultFileLockManager] Waiting to acquire shared lock on daemon addresses registry.
09:18:01.711 [DEBUG] [org.gradle.cache.internal.DefaultFileLockManager] Lock acquired on daemon addresses registry.
09:18:01.711 [DEBUG] [org.gradle.cache.internal.DefaultFileLockManager] Releasing lock on daemon addresses registry.
09:18:02.754 [DEBUG] [org.gradle.process.internal.health.memory.MemoryManager] Emitting OS memory status event {Total: 16440098816, Free: 12631584768}
09:18:02.754 [DEBUG] [org.gradle.launcher.daemon.server.health.LowMemoryDaemonExpirationStrategy] Received memory status update: {Total: 16440098816, Free: 12631584768}
09:18:02.754 [DEBUG] [org.gradle.process.internal.health.memory.MemoryManager] Emitting JVM memory status event {Maximum: 1073741824, Committed: 260046848}
09:18:07.755 [DEBUG] [org.gradle.process.internal.health.memory.MemoryManager] Emitting OS memory status event {Total: 16440098816, Free: 12635242496}
09:18:07.755 [DEBUG] [org.gradle.launcher.daemon.server.health.LowMemoryDaemonExpirationStrategy] Received memory status update: {Total: 16440098816, Free: 12635242496}
09:18:07.755 [DEBUG] [org.gradle.process.internal.health.memory.MemoryManager] Emitting JVM memory status event {Maximum: 1073741824, Committed: 260046848}
09:18:11.711 [DEBUG] [org.gradle.launcher.daemon.server.Daemon] DaemonExpirationPeriodicCheck running
09:18:11.711 [DEBUG] [org.gradle.cache.internal.DefaultFileLockManager] Waiting to acquire shared lock on daemon addresses registry.
09:18:11.711 [DEBUG] [org.gradle.cache.internal.DefaultFileLockManager] Lock acquired on daemon addresses registry.
09:18:11.711 [DEBUG] [org.gradle.cache.internal.DefaultFileLockManager] Releasing lock on daemon addresses registry.
09:18:11.711 [DEBUG] [org.gradle.cache.internal.DefaultFileLockManager] Waiting to acquire shared lock on daemon addresses registry.
09:18:11.711 [DEBUG] [org.gradle.cache.internal.DefaultFileLockManager] Lock acquired on daemon addresses registry.
09:18:11.711 [DEBUG] [org.gradle.cache.internal.DefaultFileLockManager] Releasing lock on daemon addresses registry.
09:18:11.711 [DEBUG] [org.gradle.cache.internal.DefaultFileLockManager] Waiting to acquire shared lock on daemon addresses registry.
09:18:11.711 [DEBUG] [org.gradle.cache.internal.DefaultFileLockManager] Lock acquired on daemon addresses registry.
09:18:11.711 [DEBUG] [org.gradle.cache.internal.DefaultFileLockManager] Releasing lock on daemon addresses registry.
09:18:12.755 [DEBUG] [org.gradle.process.internal.health.memory.MemoryManager] Emitting OS memory status event {Total: 16440098816, Free: 12640030720}
09:18:12.755 [DEBUG] [org.gradle.launcher.daemon.server.health.LowMemoryDaemonExpirationStrategy] Received memory status update: {Total: 16440098816, Free: 12640030720}
09:18:12.755 [DEBUG] [org.gradle.process.internal.health.memory.MemoryManager] Emitting JVM memory status event {Maximum: 1073741824, Committed: 260046848}
09:18:17.755 [DEBUG] [org.gradle.process.internal.health.memory.MemoryManager] Emitting OS memory status event {Total: 16440098816, Free: 12637405184}
09:18:17.755 [DEBUG] [org.gradle.launcher.daemon.server.health.LowMemoryDaemonExpirationStrategy] Received memory status update: {Total: 16440098816, Free: 12637405184}
09:18:17.755 [DEBUG] [org.gradle.process.internal.health.memory.MemoryManager] Emitting JVM memory status event {Maximum: 1073741824, Committed: 260046848}
09:18:21.711 [DEBUG] [org.gradle.launcher.daemon.server.Daemon] DaemonExpirationPeriodicCheck running
09:18:21.711 [DEBUG] [org.gradle.cache.internal.DefaultFileLockManager] Waiting to acquire shared lock on daemon addresses registry.
09:18:21.711 [DEBUG] [org.gradle.cache.internal.DefaultFileLockManager] Lock acquired on daemon addresses registry.
09:18:21.711 [DEBUG] [org.gradle.cache.internal.DefaultFileLockManager] Releasing lock on daemon addresses registry.
09:18:21.711 [DEBUG] [org.gradle.cache.internal.DefaultFileLockManager] Waiting to acquire shared lock on daemon addresses registry.
09:18:21.711 [DEBUG] [org.gradle.cache.internal.DefaultFileLockManager] Lock acquired on daemon addresses registry.
09:18:21.711 [DEBUG] [org.gradle.cache.internal.DefaultFileLockManager] Releasing lock on daemon addresses registry.
09:18:21.711 [DEBUG] [org.gradle.cache.internal.DefaultFileLockManager] Waiting to acquire shared lock on daemon addresses registry.
09:18:21.711 [DEBUG] [org.gradle.cache.internal.DefaultFileLockManager] Lock acquired on daemon addresses registry.
09:18:21.711 [DEBUG] [org.gradle.cache.internal.DefaultFileLockManager] Releasing lock on daemon addresses registry.
09:18:22.755 [DEBUG] [org.gradle.process.internal.health.memory.MemoryManager] Emitting OS memory status event {Total: 16440098816, Free: 12645748736}
09:18:22.755 [DEBUG] [org.gradle.launcher.daemon.server.health.LowMemoryDaemonExpirationStrategy] Received memory status update: {Total: 16440098816, Free: 12645748736}
09:18:22.755 [DEBUG] [org.gradle.process.internal.health.memory.MemoryManager] Emitting JVM memory status event {Maximum: 1073741824, Committed: 260046848}
09:18:27.755 [DEBUG] [org.gradle.process.internal.health.memory.MemoryManager] Emitting OS memory status event {Total: 16440098816, Free: 12640735232}
09:18:27.755 [DEBUG] [org.gradle.launcher.daemon.server.health.LowMemoryDaemonExpirationStrategy] Received memory status update: {Total: 16440098816, Free: 12640735232}
09:18:27.755 [DEBUG] [org.gradle.process.internal.health.memory.MemoryManager] Emitting JVM memory status event {Maximum: 1073741824, Committed: 260046848}
09:18:31.711 [DEBUG] [org.gradle.launcher.daemon.server.Daemon] DaemonExpirationPeriodicCheck running
09:18:31.711 [DEBUG] [org.gradle.cache.internal.DefaultFileLockManager] Waiting to acquire shared lock on daemon addresses registry.
09:18:31.711 [DEBUG] [org.gradle.cache.internal.DefaultFileLockManager] Lock acquired on daemon addresses registry.
09:18:31.711 [DEBUG] [org.gradle.cache.internal.DefaultFileLockManager] Releasing lock on daemon addresses registry.
09:18:31.711 [DEBUG] [org.gradle.cache.internal.DefaultFileLockManager] Waiting to acquire shared lock on daemon addresses registry.
09:18:31.711 [DEBUG] [org.gradle.cache.internal.DefaultFileLockManager] Lock acquired on daemon addresses registry.
09:18:31.711 [DEBUG] [org.gradle.cache.internal.DefaultFileLockManager] Releasing lock on daemon addresses registry.
09:18:31.711 [DEBUG] [org.gradle.cache.internal.DefaultFileLockManager] Waiting to acquire shared lock on daemon addresses registry.
09:18:31.711 [DEBUG] [org.gradle.cache.internal.DefaultFileLockManager] Lock acquired on daemon addresses registry.
09:18:31.711 [DEBUG] [org.gradle.cache.internal.DefaultFileLockManager] Releasing lock on daemon addresses registry.
09:18:32.754 [DEBUG] [org.gradle.process.internal.health.memory.MemoryManager] Emitting OS memory status event {Total: 16440098816, Free: 12639227904}
09:18:32.754 [DEBUG] [org.gradle.launcher.daemon.server.health.LowMemoryDaemonExpirationStrategy] Received memory status update: {Total: 16440098816, Free: 12639227904}
09:18:32.754 [DEBUG] [org.gradle.process.internal.health.memory.MemoryManager] Emitting JVM memory status event {Maximum: 1073741824, Committed: 260046848}
09:18:37.755 [DEBUG] [org.gradle.process.internal.health.memory.MemoryManager] Emitting OS memory status event {Total: 16440098816, Free: 12639526912}
09:18:37.755 [DEBUG] [org.gradle.launcher.daemon.server.health.LowMemoryDaemonExpirationStrategy] Received memory status update: {Total: 16440098816, Free: 12639526912}
09:18:37.755 [DEBUG] [org.gradle.process.internal.health.memory.MemoryManager] Emitting JVM memory status event {Maximum: 1073741824, Committed: 260046848}
09:18:41.711 [DEBUG] [org.gradle.launcher.daemon.server.Daemon] DaemonExpirationPeriodicCheck running
09:18:41.711 [DEBUG] [org.gradle.cache.internal.DefaultFileLockManager] Waiting to acquire shared lock on daemon addresses registry.
09:18:41.711 [DEBUG] [org.gradle.cache.internal.DefaultFileLockManager] Lock acquired on daemon addresses registry.
09:18:41.711 [DEBUG] [org.gradle.cache.internal.DefaultFileLockManager] Releasing lock on daemon addresses registry.
09:18:41.711 [DEBUG] [org.gradle.cache.internal.DefaultFileLockManager] Waiting to acquire shared lock on daemon addresses registry.
09:18:41.711 [DEBUG] [org.gradle.cache.internal.DefaultFileLockManager] Lock acquired on daemon addresses registry.
09:18:41.711 [DEBUG] [org.gradle.cache.internal.DefaultFileLockManager] Releasing lock on daemon addresses registry.
09:18:41.711 [DEBUG] [org.gradle.cache.internal.DefaultFileLockManager] Waiting to acquire shared lock on daemon addresses registry.
09:18:41.711 [DEBUG] [org.gradle.cache.internal.DefaultFileLockManager] Lock acquired on daemon addresses registry.
09:18:41.711 [DEBUG] [org.gradle.cache.internal.DefaultFileLockManager] Releasing lock on daemon addresses registry.
09:18:42.754 [DEBUG] [org.gradle.process.internal.health.memory.MemoryManager] Emitting OS memory status event {Total: 16440098816, Free: 12638769152}
09:18:42.754 [DEBUG] [org.gradle.launcher.daemon.server.health.LowMemoryDaemonExpirationStrategy] Received memory status update: {Total: 16440098816, Free: 12638769152}
09:18:42.754 [DEBUG] [org.gradle.process.internal.health.memory.MemoryManager] Emitting JVM memory status event {Maximum: 1073741824, Committed: 260046848}
09:18:47.755 [DEBUG] [org.gradle.process.internal.health.memory.MemoryManager] Emitting OS memory status event {Total: 16440098816, Free: 12638785536}
09:18:47.755 [DEBUG] [org.gradle.launcher.daemon.server.health.LowMemoryDaemonExpirationStrategy] Received memory status update: {Total: 16440098816, Free: 12638785536}
09:18:47.755 [DEBUG] [org.gradle.process.internal.health.memory.MemoryManager] Emitting JVM memory status event {Maximum: 1073741824, Committed: 260046848}
09:18:51.711 [DEBUG] [org.gradle.launcher.daemon.server.Daemon] DaemonExpirationPeriodicCheck running
09:18:51.711 [DEBUG] [org.gradle.cache.internal.DefaultFileLockManager] Waiting to acquire shared lock on daemon addresses registry.
09:18:51.711 [DEBUG] [org.gradle.cache.internal.DefaultFileLockManager] Lock acquired on daemon addresses registry.
09:18:51.711 [DEBUG] [org.gradle.cache.internal.DefaultFileLockManager] Releasing lock on daemon addresses registry.
09:18:51.711 [DEBUG] [org.gradle.cache.internal.DefaultFileLockManager] Waiting to acquire shared lock on daemon addresses registry.
09:18:51.711 [DEBUG] [org.gradle.cache.internal.DefaultFileLockManager] Lock acquired on daemon addresses registry.
09:18:51.711 [DEBUG] [org.gradle.cache.internal.DefaultFileLockManager] Releasing lock on daemon addresses registry.
09:18:51.711 [DEBUG] [org.gradle.cache.internal.DefaultFileLockManager] Waiting to acquire shared lock on daemon addresses registry.
09:18:51.711 [DEBUG] [org.gradle.cache.internal.DefaultFileLockManager] Lock acquired on daemon addresses registry.
09:18:51.711 [DEBUG] [org.gradle.cache.internal.DefaultFileLockManager] Releasing lock on daemon addresses registry.
09:18:52.754 [DEBUG] [org.gradle.process.internal.health.memory.MemoryManager] Emitting OS memory status event {Total: 16440098816, Free: 12638539776}
09:18:52.754 [DEBUG] [org.gradle.launcher.daemon.server.health.LowMemoryDaemonExpirationStrategy] Received memory status update: {Total: 16440098816, Free: 12638539776}
09:18:52.755 [DEBUG] [org.gradle.process.internal.health.memory.MemoryManager] Emitting JVM memory status event {Maximum: 1073741824, Committed: 260046848}
09:18:57.755 [DEBUG] [org.gradle.process.internal.health.memory.MemoryManager] Emitting OS memory status event {Total: 16440098816, Free: 12638547968}
09:18:57.755 [DEBUG] [org.gradle.launcher.daemon.server.health.LowMemoryDaemonExpirationStrategy] Received memory status update: {Total: 16440098816, Free: 12638547968}
09:18:57.755 [DEBUG] [org.gradle.process.internal.health.memory.MemoryManager] Emitting JVM memory status event {Maximum: 1073741824, Committed: 260046848}
09:19:01.711 [DEBUG] [org.gradle.launcher.daemon.server.Daemon] DaemonExpirationPeriodicCheck running
09:19:01.711 [DEBUG] [org.gradle.cache.internal.DefaultFileLockManager] Waiting to acquire shared lock on daemon addresses registry.
09:19:01.711 [DEBUG] [org.gradle.cache.internal.DefaultFileLockManager] Lock acquired on daemon addresses registry.
09:19:01.711 [DEBUG] [org.gradle.cache.internal.DefaultFileLockManager] Releasing lock on daemon addresses registry.
09:19:01.711 [DEBUG] [org.gradle.cache.internal.DefaultFileLockManager] Waiting to acquire shared lock on daemon addresses registry.
09:19:01.711 [DEBUG] [org.gradle.cache.internal.DefaultFileLockManager] Lock acquired on daemon addresses registry.
09:19:01.711 [DEBUG] [org.gradle.cache.internal.DefaultFileLockManager] Releasing lock on daemon addresses registry.
09:19:01.711 [DEBUG] [org.gradle.cache.internal.DefaultFileLockManager] Waiting to acquire shared lock on daemon addresses registry.
09:19:01.711 [DEBUG] [org.gradle.cache.internal.DefaultFileLockManager] Lock acquired on daemon addresses registry.
09:19:01.711 [DEBUG] [org.gradle.cache.internal.DefaultFileLockManager] Releasing lock on daemon addresses registry.
09:19:02.754 [DEBUG] [org.gradle.process.internal.health.memory.MemoryManager] Emitting OS memory status event {Total: 16440098816, Free: 12638294016}
09:19:02.755 [DEBUG] [org.gradle.launcher.daemon.server.health.LowMemoryDaemonExpirationStrategy] Received memory status update: {Total: 16440098816, Free: 12638294016}
09:19:02.755 [DEBUG] [org.gradle.process.internal.health.memory.MemoryManager] Emitting JVM memory status event {Maximum: 1073741824, Committed: 260046848}
09:19:07.755 [DEBUG] [org.gradle.process.internal.health.memory.MemoryManager] Emitting OS memory status event {Total: 16440098816, Free: 12638306304}
09:19:07.755 [DEBUG] [org.gradle.launcher.daemon.server.health.LowMemoryDaemonExpirationStrategy] Received memory status update: {Total: 16440098816, Free: 12638306304}
09:19:07.755 [DEBUG] [org.gradle.process.internal.health.memory.MemoryManager] Emitting JVM memory status event {Maximum: 1073741824, Committed: 260046848}
09:19:11.711 [DEBUG] [org.gradle.launcher.daemon.server.Daemon] DaemonExpirationPeriodicCheck running
09:19:11.711 [DEBUG] [org.gradle.cache.internal.DefaultFileLockManager] Waiting to acquire shared lock on daemon addresses registry.
09:19:11.711 [DEBUG] [org.gradle.cache.internal.DefaultFileLockManager] Lock acquired on daemon addresses registry.
09:19:11.711 [DEBUG] [org.gradle.cache.internal.DefaultFileLockManager] Releasing lock on daemon addresses registry.
09:19:11.711 [DEBUG] [org.gradle.cache.internal.DefaultFileLockManager] Waiting to acquire shared lock on daemon addresses registry.
09:19:11.711 [DEBUG] [org.gradle.cache.internal.DefaultFileLockManager] Lock acquired on daemon addresses registry.
09:19:11.711 [DEBUG] [org.gradle.cache.internal.DefaultFileLockManager] Releasing lock on daemon addresses registry.
09:19:11.711 [DEBUG] [org.gradle.cache.internal.DefaultFileLockManager] Waiting to acquire shared lock on daemon addresses registry.
09:19:11.711 [DEBUG] [org.gradle.cache.internal.DefaultFileLockManager] Lock acquired on daemon addresses registry.
09:19:11.711 [DEBUG] [org.gradle.cache.internal.DefaultFileLockManager] Releasing lock on daemon addresses registry.
09:19:12.754 [DEBUG] [org.gradle.process.internal.health.memory.MemoryManager] Emitting OS memory status event {Total: 16440098816, Free: 12638056448}
09:19:12.754 [DEBUG] [org.gradle.launcher.daemon.server.health.LowMemoryDaemonExpirationStrategy] Received memory status update: {Total: 16440098816, Free: 12638056448}
09:19:12.754 [DEBUG] [org.gradle.process.internal.health.memory.MemoryManager] Emitting JVM memory status event {Maximum: 1073741824, Committed: 260046848}
09:19:17.755 [DEBUG] [org.gradle.process.internal.health.memory.MemoryManager] Emitting OS memory status event {Total: 16440098816, Free: 12644126720}
09:19:17.755 [DEBUG] [org.gradle.launcher.daemon.server.health.LowMemoryDaemonExpirationStrategy] Received memory status update: {Total: 16440098816, Free: 12644126720}
09:19:17.755 [DEBUG] [org.gradle.process.internal.health.memory.MemoryManager] Emitting JVM memory status event {Maximum: 1073741824, Committed: 260046848}
09:19:21.711 [DEBUG] [org.gradle.launcher.daemon.server.Daemon] DaemonExpirationPeriodicCheck running
09:19:21.711 [DEBUG] [org.gradle.cache.internal.DefaultFileLockManager] Waiting to acquire shared lock on daemon addresses registry.
09:19:21.711 [DEBUG] [org.gradle.cache.internal.DefaultFileLockManager] Lock acquired on daemon addresses registry.
09:19:21.711 [DEBUG] [org.gradle.cache.internal.DefaultFileLockManager] Releasing lock on daemon addresses registry.
09:19:21.711 [DEBUG] [org.gradle.cache.internal.DefaultFileLockManager] Waiting to acquire shared lock on daemon addresses registry.
09:19:21.711 [DEBUG] [org.gradle.cache.internal.DefaultFileLockManager] Lock acquired on daemon addresses registry.
09:19:21.711 [DEBUG] [org.gradle.cache.internal.DefaultFileLockManager] Releasing lock on daemon addresses registry.
09:19:21.711 [DEBUG] [org.gradle.cache.internal.DefaultFileLockManager] Waiting to acquire shared lock on daemon addresses registry.
09:19:21.711 [DEBUG] [org.gradle.cache.internal.DefaultFileLockManager] Lock acquired on daemon addresses registry.
09:19:21.711 [DEBUG] [org.gradle.cache.internal.DefaultFileLockManager] Releasing lock on daemon addresses registry.
09:19:22.754 [DEBUG] [org.gradle.process.internal.health.memory.MemoryManager] Emitting OS memory status event {Total: 16440098816, Free: 12644175872}
09:19:22.754 [DEBUG] [org.gradle.launcher.daemon.server.health.LowMemoryDaemonExpirationStrategy] Received memory status update: {Total: 16440098816, Free: 12644175872}
09:19:22.754 [DEBUG] [org.gradle.process.internal.health.memory.MemoryManager] Emitting JVM memory status event {Maximum: 1073741824, Committed: 260046848}
09:19:27.755 [DEBUG] [org.gradle.process.internal.health.memory.MemoryManager] Emitting OS memory status event {Total: 16440098816, Free: 12644184064}
09:19:27.755 [DEBUG] [org.gradle.launcher.daemon.server.health.LowMemoryDaemonExpirationStrategy] Received memory status update: {Total: 16440098816, Free: 12644184064}
09:19:27.755 [DEBUG] [org.gradle.process.internal.health.memory.MemoryManager] Emitting JVM memory status event {Maximum: 1073741824, Committed: 260046848}
09:19:31.711 [DEBUG] [org.gradle.launcher.daemon.server.Daemon] DaemonExpirationPeriodicCheck running
09:19:31.711 [DEBUG] [org.gradle.cache.internal.DefaultFileLockManager] Waiting to acquire shared lock on daemon addresses registry.
09:19:31.711 [DEBUG] [org.gradle.cache.internal.DefaultFileLockManager] Lock acquired on daemon addresses registry.
09:19:31.711 [DEBUG] [org.gradle.cache.internal.DefaultFileLockManager] Releasing lock on daemon addresses registry.
09:19:31.711 [DEBUG] [org.gradle.cache.internal.DefaultFileLockManager] Waiting to acquire shared lock on daemon addresses registry.
09:19:31.711 [DEBUG] [org.gradle.cache.internal.DefaultFileLockManager] Lock acquired on daemon addresses registry.
09:19:31.711 [DEBUG] [org.gradle.cache.internal.DefaultFileLockManager] Releasing lock on daemon addresses registry.
09:19:31.711 [DEBUG] [org.gradle.cache.internal.DefaultFileLockManager] Waiting to acquire shared lock on daemon addresses registry.
09:19:31.711 [DEBUG] [org.gradle.cache.internal.DefaultFileLockManager] Lock acquired on daemon addresses registry.
09:19:31.711 [DEBUG] [org.gradle.cache.internal.DefaultFileLockManager] Releasing lock on daemon addresses registry.
09:19:32.754 [DEBUG] [org.gradle.process.internal.health.memory.MemoryManager] Emitting OS memory status event {Total: 16440098816, Free: 12644192256}
09:19:32.754 [DEBUG] [org.gradle.launcher.daemon.server.health.LowMemoryDaemonExpirationStrategy] Received memory status update: {Total: 16440098816, Free: 12644192256}
09:19:32.754 [DEBUG] [org.gradle.process.internal.health.memory.MemoryManager] Emitting JVM memory status event {Maximum: 1073741824, Committed: 260046848}
09:19:37.755 [DEBUG] [org.gradle.process.internal.health.memory.MemoryManager] Emitting OS memory status event {Total: 16440098816, Free: 12645203968}
09:19:37.755 [DEBUG] [org.gradle.launcher.daemon.server.health.LowMemoryDaemonExpirationStrategy] Received memory status update: {Total: 16440098816, Free: 12645203968}
09:19:37.755 [DEBUG] [org.gradle.process.internal.health.memory.MemoryManager] Emitting JVM memory status event {Maximum: 1073741824, Committed: 260046848}
09:19:41.711 [DEBUG] [org.gradle.launcher.daemon.server.Daemon] DaemonExpirationPeriodicCheck running
09:19:41.711 [DEBUG] [org.gradle.cache.internal.DefaultFileLockManager] Waiting to acquire shared lock on daemon addresses registry.
09:19:41.711 [DEBUG] [org.gradle.cache.internal.DefaultFileLockManager] Lock acquired on daemon addresses registry.
09:19:41.711 [DEBUG] [org.gradle.cache.internal.DefaultFileLockManager] Releasing lock on daemon addresses registry.
09:19:41.711 [DEBUG] [org.gradle.cache.internal.DefaultFileLockManager] Waiting to acquire shared lock on daemon addresses registry.
09:19:41.711 [DEBUG] [org.gradle.cache.internal.DefaultFileLockManager] Lock acquired on daemon addresses registry.
09:19:41.711 [DEBUG] [org.gradle.cache.internal.DefaultFileLockManager] Releasing lock on daemon addresses registry.
09:19:41.711 [DEBUG] [org.gradle.cache.internal.DefaultFileLockManager] Waiting to acquire shared lock on daemon addresses registry.
09:19:41.711 [DEBUG] [org.gradle.cache.internal.DefaultFileLockManager] Lock acquired on daemon addresses registry.
09:19:41.711 [DEBUG] [org.gradle.cache.internal.DefaultFileLockManager] Releasing lock on daemon addresses registry.
09:19:42.755 [DEBUG] [org.gradle.process.internal.health.memory.MemoryManager] Emitting OS memory status event {Total: 16440098816, Free: 12639264768}
09:19:42.755 [DEBUG] [org.gradle.launcher.daemon.server.health.LowMemoryDaemonExpirationStrategy] Received memory status update: {Total: 16440098816, Free: 12639264768}
09:19:42.755 [DEBUG] [org.gradle.process.internal.health.memory.MemoryManager] Emitting JVM memory status event {Maximum: 1073741824, Committed: 260046848}
09:19:47.755 [DEBUG] [org.gradle.process.internal.health.memory.MemoryManager] Emitting OS memory status event {Total: 16440098816, Free: 12643442688}
09:19:47.755 [DEBUG] [org.gradle.launcher.daemon.server.health.LowMemoryDaemonExpirationStrategy] Received memory status update: {Total: 16440098816, Free: 12643442688}
09:19:47.755 [DEBUG] [org.gradle.process.internal.health.memory.MemoryManager] Emitting JVM memory status event {Maximum: 1073741824, Committed: 260046848}
09:19:51.711 [DEBUG] [org.gradle.launcher.daemon.server.Daemon] DaemonExpirationPeriodicCheck running
09:19:51.711 [DEBUG] [org.gradle.cache.internal.DefaultFileLockManager] Waiting to acquire shared lock on daemon addresses registry.
09:19:51.711 [DEBUG] [org.gradle.cache.internal.DefaultFileLockManager] Lock acquired on daemon addresses registry.
09:19:51.711 [DEBUG] [org.gradle.cache.internal.DefaultFileLockManager] Releasing lock on daemon addresses registry.
09:19:51.711 [DEBUG] [org.gradle.cache.internal.DefaultFileLockManager] Waiting to acquire shared lock on daemon addresses registry.
09:19:51.711 [DEBUG] [org.gradle.cache.internal.DefaultFileLockManager] Lock acquired on daemon addresses registry.
09:19:51.711 [DEBUG] [org.gradle.cache.internal.DefaultFileLockManager] Releasing lock on daemon addresses registry.
09:19:51.711 [DEBUG] [org.gradle.cache.internal.DefaultFileLockManager] Waiting to acquire shared lock on daemon addresses registry.
09:19:51.711 [DEBUG] [org.gradle.cache.internal.DefaultFileLockManager] Lock acquired on daemon addresses registry.
09:19:51.711 [DEBUG] [org.gradle.cache.internal.DefaultFileLockManager] Releasing lock on daemon addresses registry.
09:19:52.754 [DEBUG] [org.gradle.process.internal.health.memory.MemoryManager] Emitting OS memory status event {Total: 16440098816, Free: 12642197504}
09:19:52.754 [DEBUG] [org.gradle.launcher.daemon.server.health.LowMemoryDaemonExpirationStrategy] Received memory status update: {Total: 16440098816, Free: 12642197504}
09:19:52.754 [DEBUG] [org.gradle.process.internal.health.memory.MemoryManager] Emitting JVM memory status event {Maximum: 1073741824, Committed: 260046848}
09:19:57.755 [DEBUG] [org.gradle.process.internal.health.memory.MemoryManager] Emitting OS memory status event {Total: 16440098816, Free: 12634202112}
09:19:57.755 [DEBUG] [org.gradle.launcher.daemon.server.health.LowMemoryDaemonExpirationStrategy] Received memory status update: {Total: 16440098816, Free: 12634202112}
09:19:57.755 [DEBUG] [org.gradle.process.internal.health.memory.MemoryManager] Emitting JVM memory status event {Maximum: 1073741824, Committed: 260046848}
09:20:01.711 [DEBUG] [org.gradle.launcher.daemon.server.Daemon] DaemonExpirationPeriodicCheck running
09:20:01.711 [DEBUG] [org.gradle.cache.internal.DefaultFileLockManager] Waiting to acquire shared lock on daemon addresses registry.
09:20:01.711 [DEBUG] [org.gradle.cache.internal.DefaultFileLockManager] Lock acquired on daemon addresses registry.
09:20:01.711 [DEBUG] [org.gradle.cache.internal.DefaultFileLockManager] Releasing lock on daemon addresses registry.
09:20:01.711 [DEBUG] [org.gradle.cache.internal.DefaultFileLockManager] Waiting to acquire shared lock on daemon addresses registry.
09:20:01.711 [DEBUG] [org.gradle.cache.internal.DefaultFileLockManager] Lock acquired on daemon addresses registry.
09:20:01.711 [DEBUG] [org.gradle.cache.internal.DefaultFileLockManager] Releasing lock on daemon addresses registry.
09:20:01.711 [DEBUG] [org.gradle.cache.internal.DefaultFileLockManager] Waiting to acquire shared lock on daemon addresses registry.
09:20:01.711 [DEBUG] [org.gradle.cache.internal.DefaultFileLockManager] Lock acquired on daemon addresses registry.
09:20:01.711 [DEBUG] [org.gradle.cache.internal.DefaultFileLockManager] Releasing lock on daemon addresses registry.
09:20:02.754 [DEBUG] [org.gradle.process.internal.health.memory.MemoryManager] Emitting OS memory status event {Total: 16440098816, Free: 12633432064}
09:20:02.754 [DEBUG] [org.gradle.launcher.daemon.server.health.LowMemoryDaemonExpirationStrategy] Received memory status update: {Total: 16440098816, Free: 12633432064}
09:20:02.754 [DEBUG] [org.gradle.process.internal.health.memory.MemoryManager] Emitting JVM memory status event {Maximum: 1073741824, Committed: 260046848}
09:20:07.755 [DEBUG] [org.gradle.process.internal.health.memory.MemoryManager] Emitting OS memory status event {Total: 16440098816, Free: 12633194496}
09:20:07.755 [DEBUG] [org.gradle.launcher.daemon.server.health.LowMemoryDaemonExpirationStrategy] Received memory status update: {Total: 16440098816, Free: 12633194496}
09:20:07.755 [DEBUG] [org.gradle.process.internal.health.memory.MemoryManager] Emitting JVM memory status event {Maximum: 1073741824, Committed: 260046848}
09:20:11.711 [DEBUG] [org.gradle.launcher.daemon.server.Daemon] DaemonExpirationPeriodicCheck running
09:20:11.711 [DEBUG] [org.gradle.cache.internal.DefaultFileLockManager] Waiting to acquire shared lock on daemon addresses registry.
09:20:11.711 [DEBUG] [org.gradle.cache.internal.DefaultFileLockManager] Lock acquired on daemon addresses registry.
09:20:11.711 [DEBUG] [org.gradle.cache.internal.DefaultFileLockManager] Releasing lock on daemon addresses registry.
09:20:11.711 [DEBUG] [org.gradle.cache.internal.DefaultFileLockManager] Waiting to acquire shared lock on daemon addresses registry.
09:20:11.711 [DEBUG] [org.gradle.cache.internal.DefaultFileLockManager] Lock acquired on daemon addresses registry.
09:20:11.711 [DEBUG] [org.gradle.cache.internal.DefaultFileLockManager] Releasing lock on daemon addresses registry.
09:20:11.711 [DEBUG] [org.gradle.cache.internal.DefaultFileLockManager] Waiting to acquire shared lock on daemon addresses registry.
09:20:11.711 [DEBUG] [org.gradle.cache.internal.DefaultFileLockManager] Lock acquired on daemon addresses registry.
09:20:11.711 [DEBUG] [org.gradle.cache.internal.DefaultFileLockManager] Releasing lock on daemon addresses registry.
09:20:12.754 [DEBUG] [org.gradle.process.internal.health.memory.MemoryManager] Emitting OS memory status event {Total: 16440098816, Free: 12633194496}
09:20:12.754 [DEBUG] [org.gradle.launcher.daemon.server.health.LowMemoryDaemonExpirationStrategy] Received memory status update: {Total: 16440098816, Free: 12633194496}
09:20:12.755 [DEBUG] [org.gradle.process.internal.health.memory.MemoryManager] Emitting JVM memory status event {Maximum: 1073741824, Committed: 260046848}
09:20:17.755 [DEBUG] [org.gradle.process.internal.health.memory.MemoryManager] Emitting OS memory status event {Total: 16440098816, Free: 12633194496}
09:20:17.755 [DEBUG] [org.gradle.launcher.daemon.server.health.LowMemoryDaemonExpirationStrategy] Received memory status update: {Total: 16440098816, Free: 12633194496}
09:20:17.755 [DEBUG] [org.gradle.process.internal.health.memory.MemoryManager] Emitting JVM memory status event {Maximum: 1073741824, Committed: 260046848}
09:20:21.711 [DEBUG] [org.gradle.launcher.daemon.server.Daemon] DaemonExpirationPeriodicCheck running
09:20:21.711 [DEBUG] [org.gradle.cache.internal.DefaultFileLockManager] Waiting to acquire shared lock on daemon addresses registry.
09:20:21.711 [DEBUG] [org.gradle.cache.internal.DefaultFileLockManager] Lock acquired on daemon addresses registry.
09:20:21.711 [DEBUG] [org.gradle.cache.internal.DefaultFileLockManager] Releasing lock on daemon addresses registry.
09:20:21.711 [DEBUG] [org.gradle.cache.internal.DefaultFileLockManager] Waiting to acquire shared lock on daemon addresses registry.
09:20:21.711 [DEBUG] [org.gradle.cache.internal.DefaultFileLockManager] Lock acquired on daemon addresses registry.
09:20:21.711 [DEBUG] [org.gradle.cache.internal.DefaultFileLockManager] Releasing lock on daemon addresses registry.
09:20:21.711 [DEBUG] [org.gradle.cache.internal.DefaultFileLockManager] Waiting to acquire shared lock on daemon addresses registry.
09:20:21.711 [DEBUG] [org.gradle.cache.internal.DefaultFileLockManager] Lock acquired on daemon addresses registry.
09:20:21.711 [DEBUG] [org.gradle.cache.internal.DefaultFileLockManager] Releasing lock on daemon addresses registry.
09:20:22.754 [DEBUG] [org.gradle.process.internal.health.memory.MemoryManager] Emitting OS memory status event {Total: 16440098816, Free: 12632694784}
09:20:22.755 [DEBUG] [org.gradle.launcher.daemon.server.health.LowMemoryDaemonExpirationStrategy] Received memory status update: {Total: 16440098816, Free: 12632694784}
09:20:22.755 [DEBUG] [org.gradle.process.internal.health.memory.MemoryManager] Emitting JVM memory status event {Maximum: 1073741824, Committed: 260046848}
09:20:27.755 [DEBUG] [org.gradle.process.internal.health.memory.MemoryManager] Emitting OS memory status event {Total: 16440098816, Free: 12632702976}
09:20:27.755 [DEBUG] [org.gradle.launcher.daemon.server.health.LowMemoryDaemonExpirationStrategy] Received memory status update: {Total: 16440098816, Free: 12632702976}
09:20:27.755 [DEBUG] [org.gradle.process.internal.health.memory.MemoryManager] Emitting JVM memory status event {Maximum: 1073741824, Committed: 260046848}
09:20:31.711 [DEBUG] [org.gradle.launcher.daemon.server.Daemon] DaemonExpirationPeriodicCheck running
09:20:31.711 [DEBUG] [org.gradle.cache.internal.DefaultFileLockManager] Waiting to acquire shared lock on daemon addresses registry.
09:20:31.711 [DEBUG] [org.gradle.cache.internal.DefaultFileLockManager] Lock acquired on daemon addresses registry.
09:20:31.711 [DEBUG] [org.gradle.cache.internal.DefaultFileLockManager] Releasing lock on daemon addresses registry.
09:20:31.711 [DEBUG] [org.gradle.cache.internal.DefaultFileLockManager] Waiting to acquire shared lock on daemon addresses registry.
09:20:31.711 [DEBUG] [org.gradle.cache.internal.DefaultFileLockManager] Lock acquired on daemon addresses registry.
09:20:31.711 [DEBUG] [org.gradle.cache.internal.DefaultFileLockManager] Releasing lock on daemon addresses registry.
09:20:31.711 [DEBUG] [org.gradle.cache.internal.DefaultFileLockManager] Waiting to acquire shared lock on daemon addresses registry.
09:20:31.711 [DEBUG] [org.gradle.cache.internal.DefaultFileLockManager] Lock acquired on daemon addresses registry.
09:20:31.711 [DEBUG] [org.gradle.cache.internal.DefaultFileLockManager] Releasing lock on daemon addresses registry.
09:20:32.754 [DEBUG] [org.gradle.process.internal.health.memory.MemoryManager] Emitting OS memory status event {Total: 16440098816, Free: 12632707072}
09:20:32.755 [DEBUG] [org.gradle.launcher.daemon.server.health.LowMemoryDaemonExpirationStrategy] Received memory status update: {Total: 16440098816, Free: 12632707072}
09:20:32.755 [DEBUG] [org.gradle.process.internal.health.memory.MemoryManager] Emitting JVM memory status event {Maximum: 1073741824, Committed: 260046848}
09:20:37.755 [DEBUG] [org.gradle.process.internal.health.memory.MemoryManager] Emitting OS memory status event {Total: 16440098816, Free: 12632518656}
09:20:37.755 [DEBUG] [org.gradle.launcher.daemon.server.health.LowMemoryDaemonExpirationStrategy] Received memory status update: {Total: 16440098816, Free: 12632518656}
09:20:37.755 [DEBUG] [org.gradle.process.internal.health.memory.MemoryManager] Emitting JVM memory status event {Maximum: 1073741824, Committed: 260046848}
09:20:41.711 [DEBUG] [org.gradle.launcher.daemon.server.Daemon] DaemonExpirationPeriodicCheck running
09:20:41.711 [DEBUG] [org.gradle.cache.internal.DefaultFileLockManager] Waiting to acquire shared lock on daemon addresses registry.
09:20:41.711 [DEBUG] [org.gradle.cache.internal.DefaultFileLockManager] Lock acquired on daemon addresses registry.
09:20:41.711 [DEBUG] [org.gradle.cache.internal.DefaultFileLockManager] Releasing lock on daemon addresses registry.
09:20:41.711 [DEBUG] [org.gradle.cache.internal.DefaultFileLockManager] Waiting to acquire shared lock on daemon addresses registry.
09:20:41.711 [DEBUG] [org.gradle.cache.internal.DefaultFileLockManager] Lock acquired on daemon addresses registry.
09:20:41.711 [DEBUG] [org.gradle.cache.internal.DefaultFileLockManager] Releasing lock on daemon addresses registry.
09:20:41.711 [DEBUG] [org.gradle.cache.internal.DefaultFileLockManager] Waiting to acquire shared lock on daemon addresses registry.
09:20:41.711 [DEBUG] [org.gradle.cache.internal.DefaultFileLockManager] Lock acquired on daemon addresses registry.
09:20:41.711 [DEBUG] [org.gradle.cache.internal.DefaultFileLockManager] Releasing lock on daemon addresses registry.
09:20:42.755 [DEBUG] [org.gradle.process.internal.health.memory.MemoryManager] Emitting OS memory status event {Total: 16440098816, Free: 12632526848}
09:20:42.755 [DEBUG] [org.gradle.launcher.daemon.server.health.LowMemoryDaemonExpirationStrategy] Received memory status update: {Total: 16440098816, Free: 12632526848}
09:20:42.755 [DEBUG] [org.gradle.process.internal.health.memory.MemoryManager] Emitting JVM memory status event {Maximum: 1073741824, Committed: 260046848}
09:20:47.755 [DEBUG] [org.gradle.process.internal.health.memory.MemoryManager] Emitting OS memory status event {Total: 16440098816, Free: 12632555520}
09:20:47.755 [DEBUG] [org.gradle.launcher.daemon.server.health.LowMemoryDaemonExpirationStrategy] Received memory status update: {Total: 16440098816, Free: 12632555520}
09:20:47.755 [DEBUG] [org.gradle.process.internal.health.memory.MemoryManager] Emitting JVM memory status event {Maximum: 1073741824, Committed: 260046848}
09:20:51.711 [DEBUG] [org.gradle.launcher.daemon.server.Daemon] DaemonExpirationPeriodicCheck running
09:20:51.711 [DEBUG] [org.gradle.cache.internal.DefaultFileLockManager] Waiting to acquire shared lock on daemon addresses registry.
09:20:51.711 [DEBUG] [org.gradle.cache.internal.DefaultFileLockManager] Lock acquired on daemon addresses registry.
09:20:51.711 [DEBUG] [org.gradle.cache.internal.DefaultFileLockManager] Releasing lock on daemon addresses registry.
09:20:51.711 [DEBUG] [org.gradle.cache.internal.DefaultFileLockManager] Waiting to acquire shared lock on daemon addresses registry.
09:20:51.711 [DEBUG] [org.gradle.cache.internal.DefaultFileLockManager] Lock acquired on daemon addresses registry.
09:20:51.711 [DEBUG] [org.gradle.cache.internal.DefaultFileLockManager] Releasing lock on daemon addresses registry.
09:20:51.711 [DEBUG] [org.gradle.cache.internal.DefaultFileLockManager] Waiting to acquire shared lock on daemon addresses registry.
09:20:51.711 [DEBUG] [org.gradle.cache.internal.DefaultFileLockManager] Lock acquired on daemon addresses registry.
09:20:51.711 [DEBUG] [org.gradle.cache.internal.DefaultFileLockManager] Releasing lock on daemon addresses registry.
09:20:52.754 [DEBUG] [org.gradle.process.internal.health.memory.MemoryManager] Emitting OS memory status event {Total: 16440098816, Free: 12632559616}
09:20:52.754 [DEBUG] [org.gradle.launcher.daemon.server.health.LowMemoryDaemonExpirationStrategy] Received memory status update: {Total: 16440098816, Free: 12632559616}
09:20:52.754 [DEBUG] [org.gradle.process.internal.health.memory.MemoryManager] Emitting JVM memory status event {Maximum: 1073741824, Committed: 260046848}
09:20:57.755 [DEBUG] [org.gradle.process.internal.health.memory.MemoryManager] Emitting OS memory status event {Total: 16440098816, Free: 12632600576}
09:20:57.755 [DEBUG] [org.gradle.launcher.daemon.server.health.LowMemoryDaemonExpirationStrategy] Received memory status update: {Total: 16440098816, Free: 12632600576}
09:20:57.755 [DEBUG] [org.gradle.process.internal.health.memory.MemoryManager] Emitting JVM memory status event {Maximum: 1073741824, Committed: 260046848}
09:21:01.711 [DEBUG] [org.gradle.launcher.daemon.server.Daemon] DaemonExpirationPeriodicCheck running
09:21:01.711 [DEBUG] [org.gradle.cache.internal.DefaultFileLockManager] Waiting to acquire shared lock on daemon addresses registry.
09:21:01.711 [DEBUG] [org.gradle.cache.internal.DefaultFileLockManager] Lock acquired on daemon addresses registry.
09:21:01.711 [DEBUG] [org.gradle.cache.internal.DefaultFileLockManager] Releasing lock on daemon addresses registry.
09:21:01.711 [DEBUG] [org.gradle.cache.internal.DefaultFileLockManager] Waiting to acquire shared lock on daemon addresses registry.
09:21:01.711 [DEBUG] [org.gradle.cache.internal.DefaultFileLockManager] Lock acquired on daemon addresses registry.
09:21:01.711 [DEBUG] [org.gradle.cache.internal.DefaultFileLockManager] Releasing lock on daemon addresses registry.
09:21:01.711 [DEBUG] [org.gradle.cache.internal.DefaultFileLockManager] Waiting to acquire shared lock on daemon addresses registry.
09:21:01.711 [DEBUG] [org.gradle.cache.internal.DefaultFileLockManager] Lock acquired on daemon addresses registry.
09:21:01.711 [DEBUG] [org.gradle.cache.internal.DefaultFileLockManager] Releasing lock on daemon addresses registry.
09:21:02.754 [DEBUG] [org.gradle.process.internal.health.memory.MemoryManager] Emitting OS memory status event {Total: 16440098816, Free: 12632600576}
09:21:02.755 [DEBUG] [org.gradle.launcher.daemon.server.health.LowMemoryDaemonExpirationStrategy] Received memory status update: {Total: 16440098816, Free: 12632600576}
09:21:02.755 [DEBUG] [org.gradle.process.internal.health.memory.MemoryManager] Emitting JVM memory status event {Maximum: 1073741824, Committed: 260046848}
09:21:07.755 [DEBUG] [org.gradle.process.internal.health.memory.MemoryManager] Emitting OS memory status event {Total: 16440098816, Free: 12632625152}
09:21:07.755 [DEBUG] [org.gradle.launcher.daemon.server.health.LowMemoryDaemonExpirationStrategy] Received memory status update: {Total: 16440098816, Free: 12632625152}
09:21:07.755 [DEBUG] [org.gradle.process.internal.health.memory.MemoryManager] Emitting JVM memory status event {Maximum: 1073741824, Committed: 260046848}
09:21:11.711 [DEBUG] [org.gradle.launcher.daemon.server.Daemon] DaemonExpirationPeriodicCheck running
09:21:11.711 [DEBUG] [org.gradle.cache.internal.DefaultFileLockManager] Waiting to acquire shared lock on daemon addresses registry.
09:21:11.711 [DEBUG] [org.gradle.cache.internal.DefaultFileLockManager] Lock acquired on daemon addresses registry.
09:21:11.711 [DEBUG] [org.gradle.cache.internal.DefaultFileLockManager] Releasing lock on daemon addresses registry.
09:21:11.711 [DEBUG] [org.gradle.cache.internal.DefaultFileLockManager] Waiting to acquire shared lock on daemon addresses registry.
09:21:11.711 [DEBUG] [org.gradle.cache.internal.DefaultFileLockManager] Lock acquired on daemon addresses registry.
09:21:11.711 [DEBUG] [org.gradle.cache.internal.DefaultFileLockManager] Releasing lock on daemon addresses registry.
09:21:11.711 [DEBUG] [org.gradle.cache.internal.DefaultFileLockManager] Waiting to acquire shared lock on daemon addresses registry.
09:21:11.711 [DEBUG] [org.gradle.cache.internal.DefaultFileLockManager] Lock acquired on daemon addresses registry.
09:21:11.711 [DEBUG] [org.gradle.cache.internal.DefaultFileLockManager] Releasing lock on daemon addresses registry.
09:21:12.754 [DEBUG] [org.gradle.process.internal.health.memory.MemoryManager] Emitting OS memory status event {Total: 16440098816, Free: 12632629248}
09:21:12.754 [DEBUG] [org.gradle.launcher.daemon.server.health.LowMemoryDaemonExpirationStrategy] Received memory status update: {Total: 16440098816, Free: 12632629248}
09:21:12.754 [DEBUG] [org.gradle.process.internal.health.memory.MemoryManager] Emitting JVM memory status event {Maximum: 1073741824, Committed: 260046848}
09:21:17.755 [DEBUG] [org.gradle.process.internal.health.memory.MemoryManager] Emitting OS memory status event {Total: 16440098816, Free: 12632629248}
09:21:17.755 [DEBUG] [org.gradle.launcher.daemon.server.health.LowMemoryDaemonExpirationStrategy] Received memory status update: {Total: 16440098816, Free: 12632629248}
09:21:17.755 [DEBUG] [org.gradle.process.internal.health.memory.MemoryManager] Emitting JVM memory status event {Maximum: 1073741824, Committed: 260046848}
09:21:21.711 [DEBUG] [org.gradle.launcher.daemon.server.Daemon] DaemonExpirationPeriodicCheck running
09:21:21.711 [DEBUG] [org.gradle.cache.internal.DefaultFileLockManager] Waiting to acquire shared lock on daemon addresses registry.
09:21:21.711 [DEBUG] [org.gradle.cache.internal.DefaultFileLockManager] Lock acquired on daemon addresses registry.
09:21:21.711 [DEBUG] [org.gradle.cache.internal.DefaultFileLockManager] Releasing lock on daemon addresses registry.
09:21:21.711 [DEBUG] [org.gradle.cache.internal.DefaultFileLockManager] Waiting to acquire shared lock on daemon addresses registry.
09:21:21.711 [DEBUG] [org.gradle.cache.internal.DefaultFileLockManager] Lock acquired on daemon addresses registry.
09:21:21.711 [DEBUG] [org.gradle.cache.internal.DefaultFileLockManager] Releasing lock on daemon addresses registry.
09:21:21.711 [DEBUG] [org.gradle.cache.internal.DefaultFileLockManager] Waiting to acquire shared lock on daemon addresses registry.
09:21:21.711 [DEBUG] [org.gradle.cache.internal.DefaultFileLockManager] Lock acquired on daemon addresses registry.
09:21:21.711 [DEBUG] [org.gradle.cache.internal.DefaultFileLockManager] Releasing lock on daemon addresses registry.
09:21:22.754 [DEBUG] [org.gradle.process.internal.health.memory.MemoryManager] Emitting OS memory status event {Total: 16440098816, Free: 12632653824}
09:21:22.754 [DEBUG] [org.gradle.launcher.daemon.server.health.LowMemoryDaemonExpirationStrategy] Received memory status update: {Total: 16440098816, Free: 12632653824}
09:21:22.754 [DEBUG] [org.gradle.process.internal.health.memory.MemoryManager] Emitting JVM memory status event {Maximum: 1073741824, Committed: 260046848}
09:21:27.755 [DEBUG] [org.gradle.process.internal.health.memory.MemoryManager] Emitting OS memory status event {Total: 16440098816, Free: 12632662016}
09:21:27.755 [DEBUG] [org.gradle.launcher.daemon.server.health.LowMemoryDaemonExpirationStrategy] Received memory status update: {Total: 16440098816, Free: 12632662016}
09:21:27.755 [DEBUG] [org.gradle.process.internal.health.memory.MemoryManager] Emitting JVM memory status event {Maximum: 1073741824, Committed: 260046848}
09:21:31.711 [DEBUG] [org.gradle.launcher.daemon.server.Daemon] DaemonExpirationPeriodicCheck running
09:21:31.711 [DEBUG] [org.gradle.cache.internal.DefaultFileLockManager] Waiting to acquire shared lock on daemon addresses registry.
09:21:31.711 [DEBUG] [org.gradle.cache.internal.DefaultFileLockManager] Lock acquired on daemon addresses registry.
09:21:31.711 [DEBUG] [org.gradle.cache.internal.DefaultFileLockManager] Releasing lock on daemon addresses registry.
09:21:31.711 [DEBUG] [org.gradle.cache.internal.DefaultFileLockManager] Waiting to acquire shared lock on daemon addresses registry.
09:21:31.711 [DEBUG] [org.gradle.cache.internal.DefaultFileLockManager] Lock acquired on daemon addresses registry.
09:21:31.711 [DEBUG] [org.gradle.cache.internal.DefaultFileLockManager] Releasing lock on daemon addresses registry.
09:21:31.711 [DEBUG] [org.gradle.cache.internal.DefaultFileLockManager] Waiting to acquire shared lock on daemon addresses registry.
09:21:31.711 [DEBUG] [org.gradle.cache.internal.DefaultFileLockManager] Lock acquired on daemon addresses registry.
09:21:31.711 [DEBUG] [org.gradle.cache.internal.DefaultFileLockManager] Releasing lock on daemon addresses registry.
09:21:32.754 [DEBUG] [org.gradle.process.internal.health.memory.MemoryManager] Emitting OS memory status event {Total: 16440098816, Free: 12632449024}
09:21:32.755 [DEBUG] [org.gradle.launcher.daemon.server.health.LowMemoryDaemonExpirationStrategy] Received memory status update: {Total: 16440098816, Free: 12632449024}
09:21:32.755 [DEBUG] [org.gradle.process.internal.health.memory.MemoryManager] Emitting JVM memory status event {Maximum: 1073741824, Committed: 260046848}
09:21:37.755 [DEBUG] [org.gradle.process.internal.health.memory.MemoryManager] Emitting OS memory status event {Total: 16440098816, Free: 12632223744}
09:21:37.755 [DEBUG] [org.gradle.launcher.daemon.server.health.LowMemoryDaemonExpirationStrategy] Received memory status update: {Total: 16440098816, Free: 12632223744}
09:21:37.755 [DEBUG] [org.gradle.process.internal.health.memory.MemoryManager] Emitting JVM memory status event {Maximum: 1073741824, Committed: 260046848}
09:21:41.711 [DEBUG] [org.gradle.launcher.daemon.server.Daemon] DaemonExpirationPeriodicCheck running
09:21:41.711 [DEBUG] [org.gradle.cache.internal.DefaultFileLockManager] Waiting to acquire shared lock on daemon addresses registry.
09:21:41.711 [DEBUG] [org.gradle.cache.internal.DefaultFileLockManager] Lock acquired on daemon addresses registry.
09:21:41.711 [DEBUG] [org.gradle.cache.internal.DefaultFileLockManager] Releasing lock on daemon addresses registry.
09:21:41.711 [DEBUG] [org.gradle.cache.internal.DefaultFileLockManager] Waiting to acquire shared lock on daemon addresses registry.
09:21:41.711 [DEBUG] [org.gradle.cache.internal.DefaultFileLockManager] Lock acquired on daemon addresses registry.
09:21:41.711 [DEBUG] [org.gradle.cache.internal.DefaultFileLockManager] Releasing lock on daemon addresses registry.
09:21:41.711 [DEBUG] [org.gradle.cache.internal.DefaultFileLockManager] Waiting to acquire shared lock on daemon addresses registry.
09:21:41.711 [DEBUG] [org.gradle.cache.internal.DefaultFileLockManager] Lock acquired on daemon addresses registry.
09:21:41.711 [DEBUG] [org.gradle.cache.internal.DefaultFileLockManager] Releasing lock on daemon addresses registry.
09:21:42.754 [DEBUG] [org.gradle.process.internal.health.memory.MemoryManager] Emitting OS memory status event {Total: 16440098816, Free: 12631465984}
09:21:42.754 [DEBUG] [org.gradle.launcher.daemon.server.health.LowMemoryDaemonExpirationStrategy] Received memory status update: {Total: 16440098816, Free: 12631465984}
09:21:42.755 [DEBUG] [org.gradle.process.internal.health.memory.MemoryManager] Emitting JVM memory status event {Maximum: 1073741824, Committed: 260046848}
09:21:47.755 [DEBUG] [org.gradle.process.internal.health.memory.MemoryManager] Emitting OS memory status event {Total: 16440098816, Free: 12631490560}
09:21:47.755 [DEBUG] [org.gradle.launcher.daemon.server.health.LowMemoryDaemonExpirationStrategy] Received memory status update: {Total: 16440098816, Free: 12631490560}
09:21:47.755 [DEBUG] [org.gradle.process.internal.health.memory.MemoryManager] Emitting JVM memory status event {Maximum: 1073741824, Committed: 260046848}
09:21:51.711 [DEBUG] [org.gradle.launcher.daemon.server.Daemon] DaemonExpirationPeriodicCheck running
09:21:51.711 [DEBUG] [org.gradle.cache.internal.DefaultFileLockManager] Waiting to acquire shared lock on daemon addresses registry.
09:21:51.711 [DEBUG] [org.gradle.cache.internal.DefaultFileLockManager] Lock acquired on daemon addresses registry.
09:21:51.711 [DEBUG] [org.gradle.cache.internal.DefaultFileLockManager] Releasing lock on daemon addresses registry.
09:21:51.711 [DEBUG] [org.gradle.cache.internal.DefaultFileLockManager] Waiting to acquire shared lock on daemon addresses registry.
09:21:51.711 [DEBUG] [org.gradle.cache.internal.DefaultFileLockManager] Lock acquired on daemon addresses registry.
09:21:51.711 [DEBUG] [org.gradle.cache.internal.DefaultFileLockManager] Releasing lock on daemon addresses registry.
09:21:51.711 [DEBUG] [org.gradle.cache.internal.DefaultFileLockManager] Waiting to acquire shared lock on daemon addresses registry.
09:21:51.711 [DEBUG] [org.gradle.cache.internal.DefaultFileLockManager] Lock acquired on daemon addresses registry.
09:21:51.711 [DEBUG] [org.gradle.cache.internal.DefaultFileLockManager] Releasing lock on daemon addresses registry.
09:21:52.754 [DEBUG] [org.gradle.process.internal.health.memory.MemoryManager] Emitting OS memory status event {Total: 16440098816, Free: 12631519232}
09:21:52.755 [DEBUG] [org.gradle.launcher.daemon.server.health.LowMemoryDaemonExpirationStrategy] Received memory status update: {Total: 16440098816, Free: 12631519232}
09:21:52.755 [DEBUG] [org.gradle.process.internal.health.memory.MemoryManager] Emitting JVM memory status event {Maximum: 1073741824, Committed: 260046848}
09:21:57.755 [DEBUG] [org.gradle.process.internal.health.memory.MemoryManager] Emitting OS memory status event {Total: 16440098816, Free: 12631539712}
09:21:57.755 [DEBUG] [org.gradle.launcher.daemon.server.health.LowMemoryDaemonExpirationStrategy] Received memory status update: {Total: 16440098816, Free: 12631539712}
09:21:57.755 [DEBUG] [org.gradle.process.internal.health.memory.MemoryManager] Emitting JVM memory status event {Maximum: 1073741824, Committed: 260046848}
09:22:01.711 [DEBUG] [org.gradle.launcher.daemon.server.Daemon] DaemonExpirationPeriodicCheck running
09:22:01.711 [DEBUG] [org.gradle.cache.internal.DefaultFileLockManager] Waiting to acquire shared lock on daemon addresses registry.
09:22:01.711 [DEBUG] [org.gradle.cache.internal.DefaultFileLockManager] Lock acquired on daemon addresses registry.
09:22:01.711 [DEBUG] [org.gradle.cache.internal.DefaultFileLockManager] Releasing lock on daemon addresses registry.
09:22:01.711 [DEBUG] [org.gradle.cache.internal.DefaultFileLockManager] Waiting to acquire shared lock on daemon addresses registry.
09:22:01.711 [DEBUG] [org.gradle.cache.internal.DefaultFileLockManager] Lock acquired on daemon addresses registry.
09:22:01.711 [DEBUG] [org.gradle.cache.internal.DefaultFileLockManager] Releasing lock on daemon addresses registry.
09:22:01.711 [DEBUG] [org.gradle.cache.internal.DefaultFileLockManager] Waiting to acquire shared lock on daemon addresses registry.
09:22:01.711 [DEBUG] [org.gradle.cache.internal.DefaultFileLockManager] Lock acquired on daemon addresses registry.
09:22:01.711 [DEBUG] [org.gradle.cache.internal.DefaultFileLockManager] Releasing lock on daemon addresses registry.
09:22:02.754 [DEBUG] [org.gradle.process.internal.health.memory.MemoryManager] Emitting OS memory status event {Total: 16440098816, Free: 12631326720}
09:22:02.754 [DEBUG] [org.gradle.launcher.daemon.server.health.LowMemoryDaemonExpirationStrategy] Received memory status update: {Total: 16440098816, Free: 12631326720}
09:22:02.754 [DEBUG] [org.gradle.process.internal.health.memory.MemoryManager] Emitting JVM memory status event {Maximum: 1073741824, Committed: 260046848}
09:22:07.755 [DEBUG] [org.gradle.process.internal.health.memory.MemoryManager] Emitting OS memory status event {Total: 16440098816, Free: 12631101440}
09:22:07.755 [DEBUG] [org.gradle.launcher.daemon.server.health.LowMemoryDaemonExpirationStrategy] Received memory status update: {Total: 16440098816, Free: 12631101440}
09:22:07.755 [DEBUG] [org.gradle.process.internal.health.memory.MemoryManager] Emitting JVM memory status event {Maximum: 1073741824, Committed: 260046848}
09:22:11.711 [DEBUG] [org.gradle.launcher.daemon.server.Daemon] DaemonExpirationPeriodicCheck running
09:22:11.711 [DEBUG] [org.gradle.cache.internal.DefaultFileLockManager] Waiting to acquire shared lock on daemon addresses registry.
09:22:11.711 [DEBUG] [org.gradle.cache.internal.DefaultFileLockManager] Lock acquired on daemon addresses registry.
09:22:11.711 [DEBUG] [org.gradle.cache.internal.DefaultFileLockManager] Releasing lock on daemon addresses registry.
09:22:11.711 [DEBUG] [org.gradle.cache.internal.DefaultFileLockManager] Waiting to acquire shared lock on daemon addresses registry.
09:22:11.711 [DEBUG] [org.gradle.cache.internal.DefaultFileLockManager] Lock acquired on daemon addresses registry.
09:22:11.711 [DEBUG] [org.gradle.cache.internal.DefaultFileLockManager] Releasing lock on daemon addresses registry.
09:22:11.711 [DEBUG] [org.gradle.cache.internal.DefaultFileLockManager] Waiting to acquire shared lock on daemon addresses registry.
09:22:11.711 [DEBUG] [org.gradle.cache.internal.DefaultFileLockManager] Lock acquired on daemon addresses registry.
09:22:11.711 [DEBUG] [org.gradle.cache.internal.DefaultFileLockManager] Releasing lock on daemon addresses registry.
09:22:12.754 [DEBUG] [org.gradle.process.internal.health.memory.MemoryManager] Emitting OS memory status event {Total: 16440098816, Free: 12631109632}
09:22:12.754 [DEBUG] [org.gradle.launcher.daemon.server.health.LowMemoryDaemonExpirationStrategy] Received memory status update: {Total: 16440098816, Free: 12631109632}
09:22:12.754 [DEBUG] [org.gradle.process.internal.health.memory.MemoryManager] Emitting JVM memory status event {Maximum: 1073741824, Committed: 260046848}
09:22:17.755 [DEBUG] [org.gradle.process.internal.health.memory.MemoryManager] Emitting OS memory status event {Total: 16440098816, Free: 12630851584}
09:22:17.755 [DEBUG] [org.gradle.launcher.daemon.server.health.LowMemoryDaemonExpirationStrategy] Received memory status update: {Total: 16440098816, Free: 12630851584}
09:22:17.755 [DEBUG] [org.gradle.process.internal.health.memory.MemoryManager] Emitting JVM memory status event {Maximum: 1073741824, Committed: 260046848}
09:22:21.711 [DEBUG] [org.gradle.launcher.daemon.server.Daemon] DaemonExpirationPeriodicCheck running
09:22:21.711 [DEBUG] [org.gradle.cache.internal.DefaultFileLockManager] Waiting to acquire shared lock on daemon addresses registry.
09:22:21.711 [DEBUG] [org.gradle.cache.internal.DefaultFileLockManager] Lock acquired on daemon addresses registry.
09:22:21.711 [DEBUG] [org.gradle.cache.internal.DefaultFileLockManager] Releasing lock on daemon addresses registry.
09:22:21.711 [DEBUG] [org.gradle.cache.internal.DefaultFileLockManager] Waiting to acquire shared lock on daemon addresses registry.
09:22:21.711 [DEBUG] [org.gradle.cache.internal.DefaultFileLockManager] Lock acquired on daemon addresses registry.
09:22:21.711 [DEBUG] [org.gradle.cache.internal.DefaultFileLockManager] Releasing lock on daemon addresses registry.
09:22:21.711 [DEBUG] [org.gradle.cache.internal.DefaultFileLockManager] Waiting to acquire shared lock on daemon addresses registry.
09:22:21.711 [DEBUG] [org.gradle.cache.internal.DefaultFileLockManager] Lock acquired on daemon addresses registry.
09:22:21.711 [DEBUG] [org.gradle.cache.internal.DefaultFileLockManager] Releasing lock on daemon addresses registry.
09:22:22.754 [DEBUG] [org.gradle.process.internal.health.memory.MemoryManager] Emitting OS memory status event {Total: 16440098816, Free: 12630638592}
09:22:22.755 [DEBUG] [org.gradle.launcher.daemon.server.health.LowMemoryDaemonExpirationStrategy] Received memory status update: {Total: 16440098816, Free: 12630638592}
09:22:22.755 [DEBUG] [org.gradle.process.internal.health.memory.MemoryManager] Emitting JVM memory status event {Maximum: 1073741824, Committed: 260046848}
09:22:27.755 [DEBUG] [org.gradle.process.internal.health.memory.MemoryManager] Emitting OS memory status event {Total: 16440098816, Free: 12629676032}
09:22:27.755 [DEBUG] [org.gradle.launcher.daemon.server.health.LowMemoryDaemonExpirationStrategy] Received memory status update: {Total: 16440098816, Free: 12629676032}
09:22:27.755 [DEBUG] [org.gradle.process.internal.health.memory.MemoryManager] Emitting JVM memory status event {Maximum: 1073741824, Committed: 260046848}
09:22:31.711 [DEBUG] [org.gradle.launcher.daemon.server.Daemon] DaemonExpirationPeriodicCheck running
09:22:31.711 [DEBUG] [org.gradle.cache.internal.DefaultFileLockManager] Waiting to acquire shared lock on daemon addresses registry.
09:22:31.711 [DEBUG] [org.gradle.cache.internal.DefaultFileLockManager] Lock acquired on daemon addresses registry.
09:22:31.711 [DEBUG] [org.gradle.cache.internal.DefaultFileLockManager] Releasing lock on daemon addresses registry.
09:22:31.711 [DEBUG] [org.gradle.cache.internal.DefaultFileLockManager] Waiting to acquire shared lock on daemon addresses registry.
09:22:31.711 [DEBUG] [org.gradle.cache.internal.DefaultFileLockManager] Lock acquired on daemon addresses registry.
09:22:31.711 [DEBUG] [org.gradle.cache.internal.DefaultFileLockManager] Releasing lock on daemon addresses registry.
09:22:31.711 [DEBUG] [org.gradle.cache.internal.DefaultFileLockManager] Waiting to acquire shared lock on daemon addresses registry.
09:22:31.711 [DEBUG] [org.gradle.cache.internal.DefaultFileLockManager] Lock acquired on daemon addresses registry.
09:22:31.711 [DEBUG] [org.gradle.cache.internal.DefaultFileLockManager] Releasing lock on daemon addresses registry.
09:22:32.754 [DEBUG] [org.gradle.process.internal.health.memory.MemoryManager] Emitting OS memory status event {Total: 16440098816, Free: 12629692416}
09:22:32.755 [DEBUG] [org.gradle.launcher.daemon.server.health.LowMemoryDaemonExpirationStrategy] Received memory status update: {Total: 16440098816, Free: 12629692416}
09:22:32.755 [DEBUG] [org.gradle.process.internal.health.memory.MemoryManager] Emitting JVM memory status event {Maximum: 1073741824, Committed: 260046848}
09:22:37.755 [DEBUG] [org.gradle.process.internal.health.memory.MemoryManager] Emitting OS memory status event {Total: 16440098816, Free: 12622749696}
09:22:37.755 [DEBUG] [org.gradle.launcher.daemon.server.health.LowMemoryDaemonExpirationStrategy] Received memory status update: {Total: 16440098816, Free: 12622749696}
09:22:37.755 [DEBUG] [org.gradle.process.internal.health.memory.MemoryManager] Emitting JVM memory status event {Maximum: 1073741824, Committed: 260046848}
09:22:41.711 [DEBUG] [org.gradle.launcher.daemon.server.Daemon] DaemonExpirationPeriodicCheck running
09:22:41.711 [DEBUG] [org.gradle.cache.internal.DefaultFileLockManager] Waiting to acquire shared lock on daemon addresses registry.
09:22:41.711 [DEBUG] [org.gradle.cache.internal.DefaultFileLockManager] Lock acquired on daemon addresses registry.
09:22:41.711 [DEBUG] [org.gradle.cache.internal.DefaultFileLockManager] Releasing lock on daemon addresses registry.
09:22:41.711 [DEBUG] [org.gradle.cache.internal.DefaultFileLockManager] Waiting to acquire shared lock on daemon addresses registry.
09:22:41.711 [DEBUG] [org.gradle.cache.internal.DefaultFileLockManager] Lock acquired on daemon addresses registry.
09:22:41.711 [DEBUG] [org.gradle.cache.internal.DefaultFileLockManager] Releasing lock on daemon addresses registry.
09:22:41.711 [DEBUG] [org.gradle.cache.internal.DefaultFileLockManager] Waiting to acquire shared lock on daemon addresses registry.
09:22:41.711 [DEBUG] [org.gradle.cache.internal.DefaultFileLockManager] Lock acquired on daemon addresses registry.
09:22:41.711 [DEBUG] [org.gradle.cache.internal.DefaultFileLockManager] Releasing lock on daemon addresses registry.
09:22:42.754 [DEBUG] [org.gradle.process.internal.health.memory.MemoryManager] Emitting OS memory status event {Total: 16440098816, Free: 12621979648}
09:22:42.755 [DEBUG] [org.gradle.launcher.daemon.server.health.LowMemoryDaemonExpirationStrategy] Received memory status update: {Total: 16440098816, Free: 12621979648}
09:22:42.755 [DEBUG] [org.gradle.process.internal.health.memory.MemoryManager] Emitting JVM memory status event {Maximum: 1073741824, Committed: 260046848}
09:22:47.755 [DEBUG] [org.gradle.process.internal.health.memory.MemoryManager] Emitting OS memory status event {Total: 16440098816, Free: 12621987840}
09:22:47.755 [DEBUG] [org.gradle.launcher.daemon.server.health.LowMemoryDaemonExpirationStrategy] Received memory status update: {Total: 16440098816, Free: 12621987840}
09:22:47.755 [DEBUG] [org.gradle.process.internal.health.memory.MemoryManager] Emitting JVM memory status event {Maximum: 1073741824, Committed: 260046848}
09:22:51.711 [DEBUG] [org.gradle.launcher.daemon.server.Daemon] DaemonExpirationPeriodicCheck running
09:22:51.711 [DEBUG] [org.gradle.cache.internal.DefaultFileLockManager] Waiting to acquire shared lock on daemon addresses registry.
09:22:51.711 [DEBUG] [org.gradle.cache.internal.DefaultFileLockManager] Lock acquired on daemon addresses registry.
09:22:51.711 [DEBUG] [org.gradle.cache.internal.DefaultFileLockManager] Releasing lock on daemon addresses registry.
09:22:51.711 [DEBUG] [org.gradle.cache.internal.DefaultFileLockManager] Waiting to acquire shared lock on daemon addresses registry.
09:22:51.711 [DEBUG] [org.gradle.cache.internal.DefaultFileLockManager] Lock acquired on daemon addresses registry.
09:22:51.711 [DEBUG] [org.gradle.cache.internal.DefaultFileLockManager] Releasing lock on daemon addresses registry.
09:22:51.711 [DEBUG] [org.gradle.cache.internal.DefaultFileLockManager] Waiting to acquire shared lock on daemon addresses registry.
09:22:51.711 [DEBUG] [org.gradle.cache.internal.DefaultFileLockManager] Lock acquired on daemon addresses registry.
09:22:51.711 [DEBUG] [org.gradle.cache.internal.DefaultFileLockManager] Releasing lock on daemon addresses registry.
09:22:52.754 [DEBUG] [org.gradle.process.internal.health.memory.MemoryManager] Emitting OS memory status event {Total: 16440098816, Free: 12622041088}
09:22:52.754 [DEBUG] [org.gradle.launcher.daemon.server.health.LowMemoryDaemonExpirationStrategy] Received memory status update: {Total: 16440098816, Free: 12622041088}
09:22:52.754 [DEBUG] [org.gradle.process.internal.health.memory.MemoryManager] Emitting JVM memory status event {Maximum: 1073741824, Committed: 260046848}
09:22:57.755 [DEBUG] [org.gradle.process.internal.health.memory.MemoryManager] Emitting OS memory status event {Total: 16440098816, Free: 12622049280}
09:22:57.755 [DEBUG] [org.gradle.launcher.daemon.server.health.LowMemoryDaemonExpirationStrategy] Received memory status update: {Total: 16440098816, Free: 12622049280}
09:22:57.755 [DEBUG] [org.gradle.process.internal.health.memory.MemoryManager] Emitting JVM memory status event {Maximum: 1073741824, Committed: 260046848}
09:23:01.711 [DEBUG] [org.gradle.launcher.daemon.server.Daemon] DaemonExpirationPeriodicCheck running
09:23:01.711 [DEBUG] [org.gradle.cache.internal.DefaultFileLockManager] Waiting to acquire shared lock on daemon addresses registry.
09:23:01.711 [DEBUG] [org.gradle.cache.internal.DefaultFileLockManager] Lock acquired on daemon addresses registry.
09:23:01.711 [DEBUG] [org.gradle.cache.internal.DefaultFileLockManager] Releasing lock on daemon addresses registry.
09:23:01.711 [DEBUG] [org.gradle.cache.internal.DefaultFileLockManager] Waiting to acquire shared lock on daemon addresses registry.
09:23:01.711 [DEBUG] [org.gradle.cache.internal.DefaultFileLockManager] Lock acquired on daemon addresses registry.
09:23:01.711 [DEBUG] [org.gradle.cache.internal.DefaultFileLockManager] Releasing lock on daemon addresses registry.
09:23:01.711 [DEBUG] [org.gradle.cache.internal.DefaultFileLockManager] Waiting to acquire shared lock on daemon addresses registry.
09:23:01.711 [DEBUG] [org.gradle.cache.internal.DefaultFileLockManager] Lock acquired on daemon addresses registry.
09:23:01.711 [DEBUG] [org.gradle.cache.internal.DefaultFileLockManager] Releasing lock on daemon addresses registry.
09:23:02.755 [DEBUG] [org.gradle.process.internal.health.memory.MemoryManager] Emitting OS memory status event {Total: 16440098816, Free: 12622057472}
09:23:02.755 [DEBUG] [org.gradle.launcher.daemon.server.health.LowMemoryDaemonExpirationStrategy] Received memory status update: {Total: 16440098816, Free: 12622057472}
09:23:02.755 [DEBUG] [org.gradle.process.internal.health.memory.MemoryManager] Emitting JVM memory status event {Maximum: 1073741824, Committed: 260046848}
09:23:07.755 [DEBUG] [org.gradle.process.internal.health.memory.MemoryManager] Emitting OS memory status event {Total: 16440098816, Free: 12623101952}
09:23:07.755 [DEBUG] [org.gradle.launcher.daemon.server.health.LowMemoryDaemonExpirationStrategy] Received memory status update: {Total: 16440098816, Free: 12623101952}
09:23:07.755 [DEBUG] [org.gradle.process.internal.health.memory.MemoryManager] Emitting JVM memory status event {Maximum: 1073741824, Committed: 260046848}
09:23:11.711 [DEBUG] [org.gradle.launcher.daemon.server.Daemon] DaemonExpirationPeriodicCheck running
09:23:11.711 [DEBUG] [org.gradle.cache.internal.DefaultFileLockManager] Waiting to acquire shared lock on daemon addresses registry.
09:23:11.711 [DEBUG] [org.gradle.cache.internal.DefaultFileLockManager] Lock acquired on daemon addresses registry.
09:23:11.711 [DEBUG] [org.gradle.cache.internal.DefaultFileLockManager] Releasing lock on daemon addresses registry.
09:23:11.711 [DEBUG] [org.gradle.cache.internal.DefaultFileLockManager] Waiting to acquire shared lock on daemon addresses registry.
09:23:11.711 [DEBUG] [org.gradle.cache.internal.DefaultFileLockManager] Lock acquired on daemon addresses registry.
09:23:11.711 [DEBUG] [org.gradle.cache.internal.DefaultFileLockManager] Releasing lock on daemon addresses registry.
09:23:11.711 [DEBUG] [org.gradle.cache.internal.DefaultFileLockManager] Waiting to acquire shared lock on daemon addresses registry.
09:23:11.711 [DEBUG] [org.gradle.cache.internal.DefaultFileLockManager] Lock acquired on daemon addresses registry.
09:23:11.711 [DEBUG] [org.gradle.cache.internal.DefaultFileLockManager] Releasing lock on daemon addresses registry.
09:23:12.754 [DEBUG] [org.gradle.process.internal.health.memory.MemoryManager] Emitting OS memory status event {Total: 16440098816, Free: 12623241216}
09:23:12.754 [DEBUG] [org.gradle.launcher.daemon.server.health.LowMemoryDaemonExpirationStrategy] Received memory status update: {Total: 16440098816, Free: 12623241216}
09:23:12.754 [DEBUG] [org.gradle.process.internal.health.memory.MemoryManager] Emitting JVM memory status event {Maximum: 1073741824, Committed: 260046848}
09:23:17.755 [DEBUG] [org.gradle.process.internal.health.memory.MemoryManager] Emitting OS memory status event {Total: 16440098816, Free: 12623265792}
09:23:17.755 [DEBUG] [org.gradle.launcher.daemon.server.health.LowMemoryDaemonExpirationStrategy] Received memory status update: {Total: 16440098816, Free: 12623265792}
09:23:17.755 [DEBUG] [org.gradle.process.internal.health.memory.MemoryManager] Emitting JVM memory status event {Maximum: 1073741824, Committed: 260046848}
09:23:21.711 [DEBUG] [org.gradle.launcher.daemon.server.Daemon] DaemonExpirationPeriodicCheck running
09:23:21.711 [DEBUG] [org.gradle.cache.internal.DefaultFileLockManager] Waiting to acquire shared lock on daemon addresses registry.
09:23:21.711 [DEBUG] [org.gradle.cache.internal.DefaultFileLockManager] Lock acquired on daemon addresses registry.
09:23:21.711 [DEBUG] [org.gradle.cache.internal.DefaultFileLockManager] Releasing lock on daemon addresses registry.
09:23:21.711 [DEBUG] [org.gradle.cache.internal.DefaultFileLockManager] Waiting to acquire shared lock on daemon addresses registry.
09:23:21.711 [DEBUG] [org.gradle.cache.internal.DefaultFileLockManager] Lock acquired on daemon addresses registry.
09:23:21.711 [DEBUG] [org.gradle.cache.internal.DefaultFileLockManager] Releasing lock on daemon addresses registry.
09:23:21.711 [DEBUG] [org.gradle.cache.internal.DefaultFileLockManager] Waiting to acquire shared lock on daemon addresses registry.
09:23:21.711 [DEBUG] [org.gradle.cache.internal.DefaultFileLockManager] Lock acquired on daemon addresses registry.
09:23:21.711 [DEBUG] [org.gradle.cache.internal.DefaultFileLockManager] Releasing lock on daemon addresses registry.
09:23:22.755 [DEBUG] [org.gradle.process.internal.health.memory.MemoryManager] Emitting OS memory status event {Total: 16440098816, Free: 12622020608}
09:23:22.755 [DEBUG] [org.gradle.launcher.daemon.server.health.LowMemoryDaemonExpirationStrategy] Received memory status update: {Total: 16440098816, Free: 12622020608}
09:23:22.755 [DEBUG] [org.gradle.process.internal.health.memory.MemoryManager] Emitting JVM memory status event {Maximum: 1073741824, Committed: 260046848}
09:23:27.755 [DEBUG] [org.gradle.process.internal.health.memory.MemoryManager] Emitting OS memory status event {Total: 16440098816, Free: 12622102528}
09:23:27.755 [DEBUG] [org.gradle.launcher.daemon.server.health.LowMemoryDaemonExpirationStrategy] Received memory status update: {Total: 16440098816, Free: 12622102528}
09:23:27.755 [DEBUG] [org.gradle.process.internal.health.memory.MemoryManager] Emitting JVM memory status event {Maximum: 1073741824, Committed: 260046848}
09:23:31.711 [DEBUG] [org.gradle.launcher.daemon.server.Daemon] DaemonExpirationPeriodicCheck running
09:23:31.711 [DEBUG] [org.gradle.cache.internal.DefaultFileLockManager] Waiting to acquire shared lock on daemon addresses registry.
09:23:31.711 [DEBUG] [org.gradle.cache.internal.DefaultFileLockManager] Lock acquired on daemon addresses registry.
09:23:31.711 [DEBUG] [org.gradle.cache.internal.DefaultFileLockManager] Releasing lock on daemon addresses registry.
09:23:31.711 [DEBUG] [org.gradle.cache.internal.DefaultFileLockManager] Waiting to acquire shared lock on daemon addresses registry.
09:23:31.711 [DEBUG] [org.gradle.cache.internal.DefaultFileLockManager] Lock acquired on daemon addresses registry.
09:23:31.711 [DEBUG] [org.gradle.cache.internal.DefaultFileLockManager] Releasing lock on daemon addresses registry.
09:23:31.711 [DEBUG] [org.gradle.cache.internal.DefaultFileLockManager] Waiting to acquire shared lock on daemon addresses registry.
09:23:31.711 [DEBUG] [org.gradle.cache.internal.DefaultFileLockManager] Lock acquired on daemon addresses registry.
09:23:31.711 [DEBUG] [org.gradle.cache.internal.DefaultFileLockManager] Releasing lock on daemon addresses registry.
09:23:32.755 [DEBUG] [org.gradle.process.internal.health.memory.MemoryManager] Emitting OS memory status event {Total: 16440098816, Free: 12621656064}
09:23:32.755 [DEBUG] [org.gradle.launcher.daemon.server.health.LowMemoryDaemonExpirationStrategy] Received memory status update: {Total: 16440098816, Free: 12621656064}
09:23:32.755 [DEBUG] [org.gradle.process.internal.health.memory.MemoryManager] Emitting JVM memory status event {Maximum: 1073741824, Committed: 260046848}
09:23:37.755 [DEBUG] [org.gradle.process.internal.health.memory.MemoryManager] Emitting OS memory status event {Total: 16440098816, Free: 12621656064}
09:23:37.755 [DEBUG] [org.gradle.launcher.daemon.server.health.LowMemoryDaemonExpirationStrategy] Received memory status update: {Total: 16440098816, Free: 12621656064}
09:23:37.755 [DEBUG] [org.gradle.process.internal.health.memory.MemoryManager] Emitting JVM memory status event {Maximum: 1073741824, Committed: 260046848}
09:23:41.711 [DEBUG] [org.gradle.launcher.daemon.server.Daemon] DaemonExpirationPeriodicCheck running
09:23:41.711 [DEBUG] [org.gradle.cache.internal.DefaultFileLockManager] Waiting to acquire shared lock on daemon addresses registry.
09:23:41.711 [DEBUG] [org.gradle.cache.internal.DefaultFileLockManager] Lock acquired on daemon addresses registry.
09:23:41.711 [DEBUG] [org.gradle.cache.internal.DefaultFileLockManager] Releasing lock on daemon addresses registry.
09:23:41.711 [DEBUG] [org.gradle.cache.internal.DefaultFileLockManager] Waiting to acquire shared lock on daemon addresses registry.
09:23:41.711 [DEBUG] [org.gradle.cache.internal.DefaultFileLockManager] Lock acquired on daemon addresses registry.
09:23:41.711 [DEBUG] [org.gradle.cache.internal.DefaultFileLockManager] Releasing lock on daemon addresses registry.
09:23:41.711 [DEBUG] [org.gradle.cache.internal.DefaultFileLockManager] Waiting to acquire shared lock on daemon addresses registry.
09:23:41.711 [DEBUG] [org.gradle.cache.internal.DefaultFileLockManager] Lock acquired on daemon addresses registry.
09:23:41.711 [DEBUG] [org.gradle.cache.internal.DefaultFileLockManager] Releasing lock on daemon addresses registry.
09:23:42.754 [DEBUG] [org.gradle.process.internal.health.memory.MemoryManager] Emitting OS memory status event {Total: 16440098816, Free: 12621164544}
09:23:42.754 [DEBUG] [org.gradle.launcher.daemon.server.health.LowMemoryDaemonExpirationStrategy] Received memory status update: {Total: 16440098816, Free: 12621164544}
09:23:42.754 [DEBUG] [org.gradle.process.internal.health.memory.MemoryManager] Emitting JVM memory status event {Maximum: 1073741824, Committed: 260046848}
09:23:47.755 [DEBUG] [org.gradle.process.internal.health.memory.MemoryManager] Emitting OS memory status event {Total: 16440098816, Free: 12621205504}
09:23:47.755 [DEBUG] [org.gradle.launcher.daemon.server.health.LowMemoryDaemonExpirationStrategy] Received memory status update: {Total: 16440098816, Free: 12621205504}
09:23:47.755 [DEBUG] [org.gradle.process.internal.health.memory.MemoryManager] Emitting JVM memory status event {Maximum: 1073741824, Committed: 260046848}
09:23:51.711 [DEBUG] [org.gradle.launcher.daemon.server.Daemon] DaemonExpirationPeriodicCheck running
09:23:51.711 [DEBUG] [org.gradle.cache.internal.DefaultFileLockManager] Waiting to acquire shared lock on daemon addresses registry.
09:23:51.711 [DEBUG] [org.gradle.cache.internal.DefaultFileLockManager] Lock acquired on daemon addresses registry.
09:23:51.711 [DEBUG] [org.gradle.cache.internal.DefaultFileLockManager] Releasing lock on daemon addresses registry.
09:23:51.711 [DEBUG] [org.gradle.cache.internal.DefaultFileLockManager] Waiting to acquire shared lock on daemon addresses registry.
09:23:51.711 [DEBUG] [org.gradle.cache.internal.DefaultFileLockManager] Lock acquired on daemon addresses registry.
09:23:51.711 [DEBUG] [org.gradle.cache.internal.DefaultFileLockManager] Releasing lock on daemon addresses registry.
09:23:51.711 [DEBUG] [org.gradle.cache.internal.DefaultFileLockManager] Waiting to acquire shared lock on daemon addresses registry.
09:23:51.711 [DEBUG] [org.gradle.cache.internal.DefaultFileLockManager] Lock acquired on daemon addresses registry.
09:23:51.711 [DEBUG] [org.gradle.cache.internal.DefaultFileLockManager] Releasing lock on daemon addresses registry.
09:23:52.754 [DEBUG] [org.gradle.process.internal.health.memory.MemoryManager] Emitting OS memory status event {Total: 16440098816, Free: 12621221888}
09:23:52.754 [DEBUG] [org.gradle.launcher.daemon.server.health.LowMemoryDaemonExpirationStrategy] Received memory status update: {Total: 16440098816, Free: 12621221888}
09:23:52.754 [DEBUG] [org.gradle.process.internal.health.memory.MemoryManager] Emitting JVM memory status event {Maximum: 1073741824, Committed: 260046848}
09:23:57.755 [DEBUG] [org.gradle.process.internal.health.memory.MemoryManager] Emitting OS memory status event {Total: 16440098816, Free: 12621230080}
09:23:57.755 [DEBUG] [org.gradle.launcher.daemon.server.health.LowMemoryDaemonExpirationStrategy] Received memory status update: {Total: 16440098816, Free: 12621230080}
09:23:57.755 [DEBUG] [org.gradle.process.internal.health.memory.MemoryManager] Emitting JVM memory status event {Maximum: 1073741824, Committed: 260046848}
09:24:01.711 [DEBUG] [org.gradle.launcher.daemon.server.Daemon] DaemonExpirationPeriodicCheck running
09:24:01.711 [DEBUG] [org.gradle.cache.internal.DefaultFileLockManager] Waiting to acquire shared lock on daemon addresses registry.
09:24:01.711 [DEBUG] [org.gradle.cache.internal.DefaultFileLockManager] Lock acquired on daemon addresses registry.
09:24:01.711 [DEBUG] [org.gradle.cache.internal.DefaultFileLockManager] Releasing lock on daemon addresses registry.
09:24:01.711 [DEBUG] [org.gradle.cache.internal.DefaultFileLockManager] Waiting to acquire shared lock on daemon addresses registry.
09:24:01.711 [DEBUG] [org.gradle.cache.internal.DefaultFileLockManager] Lock acquired on daemon addresses registry.
09:24:01.711 [DEBUG] [org.gradle.cache.internal.DefaultFileLockManager] Releasing lock on daemon addresses registry.
09:24:01.711 [DEBUG] [org.gradle.cache.internal.DefaultFileLockManager] Waiting to acquire shared lock on daemon addresses registry.
09:24:01.711 [DEBUG] [org.gradle.cache.internal.DefaultFileLockManager] Lock acquired on daemon addresses registry.
09:24:01.711 [DEBUG] [org.gradle.cache.internal.DefaultFileLockManager] Releasing lock on daemon addresses registry.
09:24:02.754 [DEBUG] [org.gradle.process.internal.health.memory.MemoryManager] Emitting OS memory status event {Total: 16440098816, Free: 12621262848}
09:24:02.754 [DEBUG] [org.gradle.launcher.daemon.server.health.LowMemoryDaemonExpirationStrategy] Received memory status update: {Total: 16440098816, Free: 12621262848}
09:24:02.754 [DEBUG] [org.gradle.process.internal.health.memory.MemoryManager] Emitting JVM memory status event {Maximum: 1073741824, Committed: 260046848}
09:24:07.755 [DEBUG] [org.gradle.process.internal.health.memory.MemoryManager] Emitting OS memory status event {Total: 16440098816, Free: 12621295616}
09:24:07.755 [DEBUG] [org.gradle.launcher.daemon.server.health.LowMemoryDaemonExpirationStrategy] Received memory status update: {Total: 16440098816, Free: 12621295616}
09:24:07.755 [DEBUG] [org.gradle.process.internal.health.memory.MemoryManager] Emitting JVM memory status event {Maximum: 1073741824, Committed: 260046848}
09:24:11.711 [DEBUG] [org.gradle.launcher.daemon.server.Daemon] DaemonExpirationPeriodicCheck running
09:24:11.711 [DEBUG] [org.gradle.cache.internal.DefaultFileLockManager] Waiting to acquire shared lock on daemon addresses registry.
09:24:11.711 [DEBUG] [org.gradle.cache.internal.DefaultFileLockManager] Lock acquired on daemon addresses registry.
09:24:11.711 [DEBUG] [org.gradle.cache.internal.DefaultFileLockManager] Releasing lock on daemon addresses registry.
09:24:11.711 [DEBUG] [org.gradle.cache.internal.DefaultFileLockManager] Waiting to acquire shared lock on daemon addresses registry.
09:24:11.711 [DEBUG] [org.gradle.cache.internal.DefaultFileLockManager] Lock acquired on daemon addresses registry.
09:24:11.711 [DEBUG] [org.gradle.cache.internal.DefaultFileLockManager] Releasing lock on daemon addresses registry.
09:24:11.711 [DEBUG] [org.gradle.cache.internal.DefaultFileLockManager] Waiting to acquire shared lock on daemon addresses registry.
09:24:11.711 [DEBUG] [org.gradle.cache.internal.DefaultFileLockManager] Lock acquired on daemon addresses registry.
09:24:11.711 [DEBUG] [org.gradle.cache.internal.DefaultFileLockManager] Releasing lock on daemon addresses registry.
09:24:12.754 [DEBUG] [org.gradle.process.internal.health.memory.MemoryManager] Emitting OS memory status event {Total: 16440098816, Free: 12621328384}
09:24:12.754 [DEBUG] [org.gradle.launcher.daemon.server.health.LowMemoryDaemonExpirationStrategy] Received memory status update: {Total: 16440098816, Free: 12621328384}
09:24:12.754 [DEBUG] [org.gradle.process.internal.health.memory.MemoryManager] Emitting JVM memory status event {Maximum: 1073741824, Committed: 260046848}
09:24:17.755 [DEBUG] [org.gradle.process.internal.health.memory.MemoryManager] Emitting OS memory status event {Total: 16440098816, Free: 12621336576}
09:24:17.755 [DEBUG] [org.gradle.launcher.daemon.server.health.LowMemoryDaemonExpirationStrategy] Received memory status update: {Total: 16440098816, Free: 12621336576}
09:24:17.755 [DEBUG] [org.gradle.process.internal.health.memory.MemoryManager] Emitting JVM memory status event {Maximum: 1073741824, Committed: 260046848}
09:24:21.711 [DEBUG] [org.gradle.launcher.daemon.server.Daemon] DaemonExpirationPeriodicCheck running
09:24:21.711 [DEBUG] [org.gradle.cache.internal.DefaultFileLockManager] Waiting to acquire shared lock on daemon addresses registry.
09:24:21.711 [DEBUG] [org.gradle.cache.internal.DefaultFileLockManager] Lock acquired on daemon addresses registry.
09:24:21.711 [DEBUG] [org.gradle.cache.internal.DefaultFileLockManager] Releasing lock on daemon addresses registry.
09:24:21.711 [DEBUG] [org.gradle.cache.internal.DefaultFileLockManager] Waiting to acquire shared lock on daemon addresses registry.
09:24:21.711 [DEBUG] [org.gradle.cache.internal.DefaultFileLockManager] Lock acquired on daemon addresses registry.
09:24:21.711 [DEBUG] [org.gradle.cache.internal.DefaultFileLockManager] Releasing lock on daemon addresses registry.
09:24:21.711 [DEBUG] [org.gradle.cache.internal.DefaultFileLockManager] Waiting to acquire shared lock on daemon addresses registry.
09:24:21.711 [DEBUG] [org.gradle.cache.internal.DefaultFileLockManager] Lock acquired on daemon addresses registry.
09:24:21.711 [DEBUG] [org.gradle.cache.internal.DefaultFileLockManager] Releasing lock on daemon addresses registry.
09:24:22.754 [DEBUG] [org.gradle.process.internal.health.memory.MemoryManager] Emitting OS memory status event {Total: 16440098816, Free: 12621344768}
09:24:22.754 [DEBUG] [org.gradle.launcher.daemon.server.health.LowMemoryDaemonExpirationStrategy] Received memory status update: {Total: 16440098816, Free: 12621344768}
09:24:22.754 [DEBUG] [org.gradle.process.internal.health.memory.MemoryManager] Emitting JVM memory status event {Maximum: 1073741824, Committed: 260046848}
09:24:27.755 [DEBUG] [org.gradle.process.internal.health.memory.MemoryManager] Emitting OS memory status event {Total: 16440098816, Free: 12621381632}
09:24:27.755 [DEBUG] [org.gradle.launcher.daemon.server.health.LowMemoryDaemonExpirationStrategy] Received memory status update: {Total: 16440098816, Free: 12621381632}
09:24:27.755 [DEBUG] [org.gradle.process.internal.health.memory.MemoryManager] Emitting JVM memory status event {Maximum: 1073741824, Committed: 260046848}
09:24:31.711 [DEBUG] [org.gradle.launcher.daemon.server.Daemon] DaemonExpirationPeriodicCheck running
09:24:31.711 [DEBUG] [org.gradle.cache.internal.DefaultFileLockManager] Waiting to acquire shared lock on daemon addresses registry.
09:24:31.711 [DEBUG] [org.gradle.cache.internal.DefaultFileLockManager] Lock acquired on daemon addresses registry.
09:24:31.711 [DEBUG] [org.gradle.cache.internal.DefaultFileLockManager] Releasing lock on daemon addresses registry.
09:24:31.711 [DEBUG] [org.gradle.cache.internal.DefaultFileLockManager] Waiting to acquire shared lock on daemon addresses registry.
09:24:31.711 [DEBUG] [org.gradle.cache.internal.DefaultFileLockManager] Lock acquired on daemon addresses registry.
09:24:31.711 [DEBUG] [org.gradle.cache.internal.DefaultFileLockManager] Releasing lock on daemon addresses registry.
09:24:31.711 [DEBUG] [org.gradle.cache.internal.DefaultFileLockManager] Waiting to acquire shared lock on daemon addresses registry.
09:24:31.711 [DEBUG] [org.gradle.cache.internal.DefaultFileLockManager] Lock acquired on daemon addresses registry.
09:24:31.711 [DEBUG] [org.gradle.cache.internal.DefaultFileLockManager] Releasing lock on daemon addresses registry.
09:24:32.754 [DEBUG] [org.gradle.process.internal.health.memory.MemoryManager] Emitting OS memory status event {Total: 16440098816, Free: 12621398016}
09:24:32.754 [DEBUG] [org.gradle.launcher.daemon.server.health.LowMemoryDaemonExpirationStrategy] Received memory status update: {Total: 16440098816, Free: 12621398016}
09:24:32.754 [DEBUG] [org.gradle.process.internal.health.memory.MemoryManager] Emitting JVM memory status event {Maximum: 1073741824, Committed: 260046848}
09:24:37.755 [DEBUG] [org.gradle.process.internal.health.memory.MemoryManager] Emitting OS memory status event {Total: 16440098816, Free: 12621406208}
09:24:37.755 [DEBUG] [org.gradle.launcher.daemon.server.health.LowMemoryDaemonExpirationStrategy] Received memory status update: {Total: 16440098816, Free: 12621406208}
09:24:37.755 [DEBUG] [org.gradle.process.internal.health.memory.MemoryManager] Emitting JVM memory status event {Maximum: 1073741824, Committed: 260046848}
09:24:41.711 [DEBUG] [org.gradle.launcher.daemon.server.Daemon] DaemonExpirationPeriodicCheck running
09:24:41.711 [DEBUG] [org.gradle.cache.internal.DefaultFileLockManager] Waiting to acquire shared lock on daemon addresses registry.
09:24:41.711 [DEBUG] [org.gradle.cache.internal.DefaultFileLockManager] Lock acquired on daemon addresses registry.
09:24:41.711 [DEBUG] [org.gradle.cache.internal.DefaultFileLockManager] Releasing lock on daemon addresses registry.
09:24:41.711 [DEBUG] [org.gradle.cache.internal.DefaultFileLockManager] Waiting to acquire shared lock on daemon addresses registry.
09:24:41.711 [DEBUG] [org.gradle.cache.internal.DefaultFileLockManager] Lock acquired on daemon addresses registry.
09:24:41.711 [DEBUG] [org.gradle.cache.internal.DefaultFileLockManager] Releasing lock on daemon addresses registry.
09:24:41.711 [DEBUG] [org.gradle.cache.internal.DefaultFileLockManager] Waiting to acquire shared lock on daemon addresses registry.
09:24:41.711 [DEBUG] [org.gradle.cache.internal.DefaultFileLockManager] Lock acquired on daemon addresses registry.
09:24:41.711 [DEBUG] [org.gradle.cache.internal.DefaultFileLockManager] Releasing lock on daemon addresses registry.
09:24:42.755 [DEBUG] [org.gradle.process.internal.health.memory.MemoryManager] Emitting OS memory status event {Total: 16440098816, Free: 12613033984}
09:24:42.755 [DEBUG] [org.gradle.launcher.daemon.server.health.LowMemoryDaemonExpirationStrategy] Received memory status update: {Total: 16440098816, Free: 12613033984}
09:24:42.755 [DEBUG] [org.gradle.process.internal.health.memory.MemoryManager] Emitting JVM memory status event {Maximum: 1073741824, Committed: 260046848}
09:24:47.755 [DEBUG] [org.gradle.process.internal.health.memory.MemoryManager] Emitting OS memory status event {Total: 16440098816, Free: 12619698176}
09:24:47.755 [DEBUG] [org.gradle.launcher.daemon.server.health.LowMemoryDaemonExpirationStrategy] Received memory status update: {Total: 16440098816, Free: 12619698176}
09:24:47.755 [DEBUG] [org.gradle.process.internal.health.memory.MemoryManager] Emitting JVM memory status event {Maximum: 1073741824, Committed: 260046848}
09:24:51.711 [DEBUG] [org.gradle.launcher.daemon.server.Daemon] DaemonExpirationPeriodicCheck running
09:24:51.711 [DEBUG] [org.gradle.cache.internal.DefaultFileLockManager] Waiting to acquire shared lock on daemon addresses registry.
09:24:51.711 [DEBUG] [org.gradle.cache.internal.DefaultFileLockManager] Lock acquired on daemon addresses registry.
09:24:51.711 [DEBUG] [org.gradle.cache.internal.DefaultFileLockManager] Releasing lock on daemon addresses registry.
09:24:51.711 [DEBUG] [org.gradle.cache.internal.DefaultFileLockManager] Waiting to acquire shared lock on daemon addresses registry.
09:24:51.711 [DEBUG] [org.gradle.cache.internal.DefaultFileLockManager] Lock acquired on daemon addresses registry.
09:24:51.711 [DEBUG] [org.gradle.cache.internal.DefaultFileLockManager] Releasing lock on daemon addresses registry.
09:24:51.711 [DEBUG] [org.gradle.cache.internal.DefaultFileLockManager] Waiting to acquire shared lock on daemon addresses registry.
09:24:51.711 [DEBUG] [org.gradle.cache.internal.DefaultFileLockManager] Lock acquired on daemon addresses registry.
09:24:51.711 [DEBUG] [org.gradle.cache.internal.DefaultFileLockManager] Releasing lock on daemon addresses registry.
09:24:52.754 [DEBUG] [org.gradle.process.internal.health.memory.MemoryManager] Emitting OS memory status event {Total: 16440098816, Free: 12593422336}
09:24:52.754 [DEBUG] [org.gradle.launcher.daemon.server.health.LowMemoryDaemonExpirationStrategy] Received memory status update: {Total: 16440098816, Free: 12593422336}
09:24:52.754 [DEBUG] [org.gradle.process.internal.health.memory.MemoryManager] Emitting JVM memory status event {Maximum: 1073741824, Committed: 260046848}
09:24:57.755 [DEBUG] [org.gradle.process.internal.health.memory.MemoryManager] Emitting OS memory status event {Total: 16440098816, Free: 12593463296}
09:24:57.755 [DEBUG] [org.gradle.launcher.daemon.server.health.LowMemoryDaemonExpirationStrategy] Received memory status update: {Total: 16440098816, Free: 12593463296}
09:24:57.755 [DEBUG] [org.gradle.process.internal.health.memory.MemoryManager] Emitting JVM memory status event {Maximum: 1073741824, Committed: 260046848}
09:25:01.711 [DEBUG] [org.gradle.launcher.daemon.server.Daemon] DaemonExpirationPeriodicCheck running
09:25:01.711 [DEBUG] [org.gradle.cache.internal.DefaultFileLockManager] Waiting to acquire shared lock on daemon addresses registry.
09:25:01.711 [DEBUG] [org.gradle.cache.internal.DefaultFileLockManager] Lock acquired on daemon addresses registry.
09:25:01.711 [DEBUG] [org.gradle.cache.internal.DefaultFileLockManager] Releasing lock on daemon addresses registry.
09:25:01.711 [DEBUG] [org.gradle.cache.internal.DefaultFileLockManager] Waiting to acquire shared lock on daemon addresses registry.
09:25:01.711 [DEBUG] [org.gradle.cache.internal.DefaultFileLockManager] Lock acquired on daemon addresses registry.
09:25:01.711 [DEBUG] [org.gradle.cache.internal.DefaultFileLockManager] Releasing lock on daemon addresses registry.
09:25:01.711 [DEBUG] [org.gradle.cache.internal.DefaultFileLockManager] Waiting to acquire shared lock on daemon addresses registry.
09:25:01.711 [DEBUG] [org.gradle.cache.internal.DefaultFileLockManager] Lock acquired on daemon addresses registry.
09:25:01.711 [DEBUG] [org.gradle.cache.internal.DefaultFileLockManager] Releasing lock on daemon addresses registry.
09:25:02.754 [DEBUG] [org.gradle.process.internal.health.memory.MemoryManager] Emitting OS memory status event {Total: 16440098816, Free: 12603805696}
09:25:02.754 [DEBUG] [org.gradle.launcher.daemon.server.health.LowMemoryDaemonExpirationStrategy] Received memory status update: {Total: 16440098816, Free: 12603805696}
09:25:02.754 [DEBUG] [org.gradle.process.internal.health.memory.MemoryManager] Emitting JVM memory status event {Maximum: 1073741824, Committed: 260046848}
09:25:07.755 [DEBUG] [org.gradle.process.internal.health.memory.MemoryManager] Emitting OS memory status event {Total: 16440098816, Free: 12607885312}
09:25:07.755 [DEBUG] [org.gradle.launcher.daemon.server.health.LowMemoryDaemonExpirationStrategy] Received memory status update: {Total: 16440098816, Free: 12607885312}
09:25:07.755 [DEBUG] [org.gradle.process.internal.health.memory.MemoryManager] Emitting JVM memory status event {Maximum: 1073741824, Committed: 260046848}
09:25:11.711 [DEBUG] [org.gradle.launcher.daemon.server.Daemon] DaemonExpirationPeriodicCheck running
09:25:11.711 [DEBUG] [org.gradle.cache.internal.DefaultFileLockManager] Waiting to acquire shared lock on daemon addresses registry.
09:25:11.711 [DEBUG] [org.gradle.cache.internal.DefaultFileLockManager] Lock acquired on daemon addresses registry.
09:25:11.711 [DEBUG] [org.gradle.cache.internal.DefaultFileLockManager] Releasing lock on daemon addresses registry.
09:25:11.711 [DEBUG] [org.gradle.cache.internal.DefaultFileLockManager] Waiting to acquire shared lock on daemon addresses registry.
09:25:11.711 [DEBUG] [org.gradle.cache.internal.DefaultFileLockManager] Lock acquired on daemon addresses registry.
09:25:11.711 [DEBUG] [org.gradle.cache.internal.DefaultFileLockManager] Releasing lock on daemon addresses registry.
09:25:11.711 [DEBUG] [org.gradle.cache.internal.DefaultFileLockManager] Waiting to acquire shared lock on daemon addresses registry.
09:25:11.711 [DEBUG] [org.gradle.cache.internal.DefaultFileLockManager] Lock acquired on daemon addresses registry.
09:25:11.711 [DEBUG] [org.gradle.cache.internal.DefaultFileLockManager] Releasing lock on daemon addresses registry.
09:25:12.754 [DEBUG] [org.gradle.process.internal.health.memory.MemoryManager] Emitting OS memory status event {Total: 16440098816, Free: 12609183744}
09:25:12.754 [DEBUG] [org.gradle.launcher.daemon.server.health.LowMemoryDaemonExpirationStrategy] Received memory status update: {Total: 16440098816, Free: 12609183744}
09:25:12.754 [DEBUG] [org.gradle.process.internal.health.memory.MemoryManager] Emitting JVM memory status event {Maximum: 1073741824, Committed: 260046848}
09:25:17.755 [DEBUG] [org.gradle.process.internal.health.memory.MemoryManager] Emitting OS memory status event {Total: 16440098816, Free: 12610023424}
09:25:17.755 [DEBUG] [org.gradle.launcher.daemon.server.health.LowMemoryDaemonExpirationStrategy] Received memory status update: {Total: 16440098816, Free: 12610023424}
09:25:17.755 [DEBUG] [org.gradle.process.internal.health.memory.MemoryManager] Emitting JVM memory status event {Maximum: 1073741824, Committed: 260046848}
09:25:21.711 [DEBUG] [org.gradle.launcher.daemon.server.Daemon] DaemonExpirationPeriodicCheck running
09:25:21.711 [DEBUG] [org.gradle.cache.internal.DefaultFileLockManager] Waiting to acquire shared lock on daemon addresses registry.
09:25:21.711 [DEBUG] [org.gradle.cache.internal.DefaultFileLockManager] Lock acquired on daemon addresses registry.
09:25:21.711 [DEBUG] [org.gradle.cache.internal.DefaultFileLockManager] Releasing lock on daemon addresses registry.
09:25:21.711 [DEBUG] [org.gradle.cache.internal.DefaultFileLockManager] Waiting to acquire shared lock on daemon addresses registry.
09:25:21.711 [DEBUG] [org.gradle.cache.internal.DefaultFileLockManager] Lock acquired on daemon addresses registry.
09:25:21.711 [DEBUG] [org.gradle.cache.internal.DefaultFileLockManager] Releasing lock on daemon addresses registry.
09:25:21.711 [DEBUG] [org.gradle.cache.internal.DefaultFileLockManager] Waiting to acquire shared lock on daemon addresses registry.
09:25:21.711 [DEBUG] [org.gradle.cache.internal.DefaultFileLockManager] Lock acquired on daemon addresses registry.
09:25:21.711 [DEBUG] [org.gradle.cache.internal.DefaultFileLockManager] Releasing lock on daemon addresses registry.
09:25:22.754 [DEBUG] [org.gradle.process.internal.health.memory.MemoryManager] Emitting OS memory status event {Total: 16440098816, Free: 12610035712}
09:25:22.754 [DEBUG] [org.gradle.launcher.daemon.server.health.LowMemoryDaemonExpirationStrategy] Received memory status update: {Total: 16440098816, Free: 12610035712}
09:25:22.755 [DEBUG] [org.gradle.process.internal.health.memory.MemoryManager] Emitting JVM memory status event {Maximum: 1073741824, Committed: 260046848}
09:25:27.755 [DEBUG] [org.gradle.process.internal.health.memory.MemoryManager] Emitting OS memory status event {Total: 16440098816, Free: 12609810432}
09:25:27.755 [DEBUG] [org.gradle.launcher.daemon.server.health.LowMemoryDaemonExpirationStrategy] Received memory status update: {Total: 16440098816, Free: 12609810432}
09:25:27.755 [DEBUG] [org.gradle.process.internal.health.memory.MemoryManager] Emitting JVM memory status event {Maximum: 1073741824, Committed: 260046848}
09:25:31.711 [DEBUG] [org.gradle.launcher.daemon.server.Daemon] DaemonExpirationPeriodicCheck running
09:25:31.711 [DEBUG] [org.gradle.cache.internal.DefaultFileLockManager] Waiting to acquire shared lock on daemon addresses registry.
09:25:31.711 [DEBUG] [org.gradle.cache.internal.DefaultFileLockManager] Lock acquired on daemon addresses registry.
09:25:31.711 [DEBUG] [org.gradle.cache.internal.DefaultFileLockManager] Releasing lock on daemon addresses registry.
09:25:31.711 [DEBUG] [org.gradle.cache.internal.DefaultFileLockManager] Waiting to acquire shared lock on daemon addresses registry.
09:25:31.711 [DEBUG] [org.gradle.cache.internal.DefaultFileLockManager] Lock acquired on daemon addresses registry.
09:25:31.711 [DEBUG] [org.gradle.cache.internal.DefaultFileLockManager] Releasing lock on daemon addresses registry.
09:25:31.711 [DEBUG] [org.gradle.cache.internal.DefaultFileLockManager] Waiting to acquire shared lock on daemon addresses registry.
09:25:31.711 [DEBUG] [org.gradle.cache.internal.DefaultFileLockManager] Lock acquired on daemon addresses registry.
09:25:31.711 [DEBUG] [org.gradle.cache.internal.DefaultFileLockManager] Releasing lock on daemon addresses registry.
09:25:32.754 [DEBUG] [org.gradle.process.internal.health.memory.MemoryManager] Emitting OS memory status event {Total: 16440098816, Free: 12609294336}
09:25:32.754 [DEBUG] [org.gradle.launcher.daemon.server.health.LowMemoryDaemonExpirationStrategy] Received memory status update: {Total: 16440098816, Free: 12609294336}
09:25:32.755 [DEBUG] [org.gradle.process.internal.health.memory.MemoryManager] Emitting JVM memory status event {Maximum: 1073741824, Committed: 260046848}
09:25:37.755 [DEBUG] [org.gradle.process.internal.health.memory.MemoryManager] Emitting OS memory status event {Total: 16440098816, Free: 12609318912}
09:25:37.755 [DEBUG] [org.gradle.launcher.daemon.server.health.LowMemoryDaemonExpirationStrategy] Received memory status update: {Total: 16440098816, Free: 12609318912}
09:25:37.755 [DEBUG] [org.gradle.process.internal.health.memory.MemoryManager] Emitting JVM memory status event {Maximum: 1073741824, Committed: 260046848}
09:25:41.711 [DEBUG] [org.gradle.launcher.daemon.server.Daemon] DaemonExpirationPeriodicCheck running
09:25:41.711 [DEBUG] [org.gradle.cache.internal.DefaultFileLockManager] Waiting to acquire shared lock on daemon addresses registry.
09:25:41.711 [DEBUG] [org.gradle.cache.internal.DefaultFileLockManager] Lock acquired on daemon addresses registry.
09:25:41.711 [DEBUG] [org.gradle.cache.internal.DefaultFileLockManager] Releasing lock on daemon addresses registry.
09:25:41.711 [DEBUG] [org.gradle.cache.internal.DefaultFileLockManager] Waiting to acquire shared lock on daemon addresses registry.
09:25:41.711 [DEBUG] [org.gradle.cache.internal.DefaultFileLockManager] Lock acquired on daemon addresses registry.
09:25:41.711 [DEBUG] [org.gradle.cache.internal.DefaultFileLockManager] Releasing lock on daemon addresses registry.
09:25:41.711 [DEBUG] [org.gradle.cache.internal.DefaultFileLockManager] Waiting to acquire shared lock on daemon addresses registry.
09:25:41.711 [DEBUG] [org.gradle.cache.internal.DefaultFileLockManager] Lock acquired on daemon addresses registry.
09:25:41.711 [DEBUG] [org.gradle.cache.internal.DefaultFileLockManager] Releasing lock on daemon addresses registry.
09:25:42.754 [DEBUG] [org.gradle.process.internal.health.memory.MemoryManager] Emitting OS memory status event {Total: 16440098816, Free: 12609392640}
09:25:42.754 [DEBUG] [org.gradle.launcher.daemon.server.health.LowMemoryDaemonExpirationStrategy] Received memory status update: {Total: 16440098816, Free: 12609392640}
09:25:42.754 [DEBUG] [org.gradle.process.internal.health.memory.MemoryManager] Emitting JVM memory status event {Maximum: 1073741824, Committed: 260046848}
09:25:47.755 [DEBUG] [org.gradle.process.internal.health.memory.MemoryManager] Emitting OS memory status event {Total: 16440098816, Free: 12609400832}
09:25:47.755 [DEBUG] [org.gradle.launcher.daemon.server.health.LowMemoryDaemonExpirationStrategy] Received memory status update: {Total: 16440098816, Free: 12609400832}
09:25:47.755 [DEBUG] [org.gradle.process.internal.health.memory.MemoryManager] Emitting JVM memory status event {Maximum: 1073741824, Committed: 260046848}
09:25:51.711 [DEBUG] [org.gradle.launcher.daemon.server.Daemon] DaemonExpirationPeriodicCheck running
09:25:51.711 [DEBUG] [org.gradle.cache.internal.DefaultFileLockManager] Waiting to acquire shared lock on daemon addresses registry.
09:25:51.711 [DEBUG] [org.gradle.cache.internal.DefaultFileLockManager] Lock acquired on daemon addresses registry.
09:25:51.711 [DEBUG] [org.gradle.cache.internal.DefaultFileLockManager] Releasing lock on daemon addresses registry.
09:25:51.711 [DEBUG] [org.gradle.cache.internal.DefaultFileLockManager] Waiting to acquire shared lock on daemon addresses registry.
09:25:51.711 [DEBUG] [org.gradle.cache.internal.DefaultFileLockManager] Lock acquired on daemon addresses registry.
09:25:51.711 [DEBUG] [org.gradle.cache.internal.DefaultFileLockManager] Releasing lock on daemon addresses registry.
09:25:51.711 [DEBUG] [org.gradle.cache.internal.DefaultFileLockManager] Waiting to acquire shared lock on daemon addresses registry.
09:25:51.711 [DEBUG] [org.gradle.cache.internal.DefaultFileLockManager] Lock acquired on daemon addresses registry.
09:25:51.711 [DEBUG] [org.gradle.cache.internal.DefaultFileLockManager] Releasing lock on daemon addresses registry.
09:25:52.754 [DEBUG] [org.gradle.process.internal.health.memory.MemoryManager] Emitting OS memory status event {Total: 16440098816, Free: 12609425408}
09:25:52.754 [DEBUG] [org.gradle.launcher.daemon.server.health.LowMemoryDaemonExpirationStrategy] Received memory status update: {Total: 16440098816, Free: 12609425408}
09:25:52.754 [DEBUG] [org.gradle.process.internal.health.memory.MemoryManager] Emitting JVM memory status event {Maximum: 1073741824, Committed: 260046848}
09:25:57.755 [DEBUG] [org.gradle.process.internal.health.memory.MemoryManager] Emitting OS memory status event {Total: 16440098816, Free: 12609437696}
09:25:57.755 [DEBUG] [org.gradle.launcher.daemon.server.health.LowMemoryDaemonExpirationStrategy] Received memory status update: {Total: 16440098816, Free: 12609437696}
09:25:57.755 [DEBUG] [org.gradle.process.internal.health.memory.MemoryManager] Emitting JVM memory status event {Maximum: 1073741824, Committed: 260046848}
09:26:01.711 [DEBUG] [org.gradle.launcher.daemon.server.Daemon] DaemonExpirationPeriodicCheck running
09:26:01.711 [DEBUG] [org.gradle.cache.internal.DefaultFileLockManager] Waiting to acquire shared lock on daemon addresses registry.
09:26:01.711 [DEBUG] [org.gradle.cache.internal.DefaultFileLockManager] Lock acquired on daemon addresses registry.
09:26:01.711 [DEBUG] [org.gradle.cache.internal.DefaultFileLockManager] Releasing lock on daemon addresses registry.
09:26:01.711 [DEBUG] [org.gradle.cache.internal.DefaultFileLockManager] Waiting to acquire shared lock on daemon addresses registry.
09:26:01.711 [DEBUG] [org.gradle.cache.internal.DefaultFileLockManager] Lock acquired on daemon addresses registry.
09:26:01.711 [DEBUG] [org.gradle.cache.internal.DefaultFileLockManager] Releasing lock on daemon addresses registry.
09:26:01.711 [DEBUG] [org.gradle.cache.internal.DefaultFileLockManager] Waiting to acquire shared lock on daemon addresses registry.
09:26:01.711 [DEBUG] [org.gradle.cache.internal.DefaultFileLockManager] Lock acquired on daemon addresses registry.
09:26:01.711 [DEBUG] [org.gradle.cache.internal.DefaultFileLockManager] Releasing lock on daemon addresses registry.
09:26:02.754 [DEBUG] [org.gradle.process.internal.health.memory.MemoryManager] Emitting OS memory status event {Total: 16440098816, Free: 12609458176}
09:26:02.754 [DEBUG] [org.gradle.launcher.daemon.server.health.LowMemoryDaemonExpirationStrategy] Received memory status update: {Total: 16440098816, Free: 12609458176}
09:26:02.754 [DEBUG] [org.gradle.process.internal.health.memory.MemoryManager] Emitting JVM memory status event {Maximum: 1073741824, Committed: 260046848}
09:26:07.755 [DEBUG] [org.gradle.process.internal.health.memory.MemoryManager] Emitting OS memory status event {Total: 16440098816, Free: 12609228800}
09:26:07.755 [DEBUG] [org.gradle.launcher.daemon.server.health.LowMemoryDaemonExpirationStrategy] Received memory status update: {Total: 16440098816, Free: 12609228800}
09:26:07.755 [DEBUG] [org.gradle.process.internal.health.memory.MemoryManager] Emitting JVM memory status event {Maximum: 1073741824, Committed: 260046848}
09:26:11.711 [DEBUG] [org.gradle.launcher.daemon.server.Daemon] DaemonExpirationPeriodicCheck running
09:26:11.711 [DEBUG] [org.gradle.cache.internal.DefaultFileLockManager] Waiting to acquire shared lock on daemon addresses registry.
09:26:11.711 [DEBUG] [org.gradle.cache.internal.DefaultFileLockManager] Lock acquired on daemon addresses registry.
09:26:11.711 [DEBUG] [org.gradle.cache.internal.DefaultFileLockManager] Releasing lock on daemon addresses registry.
09:26:11.711 [DEBUG] [org.gradle.cache.internal.DefaultFileLockManager] Waiting to acquire shared lock on daemon addresses registry.
09:26:11.711 [DEBUG] [org.gradle.cache.internal.DefaultFileLockManager] Lock acquired on daemon addresses registry.
09:26:11.711 [DEBUG] [org.gradle.cache.internal.DefaultFileLockManager] Releasing lock on daemon addresses registry.
09:26:11.711 [DEBUG] [org.gradle.cache.internal.DefaultFileLockManager] Waiting to acquire shared lock on daemon addresses registry.
09:26:11.711 [DEBUG] [org.gradle.cache.internal.DefaultFileLockManager] Lock acquired on daemon addresses registry.
09:26:11.711 [DEBUG] [org.gradle.cache.internal.DefaultFileLockManager] Releasing lock on daemon addresses registry.
09:26:12.754 [DEBUG] [org.gradle.process.internal.health.memory.MemoryManager] Emitting OS memory status event {Total: 16440098816, Free: 12609495040}
09:26:12.754 [DEBUG] [org.gradle.launcher.daemon.server.health.LowMemoryDaemonExpirationStrategy] Received memory status update: {Total: 16440098816, Free: 12609495040}
09:26:12.754 [DEBUG] [org.gradle.process.internal.health.memory.MemoryManager] Emitting JVM memory status event {Maximum: 1073741824, Committed: 260046848}
09:26:17.755 [DEBUG] [org.gradle.process.internal.health.memory.MemoryManager] Emitting OS memory status event {Total: 16440098816, Free: 12609527808}
09:26:17.755 [DEBUG] [org.gradle.launcher.daemon.server.health.LowMemoryDaemonExpirationStrategy] Received memory status update: {Total: 16440098816, Free: 12609527808}
09:26:17.755 [DEBUG] [org.gradle.process.internal.health.memory.MemoryManager] Emitting JVM memory status event {Maximum: 1073741824, Committed: 260046848}
09:26:21.711 [DEBUG] [org.gradle.launcher.daemon.server.Daemon] DaemonExpirationPeriodicCheck running
09:26:21.711 [DEBUG] [org.gradle.cache.internal.DefaultFileLockManager] Waiting to acquire shared lock on daemon addresses registry.
09:26:21.711 [DEBUG] [org.gradle.cache.internal.DefaultFileLockManager] Lock acquired on daemon addresses registry.
09:26:21.711 [DEBUG] [org.gradle.cache.internal.DefaultFileLockManager] Releasing lock on daemon addresses registry.
09:26:21.711 [DEBUG] [org.gradle.cache.internal.DefaultFileLockManager] Waiting to acquire shared lock on daemon addresses registry.
09:26:21.711 [DEBUG] [org.gradle.cache.internal.DefaultFileLockManager] Lock acquired on daemon addresses registry.
09:26:21.711 [DEBUG] [org.gradle.cache.internal.DefaultFileLockManager] Releasing lock on daemon addresses registry.
09:26:21.711 [DEBUG] [org.gradle.cache.internal.DefaultFileLockManager] Waiting to acquire shared lock on daemon addresses registry.
09:26:21.711 [DEBUG] [org.gradle.cache.internal.DefaultFileLockManager] Lock acquired on daemon addresses registry.
09:26:21.711 [DEBUG] [org.gradle.cache.internal.DefaultFileLockManager] Releasing lock on daemon addresses registry.
09:26:22.754 [DEBUG] [org.gradle.process.internal.health.memory.MemoryManager] Emitting OS memory status event {Total: 16440098816, Free: 12609544192}
09:26:22.754 [DEBUG] [org.gradle.launcher.daemon.server.health.LowMemoryDaemonExpirationStrategy] Received memory status update: {Total: 16440098816, Free: 12609544192}
09:26:22.754 [DEBUG] [org.gradle.process.internal.health.memory.MemoryManager] Emitting JVM memory status event {Maximum: 1073741824, Committed: 260046848}
09:26:27.755 [DEBUG] [org.gradle.process.internal.health.memory.MemoryManager] Emitting OS memory status event {Total: 16440098816, Free: 12609634304}
09:26:27.755 [DEBUG] [org.gradle.launcher.daemon.server.health.LowMemoryDaemonExpirationStrategy] Received memory status update: {Total: 16440098816, Free: 12609634304}
09:26:27.755 [DEBUG] [org.gradle.process.internal.health.memory.MemoryManager] Emitting JVM memory status event {Maximum: 1073741824, Committed: 260046848}
09:26:31.711 [DEBUG] [org.gradle.launcher.daemon.server.Daemon] DaemonExpirationPeriodicCheck running
09:26:31.711 [DEBUG] [org.gradle.cache.internal.DefaultFileLockManager] Waiting to acquire shared lock on daemon addresses registry.
09:26:31.711 [DEBUG] [org.gradle.cache.internal.DefaultFileLockManager] Lock acquired on daemon addresses registry.
09:26:31.711 [DEBUG] [org.gradle.cache.internal.DefaultFileLockManager] Releasing lock on daemon addresses registry.
09:26:31.711 [DEBUG] [org.gradle.cache.internal.DefaultFileLockManager] Waiting to acquire shared lock on daemon addresses registry.
09:26:31.711 [DEBUG] [org.gradle.cache.internal.DefaultFileLockManager] Lock acquired on daemon addresses registry.
09:26:31.711 [DEBUG] [org.gradle.cache.internal.DefaultFileLockManager] Releasing lock on daemon addresses registry.
09:26:31.711 [DEBUG] [org.gradle.cache.internal.DefaultFileLockManager] Waiting to acquire shared lock on daemon addresses registry.
09:26:31.711 [DEBUG] [org.gradle.cache.internal.DefaultFileLockManager] Lock acquired on daemon addresses registry.
09:26:31.711 [DEBUG] [org.gradle.cache.internal.DefaultFileLockManager] Releasing lock on daemon addresses registry.
09:26:32.754 [DEBUG] [org.gradle.process.internal.health.memory.MemoryManager] Emitting OS memory status event {Total: 16440098816, Free: 12609912832}
09:26:32.754 [DEBUG] [org.gradle.launcher.daemon.server.health.LowMemoryDaemonExpirationStrategy] Received memory status update: {Total: 16440098816, Free: 12609912832}
09:26:32.754 [DEBUG] [org.gradle.process.internal.health.memory.MemoryManager] Emitting JVM memory status event {Maximum: 1073741824, Committed: 260046848}
09:26:37.755 [DEBUG] [org.gradle.process.internal.health.memory.MemoryManager] Emitting OS memory status event {Total: 16440098816, Free: 12609945600}
09:26:37.755 [DEBUG] [org.gradle.launcher.daemon.server.health.LowMemoryDaemonExpirationStrategy] Received memory status update: {Total: 16440098816, Free: 12609945600}
09:26:37.755 [DEBUG] [org.gradle.process.internal.health.memory.MemoryManager] Emitting JVM memory status event {Maximum: 1073741824, Committed: 260046848}
09:26:41.711 [DEBUG] [org.gradle.launcher.daemon.server.Daemon] DaemonExpirationPeriodicCheck running
09:26:41.711 [DEBUG] [org.gradle.cache.internal.DefaultFileLockManager] Waiting to acquire shared lock on daemon addresses registry.
09:26:41.711 [DEBUG] [org.gradle.cache.internal.DefaultFileLockManager] Lock acquired on daemon addresses registry.
09:26:41.711 [DEBUG] [org.gradle.cache.internal.DefaultFileLockManager] Releasing lock on daemon addresses registry.
09:26:41.711 [DEBUG] [org.gradle.cache.internal.DefaultFileLockManager] Waiting to acquire shared lock on daemon addresses registry.
09:26:41.711 [DEBUG] [org.gradle.cache.internal.DefaultFileLockManager] Lock acquired on daemon addresses registry.
09:26:41.711 [DEBUG] [org.gradle.cache.internal.DefaultFileLockManager] Releasing lock on daemon addresses registry.
09:26:41.711 [DEBUG] [org.gradle.cache.internal.DefaultFileLockManager] Waiting to acquire shared lock on daemon addresses registry.
09:26:41.711 [DEBUG] [org.gradle.cache.internal.DefaultFileLockManager] Lock acquired on daemon addresses registry.
09:26:41.711 [DEBUG] [org.gradle.cache.internal.DefaultFileLockManager] Releasing lock on daemon addresses registry.
09:26:42.754 [DEBUG] [org.gradle.process.internal.health.memory.MemoryManager] Emitting OS memory status event {Total: 16440098816, Free: 12609945600}
09:26:42.754 [DEBUG] [org.gradle.launcher.daemon.server.health.LowMemoryDaemonExpirationStrategy] Received memory status update: {Total: 16440098816, Free: 12609945600}
09:26:42.754 [DEBUG] [org.gradle.process.internal.health.memory.MemoryManager] Emitting JVM memory status event {Maximum: 1073741824, Committed: 260046848}
09:26:47.755 [DEBUG] [org.gradle.process.internal.health.memory.MemoryManager] Emitting OS memory status event {Total: 16440098816, Free: 12609470464}
09:26:47.755 [DEBUG] [org.gradle.launcher.daemon.server.health.LowMemoryDaemonExpirationStrategy] Received memory status update: {Total: 16440098816, Free: 12609470464}
09:26:47.755 [DEBUG] [org.gradle.process.internal.health.memory.MemoryManager] Emitting JVM memory status event {Maximum: 1073741824, Committed: 260046848}
09:26:51.711 [DEBUG] [org.gradle.launcher.daemon.server.Daemon] DaemonExpirationPeriodicCheck running
09:26:51.711 [DEBUG] [org.gradle.cache.internal.DefaultFileLockManager] Waiting to acquire shared lock on daemon addresses registry.
09:26:51.711 [DEBUG] [org.gradle.cache.internal.DefaultFileLockManager] Lock acquired on daemon addresses registry.
09:26:51.711 [DEBUG] [org.gradle.cache.internal.DefaultFileLockManager] Releasing lock on daemon addresses registry.
09:26:51.711 [DEBUG] [org.gradle.cache.internal.DefaultFileLockManager] Waiting to acquire shared lock on daemon addresses registry.
09:26:51.711 [DEBUG] [org.gradle.cache.internal.DefaultFileLockManager] Lock acquired on daemon addresses registry.
09:26:51.711 [DEBUG] [org.gradle.cache.internal.DefaultFileLockManager] Releasing lock on daemon addresses registry.
09:26:51.711 [DEBUG] [org.gradle.cache.internal.DefaultFileLockManager] Waiting to acquire shared lock on daemon addresses registry.
09:26:51.711 [DEBUG] [org.gradle.cache.internal.DefaultFileLockManager] Lock acquired on daemon addresses registry.
09:26:51.711 [DEBUG] [org.gradle.cache.internal.DefaultFileLockManager] Releasing lock on daemon addresses registry.
09:26:52.754 [DEBUG] [org.gradle.process.internal.health.memory.MemoryManager] Emitting OS memory status event {Total: 16440098816, Free: 12609486848}
09:26:52.754 [DEBUG] [org.gradle.launcher.daemon.server.health.LowMemoryDaemonExpirationStrategy] Received memory status update: {Total: 16440098816, Free: 12609486848}
09:26:52.754 [DEBUG] [org.gradle.process.internal.health.memory.MemoryManager] Emitting JVM memory status event {Maximum: 1073741824, Committed: 260046848}
09:26:57.755 [DEBUG] [org.gradle.process.internal.health.memory.MemoryManager] Emitting OS memory status event {Total: 16440098816, Free: 12609523712}
09:26:57.755 [DEBUG] [org.gradle.launcher.daemon.server.health.LowMemoryDaemonExpirationStrategy] Received memory status update: {Total: 16440098816, Free: 12609523712}
09:26:57.755 [DEBUG] [org.gradle.process.internal.health.memory.MemoryManager] Emitting JVM memory status event {Maximum: 1073741824, Committed: 260046848}
09:27:01.711 [DEBUG] [org.gradle.launcher.daemon.server.Daemon] DaemonExpirationPeriodicCheck running
09:27:01.711 [DEBUG] [org.gradle.cache.internal.DefaultFileLockManager] Waiting to acquire shared lock on daemon addresses registry.
09:27:01.711 [DEBUG] [org.gradle.cache.internal.DefaultFileLockManager] Lock acquired on daemon addresses registry.
09:27:01.711 [DEBUG] [org.gradle.cache.internal.DefaultFileLockManager] Releasing lock on daemon addresses registry.
09:27:01.711 [DEBUG] [org.gradle.cache.internal.DefaultFileLockManager] Waiting to acquire shared lock on daemon addresses registry.
09:27:01.711 [DEBUG] [org.gradle.cache.internal.DefaultFileLockManager] Lock acquired on daemon addresses registry.
09:27:01.711 [DEBUG] [org.gradle.cache.internal.DefaultFileLockManager] Releasing lock on daemon addresses registry.
09:27:01.711 [DEBUG] [org.gradle.cache.internal.DefaultFileLockManager] Waiting to acquire shared lock on daemon addresses registry.
09:27:01.711 [DEBUG] [org.gradle.cache.internal.DefaultFileLockManager] Lock acquired on daemon addresses registry.
09:27:01.711 [DEBUG] [org.gradle.cache.internal.DefaultFileLockManager] Releasing lock on daemon addresses registry.
09:27:02.754 [DEBUG] [org.gradle.process.internal.health.memory.MemoryManager] Emitting OS memory status event {Total: 16440098816, Free: 12609564672}
09:27:02.754 [DEBUG] [org.gradle.launcher.daemon.server.health.LowMemoryDaemonExpirationStrategy] Received memory status update: {Total: 16440098816, Free: 12609564672}
09:27:02.754 [DEBUG] [org.gradle.process.internal.health.memory.MemoryManager] Emitting JVM memory status event {Maximum: 1073741824, Committed: 260046848}
09:27:07.755 [DEBUG] [org.gradle.process.internal.health.memory.MemoryManager] Emitting OS memory status event {Total: 16440098816, Free: 12609581056}
09:27:07.755 [DEBUG] [org.gradle.launcher.daemon.server.health.LowMemoryDaemonExpirationStrategy] Received memory status update: {Total: 16440098816, Free: 12609581056}
09:27:07.755 [DEBUG] [org.gradle.process.internal.health.memory.MemoryManager] Emitting JVM memory status event {Maximum: 1073741824, Committed: 260046848}
09:27:11.711 [DEBUG] [org.gradle.launcher.daemon.server.Daemon] DaemonExpirationPeriodicCheck running
09:27:11.711 [DEBUG] [org.gradle.cache.internal.DefaultFileLockManager] Waiting to acquire shared lock on daemon addresses registry.
09:27:11.711 [DEBUG] [org.gradle.cache.internal.DefaultFileLockManager] Lock acquired on daemon addresses registry.
09:27:11.711 [DEBUG] [org.gradle.cache.internal.DefaultFileLockManager] Releasing lock on daemon addresses registry.
09:27:11.711 [DEBUG] [org.gradle.cache.internal.DefaultFileLockManager] Waiting to acquire shared lock on daemon addresses registry.
09:27:11.711 [DEBUG] [org.gradle.cache.internal.DefaultFileLockManager] Lock acquired on daemon addresses registry.
09:27:11.711 [DEBUG] [org.gradle.cache.internal.DefaultFileLockManager] Releasing lock on daemon addresses registry.
09:27:11.711 [DEBUG] [org.gradle.cache.internal.DefaultFileLockManager] Waiting to acquire shared lock on daemon addresses registry.
09:27:11.711 [DEBUG] [org.gradle.cache.internal.DefaultFileLockManager] Lock acquired on daemon addresses registry.
09:27:11.711 [DEBUG] [org.gradle.cache.internal.DefaultFileLockManager] Releasing lock on daemon addresses registry.
09:27:12.754 [DEBUG] [org.gradle.process.internal.health.memory.MemoryManager] Emitting OS memory status event {Total: 16440098816, Free: 12609581056}
09:27:12.754 [DEBUG] [org.gradle.launcher.daemon.server.health.LowMemoryDaemonExpirationStrategy] Received memory status update: {Total: 16440098816, Free: 12609581056}
09:27:12.754 [DEBUG] [org.gradle.process.internal.health.memory.MemoryManager] Emitting JVM memory status event {Maximum: 1073741824, Committed: 260046848}
09:27:17.755 [DEBUG] [org.gradle.process.internal.health.memory.MemoryManager] Emitting OS memory status event {Total: 16440098816, Free: 12609601536}
09:27:17.755 [DEBUG] [org.gradle.launcher.daemon.server.health.LowMemoryDaemonExpirationStrategy] Received memory status update: {Total: 16440098816, Free: 12609601536}
09:27:17.755 [DEBUG] [org.gradle.process.internal.health.memory.MemoryManager] Emitting JVM memory status event {Maximum: 1073741824, Committed: 260046848}
09:27:21.711 [DEBUG] [org.gradle.launcher.daemon.server.Daemon] DaemonExpirationPeriodicCheck running
09:27:21.711 [DEBUG] [org.gradle.cache.internal.DefaultFileLockManager] Waiting to acquire shared lock on daemon addresses registry.
09:27:21.711 [DEBUG] [org.gradle.cache.internal.DefaultFileLockManager] Lock acquired on daemon addresses registry.
09:27:21.711 [DEBUG] [org.gradle.cache.internal.DefaultFileLockManager] Releasing lock on daemon addresses registry.
09:27:21.711 [DEBUG] [org.gradle.cache.internal.DefaultFileLockManager] Waiting to acquire shared lock on daemon addresses registry.
09:27:21.711 [DEBUG] [org.gradle.cache.internal.DefaultFileLockManager] Lock acquired on daemon addresses registry.
09:27:21.711 [DEBUG] [org.gradle.cache.internal.DefaultFileLockManager] Releasing lock on daemon addresses registry.
09:27:21.711 [DEBUG] [org.gradle.cache.internal.DefaultFileLockManager] Waiting to acquire shared lock on daemon addresses registry.
09:27:21.711 [DEBUG] [org.gradle.cache.internal.DefaultFileLockManager] Lock acquired on daemon addresses registry.
09:27:21.711 [DEBUG] [org.gradle.cache.internal.DefaultFileLockManager] Releasing lock on daemon addresses registry.
09:27:22.754 [DEBUG] [org.gradle.process.internal.health.memory.MemoryManager] Emitting OS memory status event {Total: 16440098816, Free: 12608122880}
09:27:22.754 [DEBUG] [org.gradle.launcher.daemon.server.health.LowMemoryDaemonExpirationStrategy] Received memory status update: {Total: 16440098816, Free: 12608122880}
09:27:22.754 [DEBUG] [org.gradle.process.internal.health.memory.MemoryManager] Emitting JVM memory status event {Maximum: 1073741824, Committed: 260046848}
09:27:27.755 [DEBUG] [org.gradle.process.internal.health.memory.MemoryManager] Emitting OS memory status event {Total: 16440098816, Free: 12607369216}
09:27:27.755 [DEBUG] [org.gradle.launcher.daemon.server.health.LowMemoryDaemonExpirationStrategy] Received memory status update: {Total: 16440098816, Free: 12607369216}
09:27:27.755 [DEBUG] [org.gradle.process.internal.health.memory.MemoryManager] Emitting JVM memory status event {Maximum: 1073741824, Committed: 260046848}
09:27:31.711 [DEBUG] [org.gradle.launcher.daemon.server.Daemon] DaemonExpirationPeriodicCheck running
09:27:31.711 [DEBUG] [org.gradle.cache.internal.DefaultFileLockManager] Waiting to acquire shared lock on daemon addresses registry.
09:27:31.711 [DEBUG] [org.gradle.cache.internal.DefaultFileLockManager] Lock acquired on daemon addresses registry.
09:27:31.711 [DEBUG] [org.gradle.cache.internal.DefaultFileLockManager] Releasing lock on daemon addresses registry.
09:27:31.711 [DEBUG] [org.gradle.cache.internal.DefaultFileLockManager] Waiting to acquire shared lock on daemon addresses registry.
09:27:31.711 [DEBUG] [org.gradle.cache.internal.DefaultFileLockManager] Lock acquired on daemon addresses registry.
09:27:31.711 [DEBUG] [org.gradle.cache.internal.DefaultFileLockManager] Releasing lock on daemon addresses registry.
09:27:31.711 [DEBUG] [org.gradle.cache.internal.DefaultFileLockManager] Waiting to acquire shared lock on daemon addresses registry.
09:27:31.711 [DEBUG] [org.gradle.cache.internal.DefaultFileLockManager] Lock acquired on daemon addresses registry.
09:27:31.711 [DEBUG] [org.gradle.cache.internal.DefaultFileLockManager] Releasing lock on daemon addresses registry.
09:27:32.754 [DEBUG] [org.gradle.process.internal.health.memory.MemoryManager] Emitting OS memory status event {Total: 16440098816, Free: 12607803392}
09:27:32.754 [DEBUG] [org.gradle.launcher.daemon.server.health.LowMemoryDaemonExpirationStrategy] Received memory status update: {Total: 16440098816, Free: 12607803392}
09:27:32.754 [DEBUG] [org.gradle.process.internal.health.memory.MemoryManager] Emitting JVM memory status event {Maximum: 1073741824, Committed: 260046848}
09:27:37.755 [DEBUG] [org.gradle.process.internal.health.memory.MemoryManager] Emitting OS memory status event {Total: 16440098816, Free: 12598013952}
09:27:37.755 [DEBUG] [org.gradle.launcher.daemon.server.health.LowMemoryDaemonExpirationStrategy] Received memory status update: {Total: 16440098816, Free: 12598013952}
09:27:37.755 [DEBUG] [org.gradle.process.internal.health.memory.MemoryManager] Emitting JVM memory status event {Maximum: 1073741824, Committed: 260046848}
09:27:41.711 [DEBUG] [org.gradle.launcher.daemon.server.Daemon] DaemonExpirationPeriodicCheck running
09:27:41.711 [DEBUG] [org.gradle.cache.internal.DefaultFileLockManager] Waiting to acquire shared lock on daemon addresses registry.
09:27:41.711 [DEBUG] [org.gradle.cache.internal.DefaultFileLockManager] Lock acquired on daemon addresses registry.
09:27:41.711 [DEBUG] [org.gradle.cache.internal.DefaultFileLockManager] Releasing lock on daemon addresses registry.
09:27:41.711 [DEBUG] [org.gradle.cache.internal.DefaultFileLockManager] Waiting to acquire shared lock on daemon addresses registry.
09:27:41.711 [DEBUG] [org.gradle.cache.internal.DefaultFileLockManager] Lock acquired on daemon addresses registry.
09:27:41.711 [DEBUG] [org.gradle.cache.internal.DefaultFileLockManager] Releasing lock on daemon addresses registry.
09:27:41.711 [DEBUG] [org.gradle.cache.internal.DefaultFileLockManager] Waiting to acquire shared lock on daemon addresses registry.
09:27:41.711 [DEBUG] [org.gradle.cache.internal.DefaultFileLockManager] Lock acquired on daemon addresses registry.
09:27:41.711 [DEBUG] [org.gradle.cache.internal.DefaultFileLockManager] Releasing lock on daemon addresses registry.
09:27:42.754 [DEBUG] [org.gradle.process.internal.health.memory.MemoryManager] Emitting OS memory status event {Total: 16440098816, Free: 12600627200}
09:27:42.754 [DEBUG] [org.gradle.launcher.daemon.server.health.LowMemoryDaemonExpirationStrategy] Received memory status update: {Total: 16440098816, Free: 12600627200}
09:27:42.754 [DEBUG] [org.gradle.process.internal.health.memory.MemoryManager] Emitting JVM memory status event {Maximum: 1073741824, Committed: 260046848}
09:27:47.755 [DEBUG] [org.gradle.process.internal.health.memory.MemoryManager] Emitting OS memory status event {Total: 16440098816, Free: 12601761792}
09:27:47.755 [DEBUG] [org.gradle.launcher.daemon.server.health.LowMemoryDaemonExpirationStrategy] Received memory status update: {Total: 16440098816, Free: 12601761792}
09:27:47.755 [DEBUG] [org.gradle.process.internal.health.memory.MemoryManager] Emitting JVM memory status event {Maximum: 1073741824, Committed: 260046848}
09:27:51.711 [DEBUG] [org.gradle.launcher.daemon.server.Daemon] DaemonExpirationPeriodicCheck running
09:27:51.711 [DEBUG] [org.gradle.cache.internal.DefaultFileLockManager] Waiting to acquire shared lock on daemon addresses registry.
09:27:51.711 [DEBUG] [org.gradle.cache.internal.DefaultFileLockManager] Lock acquired on daemon addresses registry.
09:27:51.711 [DEBUG] [org.gradle.cache.internal.DefaultFileLockManager] Releasing lock on daemon addresses registry.
09:27:51.711 [DEBUG] [org.gradle.cache.internal.DefaultFileLockManager] Waiting to acquire shared lock on daemon addresses registry.
09:27:51.711 [DEBUG] [org.gradle.cache.internal.DefaultFileLockManager] Lock acquired on daemon addresses registry.
09:27:51.711 [DEBUG] [org.gradle.cache.internal.DefaultFileLockManager] Releasing lock on daemon addresses registry.
09:27:51.711 [DEBUG] [org.gradle.cache.internal.DefaultFileLockManager] Waiting to acquire shared lock on daemon addresses registry.
09:27:51.711 [DEBUG] [org.gradle.cache.internal.DefaultFileLockManager] Lock acquired on daemon addresses registry.
09:27:51.711 [DEBUG] [org.gradle.cache.internal.DefaultFileLockManager] Releasing lock on daemon addresses registry.
09:27:52.754 [DEBUG] [org.gradle.process.internal.health.memory.MemoryManager] Emitting OS memory status event {Total: 16440098816, Free: 12601868288}
09:27:52.754 [DEBUG] [org.gradle.launcher.daemon.server.health.LowMemoryDaemonExpirationStrategy] Received memory status update: {Total: 16440098816, Free: 12601868288}
09:27:52.754 [DEBUG] [org.gradle.process.internal.health.memory.MemoryManager] Emitting JVM memory status event {Maximum: 1073741824, Committed: 260046848}
09:27:57.755 [DEBUG] [org.gradle.process.internal.health.memory.MemoryManager] Emitting OS memory status event {Total: 16440098816, Free: 12604985344}
09:27:57.755 [DEBUG] [org.gradle.launcher.daemon.server.health.LowMemoryDaemonExpirationStrategy] Received memory status update: {Total: 16440098816, Free: 12604985344}
09:27:57.755 [DEBUG] [org.gradle.process.internal.health.memory.MemoryManager] Emitting JVM memory status event {Maximum: 1073741824, Committed: 260046848}
09:28:01.711 [DEBUG] [org.gradle.launcher.daemon.server.Daemon] DaemonExpirationPeriodicCheck running
09:28:01.711 [DEBUG] [org.gradle.cache.internal.DefaultFileLockManager] Waiting to acquire shared lock on daemon addresses registry.
09:28:01.711 [DEBUG] [org.gradle.cache.internal.DefaultFileLockManager] Lock acquired on daemon addresses registry.
09:28:01.711 [DEBUG] [org.gradle.cache.internal.DefaultFileLockManager] Releasing lock on daemon addresses registry.
09:28:01.711 [DEBUG] [org.gradle.cache.internal.DefaultFileLockManager] Waiting to acquire shared lock on daemon addresses registry.
09:28:01.711 [DEBUG] [org.gradle.cache.internal.DefaultFileLockManager] Lock acquired on daemon addresses registry.
09:28:01.711 [DEBUG] [org.gradle.cache.internal.DefaultFileLockManager] Releasing lock on daemon addresses registry.
09:28:01.711 [DEBUG] [org.gradle.cache.internal.DefaultFileLockManager] Waiting to acquire shared lock on daemon addresses registry.
09:28:01.711 [DEBUG] [org.gradle.cache.internal.DefaultFileLockManager] Lock acquired on daemon addresses registry.
09:28:01.711 [DEBUG] [org.gradle.cache.internal.DefaultFileLockManager] Releasing lock on daemon addresses registry.
09:28:02.754 [DEBUG] [org.gradle.process.internal.health.memory.MemoryManager] Emitting OS memory status event {Total: 16440098816, Free: 12604985344}
09:28:02.754 [DEBUG] [org.gradle.launcher.daemon.server.health.LowMemoryDaemonExpirationStrategy] Received memory status update: {Total: 16440098816, Free: 12604985344}
09:28:02.754 [DEBUG] [org.gradle.process.internal.health.memory.MemoryManager] Emitting JVM memory status event {Maximum: 1073741824, Committed: 260046848}
09:28:07.755 [DEBUG] [org.gradle.process.internal.health.memory.MemoryManager] Emitting OS memory status event {Total: 16440098816, Free: 12605431808}
09:28:07.755 [DEBUG] [org.gradle.launcher.daemon.server.health.LowMemoryDaemonExpirationStrategy] Received memory status update: {Total: 16440098816, Free: 12605431808}
09:28:07.755 [DEBUG] [org.gradle.process.internal.health.memory.MemoryManager] Emitting JVM memory status event {Maximum: 1073741824, Committed: 260046848}
09:28:11.711 [DEBUG] [org.gradle.launcher.daemon.server.Daemon] DaemonExpirationPeriodicCheck running
09:28:11.711 [DEBUG] [org.gradle.cache.internal.DefaultFileLockManager] Waiting to acquire shared lock on daemon addresses registry.
09:28:11.711 [DEBUG] [org.gradle.cache.internal.DefaultFileLockManager] Lock acquired on daemon addresses registry.
09:28:11.711 [DEBUG] [org.gradle.cache.internal.DefaultFileLockManager] Releasing lock on daemon addresses registry.
09:28:11.711 [DEBUG] [org.gradle.cache.internal.DefaultFileLockManager] Waiting to acquire shared lock on daemon addresses registry.
09:28:11.711 [DEBUG] [org.gradle.cache.internal.DefaultFileLockManager] Lock acquired on daemon addresses registry.
09:28:11.711 [DEBUG] [org.gradle.cache.internal.DefaultFileLockManager] Releasing lock on daemon addresses registry.
09:28:11.711 [DEBUG] [org.gradle.cache.internal.DefaultFileLockManager] Waiting to acquire shared lock on daemon addresses registry.
09:28:11.711 [DEBUG] [org.gradle.cache.internal.DefaultFileLockManager] Lock acquired on daemon addresses registry.
09:28:11.711 [DEBUG] [org.gradle.cache.internal.DefaultFileLockManager] Releasing lock on daemon addresses registry.
09:28:12.754 [DEBUG] [org.gradle.process.internal.health.memory.MemoryManager] Emitting OS memory status event {Total: 16440098816, Free: 12605444096}
09:28:12.754 [DEBUG] [org.gradle.launcher.daemon.server.health.LowMemoryDaemonExpirationStrategy] Received memory status update: {Total: 16440098816, Free: 12605444096}
09:28:12.754 [DEBUG] [org.gradle.process.internal.health.memory.MemoryManager] Emitting JVM memory status event {Maximum: 1073741824, Committed: 260046848}
09:28:17.755 [DEBUG] [org.gradle.process.internal.health.memory.MemoryManager] Emitting OS memory status event {Total: 16440098816, Free: 12605460480}
09:28:17.755 [DEBUG] [org.gradle.launcher.daemon.server.health.LowMemoryDaemonExpirationStrategy] Received memory status update: {Total: 16440098816, Free: 12605460480}
09:28:17.755 [DEBUG] [org.gradle.process.internal.health.memory.MemoryManager] Emitting JVM memory status event {Maximum: 1073741824, Committed: 260046848}
09:28:21.711 [DEBUG] [org.gradle.launcher.daemon.server.Daemon] DaemonExpirationPeriodicCheck running
09:28:21.711 [DEBUG] [org.gradle.cache.internal.DefaultFileLockManager] Waiting to acquire shared lock on daemon addresses registry.
09:28:21.711 [DEBUG] [org.gradle.cache.internal.DefaultFileLockManager] Lock acquired on daemon addresses registry.
09:28:21.711 [DEBUG] [org.gradle.cache.internal.DefaultFileLockManager] Releasing lock on daemon addresses registry.
09:28:21.711 [DEBUG] [org.gradle.cache.internal.DefaultFileLockManager] Waiting to acquire shared lock on daemon addresses registry.
09:28:21.711 [DEBUG] [org.gradle.cache.internal.DefaultFileLockManager] Lock acquired on daemon addresses registry.
09:28:21.711 [DEBUG] [org.gradle.cache.internal.DefaultFileLockManager] Releasing lock on daemon addresses registry.
09:28:21.711 [DEBUG] [org.gradle.cache.internal.DefaultFileLockManager] Waiting to acquire shared lock on daemon addresses registry.
09:28:21.711 [DEBUG] [org.gradle.cache.internal.DefaultFileLockManager] Lock acquired on daemon addresses registry.
09:28:21.711 [DEBUG] [org.gradle.cache.internal.DefaultFileLockManager] Releasing lock on daemon addresses registry.
09:28:22.754 [DEBUG] [org.gradle.process.internal.health.memory.MemoryManager] Emitting OS memory status event {Total: 16440098816, Free: 12604694528}
09:28:22.754 [DEBUG] [org.gradle.launcher.daemon.server.health.LowMemoryDaemonExpirationStrategy] Received memory status update: {Total: 16440098816, Free: 12604694528}
09:28:22.754 [DEBUG] [org.gradle.process.internal.health.memory.MemoryManager] Emitting JVM memory status event {Maximum: 1073741824, Committed: 260046848}
09:28:27.755 [DEBUG] [org.gradle.process.internal.health.memory.MemoryManager] Emitting OS memory status event {Total: 16440098816, Free: 12604702720}
09:28:27.755 [DEBUG] [org.gradle.launcher.daemon.server.health.LowMemoryDaemonExpirationStrategy] Received memory status update: {Total: 16440098816, Free: 12604702720}
09:28:27.755 [DEBUG] [org.gradle.process.internal.health.memory.MemoryManager] Emitting JVM memory status event {Maximum: 1073741824, Committed: 260046848}
09:28:31.711 [DEBUG] [org.gradle.launcher.daemon.server.Daemon] DaemonExpirationPeriodicCheck running
09:28:31.711 [DEBUG] [org.gradle.cache.internal.DefaultFileLockManager] Waiting to acquire shared lock on daemon addresses registry.
09:28:31.711 [DEBUG] [org.gradle.cache.internal.DefaultFileLockManager] Lock acquired on daemon addresses registry.
09:28:31.711 [DEBUG] [org.gradle.cache.internal.DefaultFileLockManager] Releasing lock on daemon addresses registry.
09:28:31.711 [DEBUG] [org.gradle.cache.internal.DefaultFileLockManager] Waiting to acquire shared lock on daemon addresses registry.
09:28:31.711 [DEBUG] [org.gradle.cache.internal.DefaultFileLockManager] Lock acquired on daemon addresses registry.
09:28:31.711 [DEBUG] [org.gradle.cache.internal.DefaultFileLockManager] Releasing lock on daemon addresses registry.
09:28:31.711 [DEBUG] [org.gradle.cache.internal.DefaultFileLockManager] Waiting to acquire shared lock on daemon addresses registry.
09:28:31.711 [DEBUG] [org.gradle.cache.internal.DefaultFileLockManager] Lock acquired on daemon addresses registry.
09:28:31.711 [DEBUG] [org.gradle.cache.internal.DefaultFileLockManager] Releasing lock on daemon addresses registry.
09:28:32.754 [DEBUG] [org.gradle.process.internal.health.memory.MemoryManager] Emitting OS memory status event {Total: 16440098816, Free: 12604710912}
09:28:32.754 [DEBUG] [org.gradle.launcher.daemon.server.health.LowMemoryDaemonExpirationStrategy] Received memory status update: {Total: 16440098816, Free: 12604710912}
09:28:32.754 [DEBUG] [org.gradle.process.internal.health.memory.MemoryManager] Emitting JVM memory status event {Maximum: 1073741824, Committed: 260046848}
09:28:37.755 [DEBUG] [org.gradle.process.internal.health.memory.MemoryManager] Emitting OS memory status event {Total: 16440098816, Free: 12604747776}
09:28:37.755 [DEBUG] [org.gradle.launcher.daemon.server.health.LowMemoryDaemonExpirationStrategy] Received memory status update: {Total: 16440098816, Free: 12604747776}
09:28:37.755 [DEBUG] [org.gradle.process.internal.health.memory.MemoryManager] Emitting JVM memory status event {Maximum: 1073741824, Committed: 260046848}
09:28:41.711 [DEBUG] [org.gradle.launcher.daemon.server.Daemon] DaemonExpirationPeriodicCheck running
09:28:41.711 [DEBUG] [org.gradle.cache.internal.DefaultFileLockManager] Waiting to acquire shared lock on daemon addresses registry.
09:28:41.711 [DEBUG] [org.gradle.cache.internal.DefaultFileLockManager] Lock acquired on daemon addresses registry.
09:28:41.711 [DEBUG] [org.gradle.cache.internal.DefaultFileLockManager] Releasing lock on daemon addresses registry.
09:28:41.711 [DEBUG] [org.gradle.cache.internal.DefaultFileLockManager] Waiting to acquire shared lock on daemon addresses registry.
09:28:41.711 [DEBUG] [org.gradle.cache.internal.DefaultFileLockManager] Lock acquired on daemon addresses registry.
09:28:41.711 [DEBUG] [org.gradle.cache.internal.DefaultFileLockManager] Releasing lock on daemon addresses registry.
09:28:41.711 [DEBUG] [org.gradle.cache.internal.DefaultFileLockManager] Waiting to acquire shared lock on daemon addresses registry.
09:28:41.711 [DEBUG] [org.gradle.cache.internal.DefaultFileLockManager] Lock acquired on daemon addresses registry.
09:28:41.711 [DEBUG] [org.gradle.cache.internal.DefaultFileLockManager] Releasing lock on daemon addresses registry.
09:28:42.754 [DEBUG] [org.gradle.process.internal.health.memory.MemoryManager] Emitting OS memory status event {Total: 16440098816, Free: 12604764160}
09:28:42.754 [DEBUG] [org.gradle.launcher.daemon.server.health.LowMemoryDaemonExpirationStrategy] Received memory status update: {Total: 16440098816, Free: 12604764160}
09:28:42.754 [DEBUG] [org.gradle.process.internal.health.memory.MemoryManager] Emitting JVM memory status event {Maximum: 1073741824, Committed: 260046848}
09:28:47.755 [DEBUG] [org.gradle.process.internal.health.memory.MemoryManager] Emitting OS memory status event {Total: 16440098816, Free: 12604796928}
09:28:47.755 [DEBUG] [org.gradle.launcher.daemon.server.health.LowMemoryDaemonExpirationStrategy] Received memory status update: {Total: 16440098816, Free: 12604796928}
09:28:47.755 [DEBUG] [org.gradle.process.internal.health.memory.MemoryManager] Emitting JVM memory status event {Maximum: 1073741824, Committed: 260046848}
09:28:51.711 [DEBUG] [org.gradle.launcher.daemon.server.Daemon] DaemonExpirationPeriodicCheck running
09:28:51.711 [DEBUG] [org.gradle.cache.internal.DefaultFileLockManager] Waiting to acquire shared lock on daemon addresses registry.
09:28:51.711 [DEBUG] [org.gradle.cache.internal.DefaultFileLockManager] Lock acquired on daemon addresses registry.
09:28:51.711 [DEBUG] [org.gradle.cache.internal.DefaultFileLockManager] Releasing lock on daemon addresses registry.
09:28:51.711 [DEBUG] [org.gradle.cache.internal.DefaultFileLockManager] Waiting to acquire shared lock on daemon addresses registry.
09:28:51.711 [DEBUG] [org.gradle.cache.internal.DefaultFileLockManager] Lock acquired on daemon addresses registry.
09:28:51.711 [DEBUG] [org.gradle.cache.internal.DefaultFileLockManager] Releasing lock on daemon addresses registry.
09:28:51.711 [DEBUG] [org.gradle.cache.internal.DefaultFileLockManager] Waiting to acquire shared lock on daemon addresses registry.
09:28:51.711 [DEBUG] [org.gradle.cache.internal.DefaultFileLockManager] Lock acquired on daemon addresses registry.
09:28:51.711 [DEBUG] [org.gradle.cache.internal.DefaultFileLockManager] Releasing lock on daemon addresses registry.
09:28:52.754 [DEBUG] [org.gradle.process.internal.health.memory.MemoryManager] Emitting OS memory status event {Total: 16440098816, Free: 12604547072}
09:28:52.754 [DEBUG] [org.gradle.launcher.daemon.server.health.LowMemoryDaemonExpirationStrategy] Received memory status update: {Total: 16440098816, Free: 12604547072}
09:28:52.754 [DEBUG] [org.gradle.process.internal.health.memory.MemoryManager] Emitting JVM memory status event {Maximum: 1073741824, Committed: 260046848}
09:28:57.755 [DEBUG] [org.gradle.process.internal.health.memory.MemoryManager] Emitting OS memory status event {Total: 16440098816, Free: 12604289024}
09:28:57.755 [DEBUG] [org.gradle.launcher.daemon.server.health.LowMemoryDaemonExpirationStrategy] Received memory status update: {Total: 16440098816, Free: 12604289024}
09:28:57.755 [DEBUG] [org.gradle.process.internal.health.memory.MemoryManager] Emitting JVM memory status event {Maximum: 1073741824, Committed: 260046848}
09:29:01.711 [DEBUG] [org.gradle.launcher.daemon.server.Daemon] DaemonExpirationPeriodicCheck running
09:29:01.711 [DEBUG] [org.gradle.cache.internal.DefaultFileLockManager] Waiting to acquire shared lock on daemon addresses registry.
09:29:01.711 [DEBUG] [org.gradle.cache.internal.DefaultFileLockManager] Lock acquired on daemon addresses registry.
09:29:01.711 [DEBUG] [org.gradle.cache.internal.DefaultFileLockManager] Releasing lock on daemon addresses registry.
09:29:01.711 [DEBUG] [org.gradle.cache.internal.DefaultFileLockManager] Waiting to acquire shared lock on daemon addresses registry.
09:29:01.711 [DEBUG] [org.gradle.cache.internal.DefaultFileLockManager] Lock acquired on daemon addresses registry.
09:29:01.711 [DEBUG] [org.gradle.cache.internal.DefaultFileLockManager] Releasing lock on daemon addresses registry.
09:29:01.711 [DEBUG] [org.gradle.cache.internal.DefaultFileLockManager] Waiting to acquire shared lock on daemon addresses registry.
09:29:01.711 [DEBUG] [org.gradle.cache.internal.DefaultFileLockManager] Lock acquired on daemon addresses registry.
09:29:01.711 [DEBUG] [org.gradle.cache.internal.DefaultFileLockManager] Releasing lock on daemon addresses registry.
09:29:02.754 [DEBUG] [org.gradle.process.internal.health.memory.MemoryManager] Emitting OS memory status event {Total: 16440098816, Free: 12604321792}
09:29:02.754 [DEBUG] [org.gradle.launcher.daemon.server.health.LowMemoryDaemonExpirationStrategy] Received memory status update: {Total: 16440098816, Free: 12604321792}
09:29:02.754 [DEBUG] [org.gradle.process.internal.health.memory.MemoryManager] Emitting JVM memory status event {Maximum: 1073741824, Committed: 260046848}
09:29:07.755 [DEBUG] [org.gradle.process.internal.health.memory.MemoryManager] Emitting OS memory status event {Total: 16440098816, Free: 12604329984}
09:29:07.755 [DEBUG] [org.gradle.launcher.daemon.server.health.LowMemoryDaemonExpirationStrategy] Received memory status update: {Total: 16440098816, Free: 12604329984}
09:29:07.755 [DEBUG] [org.gradle.process.internal.health.memory.MemoryManager] Emitting JVM memory status event {Maximum: 1073741824, Committed: 260046848}
09:29:11.711 [DEBUG] [org.gradle.launcher.daemon.server.Daemon] DaemonExpirationPeriodicCheck running
09:29:11.711 [DEBUG] [org.gradle.cache.internal.DefaultFileLockManager] Waiting to acquire shared lock on daemon addresses registry.
09:29:11.711 [DEBUG] [org.gradle.cache.internal.DefaultFileLockManager] Lock acquired on daemon addresses registry.
09:29:11.711 [DEBUG] [org.gradle.cache.internal.DefaultFileLockManager] Releasing lock on daemon addresses registry.
09:29:11.711 [DEBUG] [org.gradle.cache.internal.DefaultFileLockManager] Waiting to acquire shared lock on daemon addresses registry.
09:29:11.711 [DEBUG] [org.gradle.cache.internal.DefaultFileLockManager] Lock acquired on daemon addresses registry.
09:29:11.711 [DEBUG] [org.gradle.cache.internal.DefaultFileLockManager] Releasing lock on daemon addresses registry.
09:29:11.711 [DEBUG] [org.gradle.cache.internal.DefaultFileLockManager] Waiting to acquire shared lock on daemon addresses registry.
09:29:11.711 [DEBUG] [org.gradle.cache.internal.DefaultFileLockManager] Lock acquired on daemon addresses registry.
09:29:11.711 [DEBUG] [org.gradle.cache.internal.DefaultFileLockManager] Releasing lock on daemon addresses registry.
09:29:12.754 [DEBUG] [org.gradle.process.internal.health.memory.MemoryManager] Emitting OS memory status event {Total: 16440098816, Free: 12604329984}
09:29:12.754 [DEBUG] [org.gradle.launcher.daemon.server.health.LowMemoryDaemonExpirationStrategy] Received memory status update: {Total: 16440098816, Free: 12604329984}
09:29:12.754 [DEBUG] [org.gradle.process.internal.health.memory.MemoryManager] Emitting JVM memory status event {Maximum: 1073741824, Committed: 260046848}
09:29:17.755 [DEBUG] [org.gradle.process.internal.health.memory.MemoryManager] Emitting OS memory status event {Total: 16440098816, Free: 12604370944}
09:29:17.755 [DEBUG] [org.gradle.launcher.daemon.server.health.LowMemoryDaemonExpirationStrategy] Received memory status update: {Total: 16440098816, Free: 12604370944}
09:29:17.755 [DEBUG] [org.gradle.process.internal.health.memory.MemoryManager] Emitting JVM memory status event {Maximum: 1073741824, Committed: 260046848}
09:29:21.711 [DEBUG] [org.gradle.launcher.daemon.server.Daemon] DaemonExpirationPeriodicCheck running
09:29:21.711 [DEBUG] [org.gradle.cache.internal.DefaultFileLockManager] Waiting to acquire shared lock on daemon addresses registry.
09:29:21.711 [DEBUG] [org.gradle.cache.internal.DefaultFileLockManager] Lock acquired on daemon addresses registry.
09:29:21.711 [DEBUG] [org.gradle.cache.internal.DefaultFileLockManager] Releasing lock on daemon addresses registry.
09:29:21.711 [DEBUG] [org.gradle.cache.internal.DefaultFileLockManager] Waiting to acquire shared lock on daemon addresses registry.
09:29:21.711 [DEBUG] [org.gradle.cache.internal.DefaultFileLockManager] Lock acquired on daemon addresses registry.
09:29:21.711 [DEBUG] [org.gradle.cache.internal.DefaultFileLockManager] Releasing lock on daemon addresses registry.
09:29:21.711 [DEBUG] [org.gradle.cache.internal.DefaultFileLockManager] Waiting to acquire shared lock on daemon addresses registry.
09:29:21.711 [DEBUG] [org.gradle.cache.internal.DefaultFileLockManager] Lock acquired on daemon addresses registry.
09:29:21.711 [DEBUG] [org.gradle.cache.internal.DefaultFileLockManager] Releasing lock on daemon addresses registry.
09:29:22.754 [DEBUG] [org.gradle.process.internal.health.memory.MemoryManager] Emitting OS memory status event {Total: 16440098816, Free: 12604387328}
09:29:22.754 [DEBUG] [org.gradle.launcher.daemon.server.health.LowMemoryDaemonExpirationStrategy] Received memory status update: {Total: 16440098816, Free: 12604387328}
09:29:22.754 [DEBUG] [org.gradle.process.internal.health.memory.MemoryManager] Emitting JVM memory status event {Maximum: 1073741824, Committed: 260046848}
09:29:27.755 [DEBUG] [org.gradle.process.internal.health.memory.MemoryManager] Emitting OS memory status event {Total: 16440098816, Free: 12602073088}
09:29:27.755 [DEBUG] [org.gradle.launcher.daemon.server.health.LowMemoryDaemonExpirationStrategy] Received memory status update: {Total: 16440098816, Free: 12602073088}
09:29:27.755 [DEBUG] [org.gradle.process.internal.health.memory.MemoryManager] Emitting JVM memory status event {Maximum: 1073741824, Committed: 260046848}
09:29:31.711 [DEBUG] [org.gradle.launcher.daemon.server.Daemon] DaemonExpirationPeriodicCheck running
09:29:31.711 [DEBUG] [org.gradle.cache.internal.DefaultFileLockManager] Waiting to acquire shared lock on daemon addresses registry.
09:29:31.711 [DEBUG] [org.gradle.cache.internal.DefaultFileLockManager] Lock acquired on daemon addresses registry.
09:29:31.711 [DEBUG] [org.gradle.cache.internal.DefaultFileLockManager] Releasing lock on daemon addresses registry.
09:29:31.711 [DEBUG] [org.gradle.cache.internal.DefaultFileLockManager] Waiting to acquire shared lock on daemon addresses registry.
09:29:31.711 [DEBUG] [org.gradle.cache.internal.DefaultFileLockManager] Lock acquired on daemon addresses registry.
09:29:31.711 [DEBUG] [org.gradle.cache.internal.DefaultFileLockManager] Releasing lock on daemon addresses registry.
09:29:31.711 [DEBUG] [org.gradle.cache.internal.DefaultFileLockManager] Waiting to acquire shared lock on daemon addresses registry.
09:29:31.711 [DEBUG] [org.gradle.cache.internal.DefaultFileLockManager] Lock acquired on daemon addresses registry.
09:29:31.711 [DEBUG] [org.gradle.cache.internal.DefaultFileLockManager] Releasing lock on daemon addresses registry.
09:29:32.754 [DEBUG] [org.gradle.process.internal.health.memory.MemoryManager] Emitting OS memory status event {Total: 16440098816, Free: 12611731456}
09:29:32.754 [DEBUG] [org.gradle.launcher.daemon.server.health.LowMemoryDaemonExpirationStrategy] Received memory status update: {Total: 16440098816, Free: 12611731456}
09:29:32.754 [DEBUG] [org.gradle.process.internal.health.memory.MemoryManager] Emitting JVM memory status event {Maximum: 1073741824, Committed: 260046848}
09:29:37.755 [DEBUG] [org.gradle.process.internal.health.memory.MemoryManager] Emitting OS memory status event {Total: 16440098816, Free: 12611493888}
09:29:37.755 [DEBUG] [org.gradle.launcher.daemon.server.health.LowMemoryDaemonExpirationStrategy] Received memory status update: {Total: 16440098816, Free: 12611493888}
09:29:37.755 [DEBUG] [org.gradle.process.internal.health.memory.MemoryManager] Emitting JVM memory status event {Maximum: 1073741824, Committed: 260046848}
09:29:41.711 [DEBUG] [org.gradle.launcher.daemon.server.Daemon] DaemonExpirationPeriodicCheck running
09:29:41.711 [DEBUG] [org.gradle.cache.internal.DefaultFileLockManager] Waiting to acquire shared lock on daemon addresses registry.
09:29:41.711 [DEBUG] [org.gradle.cache.internal.DefaultFileLockManager] Lock acquired on daemon addresses registry.
09:29:41.711 [DEBUG] [org.gradle.cache.internal.DefaultFileLockManager] Releasing lock on daemon addresses registry.
09:29:41.711 [DEBUG] [org.gradle.cache.internal.DefaultFileLockManager] Waiting to acquire shared lock on daemon addresses registry.
09:29:41.711 [DEBUG] [org.gradle.cache.internal.DefaultFileLockManager] Lock acquired on daemon addresses registry.
09:29:41.711 [DEBUG] [org.gradle.cache.internal.DefaultFileLockManager] Releasing lock on daemon addresses registry.
09:29:41.711 [DEBUG] [org.gradle.cache.internal.DefaultFileLockManager] Waiting to acquire shared lock on daemon addresses registry.
09:29:41.711 [DEBUG] [org.gradle.cache.internal.DefaultFileLockManager] Lock acquired on daemon addresses registry.
09:29:41.711 [DEBUG] [org.gradle.cache.internal.DefaultFileLockManager] Releasing lock on daemon addresses registry.
09:29:42.754 [DEBUG] [org.gradle.process.internal.health.memory.MemoryManager] Emitting OS memory status event {Total: 16440098816, Free: 12611248128}
09:29:42.754 [DEBUG] [org.gradle.launcher.daemon.server.health.LowMemoryDaemonExpirationStrategy] Received memory status update: {Total: 16440098816, Free: 12611248128}
09:29:42.754 [DEBUG] [org.gradle.process.internal.health.memory.MemoryManager] Emitting JVM memory status event {Maximum: 1073741824, Committed: 260046848}
09:29:47.755 [DEBUG] [org.gradle.process.internal.health.memory.MemoryManager] Emitting OS memory status event {Total: 16440098816, Free: 12611018752}
09:29:47.755 [DEBUG] [org.gradle.launcher.daemon.server.health.LowMemoryDaemonExpirationStrategy] Received memory status update: {Total: 16440098816, Free: 12611018752}
09:29:47.755 [DEBUG] [org.gradle.process.internal.health.memory.MemoryManager] Emitting JVM memory status event {Maximum: 1073741824, Committed: 260046848}
09:29:51.711 [DEBUG] [org.gradle.launcher.daemon.server.Daemon] DaemonExpirationPeriodicCheck running
09:29:51.711 [DEBUG] [org.gradle.cache.internal.DefaultFileLockManager] Waiting to acquire shared lock on daemon addresses registry.
09:29:51.711 [DEBUG] [org.gradle.cache.internal.DefaultFileLockManager] Lock acquired on daemon addresses registry.
09:29:51.711 [DEBUG] [org.gradle.cache.internal.DefaultFileLockManager] Releasing lock on daemon addresses registry.
09:29:51.711 [DEBUG] [org.gradle.cache.internal.DefaultFileLockManager] Waiting to acquire shared lock on daemon addresses registry.
09:29:51.711 [DEBUG] [org.gradle.cache.internal.DefaultFileLockManager] Lock acquired on daemon addresses registry.
09:29:51.711 [DEBUG] [org.gradle.cache.internal.DefaultFileLockManager] Releasing lock on daemon addresses registry.
09:29:51.711 [DEBUG] [org.gradle.cache.internal.DefaultFileLockManager] Waiting to acquire shared lock on daemon addresses registry.
09:29:51.711 [DEBUG] [org.gradle.cache.internal.DefaultFileLockManager] Lock acquired on daemon addresses registry.
09:29:51.711 [DEBUG] [org.gradle.cache.internal.DefaultFileLockManager] Releasing lock on daemon addresses registry.
09:29:52.754 [DEBUG] [org.gradle.process.internal.health.memory.MemoryManager] Emitting OS memory status event {Total: 16440098816, Free: 12611035136}
09:29:52.754 [DEBUG] [org.gradle.launcher.daemon.server.health.LowMemoryDaemonExpirationStrategy] Received memory status update: {Total: 16440098816, Free: 12611035136}
09:29:52.754 [DEBUG] [org.gradle.process.internal.health.memory.MemoryManager] Emitting JVM memory status event {Maximum: 1073741824, Committed: 260046848}
09:29:57.755 [DEBUG] [org.gradle.process.internal.health.memory.MemoryManager] Emitting OS memory status event {Total: 16440098816, Free: 12610289664}
09:29:57.755 [DEBUG] [org.gradle.launcher.daemon.server.health.LowMemoryDaemonExpirationStrategy] Received memory status update: {Total: 16440098816, Free: 12610289664}
09:29:57.755 [DEBUG] [org.gradle.process.internal.health.memory.MemoryManager] Emitting JVM memory status event {Maximum: 1073741824, Committed: 260046848}
09:30:01.711 [DEBUG] [org.gradle.launcher.daemon.server.Daemon] DaemonExpirationPeriodicCheck running
09:30:01.711 [DEBUG] [org.gradle.cache.internal.DefaultFileLockManager] Waiting to acquire shared lock on daemon addresses registry.
09:30:01.711 [DEBUG] [org.gradle.cache.internal.DefaultFileLockManager] Lock acquired on daemon addresses registry.
09:30:01.711 [DEBUG] [org.gradle.cache.internal.DefaultFileLockManager] Releasing lock on daemon addresses registry.
09:30:01.711 [DEBUG] [org.gradle.cache.internal.DefaultFileLockManager] Waiting to acquire shared lock on daemon addresses registry.
09:30:01.711 [DEBUG] [org.gradle.cache.internal.DefaultFileLockManager] Lock acquired on daemon addresses registry.
09:30:01.711 [DEBUG] [org.gradle.cache.internal.DefaultFileLockManager] Releasing lock on daemon addresses registry.
09:30:01.711 [DEBUG] [org.gradle.cache.internal.DefaultFileLockManager] Waiting to acquire shared lock on daemon addresses registry.
09:30:01.711 [DEBUG] [org.gradle.cache.internal.DefaultFileLockManager] Lock acquired on daemon addresses registry.
09:30:01.711 [DEBUG] [org.gradle.cache.internal.DefaultFileLockManager] Releasing lock on daemon addresses registry.
09:30:02.754 [DEBUG] [org.gradle.process.internal.health.memory.MemoryManager] Emitting OS memory status event {Total: 16440098816, Free: 12609560576}
09:30:02.754 [DEBUG] [org.gradle.launcher.daemon.server.health.LowMemoryDaemonExpirationStrategy] Received memory status update: {Total: 16440098816, Free: 12609560576}
09:30:02.754 [DEBUG] [org.gradle.process.internal.health.memory.MemoryManager] Emitting JVM memory status event {Maximum: 1073741824, Committed: 260046848}
09:30:07.755 [DEBUG] [org.gradle.process.internal.health.memory.MemoryManager] Emitting OS memory status event {Total: 16440098816, Free: 12609093632}
09:30:07.755 [DEBUG] [org.gradle.launcher.daemon.server.health.LowMemoryDaemonExpirationStrategy] Received memory status update: {Total: 16440098816, Free: 12609093632}
09:30:07.755 [DEBUG] [org.gradle.process.internal.health.memory.MemoryManager] Emitting JVM memory status event {Maximum: 1073741824, Committed: 260046848}
09:30:11.711 [DEBUG] [org.gradle.launcher.daemon.server.Daemon] DaemonExpirationPeriodicCheck running
09:30:11.711 [DEBUG] [org.gradle.cache.internal.DefaultFileLockManager] Waiting to acquire shared lock on daemon addresses registry.
09:30:11.711 [DEBUG] [org.gradle.cache.internal.DefaultFileLockManager] Lock acquired on daemon addresses registry.
09:30:11.711 [DEBUG] [org.gradle.cache.internal.DefaultFileLockManager] Releasing lock on daemon addresses registry.
09:30:11.711 [DEBUG] [org.gradle.cache.internal.DefaultFileLockManager] Waiting to acquire shared lock on daemon addresses registry.
09:30:11.711 [DEBUG] [org.gradle.cache.internal.DefaultFileLockManager] Lock acquired on daemon addresses registry.
09:30:11.711 [DEBUG] [org.gradle.cache.internal.DefaultFileLockManager] Releasing lock on daemon addresses registry.
09:30:11.711 [DEBUG] [org.gradle.cache.internal.DefaultFileLockManager] Waiting to acquire shared lock on daemon addresses registry.
09:30:11.711 [DEBUG] [org.gradle.cache.internal.DefaultFileLockManager] Lock acquired on daemon addresses registry.
09:30:11.711 [DEBUG] [org.gradle.cache.internal.DefaultFileLockManager] Releasing lock on daemon addresses registry.
09:30:12.754 [DEBUG] [org.gradle.process.internal.health.memory.MemoryManager] Emitting OS memory status event {Total: 16440098816, Free: 12609101824}
09:30:12.754 [DEBUG] [org.gradle.launcher.daemon.server.health.LowMemoryDaemonExpirationStrategy] Received memory status update: {Total: 16440098816, Free: 12609101824}
09:30:12.754 [DEBUG] [org.gradle.process.internal.health.memory.MemoryManager] Emitting JVM memory status event {Maximum: 1073741824, Committed: 260046848}
09:30:17.755 [DEBUG] [org.gradle.process.internal.health.memory.MemoryManager] Emitting OS memory status event {Total: 16440098816, Free: 12609110016}
09:30:17.755 [DEBUG] [org.gradle.launcher.daemon.server.health.LowMemoryDaemonExpirationStrategy] Received memory status update: {Total: 16440098816, Free: 12609110016}
09:30:17.755 [DEBUG] [org.gradle.process.internal.health.memory.MemoryManager] Emitting JVM memory status event {Maximum: 1073741824, Committed: 260046848}
09:30:21.711 [DEBUG] [org.gradle.launcher.daemon.server.Daemon] DaemonExpirationPeriodicCheck running
09:30:21.711 [DEBUG] [org.gradle.cache.internal.DefaultFileLockManager] Waiting to acquire shared lock on daemon addresses registry.
09:30:21.711 [DEBUG] [org.gradle.cache.internal.DefaultFileLockManager] Lock acquired on daemon addresses registry.
09:30:21.711 [DEBUG] [org.gradle.cache.internal.DefaultFileLockManager] Releasing lock on daemon addresses registry.
09:30:21.711 [DEBUG] [org.gradle.cache.internal.DefaultFileLockManager] Waiting to acquire shared lock on daemon addresses registry.
09:30:21.711 [DEBUG] [org.gradle.cache.internal.DefaultFileLockManager] Lock acquired on daemon addresses registry.
09:30:21.711 [DEBUG] [org.gradle.cache.internal.DefaultFileLockManager] Releasing lock on daemon addresses registry.
09:30:21.711 [DEBUG] [org.gradle.cache.internal.DefaultFileLockManager] Waiting to acquire shared lock on daemon addresses registry.
09:30:21.711 [DEBUG] [org.gradle.cache.internal.DefaultFileLockManager] Lock acquired on daemon addresses registry.
09:30:21.711 [DEBUG] [org.gradle.cache.internal.DefaultFileLockManager] Releasing lock on daemon addresses registry.
09:30:22.754 [DEBUG] [org.gradle.process.internal.health.memory.MemoryManager] Emitting OS memory status event {Total: 16440098816, Free: 12609134592}
09:30:22.754 [DEBUG] [org.gradle.launcher.daemon.server.health.LowMemoryDaemonExpirationStrategy] Received memory status update: {Total: 16440098816, Free: 12609134592}
09:30:22.754 [DEBUG] [org.gradle.process.internal.health.memory.MemoryManager] Emitting JVM memory status event {Maximum: 1073741824, Committed: 260046848}
09:30:27.755 [DEBUG] [org.gradle.process.internal.health.memory.MemoryManager] Emitting OS memory status event {Total: 16440098816, Free: 12609142784}
09:30:27.755 [DEBUG] [org.gradle.launcher.daemon.server.health.LowMemoryDaemonExpirationStrategy] Received memory status update: {Total: 16440098816, Free: 12609142784}
09:30:27.755 [DEBUG] [org.gradle.process.internal.health.memory.MemoryManager] Emitting JVM memory status event {Maximum: 1073741824, Committed: 260046848}
09:30:31.711 [DEBUG] [org.gradle.launcher.daemon.server.Daemon] DaemonExpirationPeriodicCheck running
09:30:31.711 [DEBUG] [org.gradle.cache.internal.DefaultFileLockManager] Waiting to acquire shared lock on daemon addresses registry.
09:30:31.711 [DEBUG] [org.gradle.cache.internal.DefaultFileLockManager] Lock acquired on daemon addresses registry.
09:30:31.711 [DEBUG] [org.gradle.cache.internal.DefaultFileLockManager] Releasing lock on daemon addresses registry.
09:30:31.711 [DEBUG] [org.gradle.cache.internal.DefaultFileLockManager] Waiting to acquire shared lock on daemon addresses registry.
09:30:31.711 [DEBUG] [org.gradle.cache.internal.DefaultFileLockManager] Lock acquired on daemon addresses registry.
09:30:31.711 [DEBUG] [org.gradle.cache.internal.DefaultFileLockManager] Releasing lock on daemon addresses registry.
09:30:31.711 [DEBUG] [org.gradle.cache.internal.DefaultFileLockManager] Waiting to acquire shared lock on daemon addresses registry.
09:30:31.711 [DEBUG] [org.gradle.cache.internal.DefaultFileLockManager] Lock acquired on daemon addresses registry.
09:30:31.711 [DEBUG] [org.gradle.cache.internal.DefaultFileLockManager] Releasing lock on daemon addresses registry.
09:30:32.754 [DEBUG] [org.gradle.process.internal.health.memory.MemoryManager] Emitting OS memory status event {Total: 16440098816, Free: 12609044480}
09:30:32.754 [DEBUG] [org.gradle.launcher.daemon.server.health.LowMemoryDaemonExpirationStrategy] Received memory status update: {Total: 16440098816, Free: 12609044480}
09:30:32.754 [DEBUG] [org.gradle.process.internal.health.memory.MemoryManager] Emitting JVM memory status event {Maximum: 1073741824, Committed: 260046848}
09:30:37.755 [DEBUG] [org.gradle.process.internal.health.memory.MemoryManager] Emitting OS memory status event {Total: 16440098816, Free: 12609413120}
09:30:37.755 [DEBUG] [org.gradle.launcher.daemon.server.health.LowMemoryDaemonExpirationStrategy] Received memory status update: {Total: 16440098816, Free: 12609413120}
09:30:37.755 [DEBUG] [org.gradle.process.internal.health.memory.MemoryManager] Emitting JVM memory status event {Maximum: 1073741824, Committed: 260046848}
09:30:41.711 [DEBUG] [org.gradle.launcher.daemon.server.Daemon] DaemonExpirationPeriodicCheck running
09:30:41.711 [DEBUG] [org.gradle.cache.internal.DefaultFileLockManager] Waiting to acquire shared lock on daemon addresses registry.
09:30:41.711 [DEBUG] [org.gradle.cache.internal.DefaultFileLockManager] Lock acquired on daemon addresses registry.
09:30:41.711 [DEBUG] [org.gradle.cache.internal.DefaultFileLockManager] Releasing lock on daemon addresses registry.
09:30:41.711 [DEBUG] [org.gradle.cache.internal.DefaultFileLockManager] Waiting to acquire shared lock on daemon addresses registry.
09:30:41.711 [DEBUG] [org.gradle.cache.internal.DefaultFileLockManager] Lock acquired on daemon addresses registry.
09:30:41.711 [DEBUG] [org.gradle.cache.internal.DefaultFileLockManager] Releasing lock on daemon addresses registry.
09:30:41.711 [DEBUG] [org.gradle.cache.internal.DefaultFileLockManager] Waiting to acquire shared lock on daemon addresses registry.
09:30:41.711 [DEBUG] [org.gradle.cache.internal.DefaultFileLockManager] Lock acquired on daemon addresses registry.
09:30:41.711 [DEBUG] [org.gradle.cache.internal.DefaultFileLockManager] Releasing lock on daemon addresses registry.
09:30:42.754 [DEBUG] [org.gradle.process.internal.health.memory.MemoryManager] Emitting OS memory status event {Total: 16440098816, Free: 12609167360}
09:30:42.754 [DEBUG] [org.gradle.launcher.daemon.server.health.LowMemoryDaemonExpirationStrategy] Received memory status update: {Total: 16440098816, Free: 12609167360}
09:30:42.754 [DEBUG] [org.gradle.process.internal.health.memory.MemoryManager] Emitting JVM memory status event {Maximum: 1073741824, Committed: 260046848}
09:30:47.755 [DEBUG] [org.gradle.process.internal.health.memory.MemoryManager] Emitting OS memory status event {Total: 16440098816, Free: 12609191936}
09:30:47.755 [DEBUG] [org.gradle.launcher.daemon.server.health.LowMemoryDaemonExpirationStrategy] Received memory status update: {Total: 16440098816, Free: 12609191936}
09:30:47.755 [DEBUG] [org.gradle.process.internal.health.memory.MemoryManager] Emitting JVM memory status event {Maximum: 1073741824, Committed: 260046848}
09:30:51.711 [DEBUG] [org.gradle.launcher.daemon.server.Daemon] DaemonExpirationPeriodicCheck running
09:30:51.711 [DEBUG] [org.gradle.cache.internal.DefaultFileLockManager] Waiting to acquire shared lock on daemon addresses registry.
09:30:51.711 [DEBUG] [org.gradle.cache.internal.DefaultFileLockManager] Lock acquired on daemon addresses registry.
09:30:51.711 [DEBUG] [org.gradle.cache.internal.DefaultFileLockManager] Releasing lock on daemon addresses registry.
09:30:51.711 [DEBUG] [org.gradle.cache.internal.DefaultFileLockManager] Waiting to acquire shared lock on daemon addresses registry.
09:30:51.711 [DEBUG] [org.gradle.cache.internal.DefaultFileLockManager] Lock acquired on daemon addresses registry.
09:30:51.711 [DEBUG] [org.gradle.cache.internal.DefaultFileLockManager] Releasing lock on daemon addresses registry.
09:30:51.711 [DEBUG] [org.gradle.cache.internal.DefaultFileLockManager] Waiting to acquire shared lock on daemon addresses registry.
09:30:51.711 [DEBUG] [org.gradle.cache.internal.DefaultFileLockManager] Lock acquired on daemon addresses registry.
09:30:51.711 [DEBUG] [org.gradle.cache.internal.DefaultFileLockManager] Releasing lock on daemon addresses registry.
09:30:52.754 [DEBUG] [org.gradle.process.internal.health.memory.MemoryManager] Emitting OS memory status event {Total: 16440098816, Free: 12609208320}
09:30:52.754 [DEBUG] [org.gradle.launcher.daemon.server.health.LowMemoryDaemonExpirationStrategy] Received memory status update: {Total: 16440098816, Free: 12609208320}
09:30:52.755 [DEBUG] [org.gradle.process.internal.health.memory.MemoryManager] Emitting JVM memory status event {Maximum: 1073741824, Committed: 260046848}
09:30:57.755 [DEBUG] [org.gradle.process.internal.health.memory.MemoryManager] Emitting OS memory status event {Total: 16440098816, Free: 12609216512}
09:30:57.755 [DEBUG] [org.gradle.launcher.daemon.server.health.LowMemoryDaemonExpirationStrategy] Received memory status update: {Total: 16440098816, Free: 12609216512}
09:30:57.755 [DEBUG] [org.gradle.process.internal.health.memory.MemoryManager] Emitting JVM memory status event {Maximum: 1073741824, Committed: 260046848}
09:31:01.711 [DEBUG] [org.gradle.launcher.daemon.server.Daemon] DaemonExpirationPeriodicCheck running
09:31:01.711 [DEBUG] [org.gradle.cache.internal.DefaultFileLockManager] Waiting to acquire shared lock on daemon addresses registry.
09:31:01.711 [DEBUG] [org.gradle.cache.internal.DefaultFileLockManager] Lock acquired on daemon addresses registry.
09:31:01.711 [DEBUG] [org.gradle.cache.internal.DefaultFileLockManager] Releasing lock on daemon addresses registry.
09:31:01.711 [DEBUG] [org.gradle.cache.internal.DefaultFileLockManager] Waiting to acquire shared lock on daemon addresses registry.
09:31:01.711 [DEBUG] [org.gradle.cache.internal.DefaultFileLockManager] Lock acquired on daemon addresses registry.
09:31:01.711 [DEBUG] [org.gradle.cache.internal.DefaultFileLockManager] Releasing lock on daemon addresses registry.
09:31:01.711 [DEBUG] [org.gradle.cache.internal.DefaultFileLockManager] Waiting to acquire shared lock on daemon addresses registry.
09:31:01.711 [DEBUG] [org.gradle.cache.internal.DefaultFileLockManager] Lock acquired on daemon addresses registry.
09:31:01.711 [DEBUG] [org.gradle.cache.internal.DefaultFileLockManager] Releasing lock on daemon addresses registry.
09:31:02.754 [DEBUG] [org.gradle.process.internal.health.memory.MemoryManager] Emitting OS memory status event {Total: 16440098816, Free: 12608983040}
09:31:02.754 [DEBUG] [org.gradle.launcher.daemon.server.health.LowMemoryDaemonExpirationStrategy] Received memory status update: {Total: 16440098816, Free: 12608983040}
09:31:02.754 [DEBUG] [org.gradle.process.internal.health.memory.MemoryManager] Emitting JVM memory status event {Maximum: 1073741824, Committed: 260046848}
09:31:07.755 [DEBUG] [org.gradle.process.internal.health.memory.MemoryManager] Emitting OS memory status event {Total: 16440098816, Free: 12608983040}
09:31:07.755 [DEBUG] [org.gradle.launcher.daemon.server.health.LowMemoryDaemonExpirationStrategy] Received memory status update: {Total: 16440098816, Free: 12608983040}
09:31:07.755 [DEBUG] [org.gradle.process.internal.health.memory.MemoryManager] Emitting JVM memory status event {Maximum: 1073741824, Committed: 260046848}
09:31:11.711 [DEBUG] [org.gradle.launcher.daemon.server.Daemon] DaemonExpirationPeriodicCheck running
09:31:11.711 [DEBUG] [org.gradle.cache.internal.DefaultFileLockManager] Waiting to acquire shared lock on daemon addresses registry.
09:31:11.711 [DEBUG] [org.gradle.cache.internal.DefaultFileLockManager] Lock acquired on daemon addresses registry.
09:31:11.711 [DEBUG] [org.gradle.cache.internal.DefaultFileLockManager] Releasing lock on daemon addresses registry.
09:31:11.711 [DEBUG] [org.gradle.cache.internal.DefaultFileLockManager] Waiting to acquire shared lock on daemon addresses registry.
09:31:11.711 [DEBUG] [org.gradle.cache.internal.DefaultFileLockManager] Lock acquired on daemon addresses registry.
09:31:11.711 [DEBUG] [org.gradle.cache.internal.DefaultFileLockManager] Releasing lock on daemon addresses registry.
09:31:11.711 [DEBUG] [org.gradle.cache.internal.DefaultFileLockManager] Waiting to acquire shared lock on daemon addresses registry.
09:31:11.711 [DEBUG] [org.gradle.cache.internal.DefaultFileLockManager] Lock acquired on daemon addresses registry.
09:31:11.711 [DEBUG] [org.gradle.cache.internal.DefaultFileLockManager] Releasing lock on daemon addresses registry.
09:31:12.754 [DEBUG] [org.gradle.process.internal.health.memory.MemoryManager] Emitting OS memory status event {Total: 16440098816, Free: 12608999424}
09:31:12.754 [DEBUG] [org.gradle.launcher.daemon.server.health.LowMemoryDaemonExpirationStrategy] Received memory status update: {Total: 16440098816, Free: 12608999424}
09:31:12.754 [DEBUG] [org.gradle.process.internal.health.memory.MemoryManager] Emitting JVM memory status event {Maximum: 1073741824, Committed: 260046848}
09:31:17.755 [DEBUG] [org.gradle.process.internal.health.memory.MemoryManager] Emitting OS memory status event {Total: 16440098816, Free: 12609007616}
09:31:17.755 [DEBUG] [org.gradle.launcher.daemon.server.health.LowMemoryDaemonExpirationStrategy] Received memory status update: {Total: 16440098816, Free: 12609007616}
09:31:17.755 [DEBUG] [org.gradle.process.internal.health.memory.MemoryManager] Emitting JVM memory status event {Maximum: 1073741824, Committed: 260046848}
09:31:21.711 [DEBUG] [org.gradle.launcher.daemon.server.Daemon] DaemonExpirationPeriodicCheck running
09:31:21.711 [DEBUG] [org.gradle.cache.internal.DefaultFileLockManager] Waiting to acquire shared lock on daemon addresses registry.
09:31:21.711 [DEBUG] [org.gradle.cache.internal.DefaultFileLockManager] Lock acquired on daemon addresses registry.
09:31:21.711 [DEBUG] [org.gradle.cache.internal.DefaultFileLockManager] Releasing lock on daemon addresses registry.
09:31:21.711 [DEBUG] [org.gradle.cache.internal.DefaultFileLockManager] Waiting to acquire shared lock on daemon addresses registry.
09:31:21.711 [DEBUG] [org.gradle.cache.internal.DefaultFileLockManager] Lock acquired on daemon addresses registry.
09:31:21.711 [DEBUG] [org.gradle.cache.internal.DefaultFileLockManager] Releasing lock on daemon addresses registry.
09:31:21.711 [DEBUG] [org.gradle.cache.internal.DefaultFileLockManager] Waiting to acquire shared lock on daemon addresses registry.
09:31:21.711 [DEBUG] [org.gradle.cache.internal.DefaultFileLockManager] Lock acquired on daemon addresses registry.
09:31:21.711 [DEBUG] [org.gradle.cache.internal.DefaultFileLockManager] Releasing lock on daemon addresses registry.
09:31:22.754 [DEBUG] [org.gradle.process.internal.health.memory.MemoryManager] Emitting OS memory status event {Total: 16440098816, Free: 12609019904}
09:31:22.754 [DEBUG] [org.gradle.launcher.daemon.server.health.LowMemoryDaemonExpirationStrategy] Received memory status update: {Total: 16440098816, Free: 12609019904}
09:31:22.754 [DEBUG] [org.gradle.process.internal.health.memory.MemoryManager] Emitting JVM memory status event {Maximum: 1073741824, Committed: 260046848}
09:31:27.755 [DEBUG] [org.gradle.process.internal.health.memory.MemoryManager] Emitting OS memory status event {Total: 16440098816, Free: 12609052672}
09:31:27.755 [DEBUG] [org.gradle.launcher.daemon.server.health.LowMemoryDaemonExpirationStrategy] Received memory status update: {Total: 16440098816, Free: 12609052672}
09:31:27.755 [DEBUG] [org.gradle.process.internal.health.memory.MemoryManager] Emitting JVM memory status event {Maximum: 1073741824, Committed: 260046848}
09:31:31.711 [DEBUG] [org.gradle.launcher.daemon.server.Daemon] DaemonExpirationPeriodicCheck running
09:31:31.711 [DEBUG] [org.gradle.cache.internal.DefaultFileLockManager] Waiting to acquire shared lock on daemon addresses registry.
09:31:31.711 [DEBUG] [org.gradle.cache.internal.DefaultFileLockManager] Lock acquired on daemon addresses registry.
09:31:31.711 [DEBUG] [org.gradle.cache.internal.DefaultFileLockManager] Releasing lock on daemon addresses registry.
09:31:31.711 [DEBUG] [org.gradle.cache.internal.DefaultFileLockManager] Waiting to acquire shared lock on daemon addresses registry.
09:31:31.711 [DEBUG] [org.gradle.cache.internal.DefaultFileLockManager] Lock acquired on daemon addresses registry.
09:31:31.711 [DEBUG] [org.gradle.cache.internal.DefaultFileLockManager] Releasing lock on daemon addresses registry.
09:31:31.711 [DEBUG] [org.gradle.cache.internal.DefaultFileLockManager] Waiting to acquire shared lock on daemon addresses registry.
09:31:31.711 [DEBUG] [org.gradle.cache.internal.DefaultFileLockManager] Lock acquired on daemon addresses registry.
09:31:31.711 [DEBUG] [org.gradle.cache.internal.DefaultFileLockManager] Releasing lock on daemon addresses registry.
09:31:32.754 [DEBUG] [org.gradle.process.internal.health.memory.MemoryManager] Emitting OS memory status event {Total: 16440098816, Free: 12608802816}
09:31:32.754 [DEBUG] [org.gradle.launcher.daemon.server.health.LowMemoryDaemonExpirationStrategy] Received memory status update: {Total: 16440098816, Free: 12608802816}
09:31:32.754 [DEBUG] [org.gradle.process.internal.health.memory.MemoryManager] Emitting JVM memory status event {Maximum: 1073741824, Committed: 260046848}
09:31:37.755 [DEBUG] [org.gradle.process.internal.health.memory.MemoryManager] Emitting OS memory status event {Total: 16440098816, Free: 12608057344}
09:31:37.755 [DEBUG] [org.gradle.launcher.daemon.server.health.LowMemoryDaemonExpirationStrategy] Received memory status update: {Total: 16440098816, Free: 12608057344}
09:31:37.755 [DEBUG] [org.gradle.process.internal.health.memory.MemoryManager] Emitting JVM memory status event {Maximum: 1073741824, Committed: 260046848}
09:31:41.711 [DEBUG] [org.gradle.launcher.daemon.server.Daemon] DaemonExpirationPeriodicCheck running
09:31:41.711 [DEBUG] [org.gradle.cache.internal.DefaultFileLockManager] Waiting to acquire shared lock on daemon addresses registry.
09:31:41.711 [DEBUG] [org.gradle.cache.internal.DefaultFileLockManager] Lock acquired on daemon addresses registry.
09:31:41.711 [DEBUG] [org.gradle.cache.internal.DefaultFileLockManager] Releasing lock on daemon addresses registry.
09:31:41.711 [DEBUG] [org.gradle.cache.internal.DefaultFileLockManager] Waiting to acquire shared lock on daemon addresses registry.
09:31:41.711 [DEBUG] [org.gradle.cache.internal.DefaultFileLockManager] Lock acquired on daemon addresses registry.
09:31:41.711 [DEBUG] [org.gradle.cache.internal.DefaultFileLockManager] Releasing lock on daemon addresses registry.
09:31:41.711 [DEBUG] [org.gradle.cache.internal.DefaultFileLockManager] Waiting to acquire shared lock on daemon addresses registry.
09:31:41.711 [DEBUG] [org.gradle.cache.internal.DefaultFileLockManager] Lock acquired on daemon addresses registry.
09:31:41.711 [DEBUG] [org.gradle.cache.internal.DefaultFileLockManager] Releasing lock on daemon addresses registry.
09:31:42.754 [DEBUG] [org.gradle.process.internal.health.memory.MemoryManager] Emitting OS memory status event {Total: 16440098816, Free: 12607823872}
09:31:42.754 [DEBUG] [org.gradle.launcher.daemon.server.health.LowMemoryDaemonExpirationStrategy] Received memory status update: {Total: 16440098816, Free: 12607823872}
09:31:42.754 [DEBUG] [org.gradle.process.internal.health.memory.MemoryManager] Emitting JVM memory status event {Maximum: 1073741824, Committed: 260046848}
09:31:47.755 [DEBUG] [org.gradle.process.internal.health.memory.MemoryManager] Emitting OS memory status event {Total: 16440098816, Free: 12607066112}
09:31:47.755 [DEBUG] [org.gradle.launcher.daemon.server.health.LowMemoryDaemonExpirationStrategy] Received memory status update: {Total: 16440098816, Free: 12607066112}
09:31:47.755 [DEBUG] [org.gradle.process.internal.health.memory.MemoryManager] Emitting JVM memory status event {Maximum: 1073741824, Committed: 260046848}
09:31:51.711 [DEBUG] [org.gradle.launcher.daemon.server.Daemon] DaemonExpirationPeriodicCheck running
09:31:51.711 [DEBUG] [org.gradle.cache.internal.DefaultFileLockManager] Waiting to acquire shared lock on daemon addresses registry.
09:31:51.711 [DEBUG] [org.gradle.cache.internal.DefaultFileLockManager] Lock acquired on daemon addresses registry.
09:31:51.711 [DEBUG] [org.gradle.cache.internal.DefaultFileLockManager] Releasing lock on daemon addresses registry.
09:31:51.711 [DEBUG] [org.gradle.cache.internal.DefaultFileLockManager] Waiting to acquire shared lock on daemon addresses registry.
09:31:51.711 [DEBUG] [org.gradle.cache.internal.DefaultFileLockManager] Lock acquired on daemon addresses registry.
09:31:51.711 [DEBUG] [org.gradle.cache.internal.DefaultFileLockManager] Releasing lock on daemon addresses registry.
09:31:51.711 [DEBUG] [org.gradle.cache.internal.DefaultFileLockManager] Waiting to acquire shared lock on daemon addresses registry.
09:31:51.711 [DEBUG] [org.gradle.cache.internal.DefaultFileLockManager] Lock acquired on daemon addresses registry.
09:31:51.711 [DEBUG] [org.gradle.cache.internal.DefaultFileLockManager] Releasing lock on daemon addresses registry.
09:31:52.755 [DEBUG] [org.gradle.process.internal.health.memory.MemoryManager] Emitting OS memory status event {Total: 16440098816, Free: 12607098880}
09:31:52.755 [DEBUG] [org.gradle.launcher.daemon.server.health.LowMemoryDaemonExpirationStrategy] Received memory status update: {Total: 16440098816, Free: 12607098880}
09:31:52.755 [DEBUG] [org.gradle.process.internal.health.memory.MemoryManager] Emitting JVM memory status event {Maximum: 1073741824, Committed: 260046848}
09:31:57.755 [DEBUG] [org.gradle.process.internal.health.memory.MemoryManager] Emitting OS memory status event {Total: 16440098816, Free: 12626472960}
09:31:57.755 [DEBUG] [org.gradle.launcher.daemon.server.health.LowMemoryDaemonExpirationStrategy] Received memory status update: {Total: 16440098816, Free: 12626472960}
09:31:57.755 [DEBUG] [org.gradle.process.internal.health.memory.MemoryManager] Emitting JVM memory status event {Maximum: 1073741824, Committed: 260046848}
09:32:01.711 [DEBUG] [org.gradle.launcher.daemon.server.Daemon] DaemonExpirationPeriodicCheck running
09:32:01.711 [DEBUG] [org.gradle.cache.internal.DefaultFileLockManager] Waiting to acquire shared lock on daemon addresses registry.
09:32:01.711 [DEBUG] [org.gradle.cache.internal.DefaultFileLockManager] Lock acquired on daemon addresses registry.
09:32:01.711 [DEBUG] [org.gradle.cache.internal.DefaultFileLockManager] Releasing lock on daemon addresses registry.
09:32:01.711 [DEBUG] [org.gradle.cache.internal.DefaultFileLockManager] Waiting to acquire shared lock on daemon addresses registry.
09:32:01.711 [DEBUG] [org.gradle.cache.internal.DefaultFileLockManager] Lock acquired on daemon addresses registry.
09:32:01.711 [DEBUG] [org.gradle.cache.internal.DefaultFileLockManager] Releasing lock on daemon addresses registry.
09:32:01.711 [DEBUG] [org.gradle.cache.internal.DefaultFileLockManager] Waiting to acquire shared lock on daemon addresses registry.
09:32:01.711 [DEBUG] [org.gradle.cache.internal.DefaultFileLockManager] Lock acquired on daemon addresses registry.
09:32:01.711 [DEBUG] [org.gradle.cache.internal.DefaultFileLockManager] Releasing lock on daemon addresses registry.
09:32:02.754 [DEBUG] [org.gradle.process.internal.health.memory.MemoryManager] Emitting OS memory status event {Total: 16440098816, Free: 12657631232}
09:32:02.755 [DEBUG] [org.gradle.launcher.daemon.server.health.LowMemoryDaemonExpirationStrategy] Received memory status update: {Total: 16440098816, Free: 12657631232}
09:32:02.755 [DEBUG] [org.gradle.process.internal.health.memory.MemoryManager] Emitting JVM memory status event {Maximum: 1073741824, Committed: 260046848}
09:32:07.755 [DEBUG] [org.gradle.process.internal.health.memory.MemoryManager] Emitting OS memory status event {Total: 16440098816, Free: 12665892864}
09:32:07.755 [DEBUG] [org.gradle.launcher.daemon.server.health.LowMemoryDaemonExpirationStrategy] Received memory status update: {Total: 16440098816, Free: 12665892864}
09:32:07.755 [DEBUG] [org.gradle.process.internal.health.memory.MemoryManager] Emitting JVM memory status event {Maximum: 1073741824, Committed: 260046848}
09:32:11.711 [DEBUG] [org.gradle.launcher.daemon.server.Daemon] DaemonExpirationPeriodicCheck running
09:32:11.711 [DEBUG] [org.gradle.cache.internal.DefaultFileLockManager] Waiting to acquire shared lock on daemon addresses registry.
09:32:11.711 [DEBUG] [org.gradle.cache.internal.DefaultFileLockManager] Lock acquired on daemon addresses registry.
09:32:11.711 [DEBUG] [org.gradle.cache.internal.DefaultFileLockManager] Releasing lock on daemon addresses registry.
09:32:11.711 [DEBUG] [org.gradle.cache.internal.DefaultFileLockManager] Waiting to acquire shared lock on daemon addresses registry.
09:32:11.711 [DEBUG] [org.gradle.cache.internal.DefaultFileLockManager] Lock acquired on daemon addresses registry.
09:32:11.711 [DEBUG] [org.gradle.cache.internal.DefaultFileLockManager] Releasing lock on daemon addresses registry.
09:32:11.711 [DEBUG] [org.gradle.cache.internal.DefaultFileLockManager] Waiting to acquire shared lock on daemon addresses registry.
09:32:11.711 [DEBUG] [org.gradle.cache.internal.DefaultFileLockManager] Lock acquired on daemon addresses registry.
09:32:11.711 [DEBUG] [org.gradle.cache.internal.DefaultFileLockManager] Releasing lock on daemon addresses registry.
09:32:12.754 [DEBUG] [org.gradle.process.internal.health.memory.MemoryManager] Emitting OS memory status event {Total: 16440098816, Free: 12664020992}
09:32:12.754 [DEBUG] [org.gradle.launcher.daemon.server.health.LowMemoryDaemonExpirationStrategy] Received memory status update: {Total: 16440098816, Free: 12664020992}
09:32:12.754 [DEBUG] [org.gradle.process.internal.health.memory.MemoryManager] Emitting JVM memory status event {Maximum: 1073741824, Committed: 260046848}
09:32:17.755 [DEBUG] [org.gradle.process.internal.health.memory.MemoryManager] Emitting OS memory status event {Total: 16440098816, Free: 12587061248}
09:32:17.755 [DEBUG] [org.gradle.launcher.daemon.server.health.LowMemoryDaemonExpirationStrategy] Received memory status update: {Total: 16440098816, Free: 12587061248}
09:32:17.755 [DEBUG] [org.gradle.process.internal.health.memory.MemoryManager] Emitting JVM memory status event {Maximum: 1073741824, Committed: 260046848}
09:32:21.711 [DEBUG] [org.gradle.launcher.daemon.server.Daemon] DaemonExpirationPeriodicCheck running
09:32:21.711 [DEBUG] [org.gradle.cache.internal.DefaultFileLockManager] Waiting to acquire shared lock on daemon addresses registry.
09:32:21.711 [DEBUG] [org.gradle.cache.internal.DefaultFileLockManager] Lock acquired on daemon addresses registry.
09:32:21.711 [DEBUG] [org.gradle.cache.internal.DefaultFileLockManager] Releasing lock on daemon addresses registry.
09:32:21.711 [DEBUG] [org.gradle.cache.internal.DefaultFileLockManager] Waiting to acquire shared lock on daemon addresses registry.
09:32:21.711 [DEBUG] [org.gradle.cache.internal.DefaultFileLockManager] Lock acquired on daemon addresses registry.
09:32:21.711 [DEBUG] [org.gradle.cache.internal.DefaultFileLockManager] Releasing lock on daemon addresses registry.
09:32:21.711 [DEBUG] [org.gradle.cache.internal.DefaultFileLockManager] Waiting to acquire shared lock on daemon addresses registry.
09:32:21.711 [DEBUG] [org.gradle.cache.internal.DefaultFileLockManager] Lock acquired on daemon addresses registry.
09:32:21.711 [DEBUG] [org.gradle.cache.internal.DefaultFileLockManager] Releasing lock on daemon addresses registry.
09:32:22.754 [DEBUG] [org.gradle.process.internal.health.memory.MemoryManager] Emitting OS memory status event {Total: 16440098816, Free: 12491460608}
09:32:22.755 [DEBUG] [org.gradle.launcher.daemon.server.health.LowMemoryDaemonExpirationStrategy] Received memory status update: {Total: 16440098816, Free: 12491460608}
09:32:22.755 [DEBUG] [org.gradle.process.internal.health.memory.MemoryManager] Emitting JVM memory status event {Maximum: 1073741824, Committed: 260046848}
09:32:27.755 [DEBUG] [org.gradle.process.internal.health.memory.MemoryManager] Emitting OS memory status event {Total: 16440098816, Free: 12516712448}
09:32:27.755 [DEBUG] [org.gradle.launcher.daemon.server.health.LowMemoryDaemonExpirationStrategy] Received memory status update: {Total: 16440098816, Free: 12516712448}
09:32:27.755 [DEBUG] [org.gradle.process.internal.health.memory.MemoryManager] Emitting JVM memory status event {Maximum: 1073741824, Committed: 260046848}
09:32:31.711 [DEBUG] [org.gradle.launcher.daemon.server.Daemon] DaemonExpirationPeriodicCheck running
09:32:31.711 [DEBUG] [org.gradle.cache.internal.DefaultFileLockManager] Waiting to acquire shared lock on daemon addresses registry.
09:32:31.711 [DEBUG] [org.gradle.cache.internal.DefaultFileLockManager] Lock acquired on daemon addresses registry.
09:32:31.711 [DEBUG] [org.gradle.cache.internal.DefaultFileLockManager] Releasing lock on daemon addresses registry.
09:32:31.711 [DEBUG] [org.gradle.cache.internal.DefaultFileLockManager] Waiting to acquire shared lock on daemon addresses registry.
09:32:31.711 [DEBUG] [org.gradle.cache.internal.DefaultFileLockManager] Lock acquired on daemon addresses registry.
09:32:31.711 [DEBUG] [org.gradle.cache.internal.DefaultFileLockManager] Releasing lock on daemon addresses registry.
09:32:31.711 [DEBUG] [org.gradle.cache.internal.DefaultFileLockManager] Waiting to acquire shared lock on daemon addresses registry.
09:32:31.711 [DEBUG] [org.gradle.cache.internal.DefaultFileLockManager] Lock acquired on daemon addresses registry.
09:32:31.711 [DEBUG] [org.gradle.cache.internal.DefaultFileLockManager] Releasing lock on daemon addresses registry.
09:32:32.754 [DEBUG] [org.gradle.process.internal.health.memory.MemoryManager] Emitting OS memory status event {Total: 16440098816, Free: 12492922880}
09:32:32.754 [DEBUG] [org.gradle.launcher.daemon.server.health.LowMemoryDaemonExpirationStrategy] Received memory status update: {Total: 16440098816, Free: 12492922880}
09:32:32.754 [DEBUG] [org.gradle.process.internal.health.memory.MemoryManager] Emitting JVM memory status event {Maximum: 1073741824, Committed: 260046848}
09:32:37.755 [DEBUG] [org.gradle.process.internal.health.memory.MemoryManager] Emitting OS memory status event {Total: 16440098816, Free: 12462018560}
09:32:37.755 [DEBUG] [org.gradle.launcher.daemon.server.health.LowMemoryDaemonExpirationStrategy] Received memory status update: {Total: 16440098816, Free: 12462018560}
09:32:37.755 [DEBUG] [org.gradle.process.internal.health.memory.MemoryManager] Emitting JVM memory status event {Maximum: 1073741824, Committed: 260046848}
09:32:41.711 [DEBUG] [org.gradle.launcher.daemon.server.Daemon] DaemonExpirationPeriodicCheck running
09:32:41.711 [DEBUG] [org.gradle.cache.internal.DefaultFileLockManager] Waiting to acquire shared lock on daemon addresses registry.
09:32:41.711 [DEBUG] [org.gradle.cache.internal.DefaultFileLockManager] Lock acquired on daemon addresses registry.
09:32:41.711 [DEBUG] [org.gradle.cache.internal.DefaultFileLockManager] Releasing lock on daemon addresses registry.
09:32:41.711 [DEBUG] [org.gradle.cache.internal.DefaultFileLockManager] Waiting to acquire shared lock on daemon addresses registry.
09:32:41.711 [DEBUG] [org.gradle.cache.internal.DefaultFileLockManager] Lock acquired on daemon addresses registry.
09:32:41.711 [DEBUG] [org.gradle.cache.internal.DefaultFileLockManager] Releasing lock on daemon addresses registry.
09:32:41.711 [DEBUG] [org.gradle.cache.internal.DefaultFileLockManager] Waiting to acquire shared lock on daemon addresses registry.
09:32:41.711 [DEBUG] [org.gradle.cache.internal.DefaultFileLockManager] Lock acquired on daemon addresses registry.
09:32:41.711 [DEBUG] [org.gradle.cache.internal.DefaultFileLockManager] Releasing lock on daemon addresses registry.
09:32:42.754 [DEBUG] [org.gradle.process.internal.health.memory.MemoryManager] Emitting OS memory status event {Total: 16440098816, Free: 12507836416}
09:32:42.754 [DEBUG] [org.gradle.launcher.daemon.server.health.LowMemoryDaemonExpirationStrategy] Received memory status update: {Total: 16440098816, Free: 12507836416}
09:32:42.754 [DEBUG] [org.gradle.process.internal.health.memory.MemoryManager] Emitting JVM memory status event {Maximum: 1073741824, Committed: 260046848}
09:32:47.755 [DEBUG] [org.gradle.process.internal.health.memory.MemoryManager] Emitting OS memory status event {Total: 16440098816, Free: 12542496768}
09:32:47.755 [DEBUG] [org.gradle.launcher.daemon.server.health.LowMemoryDaemonExpirationStrategy] Received memory status update: {Total: 16440098816, Free: 12542496768}
09:32:47.755 [DEBUG] [org.gradle.process.internal.health.memory.MemoryManager] Emitting JVM memory status event {Maximum: 1073741824, Committed: 260046848}
09:32:51.711 [DEBUG] [org.gradle.launcher.daemon.server.Daemon] DaemonExpirationPeriodicCheck running
09:32:51.711 [DEBUG] [org.gradle.cache.internal.DefaultFileLockManager] Waiting to acquire shared lock on daemon addresses registry.
09:32:51.711 [DEBUG] [org.gradle.cache.internal.DefaultFileLockManager] Lock acquired on daemon addresses registry.
09:32:51.711 [DEBUG] [org.gradle.cache.internal.DefaultFileLockManager] Releasing lock on daemon addresses registry.
09:32:51.711 [DEBUG] [org.gradle.cache.internal.DefaultFileLockManager] Waiting to acquire shared lock on daemon addresses registry.
09:32:51.711 [DEBUG] [org.gradle.cache.internal.DefaultFileLockManager] Lock acquired on daemon addresses registry.
09:32:51.711 [DEBUG] [org.gradle.cache.internal.DefaultFileLockManager] Releasing lock on daemon addresses registry.
09:32:51.711 [DEBUG] [org.gradle.cache.internal.DefaultFileLockManager] Waiting to acquire shared lock on daemon addresses registry.
09:32:51.711 [DEBUG] [org.gradle.cache.internal.DefaultFileLockManager] Lock acquired on daemon addresses registry.
09:32:51.711 [DEBUG] [org.gradle.cache.internal.DefaultFileLockManager] Releasing lock on daemon addresses registry.
09:32:52.754 [DEBUG] [org.gradle.process.internal.health.memory.MemoryManager] Emitting OS memory status event {Total: 16440098816, Free: 12527964160}
09:32:52.754 [DEBUG] [org.gradle.launcher.daemon.server.health.LowMemoryDaemonExpirationStrategy] Received memory status update: {Total: 16440098816, Free: 12527964160}
09:32:52.754 [DEBUG] [org.gradle.process.internal.health.memory.MemoryManager] Emitting JVM memory status event {Maximum: 1073741824, Committed: 260046848}
09:32:57.755 [DEBUG] [org.gradle.process.internal.health.memory.MemoryManager] Emitting OS memory status event {Total: 16440098816, Free: 12539162624}
09:32:57.755 [DEBUG] [org.gradle.launcher.daemon.server.health.LowMemoryDaemonExpirationStrategy] Received memory status update: {Total: 16440098816, Free: 12539162624}
09:32:57.755 [DEBUG] [org.gradle.process.internal.health.memory.MemoryManager] Emitting JVM memory status event {Maximum: 1073741824, Committed: 260046848}
09:33:01.711 [DEBUG] [org.gradle.launcher.daemon.server.Daemon] DaemonExpirationPeriodicCheck running
09:33:01.711 [DEBUG] [org.gradle.cache.internal.DefaultFileLockManager] Waiting to acquire shared lock on daemon addresses registry.
09:33:01.711 [DEBUG] [org.gradle.cache.internal.DefaultFileLockManager] Lock acquired on daemon addresses registry.
09:33:01.711 [DEBUG] [org.gradle.cache.internal.DefaultFileLockManager] Releasing lock on daemon addresses registry.
09:33:01.711 [DEBUG] [org.gradle.cache.internal.DefaultFileLockManager] Waiting to acquire shared lock on daemon addresses registry.
09:33:01.711 [DEBUG] [org.gradle.cache.internal.DefaultFileLockManager] Lock acquired on daemon addresses registry.
09:33:01.711 [DEBUG] [org.gradle.cache.internal.DefaultFileLockManager] Releasing lock on daemon addresses registry.
09:33:01.711 [DEBUG] [org.gradle.cache.internal.DefaultFileLockManager] Waiting to acquire shared lock on daemon addresses registry.
09:33:01.711 [DEBUG] [org.gradle.cache.internal.DefaultFileLockManager] Lock acquired on daemon addresses registry.
09:33:01.711 [DEBUG] [org.gradle.cache.internal.DefaultFileLockManager] Releasing lock on daemon addresses registry.
09:33:02.755 [DEBUG] [org.gradle.process.internal.health.memory.MemoryManager] Emitting OS memory status event {Total: 16440098816, Free: 12512972800}
09:33:02.755 [DEBUG] [org.gradle.launcher.daemon.server.health.LowMemoryDaemonExpirationStrategy] Received memory status update: {Total: 16440098816, Free: 12512972800}
09:33:02.755 [DEBUG] [org.gradle.process.internal.health.memory.MemoryManager] Emitting JVM memory status event {Maximum: 1073741824, Committed: 260046848}
09:33:07.755 [DEBUG] [org.gradle.process.internal.health.memory.MemoryManager] Emitting OS memory status event {Total: 16440098816, Free: 12520591360}
09:33:07.755 [DEBUG] [org.gradle.launcher.daemon.server.health.LowMemoryDaemonExpirationStrategy] Received memory status update: {Total: 16440098816, Free: 12520591360}
09:33:07.755 [DEBUG] [org.gradle.process.internal.health.memory.MemoryManager] Emitting JVM memory status event {Maximum: 1073741824, Committed: 260046848}
09:33:11.711 [DEBUG] [org.gradle.launcher.daemon.server.Daemon] DaemonExpirationPeriodicCheck running
09:33:11.711 [DEBUG] [org.gradle.cache.internal.DefaultFileLockManager] Waiting to acquire shared lock on daemon addresses registry.
09:33:11.711 [DEBUG] [org.gradle.cache.internal.DefaultFileLockManager] Lock acquired on daemon addresses registry.
09:33:11.711 [DEBUG] [org.gradle.cache.internal.DefaultFileLockManager] Releasing lock on daemon addresses registry.
09:33:11.711 [DEBUG] [org.gradle.cache.internal.DefaultFileLockManager] Waiting to acquire shared lock on daemon addresses registry.
09:33:11.711 [DEBUG] [org.gradle.cache.internal.DefaultFileLockManager] Lock acquired on daemon addresses registry.
09:33:11.711 [DEBUG] [org.gradle.cache.internal.DefaultFileLockManager] Releasing lock on daemon addresses registry.
09:33:11.711 [DEBUG] [org.gradle.cache.internal.DefaultFileLockManager] Waiting to acquire shared lock on daemon addresses registry.
09:33:11.711 [DEBUG] [org.gradle.cache.internal.DefaultFileLockManager] Lock acquired on daemon addresses registry.
09:33:11.711 [DEBUG] [org.gradle.cache.internal.DefaultFileLockManager] Releasing lock on daemon addresses registry.
09:33:12.754 [DEBUG] [org.gradle.process.internal.health.memory.MemoryManager] Emitting OS memory status event {Total: 16440098816, Free: 12516888576}
09:33:12.754 [DEBUG] [org.gradle.launcher.daemon.server.health.LowMemoryDaemonExpirationStrategy] Received memory status update: {Total: 16440098816, Free: 12516888576}
09:33:12.754 [DEBUG] [org.gradle.process.internal.health.memory.MemoryManager] Emitting JVM memory status event {Maximum: 1073741824, Committed: 260046848}
09:33:17.755 [DEBUG] [org.gradle.process.internal.health.memory.MemoryManager] Emitting OS memory status event {Total: 16440098816, Free: 12514992128}
09:33:17.755 [DEBUG] [org.gradle.launcher.daemon.server.health.LowMemoryDaemonExpirationStrategy] Received memory status update: {Total: 16440098816, Free: 12514992128}
09:33:17.755 [DEBUG] [org.gradle.process.internal.health.memory.MemoryManager] Emitting JVM memory status event {Maximum: 1073741824, Committed: 260046848}
09:33:21.711 [DEBUG] [org.gradle.launcher.daemon.server.Daemon] DaemonExpirationPeriodicCheck running
09:33:21.711 [DEBUG] [org.gradle.cache.internal.DefaultFileLockManager] Waiting to acquire shared lock on daemon addresses registry.
09:33:21.711 [DEBUG] [org.gradle.cache.internal.DefaultFileLockManager] Lock acquired on daemon addresses registry.
09:33:21.711 [DEBUG] [org.gradle.cache.internal.DefaultFileLockManager] Releasing lock on daemon addresses registry.
09:33:21.711 [DEBUG] [org.gradle.cache.internal.DefaultFileLockManager] Waiting to acquire shared lock on daemon addresses registry.
09:33:21.711 [DEBUG] [org.gradle.cache.internal.DefaultFileLockManager] Lock acquired on daemon addresses registry.
09:33:21.711 [DEBUG] [org.gradle.cache.internal.DefaultFileLockManager] Releasing lock on daemon addresses registry.
09:33:21.711 [DEBUG] [org.gradle.cache.internal.DefaultFileLockManager] Waiting to acquire shared lock on daemon addresses registry.
09:33:21.711 [DEBUG] [org.gradle.cache.internal.DefaultFileLockManager] Lock acquired on daemon addresses registry.
09:33:21.711 [DEBUG] [org.gradle.cache.internal.DefaultFileLockManager] Releasing lock on daemon addresses registry.
09:33:22.754 [DEBUG] [org.gradle.process.internal.health.memory.MemoryManager] Emitting OS memory status event {Total: 16440098816, Free: 12541034496}
09:33:22.754 [DEBUG] [org.gradle.launcher.daemon.server.health.LowMemoryDaemonExpirationStrategy] Received memory status update: {Total: 16440098816, Free: 12541034496}
09:33:22.754 [DEBUG] [org.gradle.process.internal.health.memory.MemoryManager] Emitting JVM memory status event {Maximum: 1073741824, Committed: 260046848}
09:33:27.755 [DEBUG] [org.gradle.process.internal.health.memory.MemoryManager] Emitting OS memory status event {Total: 16440098816, Free: 12571070464}
09:33:27.755 [DEBUG] [org.gradle.launcher.daemon.server.health.LowMemoryDaemonExpirationStrategy] Received memory status update: {Total: 16440098816, Free: 12571070464}
09:33:27.755 [DEBUG] [org.gradle.process.internal.health.memory.MemoryManager] Emitting JVM memory status event {Maximum: 1073741824, Committed: 260046848}
09:33:31.711 [DEBUG] [org.gradle.launcher.daemon.server.Daemon] DaemonExpirationPeriodicCheck running
09:33:31.711 [DEBUG] [org.gradle.cache.internal.DefaultFileLockManager] Waiting to acquire shared lock on daemon addresses registry.
09:33:31.711 [DEBUG] [org.gradle.cache.internal.DefaultFileLockManager] Lock acquired on daemon addresses registry.
09:33:31.711 [DEBUG] [org.gradle.cache.internal.DefaultFileLockManager] Releasing lock on daemon addresses registry.
09:33:31.711 [DEBUG] [org.gradle.cache.internal.DefaultFileLockManager] Waiting to acquire shared lock on daemon addresses registry.
09:33:31.711 [DEBUG] [org.gradle.cache.internal.DefaultFileLockManager] Lock acquired on daemon addresses registry.
09:33:31.711 [DEBUG] [org.gradle.cache.internal.DefaultFileLockManager] Releasing lock on daemon addresses registry.
09:33:31.711 [DEBUG] [org.gradle.cache.internal.DefaultFileLockManager] Waiting to acquire shared lock on daemon addresses registry.
09:33:31.711 [DEBUG] [org.gradle.cache.internal.DefaultFileLockManager] Lock acquired on daemon addresses registry.
09:33:31.711 [DEBUG] [org.gradle.cache.internal.DefaultFileLockManager] Releasing lock on daemon addresses registry.
09:33:32.754 [DEBUG] [org.gradle.process.internal.health.memory.MemoryManager] Emitting OS memory status event {Total: 16440098816, Free: 12585758720}
09:33:32.754 [DEBUG] [org.gradle.launcher.daemon.server.health.LowMemoryDaemonExpirationStrategy] Received memory status update: {Total: 16440098816, Free: 12585758720}
09:33:32.754 [DEBUG] [org.gradle.process.internal.health.memory.MemoryManager] Emitting JVM memory status event {Maximum: 1073741824, Committed: 260046848}
09:33:37.755 [DEBUG] [org.gradle.process.internal.health.memory.MemoryManager] Emitting OS memory status event {Total: 16440098816, Free: 12568076288}
09:33:37.755 [DEBUG] [org.gradle.launcher.daemon.server.health.LowMemoryDaemonExpirationStrategy] Received memory status update: {Total: 16440098816, Free: 12568076288}
09:33:37.755 [DEBUG] [org.gradle.process.internal.health.memory.MemoryManager] Emitting JVM memory status event {Maximum: 1073741824, Committed: 260046848}
09:33:41.711 [DEBUG] [org.gradle.launcher.daemon.server.Daemon] DaemonExpirationPeriodicCheck running
09:33:41.711 [DEBUG] [org.gradle.cache.internal.DefaultFileLockManager] Waiting to acquire shared lock on daemon addresses registry.
09:33:41.711 [DEBUG] [org.gradle.cache.internal.DefaultFileLockManager] Lock acquired on daemon addresses registry.
09:33:41.711 [DEBUG] [org.gradle.cache.internal.DefaultFileLockManager] Releasing lock on daemon addresses registry.
09:33:41.711 [DEBUG] [org.gradle.cache.internal.DefaultFileLockManager] Waiting to acquire shared lock on daemon addresses registry.
09:33:41.711 [DEBUG] [org.gradle.cache.internal.DefaultFileLockManager] Lock acquired on daemon addresses registry.
09:33:41.711 [DEBUG] [org.gradle.cache.internal.DefaultFileLockManager] Releasing lock on daemon addresses registry.
09:33:41.711 [DEBUG] [org.gradle.cache.internal.DefaultFileLockManager] Waiting to acquire shared lock on daemon addresses registry.
09:33:41.711 [DEBUG] [org.gradle.cache.internal.DefaultFileLockManager] Lock acquired on daemon addresses registry.
09:33:41.711 [DEBUG] [org.gradle.cache.internal.DefaultFileLockManager] Releasing lock on daemon addresses registry.
09:33:42.755 [DEBUG] [org.gradle.process.internal.health.memory.MemoryManager] Emitting OS memory status event {Total: 16440098816, Free: 12560171008}
09:33:42.755 [DEBUG] [org.gradle.launcher.daemon.server.health.LowMemoryDaemonExpirationStrategy] Received memory status update: {Total: 16440098816, Free: 12560171008}
09:33:42.755 [DEBUG] [org.gradle.process.internal.health.memory.MemoryManager] Emitting JVM memory status event {Maximum: 1073741824, Committed: 260046848}
09:33:47.755 [DEBUG] [org.gradle.process.internal.health.memory.MemoryManager] Emitting OS memory status event {Total: 16440098816, Free: 12561907712}
09:33:47.755 [DEBUG] [org.gradle.launcher.daemon.server.health.LowMemoryDaemonExpirationStrategy] Received memory status update: {Total: 16440098816, Free: 12561907712}
09:33:47.755 [DEBUG] [org.gradle.process.internal.health.memory.MemoryManager] Emitting JVM memory status event {Maximum: 1073741824, Committed: 260046848}
09:33:51.711 [DEBUG] [org.gradle.launcher.daemon.server.Daemon] DaemonExpirationPeriodicCheck running
09:33:51.711 [DEBUG] [org.gradle.cache.internal.DefaultFileLockManager] Waiting to acquire shared lock on daemon addresses registry.
09:33:51.711 [DEBUG] [org.gradle.cache.internal.DefaultFileLockManager] Lock acquired on daemon addresses registry.
09:33:51.711 [DEBUG] [org.gradle.cache.internal.DefaultFileLockManager] Releasing lock on daemon addresses registry.
09:33:51.711 [DEBUG] [org.gradle.cache.internal.DefaultFileLockManager] Waiting to acquire shared lock on daemon addresses registry.
09:33:51.711 [DEBUG] [org.gradle.cache.internal.DefaultFileLockManager] Lock acquired on daemon addresses registry.
09:33:51.711 [DEBUG] [org.gradle.cache.internal.DefaultFileLockManager] Releasing lock on daemon addresses registry.
09:33:51.711 [DEBUG] [org.gradle.cache.internal.DefaultFileLockManager] Waiting to acquire shared lock on daemon addresses registry.
09:33:51.711 [DEBUG] [org.gradle.cache.internal.DefaultFileLockManager] Lock acquired on daemon addresses registry.
09:33:51.711 [DEBUG] [org.gradle.cache.internal.DefaultFileLockManager] Releasing lock on daemon addresses registry.
09:33:52.754 [DEBUG] [org.gradle.process.internal.health.memory.MemoryManager] Emitting OS memory status event {Total: 16440098816, Free: 12563980288}
09:33:52.754 [DEBUG] [org.gradle.launcher.daemon.server.health.LowMemoryDaemonExpirationStrategy] Received memory status update: {Total: 16440098816, Free: 12563980288}
09:33:52.754 [DEBUG] [org.gradle.process.internal.health.memory.MemoryManager] Emitting JVM memory status event {Maximum: 1073741824, Committed: 260046848}
09:33:57.755 [DEBUG] [org.gradle.process.internal.health.memory.MemoryManager] Emitting OS memory status event {Total: 16440098816, Free: 12558856192}
09:33:57.755 [DEBUG] [org.gradle.launcher.daemon.server.health.LowMemoryDaemonExpirationStrategy] Received memory status update: {Total: 16440098816, Free: 12558856192}
09:33:57.755 [DEBUG] [org.gradle.process.internal.health.memory.MemoryManager] Emitting JVM memory status event {Maximum: 1073741824, Committed: 260046848}
09:34:01.711 [DEBUG] [org.gradle.launcher.daemon.server.Daemon] DaemonExpirationPeriodicCheck running
09:34:01.711 [DEBUG] [org.gradle.cache.internal.DefaultFileLockManager] Waiting to acquire shared lock on daemon addresses registry.
09:34:01.711 [DEBUG] [org.gradle.cache.internal.DefaultFileLockManager] Lock acquired on daemon addresses registry.
09:34:01.711 [DEBUG] [org.gradle.cache.internal.DefaultFileLockManager] Releasing lock on daemon addresses registry.
09:34:01.711 [DEBUG] [org.gradle.cache.internal.DefaultFileLockManager] Waiting to acquire shared lock on daemon addresses registry.
09:34:01.711 [DEBUG] [org.gradle.cache.internal.DefaultFileLockManager] Lock acquired on daemon addresses registry.
09:34:01.711 [DEBUG] [org.gradle.cache.internal.DefaultFileLockManager] Releasing lock on daemon addresses registry.
09:34:01.711 [DEBUG] [org.gradle.cache.internal.DefaultFileLockManager] Waiting to acquire shared lock on daemon addresses registry.
09:34:01.711 [DEBUG] [org.gradle.cache.internal.DefaultFileLockManager] Lock acquired on daemon addresses registry.
09:34:01.711 [DEBUG] [org.gradle.cache.internal.DefaultFileLockManager] Releasing lock on daemon addresses registry.
09:34:02.755 [DEBUG] [org.gradle.process.internal.health.memory.MemoryManager] Emitting OS memory status event {Total: 16440098816, Free: 12568764416}
09:34:02.755 [DEBUG] [org.gradle.launcher.daemon.server.health.LowMemoryDaemonExpirationStrategy] Received memory status update: {Total: 16440098816, Free: 12568764416}
09:34:02.755 [DEBUG] [org.gradle.process.internal.health.memory.MemoryManager] Emitting JVM memory status event {Maximum: 1073741824, Committed: 260046848}
09:34:07.755 [DEBUG] [org.gradle.process.internal.health.memory.MemoryManager] Emitting OS memory status event {Total: 16440098816, Free: 12524273664}
09:34:07.755 [DEBUG] [org.gradle.launcher.daemon.server.health.LowMemoryDaemonExpirationStrategy] Received memory status update: {Total: 16440098816, Free: 12524273664}
09:34:07.755 [DEBUG] [org.gradle.process.internal.health.memory.MemoryManager] Emitting JVM memory status event {Maximum: 1073741824, Committed: 260046848}
09:34:11.711 [DEBUG] [org.gradle.launcher.daemon.server.Daemon] DaemonExpirationPeriodicCheck running
09:34:11.711 [DEBUG] [org.gradle.cache.internal.DefaultFileLockManager] Waiting to acquire shared lock on daemon addresses registry.
09:34:11.711 [DEBUG] [org.gradle.cache.internal.DefaultFileLockManager] Lock acquired on daemon addresses registry.
09:34:11.711 [DEBUG] [org.gradle.cache.internal.DefaultFileLockManager] Releasing lock on daemon addresses registry.
09:34:11.711 [DEBUG] [org.gradle.cache.internal.DefaultFileLockManager] Waiting to acquire shared lock on daemon addresses registry.
09:34:11.711 [DEBUG] [org.gradle.cache.internal.DefaultFileLockManager] Lock acquired on daemon addresses registry.
09:34:11.711 [DEBUG] [org.gradle.cache.internal.DefaultFileLockManager] Releasing lock on daemon addresses registry.
09:34:11.711 [DEBUG] [org.gradle.cache.internal.DefaultFileLockManager] Waiting to acquire shared lock on daemon addresses registry.
09:34:11.711 [DEBUG] [org.gradle.cache.internal.DefaultFileLockManager] Lock acquired on daemon addresses registry.
09:34:11.711 [DEBUG] [org.gradle.cache.internal.DefaultFileLockManager] Releasing lock on daemon addresses registry.
09:34:12.755 [DEBUG] [org.gradle.process.internal.health.memory.MemoryManager] Emitting OS memory status event {Total: 16440098816, Free: 12560863232}
09:34:12.755 [DEBUG] [org.gradle.launcher.daemon.server.health.LowMemoryDaemonExpirationStrategy] Received memory status update: {Total: 16440098816, Free: 12560863232}
09:34:12.755 [DEBUG] [org.gradle.process.internal.health.memory.MemoryManager] Emitting JVM memory status event {Maximum: 1073741824, Committed: 260046848}
09:34:17.755 [DEBUG] [org.gradle.process.internal.health.memory.MemoryManager] Emitting OS memory status event {Total: 16440098816, Free: 12568686592}
09:34:17.755 [DEBUG] [org.gradle.launcher.daemon.server.health.LowMemoryDaemonExpirationStrategy] Received memory status update: {Total: 16440098816, Free: 12568686592}
09:34:17.755 [DEBUG] [org.gradle.process.internal.health.memory.MemoryManager] Emitting JVM memory status event {Maximum: 1073741824, Committed: 260046848}
09:34:21.711 [DEBUG] [org.gradle.launcher.daemon.server.Daemon] DaemonExpirationPeriodicCheck running
09:34:21.711 [DEBUG] [org.gradle.cache.internal.DefaultFileLockManager] Waiting to acquire shared lock on daemon addresses registry.
09:34:21.711 [DEBUG] [org.gradle.cache.internal.DefaultFileLockManager] Lock acquired on daemon addresses registry.
09:34:21.711 [DEBUG] [org.gradle.cache.internal.DefaultFileLockManager] Releasing lock on daemon addresses registry.
09:34:21.711 [DEBUG] [org.gradle.cache.internal.DefaultFileLockManager] Waiting to acquire shared lock on daemon addresses registry.
09:34:21.711 [DEBUG] [org.gradle.cache.internal.DefaultFileLockManager] Lock acquired on daemon addresses registry.
09:34:21.711 [DEBUG] [org.gradle.cache.internal.DefaultFileLockManager] Releasing lock on daemon addresses registry.
09:34:21.711 [DEBUG] [org.gradle.cache.internal.DefaultFileLockManager] Waiting to acquire shared lock on daemon addresses registry.
09:34:21.711 [DEBUG] [org.gradle.cache.internal.DefaultFileLockManager] Lock acquired on daemon addresses registry.
09:34:21.711 [DEBUG] [org.gradle.cache.internal.DefaultFileLockManager] Releasing lock on daemon addresses registry.
09:34:22.754 [DEBUG] [org.gradle.process.internal.health.memory.MemoryManager] Emitting OS memory status event {Total: 16440098816, Free: 12570460160}
09:34:22.754 [DEBUG] [org.gradle.launcher.daemon.server.health.LowMemoryDaemonExpirationStrategy] Received memory status update: {Total: 16440098816, Free: 12570460160}
09:34:22.754 [DEBUG] [org.gradle.process.internal.health.memory.MemoryManager] Emitting JVM memory status event {Maximum: 1073741824, Committed: 260046848}
09:34:27.755 [DEBUG] [org.gradle.process.internal.health.memory.MemoryManager] Emitting OS memory status event {Total: 16440098816, Free: 12576890880}
09:34:27.755 [DEBUG] [org.gradle.launcher.daemon.server.health.LowMemoryDaemonExpirationStrategy] Received memory status update: {Total: 16440098816, Free: 12576890880}
09:34:27.755 [DEBUG] [org.gradle.process.internal.health.memory.MemoryManager] Emitting JVM memory status event {Maximum: 1073741824, Committed: 260046848}
09:34:31.711 [DEBUG] [org.gradle.launcher.daemon.server.Daemon] DaemonExpirationPeriodicCheck running
09:34:31.711 [DEBUG] [org.gradle.cache.internal.DefaultFileLockManager] Waiting to acquire shared lock on daemon addresses registry.
09:34:31.711 [DEBUG] [org.gradle.cache.internal.DefaultFileLockManager] Lock acquired on daemon addresses registry.
09:34:31.711 [DEBUG] [org.gradle.cache.internal.DefaultFileLockManager] Releasing lock on daemon addresses registry.
09:34:31.711 [DEBUG] [org.gradle.cache.internal.DefaultFileLockManager] Waiting to acquire shared lock on daemon addresses registry.
09:34:31.711 [DEBUG] [org.gradle.cache.internal.DefaultFileLockManager] Lock acquired on daemon addresses registry.
09:34:31.711 [DEBUG] [org.gradle.cache.internal.DefaultFileLockManager] Releasing lock on daemon addresses registry.
09:34:31.711 [DEBUG] [org.gradle.cache.internal.DefaultFileLockManager] Waiting to acquire shared lock on daemon addresses registry.
09:34:31.711 [DEBUG] [org.gradle.cache.internal.DefaultFileLockManager] Lock acquired on daemon addresses registry.
09:34:31.711 [DEBUG] [org.gradle.cache.internal.DefaultFileLockManager] Releasing lock on daemon addresses registry.
09:34:32.754 [DEBUG] [org.gradle.process.internal.health.memory.MemoryManager] Emitting OS memory status event {Total: 16440098816, Free: 12576120832}
09:34:32.754 [DEBUG] [org.gradle.launcher.daemon.server.health.LowMemoryDaemonExpirationStrategy] Received memory status update: {Total: 16440098816, Free: 12576120832}
09:34:32.754 [DEBUG] [org.gradle.process.internal.health.memory.MemoryManager] Emitting JVM memory status event {Maximum: 1073741824, Committed: 260046848}
09:34:37.755 [DEBUG] [org.gradle.process.internal.health.memory.MemoryManager] Emitting OS memory status event {Total: 16440098816, Free: 12575875072}
09:34:37.755 [DEBUG] [org.gradle.launcher.daemon.server.health.LowMemoryDaemonExpirationStrategy] Received memory status update: {Total: 16440098816, Free: 12575875072}
09:34:37.755 [DEBUG] [org.gradle.process.internal.health.memory.MemoryManager] Emitting JVM memory status event {Maximum: 1073741824, Committed: 260046848}
09:34:41.711 [DEBUG] [org.gradle.launcher.daemon.server.Daemon] DaemonExpirationPeriodicCheck running
09:34:41.711 [DEBUG] [org.gradle.cache.internal.DefaultFileLockManager] Waiting to acquire shared lock on daemon addresses registry.
09:34:41.711 [DEBUG] [org.gradle.cache.internal.DefaultFileLockManager] Lock acquired on daemon addresses registry.
09:34:41.711 [DEBUG] [org.gradle.cache.internal.DefaultFileLockManager] Releasing lock on daemon addresses registry.
09:34:41.711 [DEBUG] [org.gradle.cache.internal.DefaultFileLockManager] Waiting to acquire shared lock on daemon addresses registry.
09:34:41.711 [DEBUG] [org.gradle.cache.internal.DefaultFileLockManager] Lock acquired on daemon addresses registry.
09:34:41.711 [DEBUG] [org.gradle.cache.internal.DefaultFileLockManager] Releasing lock on daemon addresses registry.
09:34:41.711 [DEBUG] [org.gradle.cache.internal.DefaultFileLockManager] Waiting to acquire shared lock on daemon addresses registry.
09:34:41.711 [DEBUG] [org.gradle.cache.internal.DefaultFileLockManager] Lock acquired on daemon addresses registry.
09:34:41.711 [DEBUG] [org.gradle.cache.internal.DefaultFileLockManager] Releasing lock on daemon addresses registry.
09:34:42.755 [DEBUG] [org.gradle.process.internal.health.memory.MemoryManager] Emitting OS memory status event {Total: 16440098816, Free: 12575375360}
09:34:42.755 [DEBUG] [org.gradle.launcher.daemon.server.health.LowMemoryDaemonExpirationStrategy] Received memory status update: {Total: 16440098816, Free: 12575375360}
09:34:42.755 [DEBUG] [org.gradle.process.internal.health.memory.MemoryManager] Emitting JVM memory status event {Maximum: 1073741824, Committed: 260046848}
09:34:47.755 [DEBUG] [org.gradle.process.internal.health.memory.MemoryManager] Emitting OS memory status event {Total: 16440098816, Free: 12575141888}
09:34:47.755 [DEBUG] [org.gradle.launcher.daemon.server.health.LowMemoryDaemonExpirationStrategy] Received memory status update: {Total: 16440098816, Free: 12575141888}
09:34:47.755 [DEBUG] [org.gradle.process.internal.health.memory.MemoryManager] Emitting JVM memory status event {Maximum: 1073741824, Committed: 260046848}
09:34:51.711 [DEBUG] [org.gradle.launcher.daemon.server.Daemon] DaemonExpirationPeriodicCheck running
09:34:51.711 [DEBUG] [org.gradle.cache.internal.DefaultFileLockManager] Waiting to acquire shared lock on daemon addresses registry.
09:34:51.711 [DEBUG] [org.gradle.cache.internal.DefaultFileLockManager] Lock acquired on daemon addresses registry.
09:34:51.711 [DEBUG] [org.gradle.cache.internal.DefaultFileLockManager] Releasing lock on daemon addresses registry.
09:34:51.711 [DEBUG] [org.gradle.cache.internal.DefaultFileLockManager] Waiting to acquire shared lock on daemon addresses registry.
09:34:51.711 [DEBUG] [org.gradle.cache.internal.DefaultFileLockManager] Lock acquired on daemon addresses registry.
09:34:51.711 [DEBUG] [org.gradle.cache.internal.DefaultFileLockManager] Releasing lock on daemon addresses registry.
09:34:51.711 [DEBUG] [org.gradle.cache.internal.DefaultFileLockManager] Waiting to acquire shared lock on daemon addresses registry.
09:34:51.711 [DEBUG] [org.gradle.cache.internal.DefaultFileLockManager] Lock acquired on daemon addresses registry.
09:34:51.711 [DEBUG] [org.gradle.cache.internal.DefaultFileLockManager] Releasing lock on daemon addresses registry.
09:34:52.754 [DEBUG] [org.gradle.process.internal.health.memory.MemoryManager] Emitting OS memory status event {Total: 16440098816, Free: 12575195136}
09:34:52.754 [DEBUG] [org.gradle.launcher.daemon.server.health.LowMemoryDaemonExpirationStrategy] Received memory status update: {Total: 16440098816, Free: 12575195136}
09:34:52.754 [DEBUG] [org.gradle.process.internal.health.memory.MemoryManager] Emitting JVM memory status event {Maximum: 1073741824, Committed: 260046848}
09:34:57.755 [DEBUG] [org.gradle.process.internal.health.memory.MemoryManager] Emitting OS memory status event {Total: 16440098816, Free: 12566237184}
09:34:57.755 [DEBUG] [org.gradle.launcher.daemon.server.health.LowMemoryDaemonExpirationStrategy] Received memory status update: {Total: 16440098816, Free: 12566237184}
09:34:57.755 [DEBUG] [org.gradle.process.internal.health.memory.MemoryManager] Emitting JVM memory status event {Maximum: 1073741824, Committed: 260046848}
09:35:01.711 [DEBUG] [org.gradle.launcher.daemon.server.Daemon] DaemonExpirationPeriodicCheck running
09:35:01.711 [DEBUG] [org.gradle.cache.internal.DefaultFileLockManager] Waiting to acquire shared lock on daemon addresses registry.
09:35:01.711 [DEBUG] [org.gradle.cache.internal.DefaultFileLockManager] Lock acquired on daemon addresses registry.
09:35:01.711 [DEBUG] [org.gradle.cache.internal.DefaultFileLockManager] Releasing lock on daemon addresses registry.
09:35:01.711 [DEBUG] [org.gradle.cache.internal.DefaultFileLockManager] Waiting to acquire shared lock on daemon addresses registry.
09:35:01.711 [DEBUG] [org.gradle.cache.internal.DefaultFileLockManager] Lock acquired on daemon addresses registry.
09:35:01.711 [DEBUG] [org.gradle.cache.internal.DefaultFileLockManager] Releasing lock on daemon addresses registry.
09:35:01.711 [DEBUG] [org.gradle.cache.internal.DefaultFileLockManager] Waiting to acquire shared lock on daemon addresses registry.
09:35:01.711 [DEBUG] [org.gradle.cache.internal.DefaultFileLockManager] Lock acquired on daemon addresses registry.
09:35:01.711 [DEBUG] [org.gradle.cache.internal.DefaultFileLockManager] Releasing lock on daemon addresses registry.
09:35:02.754 [DEBUG] [org.gradle.process.internal.health.memory.MemoryManager] Emitting OS memory status event {Total: 16440098816, Free: 12566257664}
09:35:02.754 [DEBUG] [org.gradle.launcher.daemon.server.health.LowMemoryDaemonExpirationStrategy] Received memory status update: {Total: 16440098816, Free: 12566257664}
09:35:02.754 [DEBUG] [org.gradle.process.internal.health.memory.MemoryManager] Emitting JVM memory status event {Maximum: 1073741824, Committed: 260046848}
09:35:07.755 [DEBUG] [org.gradle.process.internal.health.memory.MemoryManager] Emitting OS memory status event {Total: 16440098816, Free: 12566282240}
09:35:07.755 [DEBUG] [org.gradle.launcher.daemon.server.health.LowMemoryDaemonExpirationStrategy] Received memory status update: {Total: 16440098816, Free: 12566282240}
09:35:07.755 [DEBUG] [org.gradle.process.internal.health.memory.MemoryManager] Emitting JVM memory status event {Maximum: 1073741824, Committed: 260046848}
09:35:11.711 [DEBUG] [org.gradle.launcher.daemon.server.Daemon] DaemonExpirationPeriodicCheck running
09:35:11.711 [DEBUG] [org.gradle.cache.internal.DefaultFileLockManager] Waiting to acquire shared lock on daemon addresses registry.
09:35:11.711 [DEBUG] [org.gradle.cache.internal.DefaultFileLockManager] Lock acquired on daemon addresses registry.
09:35:11.711 [DEBUG] [org.gradle.cache.internal.DefaultFileLockManager] Releasing lock on daemon addresses registry.
09:35:11.711 [DEBUG] [org.gradle.cache.internal.DefaultFileLockManager] Waiting to acquire shared lock on daemon addresses registry.
09:35:11.711 [DEBUG] [org.gradle.cache.internal.DefaultFileLockManager] Lock acquired on daemon addresses registry.
09:35:11.711 [DEBUG] [org.gradle.cache.internal.DefaultFileLockManager] Releasing lock on daemon addresses registry.
09:35:11.711 [DEBUG] [org.gradle.cache.internal.DefaultFileLockManager] Waiting to acquire shared lock on daemon addresses registry.
09:35:11.711 [DEBUG] [org.gradle.cache.internal.DefaultFileLockManager] Lock acquired on daemon addresses registry.
09:35:11.711 [DEBUG] [org.gradle.cache.internal.DefaultFileLockManager] Releasing lock on daemon addresses registry.
09:35:12.754 [DEBUG] [org.gradle.process.internal.health.memory.MemoryManager] Emitting OS memory status event {Total: 16440098816, Free: 12566290432}
09:35:12.754 [DEBUG] [org.gradle.launcher.daemon.server.health.LowMemoryDaemonExpirationStrategy] Received memory status update: {Total: 16440098816, Free: 12566290432}
09:35:12.754 [DEBUG] [org.gradle.process.internal.health.memory.MemoryManager] Emitting JVM memory status event {Maximum: 1073741824, Committed: 260046848}
09:35:17.755 [DEBUG] [org.gradle.process.internal.health.memory.MemoryManager] Emitting OS memory status event {Total: 16440098816, Free: 12566339584}
09:35:17.755 [DEBUG] [org.gradle.launcher.daemon.server.health.LowMemoryDaemonExpirationStrategy] Received memory status update: {Total: 16440098816, Free: 12566339584}
09:35:17.755 [DEBUG] [org.gradle.process.internal.health.memory.MemoryManager] Emitting JVM memory status event {Maximum: 1073741824, Committed: 260046848}
09:35:21.711 [DEBUG] [org.gradle.launcher.daemon.server.Daemon] DaemonExpirationPeriodicCheck running
09:35:21.711 [DEBUG] [org.gradle.cache.internal.DefaultFileLockManager] Waiting to acquire shared lock on daemon addresses registry.
09:35:21.711 [DEBUG] [org.gradle.cache.internal.DefaultFileLockManager] Lock acquired on daemon addresses registry.
09:35:21.711 [DEBUG] [org.gradle.cache.internal.DefaultFileLockManager] Releasing lock on daemon addresses registry.
09:35:21.711 [DEBUG] [org.gradle.cache.internal.DefaultFileLockManager] Waiting to acquire shared lock on daemon addresses registry.
09:35:21.711 [DEBUG] [org.gradle.cache.internal.DefaultFileLockManager] Lock acquired on daemon addresses registry.
09:35:21.711 [DEBUG] [org.gradle.cache.internal.DefaultFileLockManager] Releasing lock on daemon addresses registry.
09:35:21.711 [DEBUG] [org.gradle.cache.internal.DefaultFileLockManager] Waiting to acquire shared lock on daemon addresses registry.
09:35:21.711 [DEBUG] [org.gradle.cache.internal.DefaultFileLockManager] Lock acquired on daemon addresses registry.
09:35:21.711 [DEBUG] [org.gradle.cache.internal.DefaultFileLockManager] Releasing lock on daemon addresses registry.
09:35:22.754 [DEBUG] [org.gradle.process.internal.health.memory.MemoryManager] Emitting OS memory status event {Total: 16440098816, Free: 12566179840}
09:35:22.754 [DEBUG] [org.gradle.launcher.daemon.server.health.LowMemoryDaemonExpirationStrategy] Received memory status update: {Total: 16440098816, Free: 12566179840}
09:35:22.754 [DEBUG] [org.gradle.process.internal.health.memory.MemoryManager] Emitting JVM memory status event {Maximum: 1073741824, Committed: 260046848}
09:35:27.755 [DEBUG] [org.gradle.process.internal.health.memory.MemoryManager] Emitting OS memory status event {Total: 16440098816, Free: 12569591808}
09:35:27.755 [DEBUG] [org.gradle.launcher.daemon.server.health.LowMemoryDaemonExpirationStrategy] Received memory status update: {Total: 16440098816, Free: 12569591808}
09:35:27.755 [DEBUG] [org.gradle.process.internal.health.memory.MemoryManager] Emitting JVM memory status event {Maximum: 1073741824, Committed: 260046848}
09:35:31.711 [DEBUG] [org.gradle.launcher.daemon.server.Daemon] DaemonExpirationPeriodicCheck running
09:35:31.711 [DEBUG] [org.gradle.cache.internal.DefaultFileLockManager] Waiting to acquire shared lock on daemon addresses registry.
09:35:31.711 [DEBUG] [org.gradle.cache.internal.DefaultFileLockManager] Lock acquired on daemon addresses registry.
09:35:31.711 [DEBUG] [org.gradle.cache.internal.DefaultFileLockManager] Releasing lock on daemon addresses registry.
09:35:31.711 [DEBUG] [org.gradle.cache.internal.DefaultFileLockManager] Waiting to acquire shared lock on daemon addresses registry.
09:35:31.711 [DEBUG] [org.gradle.cache.internal.DefaultFileLockManager] Lock acquired on daemon addresses registry.
09:35:31.711 [DEBUG] [org.gradle.cache.internal.DefaultFileLockManager] Releasing lock on daemon addresses registry.
09:35:31.711 [DEBUG] [org.gradle.cache.internal.DefaultFileLockManager] Waiting to acquire shared lock on daemon addresses registry.
09:35:31.711 [DEBUG] [org.gradle.cache.internal.DefaultFileLockManager] Lock acquired on daemon addresses registry.
09:35:31.711 [DEBUG] [org.gradle.cache.internal.DefaultFileLockManager] Releasing lock on daemon addresses registry.
09:35:32.754 [DEBUG] [org.gradle.process.internal.health.memory.MemoryManager] Emitting OS memory status event {Total: 16440098816, Free: 12573356032}
09:35:32.754 [DEBUG] [org.gradle.launcher.daemon.server.health.LowMemoryDaemonExpirationStrategy] Received memory status update: {Total: 16440098816, Free: 12573356032}
09:35:32.754 [DEBUG] [org.gradle.process.internal.health.memory.MemoryManager] Emitting JVM memory status event {Maximum: 1073741824, Committed: 260046848}
09:35:37.755 [DEBUG] [org.gradle.process.internal.health.memory.MemoryManager] Emitting OS memory status event {Total: 16440098816, Free: 12579758080}
09:35:37.755 [DEBUG] [org.gradle.launcher.daemon.server.health.LowMemoryDaemonExpirationStrategy] Received memory status update: {Total: 16440098816, Free: 12579758080}
09:35:37.755 [DEBUG] [org.gradle.process.internal.health.memory.MemoryManager] Emitting JVM memory status event {Maximum: 1073741824, Committed: 260046848}
09:35:41.711 [DEBUG] [org.gradle.launcher.daemon.server.Daemon] DaemonExpirationPeriodicCheck running
09:35:41.711 [DEBUG] [org.gradle.cache.internal.DefaultFileLockManager] Waiting to acquire shared lock on daemon addresses registry.
09:35:41.711 [DEBUG] [org.gradle.cache.internal.DefaultFileLockManager] Lock acquired on daemon addresses registry.
09:35:41.711 [DEBUG] [org.gradle.cache.internal.DefaultFileLockManager] Releasing lock on daemon addresses registry.
09:35:41.711 [DEBUG] [org.gradle.cache.internal.DefaultFileLockManager] Waiting to acquire shared lock on daemon addresses registry.
09:35:41.711 [DEBUG] [org.gradle.cache.internal.DefaultFileLockManager] Lock acquired on daemon addresses registry.
09:35:41.711 [DEBUG] [org.gradle.cache.internal.DefaultFileLockManager] Releasing lock on daemon addresses registry.
09:35:41.711 [DEBUG] [org.gradle.cache.internal.DefaultFileLockManager] Waiting to acquire shared lock on daemon addresses registry.
09:35:41.711 [DEBUG] [org.gradle.cache.internal.DefaultFileLockManager] Lock acquired on daemon addresses registry.
09:35:41.711 [DEBUG] [org.gradle.cache.internal.DefaultFileLockManager] Releasing lock on daemon addresses registry.
09:35:42.754 [DEBUG] [org.gradle.process.internal.health.memory.MemoryManager] Emitting OS memory status event {Total: 16440098816, Free: 12580274176}
09:35:42.755 [DEBUG] [org.gradle.launcher.daemon.server.health.LowMemoryDaemonExpirationStrategy] Received memory status update: {Total: 16440098816, Free: 12580274176}
09:35:42.755 [DEBUG] [org.gradle.process.internal.health.memory.MemoryManager] Emitting JVM memory status event {Maximum: 1073741824, Committed: 260046848}
09:35:47.755 [DEBUG] [org.gradle.process.internal.health.memory.MemoryManager] Emitting OS memory status event {Total: 16440098816, Free: 12580184064}
09:35:47.755 [DEBUG] [org.gradle.launcher.daemon.server.health.LowMemoryDaemonExpirationStrategy] Received memory status update: {Total: 16440098816, Free: 12580184064}
09:35:47.755 [DEBUG] [org.gradle.process.internal.health.memory.MemoryManager] Emitting JVM memory status event {Maximum: 1073741824, Committed: 260046848}
09:35:51.711 [DEBUG] [org.gradle.launcher.daemon.server.Daemon] DaemonExpirationPeriodicCheck running
09:35:51.711 [DEBUG] [org.gradle.cache.internal.DefaultFileLockManager] Waiting to acquire shared lock on daemon addresses registry.
09:35:51.711 [DEBUG] [org.gradle.cache.internal.DefaultFileLockManager] Lock acquired on daemon addresses registry.
09:35:51.711 [DEBUG] [org.gradle.cache.internal.DefaultFileLockManager] Releasing lock on daemon addresses registry.
09:35:51.711 [DEBUG] [org.gradle.cache.internal.DefaultFileLockManager] Waiting to acquire shared lock on daemon addresses registry.
09:35:51.711 [DEBUG] [org.gradle.cache.internal.DefaultFileLockManager] Lock acquired on daemon addresses registry.
09:35:51.711 [DEBUG] [org.gradle.cache.internal.DefaultFileLockManager] Releasing lock on daemon addresses registry.
09:35:51.711 [DEBUG] [org.gradle.cache.internal.DefaultFileLockManager] Waiting to acquire shared lock on daemon addresses registry.
09:35:51.711 [DEBUG] [org.gradle.cache.internal.DefaultFileLockManager] Lock acquired on daemon addresses registry.
09:35:51.711 [DEBUG] [org.gradle.cache.internal.DefaultFileLockManager] Releasing lock on daemon addresses registry.
09:35:52.754 [DEBUG] [org.gradle.process.internal.health.memory.MemoryManager] Emitting OS memory status event {Total: 16440098816, Free: 12579332096}
09:35:52.754 [DEBUG] [org.gradle.launcher.daemon.server.health.LowMemoryDaemonExpirationStrategy] Received memory status update: {Total: 16440098816, Free: 12579332096}
09:35:52.754 [DEBUG] [org.gradle.process.internal.health.memory.MemoryManager] Emitting JVM memory status event {Maximum: 1073741824, Committed: 260046848}
09:35:57.755 [DEBUG] [org.gradle.process.internal.health.memory.MemoryManager] Emitting OS memory status event {Total: 16440098816, Free: 12578492416}
09:35:57.755 [DEBUG] [org.gradle.launcher.daemon.server.health.LowMemoryDaemonExpirationStrategy] Received memory status update: {Total: 16440098816, Free: 12578492416}
09:35:57.755 [DEBUG] [org.gradle.process.internal.health.memory.MemoryManager] Emitting JVM memory status event {Maximum: 1073741824, Committed: 260046848}
09:36:01.711 [DEBUG] [org.gradle.launcher.daemon.server.Daemon] DaemonExpirationPeriodicCheck running
09:36:01.711 [DEBUG] [org.gradle.cache.internal.DefaultFileLockManager] Waiting to acquire shared lock on daemon addresses registry.
09:36:01.711 [DEBUG] [org.gradle.cache.internal.DefaultFileLockManager] Lock acquired on daemon addresses registry.
09:36:01.711 [DEBUG] [org.gradle.cache.internal.DefaultFileLockManager] Releasing lock on daemon addresses registry.
09:36:01.711 [DEBUG] [org.gradle.cache.internal.DefaultFileLockManager] Waiting to acquire shared lock on daemon addresses registry.
09:36:01.711 [DEBUG] [org.gradle.cache.internal.DefaultFileLockManager] Lock acquired on daemon addresses registry.
09:36:01.711 [DEBUG] [org.gradle.cache.internal.DefaultFileLockManager] Releasing lock on daemon addresses registry.
09:36:01.711 [DEBUG] [org.gradle.cache.internal.DefaultFileLockManager] Waiting to acquire shared lock on daemon addresses registry.
09:36:01.711 [DEBUG] [org.gradle.cache.internal.DefaultFileLockManager] Lock acquired on daemon addresses registry.
09:36:01.711 [DEBUG] [org.gradle.cache.internal.DefaultFileLockManager] Releasing lock on daemon addresses registry.
09:36:02.754 [DEBUG] [org.gradle.process.internal.health.memory.MemoryManager] Emitting OS memory status event {Total: 16440098816, Free: 12577980416}
09:36:02.754 [DEBUG] [org.gradle.launcher.daemon.server.health.LowMemoryDaemonExpirationStrategy] Received memory status update: {Total: 16440098816, Free: 12577980416}
09:36:02.754 [DEBUG] [org.gradle.process.internal.health.memory.MemoryManager] Emitting JVM memory status event {Maximum: 1073741824, Committed: 260046848}
09:36:07.755 [DEBUG] [org.gradle.process.internal.health.memory.MemoryManager] Emitting OS memory status event {Total: 16440098816, Free: 12577464320}
09:36:07.755 [DEBUG] [org.gradle.launcher.daemon.server.health.LowMemoryDaemonExpirationStrategy] Received memory status update: {Total: 16440098816, Free: 12577464320}
09:36:07.755 [DEBUG] [org.gradle.process.internal.health.memory.MemoryManager] Emitting JVM memory status event {Maximum: 1073741824, Committed: 260046848}
09:36:11.711 [DEBUG] [org.gradle.launcher.daemon.server.Daemon] DaemonExpirationPeriodicCheck running
09:36:11.711 [DEBUG] [org.gradle.cache.internal.DefaultFileLockManager] Waiting to acquire shared lock on daemon addresses registry.
09:36:11.711 [DEBUG] [org.gradle.cache.internal.DefaultFileLockManager] Lock acquired on daemon addresses registry.
09:36:11.711 [DEBUG] [org.gradle.cache.internal.DefaultFileLockManager] Releasing lock on daemon addresses registry.
09:36:11.711 [DEBUG] [org.gradle.cache.internal.DefaultFileLockManager] Waiting to acquire shared lock on daemon addresses registry.
09:36:11.711 [DEBUG] [org.gradle.cache.internal.DefaultFileLockManager] Lock acquired on daemon addresses registry.
09:36:11.711 [DEBUG] [org.gradle.cache.internal.DefaultFileLockManager] Releasing lock on daemon addresses registry.
09:36:11.711 [DEBUG] [org.gradle.cache.internal.DefaultFileLockManager] Waiting to acquire shared lock on daemon addresses registry.
09:36:11.711 [DEBUG] [org.gradle.cache.internal.DefaultFileLockManager] Lock acquired on daemon addresses registry.
09:36:11.711 [DEBUG] [org.gradle.cache.internal.DefaultFileLockManager] Releasing lock on daemon addresses registry.
09:36:12.754 [DEBUG] [org.gradle.process.internal.health.memory.MemoryManager] Emitting OS memory status event {Total: 16440098816, Free: 12577468416}
09:36:12.754 [DEBUG] [org.gradle.launcher.daemon.server.health.LowMemoryDaemonExpirationStrategy] Received memory status update: {Total: 16440098816, Free: 12577468416}
09:36:12.754 [DEBUG] [org.gradle.process.internal.health.memory.MemoryManager] Emitting JVM memory status event {Maximum: 1073741824, Committed: 260046848}
09:36:17.755 [DEBUG] [org.gradle.process.internal.health.memory.MemoryManager] Emitting OS memory status event {Total: 16440098816, Free: 12577533952}
09:36:17.755 [DEBUG] [org.gradle.launcher.daemon.server.health.LowMemoryDaemonExpirationStrategy] Received memory status update: {Total: 16440098816, Free: 12577533952}
09:36:17.755 [DEBUG] [org.gradle.process.internal.health.memory.MemoryManager] Emitting JVM memory status event {Maximum: 1073741824, Committed: 260046848}
09:36:21.711 [DEBUG] [org.gradle.launcher.daemon.server.Daemon] DaemonExpirationPeriodicCheck running
09:36:21.711 [DEBUG] [org.gradle.cache.internal.DefaultFileLockManager] Waiting to acquire shared lock on daemon addresses registry.
09:36:21.711 [DEBUG] [org.gradle.cache.internal.DefaultFileLockManager] Lock acquired on daemon addresses registry.
09:36:21.711 [DEBUG] [org.gradle.cache.internal.DefaultFileLockManager] Releasing lock on daemon addresses registry.
09:36:21.711 [DEBUG] [org.gradle.cache.internal.DefaultFileLockManager] Waiting to acquire shared lock on daemon addresses registry.
09:36:21.711 [DEBUG] [org.gradle.cache.internal.DefaultFileLockManager] Lock acquired on daemon addresses registry.
09:36:21.711 [DEBUG] [org.gradle.cache.internal.DefaultFileLockManager] Releasing lock on daemon addresses registry.
09:36:21.711 [DEBUG] [org.gradle.cache.internal.DefaultFileLockManager] Waiting to acquire shared lock on daemon addresses registry.
09:36:21.711 [DEBUG] [org.gradle.cache.internal.DefaultFileLockManager] Lock acquired on daemon addresses registry.
09:36:21.711 [DEBUG] [org.gradle.cache.internal.DefaultFileLockManager] Releasing lock on daemon addresses registry.
09:36:22.754 [DEBUG] [org.gradle.process.internal.health.memory.MemoryManager] Emitting OS memory status event {Total: 16440098816, Free: 12577284096}
09:36:22.754 [DEBUG] [org.gradle.launcher.daemon.server.health.LowMemoryDaemonExpirationStrategy] Received memory status update: {Total: 16440098816, Free: 12577284096}
09:36:22.754 [DEBUG] [org.gradle.process.internal.health.memory.MemoryManager] Emitting JVM memory status event {Maximum: 1073741824, Committed: 260046848}
09:36:27.755 [DEBUG] [org.gradle.process.internal.health.memory.MemoryManager] Emitting OS memory status event {Total: 16440098816, Free: 12577284096}
09:36:27.755 [DEBUG] [org.gradle.launcher.daemon.server.health.LowMemoryDaemonExpirationStrategy] Received memory status update: {Total: 16440098816, Free: 12577284096}
09:36:27.755 [DEBUG] [org.gradle.process.internal.health.memory.MemoryManager] Emitting JVM memory status event {Maximum: 1073741824, Committed: 260046848}
09:36:31.711 [DEBUG] [org.gradle.launcher.daemon.server.Daemon] DaemonExpirationPeriodicCheck running
09:36:31.711 [DEBUG] [org.gradle.cache.internal.DefaultFileLockManager] Waiting to acquire shared lock on daemon addresses registry.
09:36:31.711 [DEBUG] [org.gradle.cache.internal.DefaultFileLockManager] Lock acquired on daemon addresses registry.
09:36:31.711 [DEBUG] [org.gradle.cache.internal.DefaultFileLockManager] Releasing lock on daemon addresses registry.
09:36:31.711 [DEBUG] [org.gradle.cache.internal.DefaultFileLockManager] Waiting to acquire shared lock on daemon addresses registry.
09:36:31.711 [DEBUG] [org.gradle.cache.internal.DefaultFileLockManager] Lock acquired on daemon addresses registry.
09:36:31.711 [DEBUG] [org.gradle.cache.internal.DefaultFileLockManager] Releasing lock on daemon addresses registry.
09:36:31.711 [DEBUG] [org.gradle.cache.internal.DefaultFileLockManager] Waiting to acquire shared lock on daemon addresses registry.
09:36:31.711 [DEBUG] [org.gradle.cache.internal.DefaultFileLockManager] Lock acquired on daemon addresses registry.
09:36:31.711 [DEBUG] [org.gradle.cache.internal.DefaultFileLockManager] Releasing lock on daemon addresses registry.
09:36:32.755 [DEBUG] [org.gradle.process.internal.health.memory.MemoryManager] Emitting OS memory status event {Total: 16440098816, Free: 12577132544}
09:36:32.755 [DEBUG] [org.gradle.launcher.daemon.server.health.LowMemoryDaemonExpirationStrategy] Received memory status update: {Total: 16440098816, Free: 12577132544}
09:36:32.755 [DEBUG] [org.gradle.process.internal.health.memory.MemoryManager] Emitting JVM memory status event {Maximum: 1073741824, Committed: 260046848}
09:36:37.755 [DEBUG] [org.gradle.process.internal.health.memory.MemoryManager] Emitting OS memory status event {Total: 16440098816, Free: 12579201024}
09:36:37.755 [DEBUG] [org.gradle.launcher.daemon.server.health.LowMemoryDaemonExpirationStrategy] Received memory status update: {Total: 16440098816, Free: 12579201024}
09:36:37.755 [DEBUG] [org.gradle.process.internal.health.memory.MemoryManager] Emitting JVM memory status event {Maximum: 1073741824, Committed: 260046848}
09:36:41.711 [DEBUG] [org.gradle.launcher.daemon.server.Daemon] DaemonExpirationPeriodicCheck running
09:36:41.711 [DEBUG] [org.gradle.cache.internal.DefaultFileLockManager] Waiting to acquire shared lock on daemon addresses registry.
09:36:41.711 [DEBUG] [org.gradle.cache.internal.DefaultFileLockManager] Lock acquired on daemon addresses registry.
09:36:41.711 [DEBUG] [org.gradle.cache.internal.DefaultFileLockManager] Releasing lock on daemon addresses registry.
09:36:41.711 [DEBUG] [org.gradle.cache.internal.DefaultFileLockManager] Waiting to acquire shared lock on daemon addresses registry.
09:36:41.711 [DEBUG] [org.gradle.cache.internal.DefaultFileLockManager] Lock acquired on daemon addresses registry.
09:36:41.711 [DEBUG] [org.gradle.cache.internal.DefaultFileLockManager] Releasing lock on daemon addresses registry.
09:36:41.711 [DEBUG] [org.gradle.cache.internal.DefaultFileLockManager] Waiting to acquire shared lock on daemon addresses registry.
09:36:41.711 [DEBUG] [org.gradle.cache.internal.DefaultFileLockManager] Lock acquired on daemon addresses registry.
09:36:41.711 [DEBUG] [org.gradle.cache.internal.DefaultFileLockManager] Releasing lock on daemon addresses registry.
09:36:42.754 [DEBUG] [org.gradle.process.internal.health.memory.MemoryManager] Emitting OS memory status event {Total: 16440098816, Free: 12578426880}
09:36:42.754 [DEBUG] [org.gradle.launcher.daemon.server.health.LowMemoryDaemonExpirationStrategy] Received memory status update: {Total: 16440098816, Free: 12578426880}
09:36:42.754 [DEBUG] [org.gradle.process.internal.health.memory.MemoryManager] Emitting JVM memory status event {Maximum: 1073741824, Committed: 260046848}
09:36:47.755 [DEBUG] [org.gradle.process.internal.health.memory.MemoryManager] Emitting OS memory status event {Total: 16440098816, Free: 12576878592}
09:36:47.755 [DEBUG] [org.gradle.launcher.daemon.server.health.LowMemoryDaemonExpirationStrategy] Received memory status update: {Total: 16440098816, Free: 12576878592}
09:36:47.755 [DEBUG] [org.gradle.process.internal.health.memory.MemoryManager] Emitting JVM memory status event {Maximum: 1073741824, Committed: 260046848}
09:36:51.711 [DEBUG] [org.gradle.launcher.daemon.server.Daemon] DaemonExpirationPeriodicCheck running
09:36:51.711 [DEBUG] [org.gradle.cache.internal.DefaultFileLockManager] Waiting to acquire shared lock on daemon addresses registry.
09:36:51.711 [DEBUG] [org.gradle.cache.internal.DefaultFileLockManager] Lock acquired on daemon addresses registry.
09:36:51.711 [DEBUG] [org.gradle.cache.internal.DefaultFileLockManager] Releasing lock on daemon addresses registry.
09:36:51.711 [DEBUG] [org.gradle.cache.internal.DefaultFileLockManager] Waiting to acquire shared lock on daemon addresses registry.
09:36:51.711 [DEBUG] [org.gradle.cache.internal.DefaultFileLockManager] Lock acquired on daemon addresses registry.
09:36:51.711 [DEBUG] [org.gradle.cache.internal.DefaultFileLockManager] Releasing lock on daemon addresses registry.
09:36:51.711 [DEBUG] [org.gradle.cache.internal.DefaultFileLockManager] Waiting to acquire shared lock on daemon addresses registry.
09:36:51.711 [DEBUG] [org.gradle.cache.internal.DefaultFileLockManager] Lock acquired on daemon addresses registry.
09:36:51.711 [DEBUG] [org.gradle.cache.internal.DefaultFileLockManager] Releasing lock on daemon addresses registry.
09:36:52.754 [DEBUG] [org.gradle.process.internal.health.memory.MemoryManager] Emitting OS memory status event {Total: 16440098816, Free: 12576276480}
09:36:52.754 [DEBUG] [org.gradle.launcher.daemon.server.health.LowMemoryDaemonExpirationStrategy] Received memory status update: {Total: 16440098816, Free: 12576276480}
09:36:52.754 [DEBUG] [org.gradle.process.internal.health.memory.MemoryManager] Emitting JVM memory status event {Maximum: 1073741824, Committed: 260046848}
09:36:57.755 [DEBUG] [org.gradle.process.internal.health.memory.MemoryManager] Emitting OS memory status event {Total: 16440098816, Free: 12576292864}
09:36:57.755 [DEBUG] [org.gradle.launcher.daemon.server.health.LowMemoryDaemonExpirationStrategy] Received memory status update: {Total: 16440098816, Free: 12576292864}
09:36:57.755 [DEBUG] [org.gradle.process.internal.health.memory.MemoryManager] Emitting JVM memory status event {Maximum: 1073741824, Committed: 260046848}
09:37:01.711 [DEBUG] [org.gradle.launcher.daemon.server.Daemon] DaemonExpirationPeriodicCheck running
09:37:01.711 [DEBUG] [org.gradle.cache.internal.DefaultFileLockManager] Waiting to acquire shared lock on daemon addresses registry.
09:37:01.711 [DEBUG] [org.gradle.cache.internal.DefaultFileLockManager] Lock acquired on daemon addresses registry.
09:37:01.711 [DEBUG] [org.gradle.cache.internal.DefaultFileLockManager] Releasing lock on daemon addresses registry.
09:37:01.711 [DEBUG] [org.gradle.cache.internal.DefaultFileLockManager] Waiting to acquire shared lock on daemon addresses registry.
09:37:01.711 [DEBUG] [org.gradle.cache.internal.DefaultFileLockManager] Lock acquired on daemon addresses registry.
09:37:01.711 [DEBUG] [org.gradle.cache.internal.DefaultFileLockManager] Releasing lock on daemon addresses registry.
09:37:01.711 [DEBUG] [org.gradle.cache.internal.DefaultFileLockManager] Waiting to acquire shared lock on daemon addresses registry.
09:37:01.711 [DEBUG] [org.gradle.cache.internal.DefaultFileLockManager] Lock acquired on daemon addresses registry.
09:37:01.711 [DEBUG] [org.gradle.cache.internal.DefaultFileLockManager] Releasing lock on daemon addresses registry.
09:37:02.754 [DEBUG] [org.gradle.process.internal.health.memory.MemoryManager] Emitting OS memory status event {Total: 16440098816, Free: 12576301056}
09:37:02.754 [DEBUG] [org.gradle.launcher.daemon.server.health.LowMemoryDaemonExpirationStrategy] Received memory status update: {Total: 16440098816, Free: 12576301056}
09:37:02.754 [DEBUG] [org.gradle.process.internal.health.memory.MemoryManager] Emitting JVM memory status event {Maximum: 1073741824, Committed: 260046848}
09:37:07.755 [DEBUG] [org.gradle.process.internal.health.memory.MemoryManager] Emitting OS memory status event {Total: 16440098816, Free: 12580589568}
09:37:07.755 [DEBUG] [org.gradle.launcher.daemon.server.health.LowMemoryDaemonExpirationStrategy] Received memory status update: {Total: 16440098816, Free: 12580589568}
09:37:07.755 [DEBUG] [org.gradle.process.internal.health.memory.MemoryManager] Emitting JVM memory status event {Maximum: 1073741824, Committed: 260046848}
09:37:11.711 [DEBUG] [org.gradle.launcher.daemon.server.Daemon] DaemonExpirationPeriodicCheck running
09:37:11.711 [DEBUG] [org.gradle.cache.internal.DefaultFileLockManager] Waiting to acquire shared lock on daemon addresses registry.
09:37:11.711 [DEBUG] [org.gradle.cache.internal.DefaultFileLockManager] Lock acquired on daemon addresses registry.
09:37:11.711 [DEBUG] [org.gradle.cache.internal.DefaultFileLockManager] Releasing lock on daemon addresses registry.
09:37:11.711 [DEBUG] [org.gradle.cache.internal.DefaultFileLockManager] Waiting to acquire shared lock on daemon addresses registry.
09:37:11.711 [DEBUG] [org.gradle.cache.internal.DefaultFileLockManager] Lock acquired on daemon addresses registry.
09:37:11.711 [DEBUG] [org.gradle.cache.internal.DefaultFileLockManager] Releasing lock on daemon addresses registry.
09:37:11.711 [DEBUG] [org.gradle.cache.internal.DefaultFileLockManager] Waiting to acquire shared lock on daemon addresses registry.
09:37:11.711 [DEBUG] [org.gradle.cache.internal.DefaultFileLockManager] Lock acquired on daemon addresses registry.
09:37:11.711 [DEBUG] [org.gradle.cache.internal.DefaultFileLockManager] Releasing lock on daemon addresses registry.
09:37:12.754 [DEBUG] [org.gradle.process.internal.health.memory.MemoryManager] Emitting OS memory status event {Total: 16440098816, Free: 12577886208}
09:37:12.754 [DEBUG] [org.gradle.launcher.daemon.server.health.LowMemoryDaemonExpirationStrategy] Received memory status update: {Total: 16440098816, Free: 12577886208}
09:37:12.754 [DEBUG] [org.gradle.process.internal.health.memory.MemoryManager] Emitting JVM memory status event {Maximum: 1073741824, Committed: 260046848}
09:37:17.755 [DEBUG] [org.gradle.process.internal.health.memory.MemoryManager] Emitting OS memory status event {Total: 16440098816, Free: 12577886208}
09:37:17.755 [DEBUG] [org.gradle.launcher.daemon.server.health.LowMemoryDaemonExpirationStrategy] Received memory status update: {Total: 16440098816, Free: 12577886208}
09:37:17.755 [DEBUG] [org.gradle.process.internal.health.memory.MemoryManager] Emitting JVM memory status event {Maximum: 1073741824, Committed: 260046848}
09:37:21.711 [DEBUG] [org.gradle.launcher.daemon.server.Daemon] DaemonExpirationPeriodicCheck running
09:37:21.711 [DEBUG] [org.gradle.cache.internal.DefaultFileLockManager] Waiting to acquire shared lock on daemon addresses registry.
09:37:21.711 [DEBUG] [org.gradle.cache.internal.DefaultFileLockManager] Lock acquired on daemon addresses registry.
09:37:21.711 [DEBUG] [org.gradle.cache.internal.DefaultFileLockManager] Releasing lock on daemon addresses registry.
09:37:21.711 [DEBUG] [org.gradle.cache.internal.DefaultFileLockManager] Waiting to acquire shared lock on daemon addresses registry.
09:37:21.711 [DEBUG] [org.gradle.cache.internal.DefaultFileLockManager] Lock acquired on daemon addresses registry.
09:37:21.711 [DEBUG] [org.gradle.cache.internal.DefaultFileLockManager] Releasing lock on daemon addresses registry.
09:37:21.711 [DEBUG] [org.gradle.cache.internal.DefaultFileLockManager] Waiting to acquire shared lock on daemon addresses registry.
09:37:21.711 [DEBUG] [org.gradle.cache.internal.DefaultFileLockManager] Lock acquired on daemon addresses registry.
09:37:21.711 [DEBUG] [org.gradle.cache.internal.DefaultFileLockManager] Releasing lock on daemon addresses registry.
09:37:22.754 [DEBUG] [org.gradle.process.internal.health.memory.MemoryManager] Emitting OS memory status event {Total: 16440098816, Free: 12579430400}
09:37:22.754 [DEBUG] [org.gradle.launcher.daemon.server.health.LowMemoryDaemonExpirationStrategy] Received memory status update: {Total: 16440098816, Free: 12579430400}
09:37:22.754 [DEBUG] [org.gradle.process.internal.health.memory.MemoryManager] Emitting JVM memory status event {Maximum: 1073741824, Committed: 260046848}
09:37:27.755 [DEBUG] [org.gradle.process.internal.health.memory.MemoryManager] Emitting OS memory status event {Total: 16440098816, Free: 12579840000}
09:37:27.755 [DEBUG] [org.gradle.launcher.daemon.server.health.LowMemoryDaemonExpirationStrategy] Received memory status update: {Total: 16440098816, Free: 12579840000}
09:37:27.755 [DEBUG] [org.gradle.process.internal.health.memory.MemoryManager] Emitting JVM memory status event {Maximum: 1073741824, Committed: 260046848}
09:37:31.711 [DEBUG] [org.gradle.launcher.daemon.server.Daemon] DaemonExpirationPeriodicCheck running
09:37:31.711 [DEBUG] [org.gradle.cache.internal.DefaultFileLockManager] Waiting to acquire shared lock on daemon addresses registry.
09:37:31.711 [DEBUG] [org.gradle.cache.internal.DefaultFileLockManager] Lock acquired on daemon addresses registry.
09:37:31.711 [DEBUG] [org.gradle.cache.internal.DefaultFileLockManager] Releasing lock on daemon addresses registry.
09:37:31.711 [DEBUG] [org.gradle.cache.internal.DefaultFileLockManager] Waiting to acquire shared lock on daemon addresses registry.
09:37:31.711 [DEBUG] [org.gradle.cache.internal.DefaultFileLockManager] Lock acquired on daemon addresses registry.
09:37:31.711 [DEBUG] [org.gradle.cache.internal.DefaultFileLockManager] Releasing lock on daemon addresses registry.
09:37:31.711 [DEBUG] [org.gradle.cache.internal.DefaultFileLockManager] Waiting to acquire shared lock on daemon addresses registry.
09:37:31.711 [DEBUG] [org.gradle.cache.internal.DefaultFileLockManager] Lock acquired on daemon addresses registry.
09:37:31.711 [DEBUG] [org.gradle.cache.internal.DefaultFileLockManager] Releasing lock on daemon addresses registry.
09:37:32.754 [DEBUG] [org.gradle.process.internal.health.memory.MemoryManager] Emitting OS memory status event {Total: 16440098816, Free: 12579377152}
09:37:32.754 [DEBUG] [org.gradle.launcher.daemon.server.health.LowMemoryDaemonExpirationStrategy] Received memory status update: {Total: 16440098816, Free: 12579377152}
09:37:32.754 [DEBUG] [org.gradle.process.internal.health.memory.MemoryManager] Emitting JVM memory status event {Maximum: 1073741824, Committed: 260046848}
09:37:37.755 [DEBUG] [org.gradle.process.internal.health.memory.MemoryManager] Emitting OS memory status event {Total: 16440098816, Free: 12583600128}
09:37:37.755 [DEBUG] [org.gradle.launcher.daemon.server.health.LowMemoryDaemonExpirationStrategy] Received memory status update: {Total: 16440098816, Free: 12583600128}
09:37:37.755 [DEBUG] [org.gradle.process.internal.health.memory.MemoryManager] Emitting JVM memory status event {Maximum: 1073741824, Committed: 260046848}
09:37:41.711 [DEBUG] [org.gradle.launcher.daemon.server.Daemon] DaemonExpirationPeriodicCheck running
09:37:41.711 [DEBUG] [org.gradle.cache.internal.DefaultFileLockManager] Waiting to acquire shared lock on daemon addresses registry.
09:37:41.711 [DEBUG] [org.gradle.cache.internal.DefaultFileLockManager] Lock acquired on daemon addresses registry.
09:37:41.711 [DEBUG] [org.gradle.cache.internal.DefaultFileLockManager] Releasing lock on daemon addresses registry.
09:37:41.711 [DEBUG] [org.gradle.cache.internal.DefaultFileLockManager] Waiting to acquire shared lock on daemon addresses registry.
09:37:41.711 [DEBUG] [org.gradle.cache.internal.DefaultFileLockManager] Lock acquired on daemon addresses registry.
09:37:41.711 [DEBUG] [org.gradle.cache.internal.DefaultFileLockManager] Releasing lock on daemon addresses registry.
09:37:41.711 [DEBUG] [org.gradle.cache.internal.DefaultFileLockManager] Waiting to acquire shared lock on daemon addresses registry.
09:37:41.711 [DEBUG] [org.gradle.cache.internal.DefaultFileLockManager] Lock acquired on daemon addresses registry.
09:37:41.711 [DEBUG] [org.gradle.cache.internal.DefaultFileLockManager] Releasing lock on daemon addresses registry.
09:37:42.754 [DEBUG] [org.gradle.process.internal.health.memory.MemoryManager] Emitting OS memory status event {Total: 16440098816, Free: 12583374848}
09:37:42.754 [DEBUG] [org.gradle.launcher.daemon.server.health.LowMemoryDaemonExpirationStrategy] Received memory status update: {Total: 16440098816, Free: 12583374848}
09:37:42.754 [DEBUG] [org.gradle.process.internal.health.memory.MemoryManager] Emitting JVM memory status event {Maximum: 1073741824, Committed: 260046848}
09:37:47.755 [DEBUG] [org.gradle.process.internal.health.memory.MemoryManager] Emitting OS memory status event {Total: 16440098816, Free: 12582699008}
09:37:47.755 [DEBUG] [org.gradle.launcher.daemon.server.health.LowMemoryDaemonExpirationStrategy] Received memory status update: {Total: 16440098816, Free: 12582699008}
09:37:47.755 [DEBUG] [org.gradle.process.internal.health.memory.MemoryManager] Emitting JVM memory status event {Maximum: 1073741824, Committed: 260046848}
09:37:51.711 [DEBUG] [org.gradle.launcher.daemon.server.Daemon] DaemonExpirationPeriodicCheck running
09:37:51.711 [DEBUG] [org.gradle.cache.internal.DefaultFileLockManager] Waiting to acquire shared lock on daemon addresses registry.
09:37:51.711 [DEBUG] [org.gradle.cache.internal.DefaultFileLockManager] Lock acquired on daemon addresses registry.
09:37:51.711 [DEBUG] [org.gradle.cache.internal.DefaultFileLockManager] Releasing lock on daemon addresses registry.
09:37:51.711 [DEBUG] [org.gradle.cache.internal.DefaultFileLockManager] Waiting to acquire shared lock on daemon addresses registry.
09:37:51.711 [DEBUG] [org.gradle.cache.internal.DefaultFileLockManager] Lock acquired on daemon addresses registry.
09:37:51.711 [DEBUG] [org.gradle.cache.internal.DefaultFileLockManager] Releasing lock on daemon addresses registry.
09:37:51.711 [DEBUG] [org.gradle.cache.internal.DefaultFileLockManager] Waiting to acquire shared lock on daemon addresses registry.
09:37:51.711 [DEBUG] [org.gradle.cache.internal.DefaultFileLockManager] Lock acquired on daemon addresses registry.
09:37:51.711 [DEBUG] [org.gradle.cache.internal.DefaultFileLockManager] Releasing lock on daemon addresses registry.
09:37:52.754 [DEBUG] [org.gradle.process.internal.health.memory.MemoryManager] Emitting OS memory status event {Total: 16440098816, Free: 12582199296}
09:37:52.754 [DEBUG] [org.gradle.launcher.daemon.server.health.LowMemoryDaemonExpirationStrategy] Received memory status update: {Total: 16440098816, Free: 12582199296}
09:37:52.754 [DEBUG] [org.gradle.process.internal.health.memory.MemoryManager] Emitting JVM memory status event {Maximum: 1073741824, Committed: 260046848}
09:37:57.755 [DEBUG] [org.gradle.process.internal.health.memory.MemoryManager] Emitting OS memory status event {Total: 16440098816, Free: 12582084608}
09:37:57.755 [DEBUG] [org.gradle.launcher.daemon.server.health.LowMemoryDaemonExpirationStrategy] Received memory status update: {Total: 16440098816, Free: 12582084608}
09:37:57.755 [DEBUG] [org.gradle.process.internal.health.memory.MemoryManager] Emitting JVM memory status event {Maximum: 1073741824, Committed: 260046848}
09:38:01.711 [DEBUG] [org.gradle.launcher.daemon.server.Daemon] DaemonExpirationPeriodicCheck running
09:38:01.711 [DEBUG] [org.gradle.cache.internal.DefaultFileLockManager] Waiting to acquire shared lock on daemon addresses registry.
09:38:01.711 [DEBUG] [org.gradle.cache.internal.DefaultFileLockManager] Lock acquired on daemon addresses registry.
09:38:01.711 [DEBUG] [org.gradle.cache.internal.DefaultFileLockManager] Releasing lock on daemon addresses registry.
09:38:01.711 [DEBUG] [org.gradle.cache.internal.DefaultFileLockManager] Waiting to acquire shared lock on daemon addresses registry.
09:38:01.711 [DEBUG] [org.gradle.cache.internal.DefaultFileLockManager] Lock acquired on daemon addresses registry.
09:38:01.711 [DEBUG] [org.gradle.cache.internal.DefaultFileLockManager] Releasing lock on daemon addresses registry.
09:38:01.711 [DEBUG] [org.gradle.cache.internal.DefaultFileLockManager] Waiting to acquire shared lock on daemon addresses registry.
09:38:01.711 [DEBUG] [org.gradle.cache.internal.DefaultFileLockManager] Lock acquired on daemon addresses registry.
09:38:01.711 [DEBUG] [org.gradle.cache.internal.DefaultFileLockManager] Releasing lock on daemon addresses registry.
09:38:02.754 [DEBUG] [org.gradle.process.internal.health.memory.MemoryManager] Emitting OS memory status event {Total: 16440098816, Free: 12581851136}
09:38:02.754 [DEBUG] [org.gradle.launcher.daemon.server.health.LowMemoryDaemonExpirationStrategy] Received memory status update: {Total: 16440098816, Free: 12581851136}
09:38:02.754 [DEBUG] [org.gradle.process.internal.health.memory.MemoryManager] Emitting JVM memory status event {Maximum: 1073741824, Committed: 260046848}
09:38:07.755 [DEBUG] [org.gradle.process.internal.health.memory.MemoryManager] Emitting OS memory status event {Total: 16440098816, Free: 12583628800}
09:38:07.755 [DEBUG] [org.gradle.launcher.daemon.server.health.LowMemoryDaemonExpirationStrategy] Received memory status update: {Total: 16440098816, Free: 12583628800}
09:38:07.755 [DEBUG] [org.gradle.process.internal.health.memory.MemoryManager] Emitting JVM memory status event {Maximum: 1073741824, Committed: 260046848}
09:38:11.711 [DEBUG] [org.gradle.launcher.daemon.server.Daemon] DaemonExpirationPeriodicCheck running
09:38:11.711 [DEBUG] [org.gradle.cache.internal.DefaultFileLockManager] Waiting to acquire shared lock on daemon addresses registry.
09:38:11.711 [DEBUG] [org.gradle.cache.internal.DefaultFileLockManager] Lock acquired on daemon addresses registry.
09:38:11.711 [DEBUG] [org.gradle.cache.internal.DefaultFileLockManager] Releasing lock on daemon addresses registry.
09:38:11.711 [DEBUG] [org.gradle.cache.internal.DefaultFileLockManager] Waiting to acquire shared lock on daemon addresses registry.
09:38:11.711 [DEBUG] [org.gradle.cache.internal.DefaultFileLockManager] Lock acquired on daemon addresses registry.
09:38:11.711 [DEBUG] [org.gradle.cache.internal.DefaultFileLockManager] Releasing lock on daemon addresses registry.
09:38:11.711 [DEBUG] [org.gradle.cache.internal.DefaultFileLockManager] Waiting to acquire shared lock on daemon addresses registry.
09:38:11.711 [DEBUG] [org.gradle.cache.internal.DefaultFileLockManager] Lock acquired on daemon addresses registry.
09:38:11.711 [DEBUG] [org.gradle.cache.internal.DefaultFileLockManager] Releasing lock on daemon addresses registry.
09:38:12.754 [DEBUG] [org.gradle.process.internal.health.memory.MemoryManager] Emitting OS memory status event {Total: 16440098816, Free: 12583342080}
09:38:12.754 [DEBUG] [org.gradle.launcher.daemon.server.health.LowMemoryDaemonExpirationStrategy] Received memory status update: {Total: 16440098816, Free: 12583342080}
09:38:12.754 [DEBUG] [org.gradle.process.internal.health.memory.MemoryManager] Emitting JVM memory status event {Maximum: 1073741824, Committed: 260046848}
09:38:17.755 [DEBUG] [org.gradle.process.internal.health.memory.MemoryManager] Emitting OS memory status event {Total: 16440098816, Free: 12583182336}
09:38:17.755 [DEBUG] [org.gradle.launcher.daemon.server.health.LowMemoryDaemonExpirationStrategy] Received memory status update: {Total: 16440098816, Free: 12583182336}
09:38:17.755 [DEBUG] [org.gradle.process.internal.health.memory.MemoryManager] Emitting JVM memory status event {Maximum: 1073741824, Committed: 260046848}
09:38:21.711 [DEBUG] [org.gradle.launcher.daemon.server.Daemon] DaemonExpirationPeriodicCheck running
09:38:21.711 [DEBUG] [org.gradle.cache.internal.DefaultFileLockManager] Waiting to acquire shared lock on daemon addresses registry.
09:38:21.711 [DEBUG] [org.gradle.cache.internal.DefaultFileLockManager] Lock acquired on daemon addresses registry.
09:38:21.711 [DEBUG] [org.gradle.cache.internal.DefaultFileLockManager] Releasing lock on daemon addresses registry.
09:38:21.711 [DEBUG] [org.gradle.cache.internal.DefaultFileLockManager] Waiting to acquire shared lock on daemon addresses registry.
09:38:21.711 [DEBUG] [org.gradle.cache.internal.DefaultFileLockManager] Lock acquired on daemon addresses registry.
09:38:21.711 [DEBUG] [org.gradle.cache.internal.DefaultFileLockManager] Releasing lock on daemon addresses registry.
09:38:21.711 [DEBUG] [org.gradle.cache.internal.DefaultFileLockManager] Waiting to acquire shared lock on daemon addresses registry.
09:38:21.711 [DEBUG] [org.gradle.cache.internal.DefaultFileLockManager] Lock acquired on daemon addresses registry.
09:38:21.711 [DEBUG] [org.gradle.cache.internal.DefaultFileLockManager] Releasing lock on daemon addresses registry.
09:38:22.754 [DEBUG] [org.gradle.process.internal.health.memory.MemoryManager] Emitting OS memory status event {Total: 16440098816, Free: 12582932480}
09:38:22.754 [DEBUG] [org.gradle.launcher.daemon.server.health.LowMemoryDaemonExpirationStrategy] Received memory status update: {Total: 16440098816, Free: 12582932480}
09:38:22.754 [DEBUG] [org.gradle.process.internal.health.memory.MemoryManager] Emitting JVM memory status event {Maximum: 1073741824, Committed: 260046848}
09:38:27.755 [DEBUG] [org.gradle.process.internal.health.memory.MemoryManager] Emitting OS memory status event {Total: 16440098816, Free: 12582780928}
09:38:27.755 [DEBUG] [org.gradle.launcher.daemon.server.health.LowMemoryDaemonExpirationStrategy] Received memory status update: {Total: 16440098816, Free: 12582780928}
09:38:27.755 [DEBUG] [org.gradle.process.internal.health.memory.MemoryManager] Emitting JVM memory status event {Maximum: 1073741824, Committed: 260046848}
09:38:31.711 [DEBUG] [org.gradle.launcher.daemon.server.Daemon] DaemonExpirationPeriodicCheck running
09:38:31.711 [DEBUG] [org.gradle.cache.internal.DefaultFileLockManager] Waiting to acquire shared lock on daemon addresses registry.
09:38:31.711 [DEBUG] [org.gradle.cache.internal.DefaultFileLockManager] Lock acquired on daemon addresses registry.
09:38:31.711 [DEBUG] [org.gradle.cache.internal.DefaultFileLockManager] Releasing lock on daemon addresses registry.
09:38:31.711 [DEBUG] [org.gradle.cache.internal.DefaultFileLockManager] Waiting to acquire shared lock on daemon addresses registry.
09:38:31.711 [DEBUG] [org.gradle.cache.internal.DefaultFileLockManager] Lock acquired on daemon addresses registry.
09:38:31.711 [DEBUG] [org.gradle.cache.internal.DefaultFileLockManager] Releasing lock on daemon addresses registry.
09:38:31.711 [DEBUG] [org.gradle.cache.internal.DefaultFileLockManager] Waiting to acquire shared lock on daemon addresses registry.
09:38:31.711 [DEBUG] [org.gradle.cache.internal.DefaultFileLockManager] Lock acquired on daemon addresses registry.
09:38:31.711 [DEBUG] [org.gradle.cache.internal.DefaultFileLockManager] Releasing lock on daemon addresses registry.
09:38:32.754 [DEBUG] [org.gradle.process.internal.health.memory.MemoryManager] Emitting OS memory status event {Total: 16440098816, Free: 12582797312}
09:38:32.754 [DEBUG] [org.gradle.launcher.daemon.server.health.LowMemoryDaemonExpirationStrategy] Received memory status update: {Total: 16440098816, Free: 12582797312}
09:38:32.754 [DEBUG] [org.gradle.process.internal.health.memory.MemoryManager] Emitting JVM memory status event {Maximum: 1073741824, Committed: 260046848}
09:38:37.755 [DEBUG] [org.gradle.process.internal.health.memory.MemoryManager] Emitting OS memory status event {Total: 16440098816, Free: 12582830080}
09:38:37.755 [DEBUG] [org.gradle.launcher.daemon.server.health.LowMemoryDaemonExpirationStrategy] Received memory status update: {Total: 16440098816, Free: 12582830080}
09:38:37.755 [DEBUG] [org.gradle.process.internal.health.memory.MemoryManager] Emitting JVM memory status event {Maximum: 1073741824, Committed: 260046848}
09:38:41.711 [DEBUG] [org.gradle.launcher.daemon.server.Daemon] DaemonExpirationPeriodicCheck running
09:38:41.711 [DEBUG] [org.gradle.cache.internal.DefaultFileLockManager] Waiting to acquire shared lock on daemon addresses registry.
09:38:41.711 [DEBUG] [org.gradle.cache.internal.DefaultFileLockManager] Lock acquired on daemon addresses registry.
09:38:41.711 [DEBUG] [org.gradle.cache.internal.DefaultFileLockManager] Releasing lock on daemon addresses registry.
09:38:41.711 [DEBUG] [org.gradle.cache.internal.DefaultFileLockManager] Waiting to acquire shared lock on daemon addresses registry.
09:38:41.711 [DEBUG] [org.gradle.cache.internal.DefaultFileLockManager] Lock acquired on daemon addresses registry.
09:38:41.711 [DEBUG] [org.gradle.cache.internal.DefaultFileLockManager] Releasing lock on daemon addresses registry.
09:38:41.711 [DEBUG] [org.gradle.cache.internal.DefaultFileLockManager] Waiting to acquire shared lock on daemon addresses registry.
09:38:41.711 [DEBUG] [org.gradle.cache.internal.DefaultFileLockManager] Lock acquired on daemon addresses registry.
09:38:41.711 [DEBUG] [org.gradle.cache.internal.DefaultFileLockManager] Releasing lock on daemon addresses registry.
09:38:42.754 [DEBUG] [org.gradle.process.internal.health.memory.MemoryManager] Emitting OS memory status event {Total: 16440098816, Free: 12585959424}
09:38:42.754 [DEBUG] [org.gradle.launcher.daemon.server.health.LowMemoryDaemonExpirationStrategy] Received memory status update: {Total: 16440098816, Free: 12585959424}
09:38:42.754 [DEBUG] [org.gradle.process.internal.health.memory.MemoryManager] Emitting JVM memory status event {Maximum: 1073741824, Committed: 260046848}
09:38:47.755 [DEBUG] [org.gradle.process.internal.health.memory.MemoryManager] Emitting OS memory status event {Total: 16440098816, Free: 12589481984}
09:38:47.755 [DEBUG] [org.gradle.launcher.daemon.server.health.LowMemoryDaemonExpirationStrategy] Received memory status update: {Total: 16440098816, Free: 12589481984}
09:38:47.755 [DEBUG] [org.gradle.process.internal.health.memory.MemoryManager] Emitting JVM memory status event {Maximum: 1073741824, Committed: 260046848}
09:38:51.711 [DEBUG] [org.gradle.launcher.daemon.server.Daemon] DaemonExpirationPeriodicCheck running
09:38:51.711 [DEBUG] [org.gradle.cache.internal.DefaultFileLockManager] Waiting to acquire shared lock on daemon addresses registry.
09:38:51.711 [DEBUG] [org.gradle.cache.internal.DefaultFileLockManager] Lock acquired on daemon addresses registry.
09:38:51.711 [DEBUG] [org.gradle.cache.internal.DefaultFileLockManager] Releasing lock on daemon addresses registry.
09:38:51.711 [DEBUG] [org.gradle.cache.internal.DefaultFileLockManager] Waiting to acquire shared lock on daemon addresses registry.
09:38:51.711 [DEBUG] [org.gradle.cache.internal.DefaultFileLockManager] Lock acquired on daemon addresses registry.
09:38:51.711 [DEBUG] [org.gradle.cache.internal.DefaultFileLockManager] Releasing lock on daemon addresses registry.
09:38:51.711 [DEBUG] [org.gradle.cache.internal.DefaultFileLockManager] Waiting to acquire shared lock on daemon addresses registry.
09:38:51.711 [DEBUG] [org.gradle.cache.internal.DefaultFileLockManager] Lock acquired on daemon addresses registry.
09:38:51.711 [DEBUG] [org.gradle.cache.internal.DefaultFileLockManager] Releasing lock on daemon addresses registry.
09:38:52.754 [DEBUG] [org.gradle.process.internal.health.memory.MemoryManager] Emitting OS memory status event {Total: 16440098816, Free: 12588982272}
09:38:52.754 [DEBUG] [org.gradle.launcher.daemon.server.health.LowMemoryDaemonExpirationStrategy] Received memory status update: {Total: 16440098816, Free: 12588982272}
09:38:52.754 [DEBUG] [org.gradle.process.internal.health.memory.MemoryManager] Emitting JVM memory status event {Maximum: 1073741824, Committed: 260046848}
09:38:57.755 [DEBUG] [org.gradle.process.internal.health.memory.MemoryManager] Emitting OS memory status event {Total: 16440098816, Free: 12588994560}
09:38:57.755 [DEBUG] [org.gradle.launcher.daemon.server.health.LowMemoryDaemonExpirationStrategy] Received memory status update: {Total: 16440098816, Free: 12588994560}
09:38:57.755 [DEBUG] [org.gradle.process.internal.health.memory.MemoryManager] Emitting JVM memory status event {Maximum: 1073741824, Committed: 260046848}
09:39:01.711 [DEBUG] [org.gradle.launcher.daemon.server.Daemon] DaemonExpirationPeriodicCheck running
09:39:01.711 [DEBUG] [org.gradle.cache.internal.DefaultFileLockManager] Waiting to acquire shared lock on daemon addresses registry.
09:39:01.711 [DEBUG] [org.gradle.cache.internal.DefaultFileLockManager] Lock acquired on daemon addresses registry.
09:39:01.711 [DEBUG] [org.gradle.cache.internal.DefaultFileLockManager] Releasing lock on daemon addresses registry.
09:39:01.711 [DEBUG] [org.gradle.cache.internal.DefaultFileLockManager] Waiting to acquire shared lock on daemon addresses registry.
09:39:01.711 [DEBUG] [org.gradle.cache.internal.DefaultFileLockManager] Lock acquired on daemon addresses registry.
09:39:01.711 [DEBUG] [org.gradle.cache.internal.DefaultFileLockManager] Releasing lock on daemon addresses registry.
09:39:01.711 [DEBUG] [org.gradle.cache.internal.DefaultFileLockManager] Waiting to acquire shared lock on daemon addresses registry.
09:39:01.711 [DEBUG] [org.gradle.cache.internal.DefaultFileLockManager] Lock acquired on daemon addresses registry.
09:39:01.711 [DEBUG] [org.gradle.cache.internal.DefaultFileLockManager] Releasing lock on daemon addresses registry.
09:39:02.754 [DEBUG] [org.gradle.process.internal.health.memory.MemoryManager] Emitting OS memory status event {Total: 16440098816, Free: 12589002752}
09:39:02.754 [DEBUG] [org.gradle.launcher.daemon.server.health.LowMemoryDaemonExpirationStrategy] Received memory status update: {Total: 16440098816, Free: 12589002752}
09:39:02.754 [DEBUG] [org.gradle.process.internal.health.memory.MemoryManager] Emitting JVM memory status event {Maximum: 1073741824, Committed: 260046848}
09:39:07.755 [DEBUG] [org.gradle.process.internal.health.memory.MemoryManager] Emitting OS memory status event {Total: 16440098816, Free: 12589019136}
09:39:07.755 [DEBUG] [org.gradle.launcher.daemon.server.health.LowMemoryDaemonExpirationStrategy] Received memory status update: {Total: 16440098816, Free: 12589019136}
09:39:07.755 [DEBUG] [org.gradle.process.internal.health.memory.MemoryManager] Emitting JVM memory status event {Maximum: 1073741824, Committed: 260046848}
09:39:11.711 [DEBUG] [org.gradle.launcher.daemon.server.Daemon] DaemonExpirationPeriodicCheck running
09:39:11.711 [DEBUG] [org.gradle.cache.internal.DefaultFileLockManager] Waiting to acquire shared lock on daemon addresses registry.
09:39:11.711 [DEBUG] [org.gradle.cache.internal.DefaultFileLockManager] Lock acquired on daemon addresses registry.
09:39:11.711 [DEBUG] [org.gradle.cache.internal.DefaultFileLockManager] Releasing lock on daemon addresses registry.
09:39:11.711 [DEBUG] [org.gradle.cache.internal.DefaultFileLockManager] Waiting to acquire shared lock on daemon addresses registry.
09:39:11.711 [DEBUG] [org.gradle.cache.internal.DefaultFileLockManager] Lock acquired on daemon addresses registry.
09:39:11.711 [DEBUG] [org.gradle.cache.internal.DefaultFileLockManager] Releasing lock on daemon addresses registry.
09:39:11.711 [DEBUG] [org.gradle.cache.internal.DefaultFileLockManager] Waiting to acquire shared lock on daemon addresses registry.
09:39:11.711 [DEBUG] [org.gradle.cache.internal.DefaultFileLockManager] Lock acquired on daemon addresses registry.
09:39:11.711 [DEBUG] [org.gradle.cache.internal.DefaultFileLockManager] Releasing lock on daemon addresses registry.
09:39:12.754 [DEBUG] [org.gradle.process.internal.health.memory.MemoryManager] Emitting OS memory status event {Total: 16440098816, Free: 12588810240}
09:39:12.754 [DEBUG] [org.gradle.launcher.daemon.server.health.LowMemoryDaemonExpirationStrategy] Received memory status update: {Total: 16440098816, Free: 12588810240}
09:39:12.754 [DEBUG] [org.gradle.process.internal.health.memory.MemoryManager] Emitting JVM memory status event {Maximum: 1073741824, Committed: 260046848}
09:39:17.755 [DEBUG] [org.gradle.process.internal.health.memory.MemoryManager] Emitting OS memory status event {Total: 16440098816, Free: 12594921472}
09:39:17.755 [DEBUG] [org.gradle.launcher.daemon.server.health.LowMemoryDaemonExpirationStrategy] Received memory status update: {Total: 16440098816, Free: 12594921472}
09:39:17.755 [DEBUG] [org.gradle.process.internal.health.memory.MemoryManager] Emitting JVM memory status event {Maximum: 1073741824, Committed: 260046848}
09:39:21.711 [DEBUG] [org.gradle.launcher.daemon.server.Daemon] DaemonExpirationPeriodicCheck running
09:39:21.711 [DEBUG] [org.gradle.cache.internal.DefaultFileLockManager] Waiting to acquire shared lock on daemon addresses registry.
09:39:21.711 [DEBUG] [org.gradle.cache.internal.DefaultFileLockManager] Lock acquired on daemon addresses registry.
09:39:21.711 [DEBUG] [org.gradle.cache.internal.DefaultFileLockManager] Releasing lock on daemon addresses registry.
09:39:21.711 [DEBUG] [org.gradle.cache.internal.DefaultFileLockManager] Waiting to acquire shared lock on daemon addresses registry.
09:39:21.711 [DEBUG] [org.gradle.cache.internal.DefaultFileLockManager] Lock acquired on daemon addresses registry.
09:39:21.711 [DEBUG] [org.gradle.cache.internal.DefaultFileLockManager] Releasing lock on daemon addresses registry.
09:39:21.711 [DEBUG] [org.gradle.cache.internal.DefaultFileLockManager] Waiting to acquire shared lock on daemon addresses registry.
09:39:21.711 [DEBUG] [org.gradle.cache.internal.DefaultFileLockManager] Lock acquired on daemon addresses registry.
09:39:21.711 [DEBUG] [org.gradle.cache.internal.DefaultFileLockManager] Releasing lock on daemon addresses registry.
09:39:22.754 [DEBUG] [org.gradle.process.internal.health.memory.MemoryManager] Emitting OS memory status event {Total: 16440098816, Free: 12594720768}
09:39:22.754 [DEBUG] [org.gradle.launcher.daemon.server.health.LowMemoryDaemonExpirationStrategy] Received memory status update: {Total: 16440098816, Free: 12594720768}
09:39:22.754 [DEBUG] [org.gradle.process.internal.health.memory.MemoryManager] Emitting JVM memory status event {Maximum: 1073741824, Committed: 260046848}
09:39:27.755 [DEBUG] [org.gradle.process.internal.health.memory.MemoryManager] Emitting OS memory status event {Total: 16440098816, Free: 12594737152}
09:39:27.755 [DEBUG] [org.gradle.launcher.daemon.server.health.LowMemoryDaemonExpirationStrategy] Received memory status update: {Total: 16440098816, Free: 12594737152}
09:39:27.755 [DEBUG] [org.gradle.process.internal.health.memory.MemoryManager] Emitting JVM memory status event {Maximum: 1073741824, Committed: 260046848}
09:39:31.711 [DEBUG] [org.gradle.launcher.daemon.server.Daemon] DaemonExpirationPeriodicCheck running
09:39:31.711 [DEBUG] [org.gradle.cache.internal.DefaultFileLockManager] Waiting to acquire shared lock on daemon addresses registry.
09:39:31.711 [DEBUG] [org.gradle.cache.internal.DefaultFileLockManager] Lock acquired on daemon addresses registry.
09:39:31.711 [DEBUG] [org.gradle.cache.internal.DefaultFileLockManager] Releasing lock on daemon addresses registry.
09:39:31.711 [DEBUG] [org.gradle.cache.internal.DefaultFileLockManager] Waiting to acquire shared lock on daemon addresses registry.
09:39:31.711 [DEBUG] [org.gradle.cache.internal.DefaultFileLockManager] Lock acquired on daemon addresses registry.
09:39:31.711 [DEBUG] [org.gradle.cache.internal.DefaultFileLockManager] Releasing lock on daemon addresses registry.
09:39:31.711 [DEBUG] [org.gradle.cache.internal.DefaultFileLockManager] Waiting to acquire shared lock on daemon addresses registry.
09:39:31.711 [DEBUG] [org.gradle.cache.internal.DefaultFileLockManager] Lock acquired on daemon addresses registry.
09:39:31.711 [DEBUG] [org.gradle.cache.internal.DefaultFileLockManager] Releasing lock on daemon addresses registry.
09:39:32.754 [DEBUG] [org.gradle.process.internal.health.memory.MemoryManager] Emitting OS memory status event {Total: 16440098816, Free: 12594745344}
09:39:32.754 [DEBUG] [org.gradle.launcher.daemon.server.health.LowMemoryDaemonExpirationStrategy] Received memory status update: {Total: 16440098816, Free: 12594745344}
09:39:32.754 [DEBUG] [org.gradle.process.internal.health.memory.MemoryManager] Emitting JVM memory status event {Maximum: 1073741824, Committed: 260046848}
09:39:37.755 [DEBUG] [org.gradle.process.internal.health.memory.MemoryManager] Emitting OS memory status event {Total: 16440098816, Free: 12594491392}
09:39:37.755 [DEBUG] [org.gradle.launcher.daemon.server.health.LowMemoryDaemonExpirationStrategy] Received memory status update: {Total: 16440098816, Free: 12594491392}
09:39:37.755 [DEBUG] [org.gradle.process.internal.health.memory.MemoryManager] Emitting JVM memory status event {Maximum: 1073741824, Committed: 260046848}
09:39:41.711 [DEBUG] [org.gradle.launcher.daemon.server.Daemon] DaemonExpirationPeriodicCheck running
09:39:41.711 [DEBUG] [org.gradle.cache.internal.DefaultFileLockManager] Waiting to acquire shared lock on daemon addresses registry.
09:39:41.711 [DEBUG] [org.gradle.cache.internal.DefaultFileLockManager] Lock acquired on daemon addresses registry.
09:39:41.711 [DEBUG] [org.gradle.cache.internal.DefaultFileLockManager] Releasing lock on daemon addresses registry.
09:39:41.711 [DEBUG] [org.gradle.cache.internal.DefaultFileLockManager] Waiting to acquire shared lock on daemon addresses registry.
09:39:41.711 [DEBUG] [org.gradle.cache.internal.DefaultFileLockManager] Lock acquired on daemon addresses registry.
09:39:41.711 [DEBUG] [org.gradle.cache.internal.DefaultFileLockManager] Releasing lock on daemon addresses registry.
09:39:41.711 [DEBUG] [org.gradle.cache.internal.DefaultFileLockManager] Waiting to acquire shared lock on daemon addresses registry.
09:39:41.711 [DEBUG] [org.gradle.cache.internal.DefaultFileLockManager] Lock acquired on daemon addresses registry.
09:39:41.711 [DEBUG] [org.gradle.cache.internal.DefaultFileLockManager] Releasing lock on daemon addresses registry.
09:39:42.754 [DEBUG] [org.gradle.process.internal.health.memory.MemoryManager] Emitting OS memory status event {Total: 16440098816, Free: 12594290688}
09:39:42.754 [DEBUG] [org.gradle.launcher.daemon.server.health.LowMemoryDaemonExpirationStrategy] Received memory status update: {Total: 16440098816, Free: 12594290688}
09:39:42.754 [DEBUG] [org.gradle.process.internal.health.memory.MemoryManager] Emitting JVM memory status event {Maximum: 1073741824, Committed: 260046848}
09:39:47.755 [DEBUG] [org.gradle.process.internal.health.memory.MemoryManager] Emitting OS memory status event {Total: 16440098816, Free: 12595617792}
09:39:47.755 [DEBUG] [org.gradle.launcher.daemon.server.health.LowMemoryDaemonExpirationStrategy] Received memory status update: {Total: 16440098816, Free: 12595617792}
09:39:47.755 [DEBUG] [org.gradle.process.internal.health.memory.MemoryManager] Emitting JVM memory status event {Maximum: 1073741824, Committed: 260046848}
09:39:51.711 [DEBUG] [org.gradle.launcher.daemon.server.Daemon] DaemonExpirationPeriodicCheck running
09:39:51.711 [DEBUG] [org.gradle.cache.internal.DefaultFileLockManager] Waiting to acquire shared lock on daemon addresses registry.
09:39:51.711 [DEBUG] [org.gradle.cache.internal.DefaultFileLockManager] Lock acquired on daemon addresses registry.
09:39:51.711 [DEBUG] [org.gradle.cache.internal.DefaultFileLockManager] Releasing lock on daemon addresses registry.
09:39:51.711 [DEBUG] [org.gradle.cache.internal.DefaultFileLockManager] Waiting to acquire shared lock on daemon addresses registry.
09:39:51.711 [DEBUG] [org.gradle.cache.internal.DefaultFileLockManager] Lock acquired on daemon addresses registry.
09:39:51.711 [DEBUG] [org.gradle.cache.internal.DefaultFileLockManager] Releasing lock on daemon addresses registry.
09:39:51.711 [DEBUG] [org.gradle.cache.internal.DefaultFileLockManager] Waiting to acquire shared lock on daemon addresses registry.
09:39:51.711 [DEBUG] [org.gradle.cache.internal.DefaultFileLockManager] Lock acquired on daemon addresses registry.
09:39:51.711 [DEBUG] [org.gradle.cache.internal.DefaultFileLockManager] Releasing lock on daemon addresses registry.
09:39:52.754 [DEBUG] [org.gradle.process.internal.health.memory.MemoryManager] Emitting OS memory status event {Total: 16440098816, Free: 12593999872}
09:39:52.754 [DEBUG] [org.gradle.launcher.daemon.server.health.LowMemoryDaemonExpirationStrategy] Received memory status update: {Total: 16440098816, Free: 12593999872}
09:39:52.754 [DEBUG] [org.gradle.process.internal.health.memory.MemoryManager] Emitting JVM memory status event {Maximum: 1073741824, Committed: 260046848}
09:39:57.755 [DEBUG] [org.gradle.process.internal.health.memory.MemoryManager] Emitting OS memory status event {Total: 16440098816, Free: 12595933184}
09:39:57.755 [DEBUG] [org.gradle.launcher.daemon.server.health.LowMemoryDaemonExpirationStrategy] Received memory status update: {Total: 16440098816, Free: 12595933184}
09:39:57.755 [DEBUG] [org.gradle.process.internal.health.memory.MemoryManager] Emitting JVM memory status event {Maximum: 1073741824, Committed: 260046848}
09:40:01.711 [DEBUG] [org.gradle.launcher.daemon.server.Daemon] DaemonExpirationPeriodicCheck running
09:40:01.711 [DEBUG] [org.gradle.cache.internal.DefaultFileLockManager] Waiting to acquire shared lock on daemon addresses registry.
09:40:01.711 [DEBUG] [org.gradle.cache.internal.DefaultFileLockManager] Lock acquired on daemon addresses registry.
09:40:01.711 [DEBUG] [org.gradle.cache.internal.DefaultFileLockManager] Releasing lock on daemon addresses registry.
09:40:01.711 [DEBUG] [org.gradle.cache.internal.DefaultFileLockManager] Waiting to acquire shared lock on daemon addresses registry.
09:40:01.711 [DEBUG] [org.gradle.cache.internal.DefaultFileLockManager] Lock acquired on daemon addresses registry.
09:40:01.711 [DEBUG] [org.gradle.cache.internal.DefaultFileLockManager] Releasing lock on daemon addresses registry.
09:40:01.711 [DEBUG] [org.gradle.cache.internal.DefaultFileLockManager] Waiting to acquire shared lock on daemon addresses registry.
09:40:01.711 [DEBUG] [org.gradle.cache.internal.DefaultFileLockManager] Lock acquired on daemon addresses registry.
09:40:01.711 [DEBUG] [org.gradle.cache.internal.DefaultFileLockManager] Releasing lock on daemon addresses registry.
09:40:02.755 [DEBUG] [org.gradle.process.internal.health.memory.MemoryManager] Emitting OS memory status event {Total: 16440098816, Free: 12595445760}
09:40:02.755 [DEBUG] [org.gradle.launcher.daemon.server.health.LowMemoryDaemonExpirationStrategy] Received memory status update: {Total: 16440098816, Free: 12595445760}
09:40:02.755 [DEBUG] [org.gradle.process.internal.health.memory.MemoryManager] Emitting JVM memory status event {Maximum: 1073741824, Committed: 260046848}
09:40:07.755 [DEBUG] [org.gradle.process.internal.health.memory.MemoryManager] Emitting OS memory status event {Total: 16440098816, Free: 12595453952}
09:40:07.755 [DEBUG] [org.gradle.launcher.daemon.server.health.LowMemoryDaemonExpirationStrategy] Received memory status update: {Total: 16440098816, Free: 12595453952}
09:40:07.755 [DEBUG] [org.gradle.process.internal.health.memory.MemoryManager] Emitting JVM memory status event {Maximum: 1073741824, Committed: 260046848}
09:40:11.711 [DEBUG] [org.gradle.launcher.daemon.server.Daemon] DaemonExpirationPeriodicCheck running
09:40:11.711 [DEBUG] [org.gradle.cache.internal.DefaultFileLockManager] Waiting to acquire shared lock on daemon addresses registry.
09:40:11.711 [DEBUG] [org.gradle.cache.internal.DefaultFileLockManager] Lock acquired on daemon addresses registry.
09:40:11.711 [DEBUG] [org.gradle.cache.internal.DefaultFileLockManager] Releasing lock on daemon addresses registry.
09:40:11.711 [DEBUG] [org.gradle.cache.internal.DefaultFileLockManager] Waiting to acquire shared lock on daemon addresses registry.
09:40:11.711 [DEBUG] [org.gradle.cache.internal.DefaultFileLockManager] Lock acquired on daemon addresses registry.
09:40:11.711 [DEBUG] [org.gradle.cache.internal.DefaultFileLockManager] Releasing lock on daemon addresses registry.
09:40:11.711 [DEBUG] [org.gradle.cache.internal.DefaultFileLockManager] Waiting to acquire shared lock on daemon addresses registry.
09:40:11.711 [DEBUG] [org.gradle.cache.internal.DefaultFileLockManager] Lock acquired on daemon addresses registry.
09:40:11.711 [DEBUG] [org.gradle.cache.internal.DefaultFileLockManager] Releasing lock on daemon addresses registry.
09:40:12.754 [DEBUG] [org.gradle.process.internal.health.memory.MemoryManager] Emitting OS memory status event {Total: 16440098816, Free: 12595474432}
09:40:12.754 [DEBUG] [org.gradle.launcher.daemon.server.health.LowMemoryDaemonExpirationStrategy] Received memory status update: {Total: 16440098816, Free: 12595474432}
09:40:12.754 [DEBUG] [org.gradle.process.internal.health.memory.MemoryManager] Emitting JVM memory status event {Maximum: 1073741824, Committed: 260046848}
09:40:17.755 [DEBUG] [org.gradle.process.internal.health.memory.MemoryManager] Emitting OS memory status event {Total: 16440098816, Free: 12595228672}
09:40:17.755 [DEBUG] [org.gradle.launcher.daemon.server.health.LowMemoryDaemonExpirationStrategy] Received memory status update: {Total: 16440098816, Free: 12595228672}
09:40:17.755 [DEBUG] [org.gradle.process.internal.health.memory.MemoryManager] Emitting JVM memory status event {Maximum: 1073741824, Committed: 260046848}
09:40:21.711 [DEBUG] [org.gradle.launcher.daemon.server.Daemon] DaemonExpirationPeriodicCheck running
09:40:21.711 [DEBUG] [org.gradle.cache.internal.DefaultFileLockManager] Waiting to acquire shared lock on daemon addresses registry.
09:40:21.711 [DEBUG] [org.gradle.cache.internal.DefaultFileLockManager] Lock acquired on daemon addresses registry.
09:40:21.711 [DEBUG] [org.gradle.cache.internal.DefaultFileLockManager] Releasing lock on daemon addresses registry.
09:40:21.711 [DEBUG] [org.gradle.cache.internal.DefaultFileLockManager] Waiting to acquire shared lock on daemon addresses registry.
09:40:21.711 [DEBUG] [org.gradle.cache.internal.DefaultFileLockManager] Lock acquired on daemon addresses registry.
09:40:21.711 [DEBUG] [org.gradle.cache.internal.DefaultFileLockManager] Releasing lock on daemon addresses registry.
09:40:21.711 [DEBUG] [org.gradle.cache.internal.DefaultFileLockManager] Waiting to acquire shared lock on daemon addresses registry.
09:40:21.711 [DEBUG] [org.gradle.cache.internal.DefaultFileLockManager] Lock acquired on daemon addresses registry.
09:40:21.711 [DEBUG] [org.gradle.cache.internal.DefaultFileLockManager] Releasing lock on daemon addresses registry.
09:40:22.754 [DEBUG] [org.gradle.process.internal.health.memory.MemoryManager] Emitting OS memory status event {Total: 16440098816, Free: 12594982912}
09:40:22.754 [DEBUG] [org.gradle.launcher.daemon.server.health.LowMemoryDaemonExpirationStrategy] Received memory status update: {Total: 16440098816, Free: 12594982912}
09:40:22.754 [DEBUG] [org.gradle.process.internal.health.memory.MemoryManager] Emitting JVM memory status event {Maximum: 1073741824, Committed: 260046848}
09:40:27.755 [DEBUG] [org.gradle.process.internal.health.memory.MemoryManager] Emitting OS memory status event {Total: 16440098816, Free: 12594225152}
09:40:27.755 [DEBUG] [org.gradle.launcher.daemon.server.health.LowMemoryDaemonExpirationStrategy] Received memory status update: {Total: 16440098816, Free: 12594225152}
09:40:27.755 [DEBUG] [org.gradle.process.internal.health.memory.MemoryManager] Emitting JVM memory status event {Maximum: 1073741824, Committed: 260046848}
09:40:31.711 [DEBUG] [org.gradle.launcher.daemon.server.Daemon] DaemonExpirationPeriodicCheck running
09:40:31.711 [DEBUG] [org.gradle.cache.internal.DefaultFileLockManager] Waiting to acquire shared lock on daemon addresses registry.
09:40:31.711 [DEBUG] [org.gradle.cache.internal.DefaultFileLockManager] Lock acquired on daemon addresses registry.
09:40:31.711 [DEBUG] [org.gradle.cache.internal.DefaultFileLockManager] Releasing lock on daemon addresses registry.
09:40:31.711 [DEBUG] [org.gradle.cache.internal.DefaultFileLockManager] Waiting to acquire shared lock on daemon addresses registry.
09:40:31.711 [DEBUG] [org.gradle.cache.internal.DefaultFileLockManager] Lock acquired on daemon addresses registry.
09:40:31.711 [DEBUG] [org.gradle.cache.internal.DefaultFileLockManager] Releasing lock on daemon addresses registry.
09:40:31.711 [DEBUG] [org.gradle.cache.internal.DefaultFileLockManager] Waiting to acquire shared lock on daemon addresses registry.
09:40:31.711 [DEBUG] [org.gradle.cache.internal.DefaultFileLockManager] Lock acquired on daemon addresses registry.
09:40:31.711 [DEBUG] [org.gradle.cache.internal.DefaultFileLockManager] Releasing lock on daemon addresses registry.
09:40:32.754 [DEBUG] [org.gradle.process.internal.health.memory.MemoryManager] Emitting OS memory status event {Total: 16440098816, Free: 12594225152}
09:40:32.754 [DEBUG] [org.gradle.launcher.daemon.server.health.LowMemoryDaemonExpirationStrategy] Received memory status update: {Total: 16440098816, Free: 12594225152}
09:40:32.754 [DEBUG] [org.gradle.process.internal.health.memory.MemoryManager] Emitting JVM memory status event {Maximum: 1073741824, Committed: 260046848}
09:40:37.755 [DEBUG] [org.gradle.process.internal.health.memory.MemoryManager] Emitting OS memory status event {Total: 16440098816, Free: 12594245632}
09:40:37.755 [DEBUG] [org.gradle.launcher.daemon.server.health.LowMemoryDaemonExpirationStrategy] Received memory status update: {Total: 16440098816, Free: 12594245632}
09:40:37.755 [DEBUG] [org.gradle.process.internal.health.memory.MemoryManager] Emitting JVM memory status event {Maximum: 1073741824, Committed: 260046848}
09:40:41.711 [DEBUG] [org.gradle.launcher.daemon.server.Daemon] DaemonExpirationPeriodicCheck running
09:40:41.711 [DEBUG] [org.gradle.cache.internal.DefaultFileLockManager] Waiting to acquire shared lock on daemon addresses registry.
09:40:41.711 [DEBUG] [org.gradle.cache.internal.DefaultFileLockManager] Lock acquired on daemon addresses registry.
09:40:41.711 [DEBUG] [org.gradle.cache.internal.DefaultFileLockManager] Releasing lock on daemon addresses registry.
09:40:41.711 [DEBUG] [org.gradle.cache.internal.DefaultFileLockManager] Waiting to acquire shared lock on daemon addresses registry.
09:40:41.711 [DEBUG] [org.gradle.cache.internal.DefaultFileLockManager] Lock acquired on daemon addresses registry.
09:40:41.711 [DEBUG] [org.gradle.cache.internal.DefaultFileLockManager] Releasing lock on daemon addresses registry.
09:40:41.711 [DEBUG] [org.gradle.cache.internal.DefaultFileLockManager] Waiting to acquire shared lock on daemon addresses registry.
09:40:41.711 [DEBUG] [org.gradle.cache.internal.DefaultFileLockManager] Lock acquired on daemon addresses registry.
09:40:41.711 [DEBUG] [org.gradle.cache.internal.DefaultFileLockManager] Releasing lock on daemon addresses registry.
09:40:42.754 [DEBUG] [org.gradle.process.internal.health.memory.MemoryManager] Emitting OS memory status event {Total: 16440098816, Free: 12593893376}
09:40:42.754 [DEBUG] [org.gradle.launcher.daemon.server.health.LowMemoryDaemonExpirationStrategy] Received memory status update: {Total: 16440098816, Free: 12593893376}
09:40:42.754 [DEBUG] [org.gradle.process.internal.health.memory.MemoryManager] Emitting JVM memory status event {Maximum: 1073741824, Committed: 260046848}
09:40:47.755 [DEBUG] [org.gradle.process.internal.health.memory.MemoryManager] Emitting OS memory status event {Total: 16440098816, Free: 12591239168}
09:40:47.755 [DEBUG] [org.gradle.launcher.daemon.server.health.LowMemoryDaemonExpirationStrategy] Received memory status update: {Total: 16440098816, Free: 12591239168}
09:40:47.755 [DEBUG] [org.gradle.process.internal.health.memory.MemoryManager] Emitting JVM memory status event {Maximum: 1073741824, Committed: 260046848}
09:40:51.711 [DEBUG] [org.gradle.launcher.daemon.server.Daemon] DaemonExpirationPeriodicCheck running
09:40:51.711 [DEBUG] [org.gradle.cache.internal.DefaultFileLockManager] Waiting to acquire shared lock on daemon addresses registry.
09:40:51.711 [DEBUG] [org.gradle.cache.internal.DefaultFileLockManager] Lock acquired on daemon addresses registry.
09:40:51.711 [DEBUG] [org.gradle.cache.internal.DefaultFileLockManager] Releasing lock on daemon addresses registry.
09:40:51.711 [DEBUG] [org.gradle.cache.internal.DefaultFileLockManager] Waiting to acquire shared lock on daemon addresses registry.
09:40:51.711 [DEBUG] [org.gradle.cache.internal.DefaultFileLockManager] Lock acquired on daemon addresses registry.
09:40:51.711 [DEBUG] [org.gradle.cache.internal.DefaultFileLockManager] Releasing lock on daemon addresses registry.
09:40:51.711 [DEBUG] [org.gradle.cache.internal.DefaultFileLockManager] Waiting to acquire shared lock on daemon addresses registry.
09:40:51.711 [DEBUG] [org.gradle.cache.internal.DefaultFileLockManager] Lock acquired on daemon addresses registry.
09:40:51.711 [DEBUG] [org.gradle.cache.internal.DefaultFileLockManager] Releasing lock on daemon addresses registry.
09:40:52.754 [DEBUG] [org.gradle.process.internal.health.memory.MemoryManager] Emitting OS memory status event {Total: 16440098816, Free: 12590227456}
09:40:52.754 [DEBUG] [org.gradle.launcher.daemon.server.health.LowMemoryDaemonExpirationStrategy] Received memory status update: {Total: 16440098816, Free: 12590227456}
09:40:52.754 [DEBUG] [org.gradle.process.internal.health.memory.MemoryManager] Emitting JVM memory status event {Maximum: 1073741824, Committed: 260046848}
09:40:57.755 [DEBUG] [org.gradle.process.internal.health.memory.MemoryManager] Emitting OS memory status event {Total: 16440098816, Free: 12590231552}
09:40:57.755 [DEBUG] [org.gradle.launcher.daemon.server.health.LowMemoryDaemonExpirationStrategy] Received memory status update: {Total: 16440098816, Free: 12590231552}
09:40:57.755 [DEBUG] [org.gradle.process.internal.health.memory.MemoryManager] Emitting JVM memory status event {Maximum: 1073741824, Committed: 260046848}
09:41:01.711 [DEBUG] [org.gradle.launcher.daemon.server.Daemon] DaemonExpirationPeriodicCheck running
09:41:01.711 [DEBUG] [org.gradle.cache.internal.DefaultFileLockManager] Waiting to acquire shared lock on daemon addresses registry.
09:41:01.711 [DEBUG] [org.gradle.cache.internal.DefaultFileLockManager] Lock acquired on daemon addresses registry.
09:41:01.711 [DEBUG] [org.gradle.cache.internal.DefaultFileLockManager] Releasing lock on daemon addresses registry.
09:41:01.711 [DEBUG] [org.gradle.cache.internal.DefaultFileLockManager] Waiting to acquire shared lock on daemon addresses registry.
09:41:01.711 [DEBUG] [org.gradle.cache.internal.DefaultFileLockManager] Lock acquired on daemon addresses registry.
09:41:01.711 [DEBUG] [org.gradle.cache.internal.DefaultFileLockManager] Releasing lock on daemon addresses registry.
09:41:01.711 [DEBUG] [org.gradle.cache.internal.DefaultFileLockManager] Waiting to acquire shared lock on daemon addresses registry.
09:41:01.711 [DEBUG] [org.gradle.cache.internal.DefaultFileLockManager] Lock acquired on daemon addresses registry.
09:41:01.711 [DEBUG] [org.gradle.cache.internal.DefaultFileLockManager] Releasing lock on daemon addresses registry.
09:41:02.754 [DEBUG] [org.gradle.process.internal.health.memory.MemoryManager] Emitting OS memory status event {Total: 16440098816, Free: 12594151424}
09:41:02.754 [DEBUG] [org.gradle.launcher.daemon.server.health.LowMemoryDaemonExpirationStrategy] Received memory status update: {Total: 16440098816, Free: 12594151424}
09:41:02.754 [DEBUG] [org.gradle.process.internal.health.memory.MemoryManager] Emitting JVM memory status event {Maximum: 1073741824, Committed: 260046848}
09:41:07.755 [DEBUG] [org.gradle.process.internal.health.memory.MemoryManager] Emitting OS memory status event {Total: 16440098816, Free: 12571688960}
09:41:07.755 [DEBUG] [org.gradle.launcher.daemon.server.health.LowMemoryDaemonExpirationStrategy] Received memory status update: {Total: 16440098816, Free: 12571688960}
09:41:07.755 [DEBUG] [org.gradle.process.internal.health.memory.MemoryManager] Emitting JVM memory status event {Maximum: 1073741824, Committed: 260046848}
09:41:11.711 [DEBUG] [org.gradle.launcher.daemon.server.Daemon] DaemonExpirationPeriodicCheck running
09:41:11.711 [DEBUG] [org.gradle.cache.internal.DefaultFileLockManager] Waiting to acquire shared lock on daemon addresses registry.
09:41:11.711 [DEBUG] [org.gradle.cache.internal.DefaultFileLockManager] Lock acquired on daemon addresses registry.
09:41:11.711 [DEBUG] [org.gradle.cache.internal.DefaultFileLockManager] Releasing lock on daemon addresses registry.
09:41:11.711 [DEBUG] [org.gradle.cache.internal.DefaultFileLockManager] Waiting to acquire shared lock on daemon addresses registry.
09:41:11.711 [DEBUG] [org.gradle.cache.internal.DefaultFileLockManager] Lock acquired on daemon addresses registry.
09:41:11.711 [DEBUG] [org.gradle.cache.internal.DefaultFileLockManager] Releasing lock on daemon addresses registry.
09:41:11.711 [DEBUG] [org.gradle.cache.internal.DefaultFileLockManager] Waiting to acquire shared lock on daemon addresses registry.
09:41:11.711 [DEBUG] [org.gradle.cache.internal.DefaultFileLockManager] Lock acquired on daemon addresses registry.
09:41:11.711 [DEBUG] [org.gradle.cache.internal.DefaultFileLockManager] Releasing lock on daemon addresses registry.
09:41:12.754 [DEBUG] [org.gradle.process.internal.health.memory.MemoryManager] Emitting OS memory status event {Total: 16440098816, Free: 12605210624}
09:41:12.754 [DEBUG] [org.gradle.launcher.daemon.server.health.LowMemoryDaemonExpirationStrategy] Received memory status update: {Total: 16440098816, Free: 12605210624}
09:41:12.754 [DEBUG] [org.gradle.process.internal.health.memory.MemoryManager] Emitting JVM memory status event {Maximum: 1073741824, Committed: 260046848}
09:41:17.755 [DEBUG] [org.gradle.process.internal.health.memory.MemoryManager] Emitting OS memory status event {Total: 16440098816, Free: 12601102336}
09:41:17.755 [DEBUG] [org.gradle.launcher.daemon.server.health.LowMemoryDaemonExpirationStrategy] Received memory status update: {Total: 16440098816, Free: 12601102336}
09:41:17.755 [DEBUG] [org.gradle.process.internal.health.memory.MemoryManager] Emitting JVM memory status event {Maximum: 1073741824, Committed: 260046848}
09:41:21.711 [DEBUG] [org.gradle.launcher.daemon.server.Daemon] DaemonExpirationPeriodicCheck running
09:41:21.711 [DEBUG] [org.gradle.cache.internal.DefaultFileLockManager] Waiting to acquire shared lock on daemon addresses registry.
09:41:21.711 [DEBUG] [org.gradle.cache.internal.DefaultFileLockManager] Lock acquired on daemon addresses registry.
09:41:21.711 [DEBUG] [org.gradle.cache.internal.DefaultFileLockManager] Releasing lock on daemon addresses registry.
09:41:21.711 [DEBUG] [org.gradle.cache.internal.DefaultFileLockManager] Waiting to acquire shared lock on daemon addresses registry.
09:41:21.711 [DEBUG] [org.gradle.cache.internal.DefaultFileLockManager] Lock acquired on daemon addresses registry.
09:41:21.711 [DEBUG] [org.gradle.cache.internal.DefaultFileLockManager] Releasing lock on daemon addresses registry.
09:41:21.711 [DEBUG] [org.gradle.cache.internal.DefaultFileLockManager] Waiting to acquire shared lock on daemon addresses registry.
09:41:21.711 [DEBUG] [org.gradle.cache.internal.DefaultFileLockManager] Lock acquired on daemon addresses registry.
09:41:21.711 [DEBUG] [org.gradle.cache.internal.DefaultFileLockManager] Releasing lock on daemon addresses registry.
09:41:22.755 [DEBUG] [org.gradle.process.internal.health.memory.MemoryManager] Emitting OS memory status event {Total: 16440098816, Free: 12598251520}
09:41:22.755 [DEBUG] [org.gradle.launcher.daemon.server.health.LowMemoryDaemonExpirationStrategy] Received memory status update: {Total: 16440098816, Free: 12598251520}
09:41:22.755 [DEBUG] [org.gradle.process.internal.health.memory.MemoryManager] Emitting JVM memory status event {Maximum: 1073741824, Committed: 260046848}
09:41:27.755 [DEBUG] [org.gradle.process.internal.health.memory.MemoryManager] Emitting OS memory status event {Total: 16440098816, Free: 12596002816}
09:41:27.755 [DEBUG] [org.gradle.launcher.daemon.server.health.LowMemoryDaemonExpirationStrategy] Received memory status update: {Total: 16440098816, Free: 12596002816}
09:41:27.755 [DEBUG] [org.gradle.process.internal.health.memory.MemoryManager] Emitting JVM memory status event {Maximum: 1073741824, Committed: 260046848}
09:41:31.711 [DEBUG] [org.gradle.launcher.daemon.server.Daemon] DaemonExpirationPeriodicCheck running
09:41:31.711 [DEBUG] [org.gradle.cache.internal.DefaultFileLockManager] Waiting to acquire shared lock on daemon addresses registry.
09:41:31.711 [DEBUG] [org.gradle.cache.internal.DefaultFileLockManager] Lock acquired on daemon addresses registry.
09:41:31.711 [DEBUG] [org.gradle.cache.internal.DefaultFileLockManager] Releasing lock on daemon addresses registry.
09:41:31.711 [DEBUG] [org.gradle.cache.internal.DefaultFileLockManager] Waiting to acquire shared lock on daemon addresses registry.
09:41:31.711 [DEBUG] [org.gradle.cache.internal.DefaultFileLockManager] Lock acquired on daemon addresses registry.
09:41:31.711 [DEBUG] [org.gradle.cache.internal.DefaultFileLockManager] Releasing lock on daemon addresses registry.
09:41:31.711 [DEBUG] [org.gradle.cache.internal.DefaultFileLockManager] Waiting to acquire shared lock on daemon addresses registry.
09:41:31.711 [DEBUG] [org.gradle.cache.internal.DefaultFileLockManager] Lock acquired on daemon addresses registry.
09:41:31.711 [DEBUG] [org.gradle.cache.internal.DefaultFileLockManager] Releasing lock on daemon addresses registry.
09:41:32.754 [DEBUG] [org.gradle.process.internal.health.memory.MemoryManager] Emitting OS memory status event {Total: 16440098816, Free: 12600299520}
09:41:32.755 [DEBUG] [org.gradle.launcher.daemon.server.health.LowMemoryDaemonExpirationStrategy] Received memory status update: {Total: 16440098816, Free: 12600299520}
09:41:32.755 [DEBUG] [org.gradle.process.internal.health.memory.MemoryManager] Emitting JVM memory status event {Maximum: 1073741824, Committed: 260046848}
09:41:37.755 [DEBUG] [org.gradle.process.internal.health.memory.MemoryManager] Emitting OS memory status event {Total: 16440098816, Free: 12594872320}
09:41:37.755 [DEBUG] [org.gradle.launcher.daemon.server.health.LowMemoryDaemonExpirationStrategy] Received memory status update: {Total: 16440098816, Free: 12594872320}
09:41:37.755 [DEBUG] [org.gradle.process.internal.health.memory.MemoryManager] Emitting JVM memory status event {Maximum: 1073741824, Committed: 260046848}
09:41:41.711 [DEBUG] [org.gradle.launcher.daemon.server.Daemon] DaemonExpirationPeriodicCheck running
09:41:41.711 [DEBUG] [org.gradle.cache.internal.DefaultFileLockManager] Waiting to acquire shared lock on daemon addresses registry.
09:41:41.711 [DEBUG] [org.gradle.cache.internal.DefaultFileLockManager] Lock acquired on daemon addresses registry.
09:41:41.711 [DEBUG] [org.gradle.cache.internal.DefaultFileLockManager] Releasing lock on daemon addresses registry.
09:41:41.711 [DEBUG] [org.gradle.cache.internal.DefaultFileLockManager] Waiting to acquire shared lock on daemon addresses registry.
09:41:41.711 [DEBUG] [org.gradle.cache.internal.DefaultFileLockManager] Lock acquired on daemon addresses registry.
09:41:41.711 [DEBUG] [org.gradle.cache.internal.DefaultFileLockManager] Releasing lock on daemon addresses registry.
09:41:41.711 [DEBUG] [org.gradle.cache.internal.DefaultFileLockManager] Waiting to acquire shared lock on daemon addresses registry.
09:41:41.711 [DEBUG] [org.gradle.cache.internal.DefaultFileLockManager] Lock acquired on daemon addresses registry.
09:41:41.711 [DEBUG] [org.gradle.cache.internal.DefaultFileLockManager] Releasing lock on daemon addresses registry.
09:41:42.755 [DEBUG] [org.gradle.process.internal.health.memory.MemoryManager] Emitting OS memory status event {Total: 16440098816, Free: 12594987008}
09:41:42.755 [DEBUG] [org.gradle.launcher.daemon.server.health.LowMemoryDaemonExpirationStrategy] Received memory status update: {Total: 16440098816, Free: 12594987008}
09:41:42.755 [DEBUG] [org.gradle.process.internal.health.memory.MemoryManager] Emitting JVM memory status event {Maximum: 1073741824, Committed: 260046848}
09:41:47.755 [DEBUG] [org.gradle.process.internal.health.memory.MemoryManager] Emitting OS memory status event {Total: 16440098816, Free: 12595564544}
09:41:47.755 [DEBUG] [org.gradle.launcher.daemon.server.health.LowMemoryDaemonExpirationStrategy] Received memory status update: {Total: 16440098816, Free: 12595564544}
09:41:47.755 [DEBUG] [org.gradle.process.internal.health.memory.MemoryManager] Emitting JVM memory status event {Maximum: 1073741824, Committed: 260046848}
09:41:51.711 [DEBUG] [org.gradle.launcher.daemon.server.Daemon] DaemonExpirationPeriodicCheck running
09:41:51.711 [DEBUG] [org.gradle.cache.internal.DefaultFileLockManager] Waiting to acquire shared lock on daemon addresses registry.
09:41:51.711 [DEBUG] [org.gradle.cache.internal.DefaultFileLockManager] Lock acquired on daemon addresses registry.
09:41:51.711 [DEBUG] [org.gradle.cache.internal.DefaultFileLockManager] Releasing lock on daemon addresses registry.
09:41:51.711 [DEBUG] [org.gradle.cache.internal.DefaultFileLockManager] Waiting to acquire shared lock on daemon addresses registry.
09:41:51.711 [DEBUG] [org.gradle.cache.internal.DefaultFileLockManager] Lock acquired on daemon addresses registry.
09:41:51.711 [DEBUG] [org.gradle.cache.internal.DefaultFileLockManager] Releasing lock on daemon addresses registry.
09:41:51.711 [DEBUG] [org.gradle.cache.internal.DefaultFileLockManager] Waiting to acquire shared lock on daemon addresses registry.
09:41:51.711 [DEBUG] [org.gradle.cache.internal.DefaultFileLockManager] Lock acquired on daemon addresses registry.
09:41:51.711 [DEBUG] [org.gradle.cache.internal.DefaultFileLockManager] Releasing lock on daemon addresses registry.
09:41:52.754 [DEBUG] [org.gradle.process.internal.health.memory.MemoryManager] Emitting OS memory status event {Total: 16440098816, Free: 12594589696}
09:41:52.754 [DEBUG] [org.gradle.launcher.daemon.server.health.LowMemoryDaemonExpirationStrategy] Received memory status update: {Total: 16440098816, Free: 12594589696}
09:41:52.754 [DEBUG] [org.gradle.process.internal.health.memory.MemoryManager] Emitting JVM memory status event {Maximum: 1073741824, Committed: 260046848}
09:41:57.755 [DEBUG] [org.gradle.process.internal.health.memory.MemoryManager] Emitting OS memory status event {Total: 16440098816, Free: 12599107584}
09:41:57.755 [DEBUG] [org.gradle.launcher.daemon.server.health.LowMemoryDaemonExpirationStrategy] Received memory status update: {Total: 16440098816, Free: 12599107584}
09:41:57.755 [DEBUG] [org.gradle.process.internal.health.memory.MemoryManager] Emitting JVM memory status event {Maximum: 1073741824, Committed: 260046848}
09:42:01.711 [DEBUG] [org.gradle.launcher.daemon.server.Daemon] DaemonExpirationPeriodicCheck running
09:42:01.711 [DEBUG] [org.gradle.cache.internal.DefaultFileLockManager] Waiting to acquire shared lock on daemon addresses registry.
09:42:01.711 [DEBUG] [org.gradle.cache.internal.DefaultFileLockManager] Lock acquired on daemon addresses registry.
09:42:01.711 [DEBUG] [org.gradle.cache.internal.DefaultFileLockManager] Releasing lock on daemon addresses registry.
09:42:01.711 [DEBUG] [org.gradle.cache.internal.DefaultFileLockManager] Waiting to acquire shared lock on daemon addresses registry.
09:42:01.711 [DEBUG] [org.gradle.cache.internal.DefaultFileLockManager] Lock acquired on daemon addresses registry.
09:42:01.711 [DEBUG] [org.gradle.cache.internal.DefaultFileLockManager] Releasing lock on daemon addresses registry.
09:42:01.711 [DEBUG] [org.gradle.cache.internal.DefaultFileLockManager] Waiting to acquire shared lock on daemon addresses registry.
09:42:01.711 [DEBUG] [org.gradle.cache.internal.DefaultFileLockManager] Lock acquired on daemon addresses registry.
09:42:01.711 [DEBUG] [org.gradle.cache.internal.DefaultFileLockManager] Releasing lock on daemon addresses registry.
09:42:02.754 [DEBUG] [org.gradle.process.internal.health.memory.MemoryManager] Emitting OS memory status event {Total: 16440098816, Free: 12610510848}
09:42:02.755 [DEBUG] [org.gradle.launcher.daemon.server.health.LowMemoryDaemonExpirationStrategy] Received memory status update: {Total: 16440098816, Free: 12610510848}
09:42:02.755 [DEBUG] [org.gradle.process.internal.health.memory.MemoryManager] Emitting JVM memory status event {Maximum: 1073741824, Committed: 260046848}
09:42:07.755 [DEBUG] [org.gradle.process.internal.health.memory.MemoryManager] Emitting OS memory status event {Total: 16440098816, Free: 12606160896}
09:42:07.755 [DEBUG] [org.gradle.launcher.daemon.server.health.LowMemoryDaemonExpirationStrategy] Received memory status update: {Total: 16440098816, Free: 12606160896}
09:42:07.755 [DEBUG] [org.gradle.process.internal.health.memory.MemoryManager] Emitting JVM memory status event {Maximum: 1073741824, Committed: 260046848}
09:42:11.711 [DEBUG] [org.gradle.launcher.daemon.server.Daemon] DaemonExpirationPeriodicCheck running
09:42:11.711 [DEBUG] [org.gradle.cache.internal.DefaultFileLockManager] Waiting to acquire shared lock on daemon addresses registry.
09:42:11.711 [DEBUG] [org.gradle.cache.internal.DefaultFileLockManager] Lock acquired on daemon addresses registry.
09:42:11.711 [DEBUG] [org.gradle.cache.internal.DefaultFileLockManager] Releasing lock on daemon addresses registry.
09:42:11.711 [DEBUG] [org.gradle.cache.internal.DefaultFileLockManager] Waiting to acquire shared lock on daemon addresses registry.
09:42:11.711 [DEBUG] [org.gradle.cache.internal.DefaultFileLockManager] Lock acquired on daemon addresses registry.
09:42:11.711 [DEBUG] [org.gradle.cache.internal.DefaultFileLockManager] Releasing lock on daemon addresses registry.
09:42:11.711 [DEBUG] [org.gradle.cache.internal.DefaultFileLockManager] Waiting to acquire shared lock on daemon addresses registry.
09:42:11.711 [DEBUG] [org.gradle.cache.internal.DefaultFileLockManager] Lock acquired on daemon addresses registry.
09:42:11.711 [DEBUG] [org.gradle.cache.internal.DefaultFileLockManager] Releasing lock on daemon addresses registry.
09:42:12.754 [DEBUG] [org.gradle.process.internal.health.memory.MemoryManager] Emitting OS memory status event {Total: 16440098816, Free: 12605730816}
09:42:12.754 [DEBUG] [org.gradle.launcher.daemon.server.health.LowMemoryDaemonExpirationStrategy] Received memory status update: {Total: 16440098816, Free: 12605730816}
09:42:12.754 [DEBUG] [org.gradle.process.internal.health.memory.MemoryManager] Emitting JVM memory status event {Maximum: 1073741824, Committed: 260046848}
09:42:17.755 [DEBUG] [org.gradle.process.internal.health.memory.MemoryManager] Emitting OS memory status event {Total: 16440098816, Free: 12613066752}
09:42:17.755 [DEBUG] [org.gradle.launcher.daemon.server.health.LowMemoryDaemonExpirationStrategy] Received memory status update: {Total: 16440098816, Free: 12613066752}
09:42:17.755 [DEBUG] [org.gradle.process.internal.health.memory.MemoryManager] Emitting JVM memory status event {Maximum: 1073741824, Committed: 260046848}
09:42:21.711 [DEBUG] [org.gradle.launcher.daemon.server.Daemon] DaemonExpirationPeriodicCheck running
09:42:21.711 [DEBUG] [org.gradle.cache.internal.DefaultFileLockManager] Waiting to acquire shared lock on daemon addresses registry.
09:42:21.711 [DEBUG] [org.gradle.cache.internal.DefaultFileLockManager] Lock acquired on daemon addresses registry.
09:42:21.711 [DEBUG] [org.gradle.cache.internal.DefaultFileLockManager] Releasing lock on daemon addresses registry.
09:42:21.711 [DEBUG] [org.gradle.cache.internal.DefaultFileLockManager] Waiting to acquire shared lock on daemon addresses registry.
09:42:21.711 [DEBUG] [org.gradle.cache.internal.DefaultFileLockManager] Lock acquired on daemon addresses registry.
09:42:21.711 [DEBUG] [org.gradle.cache.internal.DefaultFileLockManager] Releasing lock on daemon addresses registry.
09:42:21.711 [DEBUG] [org.gradle.cache.internal.DefaultFileLockManager] Waiting to acquire shared lock on daemon addresses registry.
09:42:21.711 [DEBUG] [org.gradle.cache.internal.DefaultFileLockManager] Lock acquired on daemon addresses registry.
09:42:21.711 [DEBUG] [org.gradle.cache.internal.DefaultFileLockManager] Releasing lock on daemon addresses registry.
09:42:22.755 [DEBUG] [org.gradle.process.internal.health.memory.MemoryManager] Emitting OS memory status event {Total: 16440098816, Free: 12607193088}
09:42:22.755 [DEBUG] [org.gradle.launcher.daemon.server.health.LowMemoryDaemonExpirationStrategy] Received memory status update: {Total: 16440098816, Free: 12607193088}
09:42:22.755 [DEBUG] [org.gradle.process.internal.health.memory.MemoryManager] Emitting JVM memory status event {Maximum: 1073741824, Committed: 260046848}
09:42:27.755 [DEBUG] [org.gradle.process.internal.health.memory.MemoryManager] Emitting OS memory status event {Total: 16440098816, Free: 12604882944}
09:42:27.755 [DEBUG] [org.gradle.launcher.daemon.server.health.LowMemoryDaemonExpirationStrategy] Received memory status update: {Total: 16440098816, Free: 12604882944}
09:42:27.755 [DEBUG] [org.gradle.process.internal.health.memory.MemoryManager] Emitting JVM memory status event {Maximum: 1073741824, Committed: 260046848}
09:42:31.711 [DEBUG] [org.gradle.launcher.daemon.server.Daemon] DaemonExpirationPeriodicCheck running
09:42:31.711 [DEBUG] [org.gradle.cache.internal.DefaultFileLockManager] Waiting to acquire shared lock on daemon addresses registry.
09:42:31.711 [DEBUG] [org.gradle.cache.internal.DefaultFileLockManager] Lock acquired on daemon addresses registry.
09:42:31.711 [DEBUG] [org.gradle.cache.internal.DefaultFileLockManager] Releasing lock on daemon addresses registry.
09:42:31.711 [DEBUG] [org.gradle.cache.internal.DefaultFileLockManager] Waiting to acquire shared lock on daemon addresses registry.
09:42:31.711 [DEBUG] [org.gradle.cache.internal.DefaultFileLockManager] Lock acquired on daemon addresses registry.
09:42:31.711 [DEBUG] [org.gradle.cache.internal.DefaultFileLockManager] Releasing lock on daemon addresses registry.
09:42:31.711 [DEBUG] [org.gradle.cache.internal.DefaultFileLockManager] Waiting to acquire shared lock on daemon addresses registry.
09:42:31.711 [DEBUG] [org.gradle.cache.internal.DefaultFileLockManager] Lock acquired on daemon addresses registry.
09:42:31.711 [DEBUG] [org.gradle.cache.internal.DefaultFileLockManager] Releasing lock on daemon addresses registry.
09:42:32.754 [DEBUG] [org.gradle.process.internal.health.memory.MemoryManager] Emitting OS memory status event {Total: 16440098816, Free: 12601716736}
09:42:32.755 [DEBUG] [org.gradle.launcher.daemon.server.health.LowMemoryDaemonExpirationStrategy] Received memory status update: {Total: 16440098816, Free: 12601716736}
09:42:32.755 [DEBUG] [org.gradle.process.internal.health.memory.MemoryManager] Emitting JVM memory status event {Maximum: 1073741824, Committed: 260046848}
09:42:37.755 [DEBUG] [org.gradle.process.internal.health.memory.MemoryManager] Emitting OS memory status event {Total: 16440098816, Free: 12519432192}
09:42:37.755 [DEBUG] [org.gradle.launcher.daemon.server.health.LowMemoryDaemonExpirationStrategy] Received memory status update: {Total: 16440098816, Free: 12519432192}
09:42:37.755 [DEBUG] [org.gradle.process.internal.health.memory.MemoryManager] Emitting JVM memory status event {Maximum: 1073741824, Committed: 260046848}
09:42:41.711 [DEBUG] [org.gradle.launcher.daemon.server.Daemon] DaemonExpirationPeriodicCheck running
09:42:41.711 [DEBUG] [org.gradle.cache.internal.DefaultFileLockManager] Waiting to acquire shared lock on daemon addresses registry.
09:42:41.711 [DEBUG] [org.gradle.cache.internal.DefaultFileLockManager] Lock acquired on daemon addresses registry.
09:42:41.711 [DEBUG] [org.gradle.cache.internal.DefaultFileLockManager] Releasing lock on daemon addresses registry.
09:42:41.711 [DEBUG] [org.gradle.cache.internal.DefaultFileLockManager] Waiting to acquire shared lock on daemon addresses registry.
09:42:41.711 [DEBUG] [org.gradle.cache.internal.DefaultFileLockManager] Lock acquired on daemon addresses registry.
09:42:41.711 [DEBUG] [org.gradle.cache.internal.DefaultFileLockManager] Releasing lock on daemon addresses registry.
09:42:41.711 [DEBUG] [org.gradle.cache.internal.DefaultFileLockManager] Waiting to acquire shared lock on daemon addresses registry.
09:42:41.711 [DEBUG] [org.gradle.cache.internal.DefaultFileLockManager] Lock acquired on daemon addresses registry.
09:42:41.711 [DEBUG] [org.gradle.cache.internal.DefaultFileLockManager] Releasing lock on daemon addresses registry.
09:42:42.755 [DEBUG] [org.gradle.process.internal.health.memory.MemoryManager] Emitting OS memory status event {Total: 16440098816, Free: 12553035776}
09:42:42.755 [DEBUG] [org.gradle.launcher.daemon.server.health.LowMemoryDaemonExpirationStrategy] Received memory status update: {Total: 16440098816, Free: 12553035776}
09:42:42.755 [DEBUG] [org.gradle.process.internal.health.memory.MemoryManager] Emitting JVM memory status event {Maximum: 1073741824, Committed: 260046848}
09:42:47.755 [DEBUG] [org.gradle.process.internal.health.memory.MemoryManager] Emitting OS memory status event {Total: 16440098816, Free: 12560936960}
09:42:47.755 [DEBUG] [org.gradle.launcher.daemon.server.health.LowMemoryDaemonExpirationStrategy] Received memory status update: {Total: 16440098816, Free: 12560936960}
09:42:47.755 [DEBUG] [org.gradle.process.internal.health.memory.MemoryManager] Emitting JVM memory status event {Maximum: 1073741824, Committed: 260046848}
09:42:51.711 [DEBUG] [org.gradle.launcher.daemon.server.Daemon] DaemonExpirationPeriodicCheck running
09:42:51.711 [DEBUG] [org.gradle.cache.internal.DefaultFileLockManager] Waiting to acquire shared lock on daemon addresses registry.
09:42:51.711 [DEBUG] [org.gradle.cache.internal.DefaultFileLockManager] Lock acquired on daemon addresses registry.
09:42:51.711 [DEBUG] [org.gradle.cache.internal.DefaultFileLockManager] Releasing lock on daemon addresses registry.
09:42:51.711 [DEBUG] [org.gradle.cache.internal.DefaultFileLockManager] Waiting to acquire shared lock on daemon addresses registry.
09:42:51.711 [DEBUG] [org.gradle.cache.internal.DefaultFileLockManager] Lock acquired on daemon addresses registry.
09:42:51.711 [DEBUG] [org.gradle.cache.internal.DefaultFileLockManager] Releasing lock on daemon addresses registry.
09:42:51.711 [DEBUG] [org.gradle.cache.internal.DefaultFileLockManager] Waiting to acquire shared lock on daemon addresses registry.
09:42:51.711 [DEBUG] [org.gradle.cache.internal.DefaultFileLockManager] Lock acquired on daemon addresses registry.
09:42:51.711 [DEBUG] [org.gradle.cache.internal.DefaultFileLockManager] Releasing lock on daemon addresses registry.
09:42:52.754 [DEBUG] [org.gradle.process.internal.health.memory.MemoryManager] Emitting OS memory status event {Total: 16440098816, Free: 12564090880}
09:42:52.754 [DEBUG] [org.gradle.launcher.daemon.server.health.LowMemoryDaemonExpirationStrategy] Received memory status update: {Total: 16440098816, Free: 12564090880}
09:42:52.754 [DEBUG] [org.gradle.process.internal.health.memory.MemoryManager] Emitting JVM memory status event {Maximum: 1073741824, Committed: 260046848}
09:42:57.755 [DEBUG] [org.gradle.process.internal.health.memory.MemoryManager] Emitting OS memory status event {Total: 16440098816, Free: 12564910080}
09:42:57.755 [DEBUG] [org.gradle.launcher.daemon.server.health.LowMemoryDaemonExpirationStrategy] Received memory status update: {Total: 16440098816, Free: 12564910080}
09:42:57.755 [DEBUG] [org.gradle.process.internal.health.memory.MemoryManager] Emitting JVM memory status event {Maximum: 1073741824, Committed: 260046848}
09:43:01.711 [DEBUG] [org.gradle.launcher.daemon.server.Daemon] DaemonExpirationPeriodicCheck running
09:43:01.711 [DEBUG] [org.gradle.cache.internal.DefaultFileLockManager] Waiting to acquire shared lock on daemon addresses registry.
09:43:01.711 [DEBUG] [org.gradle.cache.internal.DefaultFileLockManager] Lock acquired on daemon addresses registry.
09:43:01.711 [DEBUG] [org.gradle.cache.internal.DefaultFileLockManager] Releasing lock on daemon addresses registry.
09:43:01.711 [DEBUG] [org.gradle.cache.internal.DefaultFileLockManager] Waiting to acquire shared lock on daemon addresses registry.
09:43:01.711 [DEBUG] [org.gradle.cache.internal.DefaultFileLockManager] Lock acquired on daemon addresses registry.
09:43:01.711 [DEBUG] [org.gradle.cache.internal.DefaultFileLockManager] Releasing lock on daemon addresses registry.
09:43:01.711 [DEBUG] [org.gradle.cache.internal.DefaultFileLockManager] Waiting to acquire shared lock on daemon addresses registry.
09:43:01.711 [DEBUG] [org.gradle.cache.internal.DefaultFileLockManager] Lock acquired on daemon addresses registry.
09:43:01.711 [DEBUG] [org.gradle.cache.internal.DefaultFileLockManager] Releasing lock on daemon addresses registry.
09:43:02.754 [DEBUG] [org.gradle.process.internal.health.memory.MemoryManager] Emitting OS memory status event {Total: 16440098816, Free: 12564836352}
09:43:02.754 [DEBUG] [org.gradle.launcher.daemon.server.health.LowMemoryDaemonExpirationStrategy] Received memory status update: {Total: 16440098816, Free: 12564836352}
09:43:02.754 [DEBUG] [org.gradle.process.internal.health.memory.MemoryManager] Emitting JVM memory status event {Maximum: 1073741824, Committed: 260046848}
09:43:07.755 [DEBUG] [org.gradle.process.internal.health.memory.MemoryManager] Emitting OS memory status event {Total: 16440098816, Free: 12564361216}
09:43:07.755 [DEBUG] [org.gradle.launcher.daemon.server.health.LowMemoryDaemonExpirationStrategy] Received memory status update: {Total: 16440098816, Free: 12564361216}
09:43:07.755 [DEBUG] [org.gradle.process.internal.health.memory.MemoryManager] Emitting JVM memory status event {Maximum: 1073741824, Committed: 260046848}
09:43:11.711 [DEBUG] [org.gradle.launcher.daemon.server.Daemon] DaemonExpirationPeriodicCheck running
09:43:11.711 [DEBUG] [org.gradle.cache.internal.DefaultFileLockManager] Waiting to acquire shared lock on daemon addresses registry.
09:43:11.711 [DEBUG] [org.gradle.cache.internal.DefaultFileLockManager] Lock acquired on daemon addresses registry.
09:43:11.711 [DEBUG] [org.gradle.cache.internal.DefaultFileLockManager] Releasing lock on daemon addresses registry.
09:43:11.711 [DEBUG] [org.gradle.cache.internal.DefaultFileLockManager] Waiting to acquire shared lock on daemon addresses registry.
09:43:11.711 [DEBUG] [org.gradle.cache.internal.DefaultFileLockManager] Lock acquired on daemon addresses registry.
09:43:11.711 [DEBUG] [org.gradle.cache.internal.DefaultFileLockManager] Releasing lock on daemon addresses registry.
09:43:11.711 [DEBUG] [org.gradle.cache.internal.DefaultFileLockManager] Waiting to acquire shared lock on daemon addresses registry.
09:43:11.711 [DEBUG] [org.gradle.cache.internal.DefaultFileLockManager] Lock acquired on daemon addresses registry.
09:43:11.711 [DEBUG] [org.gradle.cache.internal.DefaultFileLockManager] Releasing lock on daemon addresses registry.
09:43:12.754 [DEBUG] [org.gradle.process.internal.health.memory.MemoryManager] Emitting OS memory status event {Total: 16440098816, Free: 12564377600}
09:43:12.755 [DEBUG] [org.gradle.launcher.daemon.server.health.LowMemoryDaemonExpirationStrategy] Received memory status update: {Total: 16440098816, Free: 12564377600}
09:43:12.755 [DEBUG] [org.gradle.process.internal.health.memory.MemoryManager] Emitting JVM memory status event {Maximum: 1073741824, Committed: 260046848}
09:43:17.755 [DEBUG] [org.gradle.process.internal.health.memory.MemoryManager] Emitting OS memory status event {Total: 16440098816, Free: 12564140032}
09:43:17.755 [DEBUG] [org.gradle.launcher.daemon.server.health.LowMemoryDaemonExpirationStrategy] Received memory status update: {Total: 16440098816, Free: 12564140032}
09:43:17.755 [DEBUG] [org.gradle.process.internal.health.memory.MemoryManager] Emitting JVM memory status event {Maximum: 1073741824, Committed: 260046848}
09:43:21.711 [DEBUG] [org.gradle.launcher.daemon.server.Daemon] DaemonExpirationPeriodicCheck running
09:43:21.711 [DEBUG] [org.gradle.cache.internal.DefaultFileLockManager] Waiting to acquire shared lock on daemon addresses registry.
09:43:21.711 [DEBUG] [org.gradle.cache.internal.DefaultFileLockManager] Lock acquired on daemon addresses registry.
09:43:21.711 [DEBUG] [org.gradle.cache.internal.DefaultFileLockManager] Releasing lock on daemon addresses registry.
09:43:21.711 [DEBUG] [org.gradle.cache.internal.DefaultFileLockManager] Waiting to acquire shared lock on daemon addresses registry.
09:43:21.711 [DEBUG] [org.gradle.cache.internal.DefaultFileLockManager] Lock acquired on daemon addresses registry.
09:43:21.711 [DEBUG] [org.gradle.cache.internal.DefaultFileLockManager] Releasing lock on daemon addresses registry.
09:43:21.711 [DEBUG] [org.gradle.cache.internal.DefaultFileLockManager] Waiting to acquire shared lock on daemon addresses registry.
09:43:21.711 [DEBUG] [org.gradle.cache.internal.DefaultFileLockManager] Lock acquired on daemon addresses registry.
09:43:21.711 [DEBUG] [org.gradle.cache.internal.DefaultFileLockManager] Releasing lock on daemon addresses registry.
09:43:22.754 [DEBUG] [org.gradle.process.internal.health.memory.MemoryManager] Emitting OS memory status event {Total: 16440098816, Free: 12564140032}
09:43:22.754 [DEBUG] [org.gradle.launcher.daemon.server.health.LowMemoryDaemonExpirationStrategy] Received memory status update: {Total: 16440098816, Free: 12564140032}
09:43:22.754 [DEBUG] [org.gradle.process.internal.health.memory.MemoryManager] Emitting JVM memory status event {Maximum: 1073741824, Committed: 260046848}
09:43:27.755 [DEBUG] [org.gradle.process.internal.health.memory.MemoryManager] Emitting OS memory status event {Total: 16440098816, Free: 12564410368}
09:43:27.755 [DEBUG] [org.gradle.launcher.daemon.server.health.LowMemoryDaemonExpirationStrategy] Received memory status update: {Total: 16440098816, Free: 12564410368}
09:43:27.755 [DEBUG] [org.gradle.process.internal.health.memory.MemoryManager] Emitting JVM memory status event {Maximum: 1073741824, Committed: 260046848}
09:43:31.711 [DEBUG] [org.gradle.launcher.daemon.server.Daemon] DaemonExpirationPeriodicCheck running
09:43:31.711 [DEBUG] [org.gradle.cache.internal.DefaultFileLockManager] Waiting to acquire shared lock on daemon addresses registry.
09:43:31.711 [DEBUG] [org.gradle.cache.internal.DefaultFileLockManager] Lock acquired on daemon addresses registry.
09:43:31.711 [DEBUG] [org.gradle.cache.internal.DefaultFileLockManager] Releasing lock on daemon addresses registry.
09:43:31.711 [DEBUG] [org.gradle.cache.internal.DefaultFileLockManager] Waiting to acquire shared lock on daemon addresses registry.
09:43:31.711 [DEBUG] [org.gradle.cache.internal.DefaultFileLockManager] Lock acquired on daemon addresses registry.
09:43:31.711 [DEBUG] [org.gradle.cache.internal.DefaultFileLockManager] Releasing lock on daemon addresses registry.
09:43:31.711 [DEBUG] [org.gradle.cache.internal.DefaultFileLockManager] Waiting to acquire shared lock on daemon addresses registry.
09:43:31.711 [DEBUG] [org.gradle.cache.internal.DefaultFileLockManager] Lock acquired on daemon addresses registry.
09:43:31.711 [DEBUG] [org.gradle.cache.internal.DefaultFileLockManager] Releasing lock on daemon addresses registry.
09:43:32.754 [DEBUG] [org.gradle.process.internal.health.memory.MemoryManager] Emitting OS memory status event {Total: 16440098816, Free: 12564471808}
09:43:32.754 [DEBUG] [org.gradle.launcher.daemon.server.health.LowMemoryDaemonExpirationStrategy] Received memory status update: {Total: 16440098816, Free: 12564471808}
09:43:32.754 [DEBUG] [org.gradle.process.internal.health.memory.MemoryManager] Emitting JVM memory status event {Maximum: 1073741824, Committed: 260046848}
09:43:37.755 [DEBUG] [org.gradle.process.internal.health.memory.MemoryManager] Emitting OS memory status event {Total: 16440098816, Free: 12564488192}
09:43:37.755 [DEBUG] [org.gradle.launcher.daemon.server.health.LowMemoryDaemonExpirationStrategy] Received memory status update: {Total: 16440098816, Free: 12564488192}
09:43:37.755 [DEBUG] [org.gradle.process.internal.health.memory.MemoryManager] Emitting JVM memory status event {Maximum: 1073741824, Committed: 260046848}
09:43:41.711 [DEBUG] [org.gradle.launcher.daemon.server.Daemon] DaemonExpirationPeriodicCheck running
09:43:41.711 [DEBUG] [org.gradle.cache.internal.DefaultFileLockManager] Waiting to acquire shared lock on daemon addresses registry.
09:43:41.711 [DEBUG] [org.gradle.cache.internal.DefaultFileLockManager] Lock acquired on daemon addresses registry.
09:43:41.711 [DEBUG] [org.gradle.cache.internal.DefaultFileLockManager] Releasing lock on daemon addresses registry.
09:43:41.711 [DEBUG] [org.gradle.cache.internal.DefaultFileLockManager] Waiting to acquire shared lock on daemon addresses registry.
09:43:41.711 [DEBUG] [org.gradle.cache.internal.DefaultFileLockManager] Lock acquired on daemon addresses registry.
09:43:41.711 [DEBUG] [org.gradle.cache.internal.DefaultFileLockManager] Releasing lock on daemon addresses registry.
09:43:41.711 [DEBUG] [org.gradle.cache.internal.DefaultFileLockManager] Waiting to acquire shared lock on daemon addresses registry.
09:43:41.711 [DEBUG] [org.gradle.cache.internal.DefaultFileLockManager] Lock acquired on daemon addresses registry.
09:43:41.711 [DEBUG] [org.gradle.cache.internal.DefaultFileLockManager] Releasing lock on daemon addresses registry.
09:43:42.754 [DEBUG] [org.gradle.process.internal.health.memory.MemoryManager] Emitting OS memory status event {Total: 16440098816, Free: 12564512768}
09:43:42.754 [DEBUG] [org.gradle.launcher.daemon.server.health.LowMemoryDaemonExpirationStrategy] Received memory status update: {Total: 16440098816, Free: 12564512768}
09:43:42.754 [DEBUG] [org.gradle.process.internal.health.memory.MemoryManager] Emitting JVM memory status event {Maximum: 1073741824, Committed: 260046848}
09:43:47.755 [DEBUG] [org.gradle.process.internal.health.memory.MemoryManager] Emitting OS memory status event {Total: 16440098816, Free: 12564520960}
09:43:47.755 [DEBUG] [org.gradle.launcher.daemon.server.health.LowMemoryDaemonExpirationStrategy] Received memory status update: {Total: 16440098816, Free: 12564520960}
09:43:47.755 [DEBUG] [org.gradle.process.internal.health.memory.MemoryManager] Emitting JVM memory status event {Maximum: 1073741824, Committed: 260046848}
09:43:51.711 [DEBUG] [org.gradle.launcher.daemon.server.Daemon] DaemonExpirationPeriodicCheck running
09:43:51.711 [DEBUG] [org.gradle.cache.internal.DefaultFileLockManager] Waiting to acquire shared lock on daemon addresses registry.
09:43:51.711 [DEBUG] [org.gradle.cache.internal.DefaultFileLockManager] Lock acquired on daemon addresses registry.
09:43:51.711 [DEBUG] [org.gradle.cache.internal.DefaultFileLockManager] Releasing lock on daemon addresses registry.
09:43:51.711 [DEBUG] [org.gradle.cache.internal.DefaultFileLockManager] Waiting to acquire shared lock on daemon addresses registry.
09:43:51.711 [DEBUG] [org.gradle.cache.internal.DefaultFileLockManager] Lock acquired on daemon addresses registry.
09:43:51.711 [DEBUG] [org.gradle.cache.internal.DefaultFileLockManager] Releasing lock on daemon addresses registry.
09:43:51.711 [DEBUG] [org.gradle.cache.internal.DefaultFileLockManager] Waiting to acquire shared lock on daemon addresses registry.
09:43:51.711 [DEBUG] [org.gradle.cache.internal.DefaultFileLockManager] Lock acquired on daemon addresses registry.
09:43:51.711 [DEBUG] [org.gradle.cache.internal.DefaultFileLockManager] Releasing lock on daemon addresses registry.
09:43:52.754 [DEBUG] [org.gradle.process.internal.health.memory.MemoryManager] Emitting OS memory status event {Total: 16440098816, Free: 12563517440}
09:43:52.754 [DEBUG] [org.gradle.launcher.daemon.server.health.LowMemoryDaemonExpirationStrategy] Received memory status update: {Total: 16440098816, Free: 12563517440}
09:43:52.754 [DEBUG] [org.gradle.process.internal.health.memory.MemoryManager] Emitting JVM memory status event {Maximum: 1073741824, Committed: 260046848}
09:43:57.755 [DEBUG] [org.gradle.process.internal.health.memory.MemoryManager] Emitting OS memory status event {Total: 16440098816, Free: 12563525632}
09:43:57.755 [DEBUG] [org.gradle.launcher.daemon.server.health.LowMemoryDaemonExpirationStrategy] Received memory status update: {Total: 16440098816, Free: 12563525632}
09:43:57.755 [DEBUG] [org.gradle.process.internal.health.memory.MemoryManager] Emitting JVM memory status event {Maximum: 1073741824, Committed: 260046848}
09:44:01.711 [DEBUG] [org.gradle.launcher.daemon.server.Daemon] DaemonExpirationPeriodicCheck running
09:44:01.711 [DEBUG] [org.gradle.cache.internal.DefaultFileLockManager] Waiting to acquire shared lock on daemon addresses registry.
09:44:01.711 [DEBUG] [org.gradle.cache.internal.DefaultFileLockManager] Lock acquired on daemon addresses registry.
09:44:01.711 [DEBUG] [org.gradle.cache.internal.DefaultFileLockManager] Releasing lock on daemon addresses registry.
09:44:01.711 [DEBUG] [org.gradle.cache.internal.DefaultFileLockManager] Waiting to acquire shared lock on daemon addresses registry.
09:44:01.711 [DEBUG] [org.gradle.cache.internal.DefaultFileLockManager] Lock acquired on daemon addresses registry.
09:44:01.711 [DEBUG] [org.gradle.cache.internal.DefaultFileLockManager] Releasing lock on daemon addresses registry.
09:44:01.711 [DEBUG] [org.gradle.cache.internal.DefaultFileLockManager] Waiting to acquire shared lock on daemon addresses registry.
09:44:01.711 [DEBUG] [org.gradle.cache.internal.DefaultFileLockManager] Lock acquired on daemon addresses registry.
09:44:01.711 [DEBUG] [org.gradle.cache.internal.DefaultFileLockManager] Releasing lock on daemon addresses registry.
09:44:02.754 [DEBUG] [org.gradle.process.internal.health.memory.MemoryManager] Emitting OS memory status event {Total: 16440098816, Free: 12564230144}
09:44:02.754 [DEBUG] [org.gradle.launcher.daemon.server.health.LowMemoryDaemonExpirationStrategy] Received memory status update: {Total: 16440098816, Free: 12564230144}
09:44:02.754 [DEBUG] [org.gradle.process.internal.health.memory.MemoryManager] Emitting JVM memory status event {Maximum: 1073741824, Committed: 260046848}
09:44:07.755 [DEBUG] [org.gradle.process.internal.health.memory.MemoryManager] Emitting OS memory status event {Total: 16440098816, Free: 12564230144}
09:44:07.755 [DEBUG] [org.gradle.launcher.daemon.server.health.LowMemoryDaemonExpirationStrategy] Received memory status update: {Total: 16440098816, Free: 12564230144}
09:44:07.755 [DEBUG] [org.gradle.process.internal.health.memory.MemoryManager] Emitting JVM memory status event {Maximum: 1073741824, Committed: 260046848}
09:44:11.711 [DEBUG] [org.gradle.launcher.daemon.server.Daemon] DaemonExpirationPeriodicCheck running
09:44:11.711 [DEBUG] [org.gradle.cache.internal.DefaultFileLockManager] Waiting to acquire shared lock on daemon addresses registry.
09:44:11.711 [DEBUG] [org.gradle.cache.internal.DefaultFileLockManager] Lock acquired on daemon addresses registry.
09:44:11.711 [DEBUG] [org.gradle.cache.internal.DefaultFileLockManager] Releasing lock on daemon addresses registry.
09:44:11.711 [DEBUG] [org.gradle.cache.internal.DefaultFileLockManager] Waiting to acquire shared lock on daemon addresses registry.
09:44:11.711 [DEBUG] [org.gradle.cache.internal.DefaultFileLockManager] Lock acquired on daemon addresses registry.
09:44:11.711 [DEBUG] [org.gradle.cache.internal.DefaultFileLockManager] Releasing lock on daemon addresses registry.
09:44:11.711 [DEBUG] [org.gradle.cache.internal.DefaultFileLockManager] Waiting to acquire shared lock on daemon addresses registry.
09:44:11.711 [DEBUG] [org.gradle.cache.internal.DefaultFileLockManager] Lock acquired on daemon addresses registry.
09:44:11.711 [DEBUG] [org.gradle.cache.internal.DefaultFileLockManager] Releasing lock on daemon addresses registry.
09:44:12.755 [DEBUG] [org.gradle.process.internal.health.memory.MemoryManager] Emitting OS memory status event {Total: 16440098816, Free: 12564275200}
09:44:12.755 [DEBUG] [org.gradle.launcher.daemon.server.health.LowMemoryDaemonExpirationStrategy] Received memory status update: {Total: 16440098816, Free: 12564275200}
09:44:12.755 [DEBUG] [org.gradle.process.internal.health.memory.MemoryManager] Emitting JVM memory status event {Maximum: 1073741824, Committed: 260046848}
09:44:17.755 [DEBUG] [org.gradle.process.internal.health.memory.MemoryManager] Emitting OS memory status event {Total: 16440098816, Free: 12569509888}
09:44:17.755 [DEBUG] [org.gradle.launcher.daemon.server.health.LowMemoryDaemonExpirationStrategy] Received memory status update: {Total: 16440098816, Free: 12569509888}
09:44:17.755 [DEBUG] [org.gradle.process.internal.health.memory.MemoryManager] Emitting JVM memory status event {Maximum: 1073741824, Committed: 260046848}
09:44:21.711 [DEBUG] [org.gradle.launcher.daemon.server.Daemon] DaemonExpirationPeriodicCheck running
09:44:21.711 [DEBUG] [org.gradle.cache.internal.DefaultFileLockManager] Waiting to acquire shared lock on daemon addresses registry.
09:44:21.711 [DEBUG] [org.gradle.cache.internal.DefaultFileLockManager] Lock acquired on daemon addresses registry.
09:44:21.711 [DEBUG] [org.gradle.cache.internal.DefaultFileLockManager] Releasing lock on daemon addresses registry.
09:44:21.711 [DEBUG] [org.gradle.cache.internal.DefaultFileLockManager] Waiting to acquire shared lock on daemon addresses registry.
09:44:21.711 [DEBUG] [org.gradle.cache.internal.DefaultFileLockManager] Lock acquired on daemon addresses registry.
09:44:21.711 [DEBUG] [org.gradle.cache.internal.DefaultFileLockManager] Releasing lock on daemon addresses registry.
09:44:21.711 [DEBUG] [org.gradle.cache.internal.DefaultFileLockManager] Waiting to acquire shared lock on daemon addresses registry.
09:44:21.711 [DEBUG] [org.gradle.cache.internal.DefaultFileLockManager] Lock acquired on daemon addresses registry.
09:44:21.711 [DEBUG] [org.gradle.cache.internal.DefaultFileLockManager] Releasing lock on daemon addresses registry.
09:44:22.754 [DEBUG] [org.gradle.process.internal.health.memory.MemoryManager] Emitting OS memory status event {Total: 16440098816, Free: 12569403392}
09:44:22.754 [DEBUG] [org.gradle.launcher.daemon.server.health.LowMemoryDaemonExpirationStrategy] Received memory status update: {Total: 16440098816, Free: 12569403392}
09:44:22.754 [DEBUG] [org.gradle.process.internal.health.memory.MemoryManager] Emitting JVM memory status event {Maximum: 1073741824, Committed: 260046848}
09:44:27.755 [DEBUG] [org.gradle.process.internal.health.memory.MemoryManager] Emitting OS memory status event {Total: 16440098816, Free: 12569415680}
09:44:27.755 [DEBUG] [org.gradle.launcher.daemon.server.health.LowMemoryDaemonExpirationStrategy] Received memory status update: {Total: 16440098816, Free: 12569415680}
09:44:27.755 [DEBUG] [org.gradle.process.internal.health.memory.MemoryManager] Emitting JVM memory status event {Maximum: 1073741824, Committed: 260046848}
09:44:31.711 [DEBUG] [org.gradle.launcher.daemon.server.Daemon] DaemonExpirationPeriodicCheck running
09:44:31.711 [DEBUG] [org.gradle.cache.internal.DefaultFileLockManager] Waiting to acquire shared lock on daemon addresses registry.
09:44:31.711 [DEBUG] [org.gradle.cache.internal.DefaultFileLockManager] Lock acquired on daemon addresses registry.
09:44:31.711 [DEBUG] [org.gradle.cache.internal.DefaultFileLockManager] Releasing lock on daemon addresses registry.
09:44:31.711 [DEBUG] [org.gradle.cache.internal.DefaultFileLockManager] Waiting to acquire shared lock on daemon addresses registry.
09:44:31.711 [DEBUG] [org.gradle.cache.internal.DefaultFileLockManager] Lock acquired on daemon addresses registry.
09:44:31.711 [DEBUG] [org.gradle.cache.internal.DefaultFileLockManager] Releasing lock on daemon addresses registry.
09:44:31.711 [DEBUG] [org.gradle.cache.internal.DefaultFileLockManager] Waiting to acquire shared lock on daemon addresses registry.
09:44:31.711 [DEBUG] [org.gradle.cache.internal.DefaultFileLockManager] Lock acquired on daemon addresses registry.
09:44:31.711 [DEBUG] [org.gradle.cache.internal.DefaultFileLockManager] Releasing lock on daemon addresses registry.
09:44:32.754 [DEBUG] [org.gradle.process.internal.health.memory.MemoryManager] Emitting OS memory status event {Total: 16440098816, Free: 12568657920}
09:44:32.755 [DEBUG] [org.gradle.launcher.daemon.server.health.LowMemoryDaemonExpirationStrategy] Received memory status update: {Total: 16440098816, Free: 12568657920}
09:44:32.755 [DEBUG] [org.gradle.process.internal.health.memory.MemoryManager] Emitting JVM memory status event {Maximum: 1073741824, Committed: 260046848}
09:44:37.755 [DEBUG] [org.gradle.process.internal.health.memory.MemoryManager] Emitting OS memory status event {Total: 16440098816, Free: 12568657920}
09:44:37.755 [DEBUG] [org.gradle.launcher.daemon.server.health.LowMemoryDaemonExpirationStrategy] Received memory status update: {Total: 16440098816, Free: 12568657920}
09:44:37.755 [DEBUG] [org.gradle.process.internal.health.memory.MemoryManager] Emitting JVM memory status event {Maximum: 1073741824, Committed: 260046848}
09:44:41.711 [DEBUG] [org.gradle.launcher.daemon.server.Daemon] DaemonExpirationPeriodicCheck running
09:44:41.711 [DEBUG] [org.gradle.cache.internal.DefaultFileLockManager] Waiting to acquire shared lock on daemon addresses registry.
09:44:41.711 [DEBUG] [org.gradle.cache.internal.DefaultFileLockManager] Lock acquired on daemon addresses registry.
09:44:41.711 [DEBUG] [org.gradle.cache.internal.DefaultFileLockManager] Releasing lock on daemon addresses registry.
09:44:41.711 [DEBUG] [org.gradle.cache.internal.DefaultFileLockManager] Waiting to acquire shared lock on daemon addresses registry.
09:44:41.711 [DEBUG] [org.gradle.cache.internal.DefaultFileLockManager] Lock acquired on daemon addresses registry.
09:44:41.711 [DEBUG] [org.gradle.cache.internal.DefaultFileLockManager] Releasing lock on daemon addresses registry.
09:44:41.711 [DEBUG] [org.gradle.cache.internal.DefaultFileLockManager] Waiting to acquire shared lock on daemon addresses registry.
09:44:41.711 [DEBUG] [org.gradle.cache.internal.DefaultFileLockManager] Lock acquired on daemon addresses registry.
09:44:41.711 [DEBUG] [org.gradle.cache.internal.DefaultFileLockManager] Releasing lock on daemon addresses registry.
09:44:42.754 [DEBUG] [org.gradle.process.internal.health.memory.MemoryManager] Emitting OS memory status event {Total: 16440098816, Free: 12568416256}
09:44:42.754 [DEBUG] [org.gradle.launcher.daemon.server.health.LowMemoryDaemonExpirationStrategy] Received memory status update: {Total: 16440098816, Free: 12568416256}
09:44:42.754 [DEBUG] [org.gradle.process.internal.health.memory.MemoryManager] Emitting JVM memory status event {Maximum: 1073741824, Committed: 260046848}
09:44:47.755 [DEBUG] [org.gradle.process.internal.health.memory.MemoryManager] Emitting OS memory status event {Total: 16440098816, Free: 12568432640}
09:44:47.755 [DEBUG] [org.gradle.launcher.daemon.server.health.LowMemoryDaemonExpirationStrategy] Received memory status update: {Total: 16440098816, Free: 12568432640}
09:44:47.755 [DEBUG] [org.gradle.process.internal.health.memory.MemoryManager] Emitting JVM memory status event {Maximum: 1073741824, Committed: 260046848}
09:44:51.711 [DEBUG] [org.gradle.launcher.daemon.server.Daemon] DaemonExpirationPeriodicCheck running
09:44:51.711 [DEBUG] [org.gradle.cache.internal.DefaultFileLockManager] Waiting to acquire shared lock on daemon addresses registry.
09:44:51.711 [DEBUG] [org.gradle.cache.internal.DefaultFileLockManager] Lock acquired on daemon addresses registry.
09:44:51.711 [DEBUG] [org.gradle.cache.internal.DefaultFileLockManager] Releasing lock on daemon addresses registry.
09:44:51.711 [DEBUG] [org.gradle.cache.internal.DefaultFileLockManager] Waiting to acquire shared lock on daemon addresses registry.
09:44:51.711 [DEBUG] [org.gradle.cache.internal.DefaultFileLockManager] Lock acquired on daemon addresses registry.
09:44:51.711 [DEBUG] [org.gradle.cache.internal.DefaultFileLockManager] Releasing lock on daemon addresses registry.
09:44:51.711 [DEBUG] [org.gradle.cache.internal.DefaultFileLockManager] Waiting to acquire shared lock on daemon addresses registry.
09:44:51.711 [DEBUG] [org.gradle.cache.internal.DefaultFileLockManager] Lock acquired on daemon addresses registry.
09:44:51.711 [DEBUG] [org.gradle.cache.internal.DefaultFileLockManager] Releasing lock on daemon addresses registry.
09:44:52.754 [DEBUG] [org.gradle.process.internal.health.memory.MemoryManager] Emitting OS memory status event {Total: 16440098816, Free: 12568469504}
09:44:52.754 [DEBUG] [org.gradle.launcher.daemon.server.health.LowMemoryDaemonExpirationStrategy] Received memory status update: {Total: 16440098816, Free: 12568469504}
09:44:52.754 [DEBUG] [org.gradle.process.internal.health.memory.MemoryManager] Emitting JVM memory status event {Maximum: 1073741824, Committed: 260046848}
09:44:57.755 [DEBUG] [org.gradle.process.internal.health.memory.MemoryManager] Emitting OS memory status event {Total: 16440098816, Free: 12568150016}
09:44:57.755 [DEBUG] [org.gradle.launcher.daemon.server.health.LowMemoryDaemonExpirationStrategy] Received memory status update: {Total: 16440098816, Free: 12568150016}
09:44:57.755 [DEBUG] [org.gradle.process.internal.health.memory.MemoryManager] Emitting JVM memory status event {Maximum: 1073741824, Committed: 260046848}
09:45:01.711 [DEBUG] [org.gradle.launcher.daemon.server.Daemon] DaemonExpirationPeriodicCheck running
09:45:01.711 [DEBUG] [org.gradle.cache.internal.DefaultFileLockManager] Waiting to acquire shared lock on daemon addresses registry.
09:45:01.711 [DEBUG] [org.gradle.cache.internal.DefaultFileLockManager] Lock acquired on daemon addresses registry.
09:45:01.711 [DEBUG] [org.gradle.cache.internal.DefaultFileLockManager] Releasing lock on daemon addresses registry.
09:45:01.711 [DEBUG] [org.gradle.cache.internal.DefaultFileLockManager] Waiting to acquire shared lock on daemon addresses registry.
09:45:01.711 [DEBUG] [org.gradle.cache.internal.DefaultFileLockManager] Lock acquired on daemon addresses registry.
09:45:01.711 [DEBUG] [org.gradle.cache.internal.DefaultFileLockManager] Releasing lock on daemon addresses registry.
09:45:01.711 [DEBUG] [org.gradle.cache.internal.DefaultFileLockManager] Waiting to acquire shared lock on daemon addresses registry.
09:45:01.711 [DEBUG] [org.gradle.cache.internal.DefaultFileLockManager] Lock acquired on daemon addresses registry.
09:45:01.711 [DEBUG] [org.gradle.cache.internal.DefaultFileLockManager] Releasing lock on daemon addresses registry.
09:45:02.754 [DEBUG] [org.gradle.process.internal.health.memory.MemoryManager] Emitting OS memory status event {Total: 16440098816, Free: 12567912448}
09:45:02.754 [DEBUG] [org.gradle.launcher.daemon.server.health.LowMemoryDaemonExpirationStrategy] Received memory status update: {Total: 16440098816, Free: 12567912448}
09:45:02.754 [DEBUG] [org.gradle.process.internal.health.memory.MemoryManager] Emitting JVM memory status event {Maximum: 1073741824, Committed: 260046848}
09:45:07.755 [DEBUG] [org.gradle.process.internal.health.memory.MemoryManager] Emitting OS memory status event {Total: 16440098816, Free: 12568051712}
09:45:07.755 [DEBUG] [org.gradle.launcher.daemon.server.health.LowMemoryDaemonExpirationStrategy] Received memory status update: {Total: 16440098816, Free: 12568051712}
09:45:07.755 [DEBUG] [org.gradle.process.internal.health.memory.MemoryManager] Emitting JVM memory status event {Maximum: 1073741824, Committed: 260046848}
09:45:11.711 [DEBUG] [org.gradle.launcher.daemon.server.Daemon] DaemonExpirationPeriodicCheck running
09:45:11.711 [DEBUG] [org.gradle.cache.internal.DefaultFileLockManager] Waiting to acquire shared lock on daemon addresses registry.
09:45:11.711 [DEBUG] [org.gradle.cache.internal.DefaultFileLockManager] Lock acquired on daemon addresses registry.
09:45:11.711 [DEBUG] [org.gradle.cache.internal.DefaultFileLockManager] Releasing lock on daemon addresses registry.
09:45:11.711 [DEBUG] [org.gradle.cache.internal.DefaultFileLockManager] Waiting to acquire shared lock on daemon addresses registry.
09:45:11.711 [DEBUG] [org.gradle.cache.internal.DefaultFileLockManager] Lock acquired on daemon addresses registry.
09:45:11.711 [DEBUG] [org.gradle.cache.internal.DefaultFileLockManager] Releasing lock on daemon addresses registry.
09:45:11.711 [DEBUG] [org.gradle.cache.internal.DefaultFileLockManager] Waiting to acquire shared lock on daemon addresses registry.
09:45:11.711 [DEBUG] [org.gradle.cache.internal.DefaultFileLockManager] Lock acquired on daemon addresses registry.
09:45:11.711 [DEBUG] [org.gradle.cache.internal.DefaultFileLockManager] Releasing lock on daemon addresses registry.
09:45:12.754 [DEBUG] [org.gradle.process.internal.health.memory.MemoryManager] Emitting OS memory status event {Total: 16440098816, Free: 12567805952}
09:45:12.754 [DEBUG] [org.gradle.launcher.daemon.server.health.LowMemoryDaemonExpirationStrategy] Received memory status update: {Total: 16440098816, Free: 12567805952}
09:45:12.754 [DEBUG] [org.gradle.process.internal.health.memory.MemoryManager] Emitting JVM memory status event {Maximum: 1073741824, Committed: 260046848}
09:45:17.755 [DEBUG] [org.gradle.process.internal.health.memory.MemoryManager] Emitting OS memory status event {Total: 16440098816, Free: 12567826432}
09:45:17.755 [DEBUG] [org.gradle.launcher.daemon.server.health.LowMemoryDaemonExpirationStrategy] Received memory status update: {Total: 16440098816, Free: 12567826432}
09:45:17.755 [DEBUG] [org.gradle.process.internal.health.memory.MemoryManager] Emitting JVM memory status event {Maximum: 1073741824, Committed: 260046848}
09:45:21.711 [DEBUG] [org.gradle.launcher.daemon.server.Daemon] DaemonExpirationPeriodicCheck running
09:45:21.711 [DEBUG] [org.gradle.cache.internal.DefaultFileLockManager] Waiting to acquire shared lock on daemon addresses registry.
09:45:21.711 [DEBUG] [org.gradle.cache.internal.DefaultFileLockManager] Lock acquired on daemon addresses registry.
09:45:21.711 [DEBUG] [org.gradle.cache.internal.DefaultFileLockManager] Releasing lock on daemon addresses registry.
09:45:21.711 [DEBUG] [org.gradle.cache.internal.DefaultFileLockManager] Waiting to acquire shared lock on daemon addresses registry.
09:45:21.711 [DEBUG] [org.gradle.cache.internal.DefaultFileLockManager] Lock acquired on daemon addresses registry.
09:45:21.711 [DEBUG] [org.gradle.cache.internal.DefaultFileLockManager] Releasing lock on daemon addresses registry.
09:45:21.711 [DEBUG] [org.gradle.cache.internal.DefaultFileLockManager] Waiting to acquire shared lock on daemon addresses registry.
09:45:21.711 [DEBUG] [org.gradle.cache.internal.DefaultFileLockManager] Lock acquired on daemon addresses registry.
09:45:21.711 [DEBUG] [org.gradle.cache.internal.DefaultFileLockManager] Releasing lock on daemon addresses registry.
09:45:22.754 [DEBUG] [org.gradle.process.internal.health.memory.MemoryManager] Emitting OS memory status event {Total: 16440098816, Free: 12571688960}
09:45:22.754 [DEBUG] [org.gradle.launcher.daemon.server.health.LowMemoryDaemonExpirationStrategy] Received memory status update: {Total: 16440098816, Free: 12571688960}
09:45:22.754 [DEBUG] [org.gradle.process.internal.health.memory.MemoryManager] Emitting JVM memory status event {Maximum: 1073741824, Committed: 260046848}
09:45:27.755 [DEBUG] [org.gradle.process.internal.health.memory.MemoryManager] Emitting OS memory status event {Total: 16440098816, Free: 12570775552}
09:45:27.755 [DEBUG] [org.gradle.launcher.daemon.server.health.LowMemoryDaemonExpirationStrategy] Received memory status update: {Total: 16440098816, Free: 12570775552}
09:45:27.755 [DEBUG] [org.gradle.process.internal.health.memory.MemoryManager] Emitting JVM memory status event {Maximum: 1073741824, Committed: 260046848}
09:45:31.711 [DEBUG] [org.gradle.launcher.daemon.server.Daemon] DaemonExpirationPeriodicCheck running
09:45:31.711 [DEBUG] [org.gradle.cache.internal.DefaultFileLockManager] Waiting to acquire shared lock on daemon addresses registry.
09:45:31.711 [DEBUG] [org.gradle.cache.internal.DefaultFileLockManager] Lock acquired on daemon addresses registry.
09:45:31.711 [DEBUG] [org.gradle.cache.internal.DefaultFileLockManager] Releasing lock on daemon addresses registry.
09:45:31.711 [DEBUG] [org.gradle.cache.internal.DefaultFileLockManager] Waiting to acquire shared lock on daemon addresses registry.
09:45:31.711 [DEBUG] [org.gradle.cache.internal.DefaultFileLockManager] Lock acquired on daemon addresses registry.
09:45:31.711 [DEBUG] [org.gradle.cache.internal.DefaultFileLockManager] Releasing lock on daemon addresses registry.
09:45:31.711 [DEBUG] [org.gradle.cache.internal.DefaultFileLockManager] Waiting to acquire shared lock on daemon addresses registry.
09:45:31.711 [DEBUG] [org.gradle.cache.internal.DefaultFileLockManager] Lock acquired on daemon addresses registry.
09:45:31.711 [DEBUG] [org.gradle.cache.internal.DefaultFileLockManager] Releasing lock on daemon addresses registry.
09:45:32.754 [DEBUG] [org.gradle.process.internal.health.memory.MemoryManager] Emitting OS memory status event {Total: 16440098816, Free: 12572348416}
09:45:32.754 [DEBUG] [org.gradle.launcher.daemon.server.health.LowMemoryDaemonExpirationStrategy] Received memory status update: {Total: 16440098816, Free: 12572348416}
09:45:32.754 [DEBUG] [org.gradle.process.internal.health.memory.MemoryManager] Emitting JVM memory status event {Maximum: 1073741824, Committed: 260046848}
09:45:37.755 [DEBUG] [org.gradle.process.internal.health.memory.MemoryManager] Emitting OS memory status event {Total: 16440098816, Free: 12572749824}
09:45:37.755 [DEBUG] [org.gradle.launcher.daemon.server.health.LowMemoryDaemonExpirationStrategy] Received memory status update: {Total: 16440098816, Free: 12572749824}
09:45:37.755 [DEBUG] [org.gradle.process.internal.health.memory.MemoryManager] Emitting JVM memory status event {Maximum: 1073741824, Committed: 260046848}
09:45:41.711 [DEBUG] [org.gradle.launcher.daemon.server.Daemon] DaemonExpirationPeriodicCheck running
09:45:41.711 [DEBUG] [org.gradle.cache.internal.DefaultFileLockManager] Waiting to acquire shared lock on daemon addresses registry.
09:45:41.711 [DEBUG] [org.gradle.cache.internal.DefaultFileLockManager] Lock acquired on daemon addresses registry.
09:45:41.711 [DEBUG] [org.gradle.cache.internal.DefaultFileLockManager] Releasing lock on daemon addresses registry.
09:45:41.711 [DEBUG] [org.gradle.cache.internal.DefaultFileLockManager] Waiting to acquire shared lock on daemon addresses registry.
09:45:41.711 [DEBUG] [org.gradle.cache.internal.DefaultFileLockManager] Lock acquired on daemon addresses registry.
09:45:41.711 [DEBUG] [org.gradle.cache.internal.DefaultFileLockManager] Releasing lock on daemon addresses registry.
09:45:41.711 [DEBUG] [org.gradle.cache.internal.DefaultFileLockManager] Waiting to acquire shared lock on daemon addresses registry.
09:45:41.711 [DEBUG] [org.gradle.cache.internal.DefaultFileLockManager] Lock acquired on daemon addresses registry.
09:45:41.711 [DEBUG] [org.gradle.cache.internal.DefaultFileLockManager] Releasing lock on daemon addresses registry.
09:45:42.754 [DEBUG] [org.gradle.process.internal.health.memory.MemoryManager] Emitting OS memory status event {Total: 16440098816, Free: 12570451968}
09:45:42.754 [DEBUG] [org.gradle.launcher.daemon.server.health.LowMemoryDaemonExpirationStrategy] Received memory status update: {Total: 16440098816, Free: 12570451968}
09:45:42.754 [DEBUG] [org.gradle.process.internal.health.memory.MemoryManager] Emitting JVM memory status event {Maximum: 1073741824, Committed: 260046848}
09:45:47.755 [DEBUG] [org.gradle.process.internal.health.memory.MemoryManager] Emitting OS memory status event {Total: 16440098816, Free: 12570451968}
09:45:47.755 [DEBUG] [org.gradle.launcher.daemon.server.health.LowMemoryDaemonExpirationStrategy] Received memory status update: {Total: 16440098816, Free: 12570451968}
09:45:47.755 [DEBUG] [org.gradle.process.internal.health.memory.MemoryManager] Emitting JVM memory status event {Maximum: 1073741824, Committed: 260046848}
09:45:51.711 [DEBUG] [org.gradle.launcher.daemon.server.Daemon] DaemonExpirationPeriodicCheck running
09:45:51.711 [DEBUG] [org.gradle.cache.internal.DefaultFileLockManager] Waiting to acquire shared lock on daemon addresses registry.
09:45:51.711 [DEBUG] [org.gradle.cache.internal.DefaultFileLockManager] Lock acquired on daemon addresses registry.
09:45:51.711 [DEBUG] [org.gradle.cache.internal.DefaultFileLockManager] Releasing lock on daemon addresses registry.
09:45:51.711 [DEBUG] [org.gradle.cache.internal.DefaultFileLockManager] Waiting to acquire shared lock on daemon addresses registry.
09:45:51.711 [DEBUG] [org.gradle.cache.internal.DefaultFileLockManager] Lock acquired on daemon addresses registry.
09:45:51.711 [DEBUG] [org.gradle.cache.internal.DefaultFileLockManager] Releasing lock on daemon addresses registry.
09:45:51.711 [DEBUG] [org.gradle.cache.internal.DefaultFileLockManager] Waiting to acquire shared lock on daemon addresses registry.
09:45:51.711 [DEBUG] [org.gradle.cache.internal.DefaultFileLockManager] Lock acquired on daemon addresses registry.
09:45:51.711 [DEBUG] [org.gradle.cache.internal.DefaultFileLockManager] Releasing lock on daemon addresses registry.
09:45:52.754 [DEBUG] [org.gradle.process.internal.health.memory.MemoryManager] Emitting OS memory status event {Total: 16440098816, Free: 12570468352}
09:45:52.754 [DEBUG] [org.gradle.launcher.daemon.server.health.LowMemoryDaemonExpirationStrategy] Received memory status update: {Total: 16440098816, Free: 12570468352}
09:45:52.754 [DEBUG] [org.gradle.process.internal.health.memory.MemoryManager] Emitting JVM memory status event {Maximum: 1073741824, Committed: 260046848}
09:45:57.755 [DEBUG] [org.gradle.process.internal.health.memory.MemoryManager] Emitting OS memory status event {Total: 16440098816, Free: 12570488832}
09:45:57.755 [DEBUG] [org.gradle.launcher.daemon.server.health.LowMemoryDaemonExpirationStrategy] Received memory status update: {Total: 16440098816, Free: 12570488832}
09:45:57.755 [DEBUG] [org.gradle.process.internal.health.memory.MemoryManager] Emitting JVM memory status event {Maximum: 1073741824, Committed: 260046848}
09:46:01.711 [DEBUG] [org.gradle.launcher.daemon.server.Daemon] DaemonExpirationPeriodicCheck running
09:46:01.711 [DEBUG] [org.gradle.cache.internal.DefaultFileLockManager] Waiting to acquire shared lock on daemon addresses registry.
09:46:01.711 [DEBUG] [org.gradle.cache.internal.DefaultFileLockManager] Lock acquired on daemon addresses registry.
09:46:01.711 [DEBUG] [org.gradle.cache.internal.DefaultFileLockManager] Releasing lock on daemon addresses registry.
09:46:01.711 [DEBUG] [org.gradle.cache.internal.DefaultFileLockManager] Waiting to acquire shared lock on daemon addresses registry.
09:46:01.711 [DEBUG] [org.gradle.cache.internal.DefaultFileLockManager] Lock acquired on daemon addresses registry.
09:46:01.711 [DEBUG] [org.gradle.cache.internal.DefaultFileLockManager] Releasing lock on daemon addresses registry.
09:46:01.711 [DEBUG] [org.gradle.cache.internal.DefaultFileLockManager] Waiting to acquire shared lock on daemon addresses registry.
09:46:01.711 [DEBUG] [org.gradle.cache.internal.DefaultFileLockManager] Lock acquired on daemon addresses registry.
09:46:01.711 [DEBUG] [org.gradle.cache.internal.DefaultFileLockManager] Releasing lock on daemon addresses registry.
09:46:02.754 [DEBUG] [org.gradle.process.internal.health.memory.MemoryManager] Emitting OS memory status event {Total: 16440098816, Free: 12570251264}
09:46:02.754 [DEBUG] [org.gradle.launcher.daemon.server.health.LowMemoryDaemonExpirationStrategy] Received memory status update: {Total: 16440098816, Free: 12570251264}
09:46:02.754 [DEBUG] [org.gradle.process.internal.health.memory.MemoryManager] Emitting JVM memory status event {Maximum: 1073741824, Committed: 260046848}
09:46:07.755 [DEBUG] [org.gradle.process.internal.health.memory.MemoryManager] Emitting OS memory status event {Total: 16440098816, Free: 12570259456}
09:46:07.755 [DEBUG] [org.gradle.launcher.daemon.server.health.LowMemoryDaemonExpirationStrategy] Received memory status update: {Total: 16440098816, Free: 12570259456}
09:46:07.755 [DEBUG] [org.gradle.process.internal.health.memory.MemoryManager] Emitting JVM memory status event {Maximum: 1073741824, Committed: 260046848}
09:46:11.711 [DEBUG] [org.gradle.launcher.daemon.server.Daemon] DaemonExpirationPeriodicCheck running
09:46:11.711 [DEBUG] [org.gradle.cache.internal.DefaultFileLockManager] Waiting to acquire shared lock on daemon addresses registry.
09:46:11.711 [DEBUG] [org.gradle.cache.internal.DefaultFileLockManager] Lock acquired on daemon addresses registry.
09:46:11.711 [DEBUG] [org.gradle.cache.internal.DefaultFileLockManager] Releasing lock on daemon addresses registry.
09:46:11.711 [DEBUG] [org.gradle.cache.internal.DefaultFileLockManager] Waiting to acquire shared lock on daemon addresses registry.
09:46:11.711 [DEBUG] [org.gradle.cache.internal.DefaultFileLockManager] Lock acquired on daemon addresses registry.
09:46:11.711 [DEBUG] [org.gradle.cache.internal.DefaultFileLockManager] Releasing lock on daemon addresses registry.
09:46:11.711 [DEBUG] [org.gradle.cache.internal.DefaultFileLockManager] Waiting to acquire shared lock on daemon addresses registry.
09:46:11.711 [DEBUG] [org.gradle.cache.internal.DefaultFileLockManager] Lock acquired on daemon addresses registry.
09:46:11.711 [DEBUG] [org.gradle.cache.internal.DefaultFileLockManager] Releasing lock on daemon addresses registry.
09:46:12.754 [DEBUG] [org.gradle.process.internal.health.memory.MemoryManager] Emitting OS memory status event {Total: 16440098816, Free: 12570267648}
09:46:12.754 [DEBUG] [org.gradle.launcher.daemon.server.health.LowMemoryDaemonExpirationStrategy] Received memory status update: {Total: 16440098816, Free: 12570267648}
09:46:12.754 [DEBUG] [org.gradle.process.internal.health.memory.MemoryManager] Emitting JVM memory status event {Maximum: 1073741824, Committed: 260046848}
09:46:17.755 [DEBUG] [org.gradle.process.internal.health.memory.MemoryManager] Emitting OS memory status event {Total: 16440098816, Free: 12570267648}
09:46:17.755 [DEBUG] [org.gradle.launcher.daemon.server.health.LowMemoryDaemonExpirationStrategy] Received memory status update: {Total: 16440098816, Free: 12570267648}
09:46:17.755 [DEBUG] [org.gradle.process.internal.health.memory.MemoryManager] Emitting JVM memory status event {Maximum: 1073741824, Committed: 260046848}
09:46:21.711 [DEBUG] [org.gradle.launcher.daemon.server.Daemon] DaemonExpirationPeriodicCheck running
09:46:21.711 [DEBUG] [org.gradle.cache.internal.DefaultFileLockManager] Waiting to acquire shared lock on daemon addresses registry.
09:46:21.711 [DEBUG] [org.gradle.cache.internal.DefaultFileLockManager] Lock acquired on daemon addresses registry.
09:46:21.711 [DEBUG] [org.gradle.cache.internal.DefaultFileLockManager] Releasing lock on daemon addresses registry.
09:46:21.711 [DEBUG] [org.gradle.cache.internal.DefaultFileLockManager] Waiting to acquire shared lock on daemon addresses registry.
09:46:21.711 [DEBUG] [org.gradle.cache.internal.DefaultFileLockManager] Lock acquired on daemon addresses registry.
09:46:21.711 [DEBUG] [org.gradle.cache.internal.DefaultFileLockManager] Releasing lock on daemon addresses registry.
09:46:21.711 [DEBUG] [org.gradle.cache.internal.DefaultFileLockManager] Waiting to acquire shared lock on daemon addresses registry.
09:46:21.711 [DEBUG] [org.gradle.cache.internal.DefaultFileLockManager] Lock acquired on daemon addresses registry.
09:46:21.711 [DEBUG] [org.gradle.cache.internal.DefaultFileLockManager] Releasing lock on daemon addresses registry.
09:46:22.754 [DEBUG] [org.gradle.process.internal.health.memory.MemoryManager] Emitting OS memory status event {Total: 16440098816, Free: 12570304512}
09:46:22.754 [DEBUG] [org.gradle.launcher.daemon.server.health.LowMemoryDaemonExpirationStrategy] Received memory status update: {Total: 16440098816, Free: 12570304512}
09:46:22.754 [DEBUG] [org.gradle.process.internal.health.memory.MemoryManager] Emitting JVM memory status event {Maximum: 1073741824, Committed: 260046848}
09:46:27.755 [DEBUG] [org.gradle.process.internal.health.memory.MemoryManager] Emitting OS memory status event {Total: 16440098816, Free: 12569391104}
09:46:27.755 [DEBUG] [org.gradle.launcher.daemon.server.health.LowMemoryDaemonExpirationStrategy] Received memory status update: {Total: 16440098816, Free: 12569391104}
09:46:27.755 [DEBUG] [org.gradle.process.internal.health.memory.MemoryManager] Emitting JVM memory status event {Maximum: 1073741824, Committed: 260046848}
09:46:31.711 [DEBUG] [org.gradle.launcher.daemon.server.Daemon] DaemonExpirationPeriodicCheck running
09:46:31.711 [DEBUG] [org.gradle.cache.internal.DefaultFileLockManager] Waiting to acquire shared lock on daemon addresses registry.
09:46:31.711 [DEBUG] [org.gradle.cache.internal.DefaultFileLockManager] Lock acquired on daemon addresses registry.
09:46:31.711 [DEBUG] [org.gradle.cache.internal.DefaultFileLockManager] Releasing lock on daemon addresses registry.
09:46:31.711 [DEBUG] [org.gradle.cache.internal.DefaultFileLockManager] Waiting to acquire shared lock on daemon addresses registry.
09:46:31.711 [DEBUG] [org.gradle.cache.internal.DefaultFileLockManager] Lock acquired on daemon addresses registry.
09:46:31.711 [DEBUG] [org.gradle.cache.internal.DefaultFileLockManager] Releasing lock on daemon addresses registry.
09:46:31.711 [DEBUG] [org.gradle.cache.internal.DefaultFileLockManager] Waiting to acquire shared lock on daemon addresses registry.
09:46:31.711 [DEBUG] [org.gradle.cache.internal.DefaultFileLockManager] Lock acquired on daemon addresses registry.
09:46:31.711 [DEBUG] [org.gradle.cache.internal.DefaultFileLockManager] Releasing lock on daemon addresses registry.
09:46:32.754 [DEBUG] [org.gradle.process.internal.health.memory.MemoryManager] Emitting OS memory status event {Total: 16440098816, Free: 12573634560}
09:46:32.754 [DEBUG] [org.gradle.launcher.daemon.server.health.LowMemoryDaemonExpirationStrategy] Received memory status update: {Total: 16440098816, Free: 12573634560}
09:46:32.754 [DEBUG] [org.gradle.process.internal.health.memory.MemoryManager] Emitting JVM memory status event {Maximum: 1073741824, Committed: 260046848}
09:46:37.755 [DEBUG] [org.gradle.process.internal.health.memory.MemoryManager] Emitting OS memory status event {Total: 16440098816, Free: 12572884992}
09:46:37.755 [DEBUG] [org.gradle.launcher.daemon.server.health.LowMemoryDaemonExpirationStrategy] Received memory status update: {Total: 16440098816, Free: 12572884992}
09:46:37.755 [DEBUG] [org.gradle.process.internal.health.memory.MemoryManager] Emitting JVM memory status event {Maximum: 1073741824, Committed: 260046848}
09:46:41.711 [DEBUG] [org.gradle.launcher.daemon.server.Daemon] DaemonExpirationPeriodicCheck running
09:46:41.711 [DEBUG] [org.gradle.cache.internal.DefaultFileLockManager] Waiting to acquire shared lock on daemon addresses registry.
09:46:41.711 [DEBUG] [org.gradle.cache.internal.DefaultFileLockManager] Lock acquired on daemon addresses registry.
09:46:41.711 [DEBUG] [org.gradle.cache.internal.DefaultFileLockManager] Releasing lock on daemon addresses registry.
09:46:41.711 [DEBUG] [org.gradle.cache.internal.DefaultFileLockManager] Waiting to acquire shared lock on daemon addresses registry.
09:46:41.711 [DEBUG] [org.gradle.cache.internal.DefaultFileLockManager] Lock acquired on daemon addresses registry.
09:46:41.711 [DEBUG] [org.gradle.cache.internal.DefaultFileLockManager] Releasing lock on daemon addresses registry.
09:46:41.711 [DEBUG] [org.gradle.cache.internal.DefaultFileLockManager] Waiting to acquire shared lock on daemon addresses registry.
09:46:41.711 [DEBUG] [org.gradle.cache.internal.DefaultFileLockManager] Lock acquired on daemon addresses registry.
09:46:41.711 [DEBUG] [org.gradle.cache.internal.DefaultFileLockManager] Releasing lock on daemon addresses registry.
09:46:42.754 [DEBUG] [org.gradle.process.internal.health.memory.MemoryManager] Emitting OS memory status event {Total: 16440098816, Free: 12572758016}
09:46:42.754 [DEBUG] [org.gradle.launcher.daemon.server.health.LowMemoryDaemonExpirationStrategy] Received memory status update: {Total: 16440098816, Free: 12572758016}
09:46:42.754 [DEBUG] [org.gradle.process.internal.health.memory.MemoryManager] Emitting JVM memory status event {Maximum: 1073741824, Committed: 260046848}
09:46:47.755 [DEBUG] [org.gradle.process.internal.health.memory.MemoryManager] Emitting OS memory status event {Total: 16440098816, Free: 12576538624}
09:46:47.755 [DEBUG] [org.gradle.launcher.daemon.server.health.LowMemoryDaemonExpirationStrategy] Received memory status update: {Total: 16440098816, Free: 12576538624}
09:46:47.755 [DEBUG] [org.gradle.process.internal.health.memory.MemoryManager] Emitting JVM memory status event {Maximum: 1073741824, Committed: 260046848}
09:46:51.711 [DEBUG] [org.gradle.launcher.daemon.server.Daemon] DaemonExpirationPeriodicCheck running
09:46:51.711 [DEBUG] [org.gradle.cache.internal.DefaultFileLockManager] Waiting to acquire shared lock on daemon addresses registry.
09:46:51.711 [DEBUG] [org.gradle.cache.internal.DefaultFileLockManager] Lock acquired on daemon addresses registry.
09:46:51.711 [DEBUG] [org.gradle.cache.internal.DefaultFileLockManager] Releasing lock on daemon addresses registry.
09:46:51.711 [DEBUG] [org.gradle.cache.internal.DefaultFileLockManager] Waiting to acquire shared lock on daemon addresses registry.
09:46:51.711 [DEBUG] [org.gradle.cache.internal.DefaultFileLockManager] Lock acquired on daemon addresses registry.
09:46:51.711 [DEBUG] [org.gradle.cache.internal.DefaultFileLockManager] Releasing lock on daemon addresses registry.
09:46:51.711 [DEBUG] [org.gradle.cache.internal.DefaultFileLockManager] Waiting to acquire shared lock on daemon addresses registry.
09:46:51.711 [DEBUG] [org.gradle.cache.internal.DefaultFileLockManager] Lock acquired on daemon addresses registry.
09:46:51.711 [DEBUG] [org.gradle.cache.internal.DefaultFileLockManager] Releasing lock on daemon addresses registry.
09:46:52.754 [DEBUG] [org.gradle.process.internal.health.memory.MemoryManager] Emitting OS memory status event {Total: 16440098816, Free: 12598697984}
09:46:52.754 [DEBUG] [org.gradle.launcher.daemon.server.health.LowMemoryDaemonExpirationStrategy] Received memory status update: {Total: 16440098816, Free: 12598697984}
09:46:52.754 [DEBUG] [org.gradle.process.internal.health.memory.MemoryManager] Emitting JVM memory status event {Maximum: 1073741824, Committed: 260046848}
09:46:57.755 [DEBUG] [org.gradle.process.internal.health.memory.MemoryManager] Emitting OS memory status event {Total: 16440098816, Free: 12613550080}
09:46:57.755 [DEBUG] [org.gradle.launcher.daemon.server.health.LowMemoryDaemonExpirationStrategy] Received memory status update: {Total: 16440098816, Free: 12613550080}
09:46:57.755 [DEBUG] [org.gradle.process.internal.health.memory.MemoryManager] Emitting JVM memory status event {Maximum: 1073741824, Committed: 260046848}
09:47:01.711 [DEBUG] [org.gradle.launcher.daemon.server.Daemon] DaemonExpirationPeriodicCheck running
09:47:01.711 [DEBUG] [org.gradle.cache.internal.DefaultFileLockManager] Waiting to acquire shared lock on daemon addresses registry.
09:47:01.711 [DEBUG] [org.gradle.cache.internal.DefaultFileLockManager] Lock acquired on daemon addresses registry.
09:47:01.711 [DEBUG] [org.gradle.cache.internal.DefaultFileLockManager] Releasing lock on daemon addresses registry.
09:47:01.711 [DEBUG] [org.gradle.cache.internal.DefaultFileLockManager] Waiting to acquire shared lock on daemon addresses registry.
09:47:01.711 [DEBUG] [org.gradle.cache.internal.DefaultFileLockManager] Lock acquired on daemon addresses registry.
09:47:01.711 [DEBUG] [org.gradle.cache.internal.DefaultFileLockManager] Releasing lock on daemon addresses registry.
09:47:01.711 [DEBUG] [org.gradle.cache.internal.DefaultFileLockManager] Waiting to acquire shared lock on daemon addresses registry.
09:47:01.711 [DEBUG] [org.gradle.cache.internal.DefaultFileLockManager] Lock acquired on daemon addresses registry.
09:47:01.711 [DEBUG] [org.gradle.cache.internal.DefaultFileLockManager] Releasing lock on daemon addresses registry.
09:47:02.754 [DEBUG] [org.gradle.process.internal.health.memory.MemoryManager] Emitting OS memory status event {Total: 16440098816, Free: 12688842752}
09:47:02.754 [DEBUG] [org.gradle.launcher.daemon.server.health.LowMemoryDaemonExpirationStrategy] Received memory status update: {Total: 16440098816, Free: 12688842752}
09:47:02.754 [DEBUG] [org.gradle.process.internal.health.memory.MemoryManager] Emitting JVM memory status event {Maximum: 1073741824, Committed: 260046848}
09:47:07.755 [DEBUG] [org.gradle.process.internal.health.memory.MemoryManager] Emitting OS memory status event {Total: 16440098816, Free: 12747120640}
09:47:07.755 [DEBUG] [org.gradle.launcher.daemon.server.health.LowMemoryDaemonExpirationStrategy] Received memory status update: {Total: 16440098816, Free: 12747120640}
09:47:07.755 [DEBUG] [org.gradle.process.internal.health.memory.MemoryManager] Emitting JVM memory status event {Maximum: 1073741824, Committed: 260046848}
09:47:11.711 [DEBUG] [org.gradle.launcher.daemon.server.Daemon] DaemonExpirationPeriodicCheck running
09:47:11.711 [DEBUG] [org.gradle.cache.internal.DefaultFileLockManager] Waiting to acquire shared lock on daemon addresses registry.
09:47:11.711 [DEBUG] [org.gradle.cache.internal.DefaultFileLockManager] Lock acquired on daemon addresses registry.
09:47:11.711 [DEBUG] [org.gradle.cache.internal.DefaultFileLockManager] Releasing lock on daemon addresses registry.
09:47:11.711 [DEBUG] [org.gradle.cache.internal.DefaultFileLockManager] Waiting to acquire shared lock on daemon addresses registry.
09:47:11.711 [DEBUG] [org.gradle.cache.internal.DefaultFileLockManager] Lock acquired on daemon addresses registry.
09:47:11.711 [DEBUG] [org.gradle.cache.internal.DefaultFileLockManager] Releasing lock on daemon addresses registry.
09:47:11.711 [DEBUG] [org.gradle.cache.internal.DefaultFileLockManager] Waiting to acquire shared lock on daemon addresses registry.
09:47:11.711 [DEBUG] [org.gradle.cache.internal.DefaultFileLockManager] Lock acquired on daemon addresses registry.
09:47:11.711 [DEBUG] [org.gradle.cache.internal.DefaultFileLockManager] Releasing lock on daemon addresses registry.
09:47:12.754 [DEBUG] [org.gradle.process.internal.health.memory.MemoryManager] Emitting OS memory status event {Total: 16440098816, Free: 12691660800}
09:47:12.754 [DEBUG] [org.gradle.launcher.daemon.server.health.LowMemoryDaemonExpirationStrategy] Received memory status update: {Total: 16440098816, Free: 12691660800}
09:47:12.754 [DEBUG] [org.gradle.process.internal.health.memory.MemoryManager] Emitting JVM memory status event {Maximum: 1073741824, Committed: 260046848}
09:47:17.755 [DEBUG] [org.gradle.process.internal.health.memory.MemoryManager] Emitting OS memory status event {Total: 16440098816, Free: 12695195648}
09:47:17.755 [DEBUG] [org.gradle.launcher.daemon.server.health.LowMemoryDaemonExpirationStrategy] Received memory status update: {Total: 16440098816, Free: 12695195648}
09:47:17.755 [DEBUG] [org.gradle.process.internal.health.memory.MemoryManager] Emitting JVM memory status event {Maximum: 1073741824, Committed: 260046848}
09:47:21.711 [DEBUG] [org.gradle.launcher.daemon.server.Daemon] DaemonExpirationPeriodicCheck running
09:47:21.711 [DEBUG] [org.gradle.cache.internal.DefaultFileLockManager] Waiting to acquire shared lock on daemon addresses registry.
09:47:21.711 [DEBUG] [org.gradle.cache.internal.DefaultFileLockManager] Lock acquired on daemon addresses registry.
09:47:21.711 [DEBUG] [org.gradle.cache.internal.DefaultFileLockManager] Releasing lock on daemon addresses registry.
09:47:21.711 [DEBUG] [org.gradle.cache.internal.DefaultFileLockManager] Waiting to acquire shared lock on daemon addresses registry.
09:47:21.711 [DEBUG] [org.gradle.cache.internal.DefaultFileLockManager] Lock acquired on daemon addresses registry.
09:47:21.711 [DEBUG] [org.gradle.cache.internal.DefaultFileLockManager] Releasing lock on daemon addresses registry.
09:47:21.711 [DEBUG] [org.gradle.cache.internal.DefaultFileLockManager] Waiting to acquire shared lock on daemon addresses registry.
09:47:21.711 [DEBUG] [org.gradle.cache.internal.DefaultFileLockManager] Lock acquired on daemon addresses registry.
09:47:21.711 [DEBUG] [org.gradle.cache.internal.DefaultFileLockManager] Releasing lock on daemon addresses registry.
09:47:22.754 [DEBUG] [org.gradle.process.internal.health.memory.MemoryManager] Emitting OS memory status event {Total: 16440098816, Free: 12703670272}
09:47:22.754 [DEBUG] [org.gradle.launcher.daemon.server.health.LowMemoryDaemonExpirationStrategy] Received memory status update: {Total: 16440098816, Free: 12703670272}
09:47:22.754 [DEBUG] [org.gradle.process.internal.health.memory.MemoryManager] Emitting JVM memory status event {Maximum: 1073741824, Committed: 260046848}
09:47:27.755 [DEBUG] [org.gradle.process.internal.health.memory.MemoryManager] Emitting OS memory status event {Total: 16440098816, Free: 12671967232}
09:47:27.755 [DEBUG] [org.gradle.launcher.daemon.server.health.LowMemoryDaemonExpirationStrategy] Received memory status update: {Total: 16440098816, Free: 12671967232}
09:47:27.755 [DEBUG] [org.gradle.process.internal.health.memory.MemoryManager] Emitting JVM memory status event {Maximum: 1073741824, Committed: 260046848}
09:47:31.711 [DEBUG] [org.gradle.launcher.daemon.server.Daemon] DaemonExpirationPeriodicCheck running
09:47:31.711 [DEBUG] [org.gradle.cache.internal.DefaultFileLockManager] Waiting to acquire shared lock on daemon addresses registry.
09:47:31.711 [DEBUG] [org.gradle.cache.internal.DefaultFileLockManager] Lock acquired on daemon addresses registry.
09:47:31.711 [DEBUG] [org.gradle.cache.internal.DefaultFileLockManager] Releasing lock on daemon addresses registry.
09:47:31.711 [DEBUG] [org.gradle.cache.internal.DefaultFileLockManager] Waiting to acquire shared lock on daemon addresses registry.
09:47:31.711 [DEBUG] [org.gradle.cache.internal.DefaultFileLockManager] Lock acquired on daemon addresses registry.
09:47:31.711 [DEBUG] [org.gradle.cache.internal.DefaultFileLockManager] Releasing lock on daemon addresses registry.
09:47:31.711 [DEBUG] [org.gradle.cache.internal.DefaultFileLockManager] Waiting to acquire shared lock on daemon addresses registry.
09:47:31.711 [DEBUG] [org.gradle.cache.internal.DefaultFileLockManager] Lock acquired on daemon addresses registry.
09:47:31.711 [DEBUG] [org.gradle.cache.internal.DefaultFileLockManager] Releasing lock on daemon addresses registry.
09:47:32.754 [DEBUG] [org.gradle.process.internal.health.memory.MemoryManager] Emitting OS memory status event {Total: 16440098816, Free: 12738596864}
09:47:32.755 [DEBUG] [org.gradle.launcher.daemon.server.health.LowMemoryDaemonExpirationStrategy] Received memory status update: {Total: 16440098816, Free: 12738596864}
09:47:32.755 [DEBUG] [org.gradle.process.internal.health.memory.MemoryManager] Emitting JVM memory status event {Maximum: 1073741824, Committed: 260046848}
09:47:37.755 [DEBUG] [org.gradle.process.internal.health.memory.MemoryManager] Emitting OS memory status event {Total: 16440098816, Free: 12643557376}
09:47:37.755 [DEBUG] [org.gradle.launcher.daemon.server.health.LowMemoryDaemonExpirationStrategy] Received memory status update: {Total: 16440098816, Free: 12643557376}
09:47:37.755 [DEBUG] [org.gradle.process.internal.health.memory.MemoryManager] Emitting JVM memory status event {Maximum: 1073741824, Committed: 260046848}
09:47:41.711 [DEBUG] [org.gradle.launcher.daemon.server.Daemon] DaemonExpirationPeriodicCheck running
09:47:41.711 [DEBUG] [org.gradle.cache.internal.DefaultFileLockManager] Waiting to acquire shared lock on daemon addresses registry.
09:47:41.711 [DEBUG] [org.gradle.cache.internal.DefaultFileLockManager] Lock acquired on daemon addresses registry.
09:47:41.711 [DEBUG] [org.gradle.cache.internal.DefaultFileLockManager] Releasing lock on daemon addresses registry.
09:47:41.711 [DEBUG] [org.gradle.cache.internal.DefaultFileLockManager] Waiting to acquire shared lock on daemon addresses registry.
09:47:41.711 [DEBUG] [org.gradle.cache.internal.DefaultFileLockManager] Lock acquired on daemon addresses registry.
09:47:41.711 [DEBUG] [org.gradle.cache.internal.DefaultFileLockManager] Releasing lock on daemon addresses registry.
09:47:41.711 [DEBUG] [org.gradle.cache.internal.DefaultFileLockManager] Waiting to acquire shared lock on daemon addresses registry.
09:47:41.711 [DEBUG] [org.gradle.cache.internal.DefaultFileLockManager] Lock acquired on daemon addresses registry.
09:47:41.711 [DEBUG] [org.gradle.cache.internal.DefaultFileLockManager] Releasing lock on daemon addresses registry.
09:47:42.755 [DEBUG] [org.gradle.process.internal.health.memory.MemoryManager] Emitting OS memory status event {Total: 16440098816, Free: 13195337728}
09:47:42.755 [DEBUG] [org.gradle.launcher.daemon.server.health.LowMemoryDaemonExpirationStrategy] Received memory status update: {Total: 16440098816, Free: 13195337728}
09:47:42.755 [DEBUG] [org.gradle.process.internal.health.memory.MemoryManager] Emitting JVM memory status event {Maximum: 1073741824, Committed: 260046848}
09:47:47.755 [DEBUG] [org.gradle.process.internal.health.memory.MemoryManager] Emitting OS memory status event {Total: 16440098816, Free: 13226676224}
09:47:47.755 [DEBUG] [org.gradle.launcher.daemon.server.health.LowMemoryDaemonExpirationStrategy] Received memory status update: {Total: 16440098816, Free: 13226676224}
09:47:47.755 [DEBUG] [org.gradle.process.internal.health.memory.MemoryManager] Emitting JVM memory status event {Maximum: 1073741824, Committed: 260046848}
09:47:51.711 [DEBUG] [org.gradle.launcher.daemon.server.Daemon] DaemonExpirationPeriodicCheck running
09:47:51.711 [DEBUG] [org.gradle.cache.internal.DefaultFileLockManager] Waiting to acquire shared lock on daemon addresses registry.
09:47:51.711 [DEBUG] [org.gradle.cache.internal.DefaultFileLockManager] Lock acquired on daemon addresses registry.
09:47:51.711 [DEBUG] [org.gradle.cache.internal.DefaultFileLockManager] Releasing lock on daemon addresses registry.
09:47:51.711 [DEBUG] [org.gradle.cache.internal.DefaultFileLockManager] Waiting to acquire shared lock on daemon addresses registry.
09:47:51.711 [DEBUG] [org.gradle.cache.internal.DefaultFileLockManager] Lock acquired on daemon addresses registry.
09:47:51.711 [DEBUG] [org.gradle.cache.internal.DefaultFileLockManager] Releasing lock on daemon addresses registry.
09:47:51.711 [DEBUG] [org.gradle.cache.internal.DefaultFileLockManager] Waiting to acquire shared lock on daemon addresses registry.
09:47:51.711 [DEBUG] [org.gradle.cache.internal.DefaultFileLockManager] Lock acquired on daemon addresses registry.
09:47:51.711 [DEBUG] [org.gradle.cache.internal.DefaultFileLockManager] Releasing lock on daemon addresses registry.
09:47:52.754 [DEBUG] [org.gradle.process.internal.health.memory.MemoryManager] Emitting OS memory status event {Total: 16440098816, Free: 13839826944}
09:47:52.754 [DEBUG] [org.gradle.launcher.daemon.server.health.LowMemoryDaemonExpirationStrategy] Received memory status update: {Total: 16440098816, Free: 13839826944}
09:47:52.754 [DEBUG] [org.gradle.process.internal.health.memory.MemoryManager] Emitting JVM memory status event {Maximum: 1073741824, Committed: 260046848}
09:47:57.755 [DEBUG] [org.gradle.process.internal.health.memory.MemoryManager] Emitting OS memory status event {Total: 16440098816, Free: 13791420416}
09:47:57.755 [DEBUG] [org.gradle.launcher.daemon.server.health.LowMemoryDaemonExpirationStrategy] Received memory status update: {Total: 16440098816, Free: 13791420416}
09:47:57.755 [DEBUG] [org.gradle.process.internal.health.memory.MemoryManager] Emitting JVM memory status event {Maximum: 1073741824, Committed: 260046848}
09:48:01.711 [DEBUG] [org.gradle.launcher.daemon.server.Daemon] DaemonExpirationPeriodicCheck running
09:48:01.711 [DEBUG] [org.gradle.cache.internal.DefaultFileLockManager] Waiting to acquire shared lock on daemon addresses registry.
09:48:01.711 [DEBUG] [org.gradle.cache.internal.DefaultFileLockManager] Lock acquired on daemon addresses registry.
09:48:01.711 [DEBUG] [org.gradle.cache.internal.DefaultFileLockManager] Releasing lock on daemon addresses registry.
09:48:01.711 [DEBUG] [org.gradle.cache.internal.DefaultFileLockManager] Waiting to acquire shared lock on daemon addresses registry.
09:48:01.711 [DEBUG] [org.gradle.cache.internal.DefaultFileLockManager] Lock acquired on daemon addresses registry.
09:48:01.711 [DEBUG] [org.gradle.cache.internal.DefaultFileLockManager] Releasing lock on daemon addresses registry.
09:48:01.711 [DEBUG] [org.gradle.cache.internal.DefaultFileLockManager] Waiting to acquire shared lock on daemon addresses registry.
09:48:01.711 [DEBUG] [org.gradle.cache.internal.DefaultFileLockManager] Lock acquired on daemon addresses registry.
09:48:01.711 [DEBUG] [org.gradle.cache.internal.DefaultFileLockManager] Releasing lock on daemon addresses registry.
09:48:02.754 [DEBUG] [org.gradle.process.internal.health.memory.MemoryManager] Emitting OS memory status event {Total: 16440098816, Free: 13886648320}
09:48:02.754 [DEBUG] [org.gradle.launcher.daemon.server.health.LowMemoryDaemonExpirationStrategy] Received memory status update: {Total: 16440098816, Free: 13886648320}
09:48:02.754 [DEBUG] [org.gradle.process.internal.health.memory.MemoryManager] Emitting JVM memory status event {Maximum: 1073741824, Committed: 260046848}
09:48:07.755 [DEBUG] [org.gradle.process.internal.health.memory.MemoryManager] Emitting OS memory status event {Total: 16440098816, Free: 13953839104}
09:48:07.755 [DEBUG] [org.gradle.launcher.daemon.server.health.LowMemoryDaemonExpirationStrategy] Received memory status update: {Total: 16440098816, Free: 13953839104}
09:48:07.755 [DEBUG] [org.gradle.process.internal.health.memory.MemoryManager] Emitting JVM memory status event {Maximum: 1073741824, Committed: 260046848}
09:48:11.711 [DEBUG] [org.gradle.launcher.daemon.server.Daemon] DaemonExpirationPeriodicCheck running
09:48:11.711 [DEBUG] [org.gradle.cache.internal.DefaultFileLockManager] Waiting to acquire shared lock on daemon addresses registry.
09:48:11.711 [DEBUG] [org.gradle.cache.internal.DefaultFileLockManager] Lock acquired on daemon addresses registry.
09:48:11.711 [DEBUG] [org.gradle.cache.internal.DefaultFileLockManager] Releasing lock on daemon addresses registry.
09:48:11.711 [DEBUG] [org.gradle.cache.internal.DefaultFileLockManager] Waiting to acquire shared lock on daemon addresses registry.
09:48:11.711 [DEBUG] [org.gradle.cache.internal.DefaultFileLockManager] Lock acquired on daemon addresses registry.
09:48:11.711 [DEBUG] [org.gradle.cache.internal.DefaultFileLockManager] Releasing lock on daemon addresses registry.
09:48:11.711 [DEBUG] [org.gradle.cache.internal.DefaultFileLockManager] Waiting to acquire shared lock on daemon addresses registry.
09:48:11.711 [DEBUG] [org.gradle.cache.internal.DefaultFileLockManager] Lock acquired on daemon addresses registry.
09:48:11.711 [DEBUG] [org.gradle.cache.internal.DefaultFileLockManager] Releasing lock on daemon addresses registry.
09:48:12.754 [DEBUG] [org.gradle.process.internal.health.memory.MemoryManager] Emitting OS memory status event {Total: 16440098816, Free: 13944995840}
09:48:12.754 [DEBUG] [org.gradle.launcher.daemon.server.health.LowMemoryDaemonExpirationStrategy] Received memory status update: {Total: 16440098816, Free: 13944995840}
09:48:12.754 [DEBUG] [org.gradle.process.internal.health.memory.MemoryManager] Emitting JVM memory status event {Maximum: 1073741824, Committed: 260046848}
09:48:17.755 [DEBUG] [org.gradle.process.internal.health.memory.MemoryManager] Emitting OS memory status event {Total: 16440098816, Free: 13993492480}
09:48:17.755 [DEBUG] [org.gradle.launcher.daemon.server.health.LowMemoryDaemonExpirationStrategy] Received memory status update: {Total: 16440098816, Free: 13993492480}
09:48:17.755 [DEBUG] [org.gradle.process.internal.health.memory.MemoryManager] Emitting JVM memory status event {Maximum: 1073741824, Committed: 260046848}
09:48:21.711 [DEBUG] [org.gradle.launcher.daemon.server.Daemon] DaemonExpirationPeriodicCheck running
09:48:21.711 [DEBUG] [org.gradle.cache.internal.DefaultFileLockManager] Waiting to acquire shared lock on daemon addresses registry.
09:48:21.711 [DEBUG] [org.gradle.cache.internal.DefaultFileLockManager] Lock acquired on daemon addresses registry.
09:48:21.711 [DEBUG] [org.gradle.cache.internal.DefaultFileLockManager] Releasing lock on daemon addresses registry.
09:48:21.711 [DEBUG] [org.gradle.cache.internal.DefaultFileLockManager] Waiting to acquire shared lock on daemon addresses registry.
09:48:21.711 [DEBUG] [org.gradle.cache.internal.DefaultFileLockManager] Lock acquired on daemon addresses registry.
09:48:21.711 [DEBUG] [org.gradle.cache.internal.DefaultFileLockManager] Releasing lock on daemon addresses registry.
09:48:21.711 [DEBUG] [org.gradle.cache.internal.DefaultFileLockManager] Waiting to acquire shared lock on daemon addresses registry.
09:48:21.711 [DEBUG] [org.gradle.cache.internal.DefaultFileLockManager] Lock acquired on daemon addresses registry.
09:48:21.711 [DEBUG] [org.gradle.cache.internal.DefaultFileLockManager] Releasing lock on daemon addresses registry.
09:48:22.754 [DEBUG] [org.gradle.process.internal.health.memory.MemoryManager] Emitting OS memory status event {Total: 16440098816, Free: 13998829568}
09:48:22.754 [DEBUG] [org.gradle.launcher.daemon.server.health.LowMemoryDaemonExpirationStrategy] Received memory status update: {Total: 16440098816, Free: 13998829568}
09:48:22.754 [DEBUG] [org.gradle.process.internal.health.memory.MemoryManager] Emitting JVM memory status event {Maximum: 1073741824, Committed: 260046848}
09:48:27.755 [DEBUG] [org.gradle.process.internal.health.memory.MemoryManager] Emitting OS memory status event {Total: 16440098816, Free: 13991755776}
09:48:27.755 [DEBUG] [org.gradle.launcher.daemon.server.health.LowMemoryDaemonExpirationStrategy] Received memory status update: {Total: 16440098816, Free: 13991755776}
09:48:27.755 [DEBUG] [org.gradle.process.internal.health.memory.MemoryManager] Emitting JVM memory status event {Maximum: 1073741824, Committed: 260046848}
09:48:31.711 [DEBUG] [org.gradle.launcher.daemon.server.Daemon] DaemonExpirationPeriodicCheck running
09:48:31.711 [DEBUG] [org.gradle.cache.internal.DefaultFileLockManager] Waiting to acquire shared lock on daemon addresses registry.
09:48:31.711 [DEBUG] [org.gradle.cache.internal.DefaultFileLockManager] Lock acquired on daemon addresses registry.
09:48:31.711 [DEBUG] [org.gradle.cache.internal.DefaultFileLockManager] Releasing lock on daemon addresses registry.
09:48:31.711 [DEBUG] [org.gradle.cache.internal.DefaultFileLockManager] Waiting to acquire shared lock on daemon addresses registry.
09:48:31.711 [DEBUG] [org.gradle.cache.internal.DefaultFileLockManager] Lock acquired on daemon addresses registry.
09:48:31.711 [DEBUG] [org.gradle.cache.internal.DefaultFileLockManager] Releasing lock on daemon addresses registry.
09:48:31.711 [DEBUG] [org.gradle.cache.internal.DefaultFileLockManager] Waiting to acquire shared lock on daemon addresses registry.
09:48:31.711 [DEBUG] [org.gradle.cache.internal.DefaultFileLockManager] Lock acquired on daemon addresses registry.
09:48:31.711 [DEBUG] [org.gradle.cache.internal.DefaultFileLockManager] Releasing lock on daemon addresses registry.
09:48:32.754 [DEBUG] [org.gradle.process.internal.health.memory.MemoryManager] Emitting OS memory status event {Total: 16440098816, Free: 13985165312}
09:48:32.754 [DEBUG] [org.gradle.launcher.daemon.server.health.LowMemoryDaemonExpirationStrategy] Received memory status update: {Total: 16440098816, Free: 13985165312}
09:48:32.754 [DEBUG] [org.gradle.process.internal.health.memory.MemoryManager] Emitting JVM memory status event {Maximum: 1073741824, Committed: 260046848}
09:48:37.755 [DEBUG] [org.gradle.process.internal.health.memory.MemoryManager] Emitting OS memory status event {Total: 16440098816, Free: 13977272320}
09:48:37.755 [DEBUG] [org.gradle.launcher.daemon.server.health.LowMemoryDaemonExpirationStrategy] Received memory status update: {Total: 16440098816, Free: 13977272320}
09:48:37.755 [DEBUG] [org.gradle.process.internal.health.memory.MemoryManager] Emitting JVM memory status event {Maximum: 1073741824, Committed: 260046848}
09:48:41.711 [DEBUG] [org.gradle.launcher.daemon.server.Daemon] DaemonExpirationPeriodicCheck running
09:48:41.711 [DEBUG] [org.gradle.cache.internal.DefaultFileLockManager] Waiting to acquire shared lock on daemon addresses registry.
09:48:41.711 [DEBUG] [org.gradle.cache.internal.DefaultFileLockManager] Lock acquired on daemon addresses registry.
09:48:41.711 [DEBUG] [org.gradle.cache.internal.DefaultFileLockManager] Releasing lock on daemon addresses registry.
09:48:41.711 [DEBUG] [org.gradle.cache.internal.DefaultFileLockManager] Waiting to acquire shared lock on daemon addresses registry.
09:48:41.711 [DEBUG] [org.gradle.cache.internal.DefaultFileLockManager] Lock acquired on daemon addresses registry.
09:48:41.711 [DEBUG] [org.gradle.cache.internal.DefaultFileLockManager] Releasing lock on daemon addresses registry.
09:48:41.711 [DEBUG] [org.gradle.cache.internal.DefaultFileLockManager] Waiting to acquire shared lock on daemon addresses registry.
09:48:41.711 [DEBUG] [org.gradle.cache.internal.DefaultFileLockManager] Lock acquired on daemon addresses registry.
09:48:41.711 [DEBUG] [org.gradle.cache.internal.DefaultFileLockManager] Releasing lock on daemon addresses registry.
09:48:42.754 [DEBUG] [org.gradle.process.internal.health.memory.MemoryManager] Emitting OS memory status event {Total: 16440098816, Free: 13977313280}
09:48:42.754 [DEBUG] [org.gradle.launcher.daemon.server.health.LowMemoryDaemonExpirationStrategy] Received memory status update: {Total: 16440098816, Free: 13977313280}
09:48:42.754 [DEBUG] [org.gradle.process.internal.health.memory.MemoryManager] Emitting JVM memory status event {Maximum: 1073741824, Committed: 260046848}
09:48:47.755 [DEBUG] [org.gradle.process.internal.health.memory.MemoryManager] Emitting OS memory status event {Total: 16440098816, Free: 13981528064}
09:48:47.755 [DEBUG] [org.gradle.launcher.daemon.server.health.LowMemoryDaemonExpirationStrategy] Received memory status update: {Total: 16440098816, Free: 13981528064}
09:48:47.755 [DEBUG] [org.gradle.process.internal.health.memory.MemoryManager] Emitting JVM memory status event {Maximum: 1073741824, Committed: 260046848}
09:48:51.711 [DEBUG] [org.gradle.launcher.daemon.server.Daemon] DaemonExpirationPeriodicCheck running
09:48:51.711 [DEBUG] [org.gradle.cache.internal.DefaultFileLockManager] Waiting to acquire shared lock on daemon addresses registry.
09:48:51.711 [DEBUG] [org.gradle.cache.internal.DefaultFileLockManager] Lock acquired on daemon addresses registry.
09:48:51.711 [DEBUG] [org.gradle.cache.internal.DefaultFileLockManager] Releasing lock on daemon addresses registry.
09:48:51.711 [DEBUG] [org.gradle.cache.internal.DefaultFileLockManager] Waiting to acquire shared lock on daemon addresses registry.
09:48:51.711 [DEBUG] [org.gradle.cache.internal.DefaultFileLockManager] Lock acquired on daemon addresses registry.
09:48:51.711 [DEBUG] [org.gradle.cache.internal.DefaultFileLockManager] Releasing lock on daemon addresses registry.
09:48:51.711 [DEBUG] [org.gradle.cache.internal.DefaultFileLockManager] Waiting to acquire shared lock on daemon addresses registry.
09:48:51.711 [DEBUG] [org.gradle.cache.internal.DefaultFileLockManager] Lock acquired on daemon addresses registry.
09:48:51.711 [DEBUG] [org.gradle.cache.internal.DefaultFileLockManager] Releasing lock on daemon addresses registry.
09:48:52.754 [DEBUG] [org.gradle.process.internal.health.memory.MemoryManager] Emitting OS memory status event {Total: 16440098816, Free: 13970345984}
09:48:52.754 [DEBUG] [org.gradle.launcher.daemon.server.health.LowMemoryDaemonExpirationStrategy] Received memory status update: {Total: 16440098816, Free: 13970345984}
09:48:52.754 [DEBUG] [org.gradle.process.internal.health.memory.MemoryManager] Emitting JVM memory status event {Maximum: 1073741824, Committed: 260046848}
09:48:57.755 [DEBUG] [org.gradle.process.internal.health.memory.MemoryManager] Emitting OS memory status event {Total: 16440098816, Free: 13981925376}
09:48:57.755 [DEBUG] [org.gradle.launcher.daemon.server.health.LowMemoryDaemonExpirationStrategy] Received memory status update: {Total: 16440098816, Free: 13981925376}
09:48:57.755 [DEBUG] [org.gradle.process.internal.health.memory.MemoryManager] Emitting JVM memory status event {Maximum: 1073741824, Committed: 260046848}
09:49:01.711 [DEBUG] [org.gradle.launcher.daemon.server.Daemon] DaemonExpirationPeriodicCheck running
09:49:01.711 [DEBUG] [org.gradle.cache.internal.DefaultFileLockManager] Waiting to acquire shared lock on daemon addresses registry.
09:49:01.711 [DEBUG] [org.gradle.cache.internal.DefaultFileLockManager] Lock acquired on daemon addresses registry.
09:49:01.711 [DEBUG] [org.gradle.cache.internal.DefaultFileLockManager] Releasing lock on daemon addresses registry.
09:49:01.711 [DEBUG] [org.gradle.cache.internal.DefaultFileLockManager] Waiting to acquire shared lock on daemon addresses registry.
09:49:01.711 [DEBUG] [org.gradle.cache.internal.DefaultFileLockManager] Lock acquired on daemon addresses registry.
09:49:01.711 [DEBUG] [org.gradle.cache.internal.DefaultFileLockManager] Releasing lock on daemon addresses registry.
09:49:01.711 [DEBUG] [org.gradle.cache.internal.DefaultFileLockManager] Waiting to acquire shared lock on daemon addresses registry.
09:49:01.711 [DEBUG] [org.gradle.cache.internal.DefaultFileLockManager] Lock acquired on daemon addresses registry.
09:49:01.711 [DEBUG] [org.gradle.cache.internal.DefaultFileLockManager] Releasing lock on daemon addresses registry.
09:49:02.754 [DEBUG] [org.gradle.process.internal.health.memory.MemoryManager] Emitting OS memory status event {Total: 16440098816, Free: 13981933568}
09:49:02.754 [DEBUG] [org.gradle.launcher.daemon.server.health.LowMemoryDaemonExpirationStrategy] Received memory status update: {Total: 16440098816, Free: 13981933568}
09:49:02.754 [DEBUG] [org.gradle.process.internal.health.memory.MemoryManager] Emitting JVM memory status event {Maximum: 1073741824, Committed: 260046848}
09:49:07.755 [DEBUG] [org.gradle.process.internal.health.memory.MemoryManager] Emitting OS memory status event {Total: 16440098816, Free: 13981945856}
09:49:07.755 [DEBUG] [org.gradle.launcher.daemon.server.health.LowMemoryDaemonExpirationStrategy] Received memory status update: {Total: 16440098816, Free: 13981945856}
09:49:07.755 [DEBUG] [org.gradle.process.internal.health.memory.MemoryManager] Emitting JVM memory status event {Maximum: 1073741824, Committed: 260046848}
09:49:11.711 [DEBUG] [org.gradle.launcher.daemon.server.Daemon] DaemonExpirationPeriodicCheck running
09:49:11.711 [DEBUG] [org.gradle.cache.internal.DefaultFileLockManager] Waiting to acquire shared lock on daemon addresses registry.
09:49:11.711 [DEBUG] [org.gradle.cache.internal.DefaultFileLockManager] Lock acquired on daemon addresses registry.
09:49:11.711 [DEBUG] [org.gradle.cache.internal.DefaultFileLockManager] Releasing lock on daemon addresses registry.
09:49:11.711 [DEBUG] [org.gradle.cache.internal.DefaultFileLockManager] Waiting to acquire shared lock on daemon addresses registry.
09:49:11.711 [DEBUG] [org.gradle.cache.internal.DefaultFileLockManager] Lock acquired on daemon addresses registry.
09:49:11.711 [DEBUG] [org.gradle.cache.internal.DefaultFileLockManager] Releasing lock on daemon addresses registry.
09:49:11.711 [DEBUG] [org.gradle.cache.internal.DefaultFileLockManager] Waiting to acquire shared lock on daemon addresses registry.
09:49:11.711 [DEBUG] [org.gradle.cache.internal.DefaultFileLockManager] Lock acquired on daemon addresses registry.
09:49:11.711 [DEBUG] [org.gradle.cache.internal.DefaultFileLockManager] Releasing lock on daemon addresses registry.
09:49:12.754 [DEBUG] [org.gradle.process.internal.health.memory.MemoryManager] Emitting OS memory status event {Total: 16440098816, Free: 13981954048}
09:49:12.754 [DEBUG] [org.gradle.launcher.daemon.server.health.LowMemoryDaemonExpirationStrategy] Received memory status update: {Total: 16440098816, Free: 13981954048}
09:49:12.755 [DEBUG] [org.gradle.process.internal.health.memory.MemoryManager] Emitting JVM memory status event {Maximum: 1073741824, Committed: 260046848}
09:49:17.755 [DEBUG] [org.gradle.process.internal.health.memory.MemoryManager] Emitting OS memory status event {Total: 16440098816, Free: 13973655552}
09:49:17.755 [DEBUG] [org.gradle.launcher.daemon.server.health.LowMemoryDaemonExpirationStrategy] Received memory status update: {Total: 16440098816, Free: 13973655552}
09:49:17.755 [DEBUG] [org.gradle.process.internal.health.memory.MemoryManager] Emitting JVM memory status event {Maximum: 1073741824, Committed: 260046848}
