15:12:43.922 [DEBUG] [org.gradle.launcher.daemon.bootstrap.DaemonMain] Assuming the daemon was started with following jvm opts: [-XX:+HeapDumpOnOutOfMemoryError, -Xmx1024m, -Dfile.encoding=UTF-8, -Duser.country=IN, -Duser.language=en, -Duser.variant]
15:12:43.945 [INFO] [org.gradle.launcher.daemon.server.health.gc.GarbageCollectionMonitor] Unable to determine a garbage collection monitoring strategy for JVMStrategy{Ubuntu version 11.0.30}
15:12:43.963 [INFO] [org.gradle.launcher.daemon.server.Daemon] start() called on daemon - DefaultDaemonContext[uid=81a104bb-381d-420e-b44a-c97ca55af63a,javaHome=/usr/lib/jvm/java-11-openjdk-amd64,daemonRegistryDir=/home/student/.gradle/daemon,pid=3682,idleTimeout=10800000,daemonOpts=-XX:+HeapDumpOnOutOfMemoryError,-Xmx1024m,-Dfile.encoding=UTF-8,-Duser.country=IN,-Duser.language=en,-Duser.variant]
15:12:43.974 [DEBUG] [org.gradle.internal.remote.internal.inet.InetAddresses] Adding IP addresses for network interface enp1s0
15:12:43.974 [DEBUG] [org.gradle.internal.remote.internal.inet.InetAddresses] Is this a loopback interface? false
15:12:43.974 [DEBUG] [org.gradle.internal.remote.internal.inet.InetAddresses] Is this a multicast interface? true
15:12:43.975 [DEBUG] [org.gradle.internal.remote.internal.inet.InetAddresses] Adding remote address /fe80:0:0:0:96f0:c311:a665:ba6%enp1s0
15:12:43.975 [DEBUG] [org.gradle.internal.remote.internal.inet.InetAddresses] Adding remote address /10.201.113.31
15:12:43.975 [DEBUG] [org.gradle.internal.remote.internal.inet.InetAddresses] Adding remote multicast interface enp1s0
15:12:43.975 [DEBUG] [org.gradle.internal.remote.internal.inet.InetAddresses] Adding IP addresses for network interface lo
15:12:43.975 [DEBUG] [org.gradle.internal.remote.internal.inet.InetAddresses] Is this a loopback interface? true
15:12:43.975 [DEBUG] [org.gradle.internal.remote.internal.inet.InetAddresses] Is this a multicast interface? false
15:12:43.975 [DEBUG] [org.gradle.internal.remote.internal.inet.InetAddresses] Adding loopback address /0:0:0:0:0:0:0:1%lo
15:12:43.976 [DEBUG] [org.gradle.internal.remote.internal.inet.InetAddresses] Adding loopback address /127.0.0.1
15:12:43.976 [DEBUG] [org.gradle.internal.remote.internal.inet.TcpIncomingConnector] Listening on [ec92d472-20f7-49fb-8ee9-f43da67a12c7 port:43667, addresses:[/0:0:0:0:0:0:0:1%lo, /127.0.0.1]].
15:12:43.983 [DEBUG] [org.gradle.launcher.daemon.server.Daemon] Daemon starting at: Wed Mar 11 15:12:43 IST 2026, with address: [ec92d472-20f7-49fb-8ee9-f43da67a12c7 port:43667, addresses:[/0:0:0:0:0:0:0:1%lo, /127.0.0.1]]
15:12:43.983 [INFO] [org.gradle.launcher.daemon.server.DaemonRegistryUpdater] Advertising the daemon address to the clients: [ec92d472-20f7-49fb-8ee9-f43da67a12c7 port:43667, addresses:[/0:0:0:0:0:0:0:1%lo, /127.0.0.1]]
15:12:43.984 [DEBUG] [org.gradle.launcher.daemon.server.DaemonRegistryUpdater] Advertised daemon context: DefaultDaemonContext[uid=81a104bb-381d-420e-b44a-c97ca55af63a,javaHome=/usr/lib/jvm/java-11-openjdk-amd64,daemonRegistryDir=/home/student/.gradle/daemon,pid=3682,idleTimeout=10800000,daemonOpts=-XX:+HeapDumpOnOutOfMemoryError,-Xmx1024m,-Dfile.encoding=UTF-8,-Duser.country=IN,-Duser.language=en,-Duser.variant]
15:12:43.984 [DEBUG] [org.gradle.launcher.daemon.registry.PersistentDaemonRegistry] Storing daemon address: [ec92d472-20f7-49fb-8ee9-f43da67a12c7 port:43667, addresses:[/0:0:0:0:0:0:0:1%lo, /127.0.0.1]], context: DefaultDaemonContext[uid=81a104bb-381d-420e-b44a-c97ca55af63a,javaHome=/usr/lib/jvm/java-11-openjdk-amd64,daemonRegistryDir=/home/student/.gradle/daemon,pid=3682,idleTimeout=10800000,daemonOpts=-XX:+HeapDumpOnOutOfMemoryError,-Xmx1024m,-Dfile.encoding=UTF-8,-Duser.country=IN,-Duser.language=en,-Duser.variant]
15:12:43.987 [DEBUG] [org.gradle.cache.internal.DefaultFileLockManager] Waiting to acquire exclusive lock on daemon addresses registry.
15:12:43.989 [DEBUG] [org.gradle.cache.internal.DefaultFileLockManager] Lock acquired on daemon addresses registry.
15:12:43.991 [DEBUG] [org.gradle.cache.internal.DefaultFileLockManager] Releasing lock on daemon addresses registry.
15:12:43.991 [LIFECYCLE] [org.gradle.launcher.daemon.server.Daemon] Daemon server started.
15:12:43.992 [DEBUG] [org.gradle.launcher.daemon.bootstrap.DaemonStartupCommunication] Completed writing the daemon greeting. Closing streams...
15:12:43.994 [DEBUG] [org.gradle.launcher.daemon.server.Daemon] stopOnExpiration() called on daemon
15:12:43.995 [DEBUG] [org.gradle.launcher.daemon.server.Daemon] awaitExpiration() called on daemon
15:12:43.995 [DEBUG] [org.gradle.launcher.daemon.server.DaemonStateCoordinator] daemon is running. Sleeping until state changes.
15:12:43.995 [DEBUG] [org.gradle.internal.remote.internal.inet.TcpIncomingConnector] Accepted connection from /0:0:0:0:0:0:0:1:36214 to /0:0:0:0:0:0:0:1:43667.
15:12:44.039 [DEBUG] [org.gradle.launcher.daemon.server.SynchronizedDispatchConnection] thread 17: received class org.gradle.launcher.daemon.protocol.Build
15:12:44.039 [DEBUG] [org.gradle.launcher.daemon.server.DefaultDaemonConnection] thread 17: Received non-IO message from client: Build{id=5be0002f-f1d8-4bc0-9b8a-8aa8895e3cb1.1, currentDir=/home/student/hellogradle}
15:12:44.039 [INFO] [org.gradle.launcher.daemon.server.DefaultIncomingConnectionHandler] Received command: Build{id=5be0002f-f1d8-4bc0-9b8a-8aa8895e3cb1.1, currentDir=/home/student/hellogradle}.
15:12:44.039 [DEBUG] [org.gradle.launcher.daemon.server.DefaultIncomingConnectionHandler] Starting executing command: Build{id=5be0002f-f1d8-4bc0-9b8a-8aa8895e3cb1.1, currentDir=/home/student/hellogradle} with connection: socket connection from /0:0:0:0:0:0:0:1:43667 to /0:0:0:0:0:0:0:1:36214.
15:12:44.041 [ERROR] [org.gradle.launcher.daemon.server.DaemonStateCoordinator] Command execution: started DaemonCommandExecution[command = Build{id=5be0002f-f1d8-4bc0-9b8a-8aa8895e3cb1.1, currentDir=/home/student/hellogradle}, connection = DefaultDaemonConnection: socket connection from /0:0:0:0:0:0:0:1:43667 to /0:0:0:0:0:0:0:1:36214] after 0.0 minutes of idle
15:12:44.041 [INFO] [org.gradle.launcher.daemon.server.DaemonRegistryUpdater] Marking the daemon as busy, address: [ec92d472-20f7-49fb-8ee9-f43da67a12c7 port:43667, addresses:[/0:0:0:0:0:0:0:1%lo, /127.0.0.1]]
15:12:44.041 [DEBUG] [org.gradle.launcher.daemon.registry.PersistentDaemonRegistry] Marking busy by address: [ec92d472-20f7-49fb-8ee9-f43da67a12c7 port:43667, addresses:[/0:0:0:0:0:0:0:1%lo, /127.0.0.1]]
15:12:44.041 [DEBUG] [org.gradle.cache.internal.DefaultFileLockManager] Waiting to acquire exclusive lock on daemon addresses registry.
15:12:44.042 [DEBUG] [org.gradle.cache.internal.DefaultFileLockManager] Lock acquired on daemon addresses registry.
15:12:44.042 [DEBUG] [org.gradle.cache.internal.DefaultFileLockManager] Releasing lock on daemon addresses registry.
15:12:44.042 [DEBUG] [org.gradle.launcher.daemon.server.DaemonStateCoordinator] resetting idle timer
15:12:44.042 [DEBUG] [org.gradle.launcher.daemon.server.DaemonStateCoordinator] daemon is running. Sleeping until state changes.
15:12:44.042 [INFO] [org.gradle.launcher.daemon.server.exec.StartBuildOrRespondWithBusy] Daemon is about to start building Build{id=5be0002f-f1d8-4bc0-9b8a-8aa8895e3cb1.1, currentDir=/home/student/hellogradle}. Dispatching build started information...
15:12:44.043 [DEBUG] [org.gradle.launcher.daemon.server.SynchronizedDispatchConnection] thread 19: dispatching class org.gradle.launcher.daemon.protocol.BuildStarted
15:12:44.045 [DEBUG] [org.gradle.launcher.daemon.server.exec.EstablishBuildEnvironment] Configuring env variables: {PATH=/usr/local/sbin:/usr/local/bin:/usr/sbin:/usr/bin:/sbin:/bin:/usr/games:/usr/local/games:/snap/bin:/snap/bin, XAUTHORITY=/run/user/1001/.mutter-Xwaylandauth.MWM0L3, LESSCLOSE=/usr/bin/lesspipe %s %s, XMODIFIERS=@im=ibus, XDG_DATA_DIRS=/usr/share/ubuntu:/usr/local/share/:/usr/share/:/var/lib/snapd/desktop, GDMSESSION=ubuntu, QT_IM_MODULE=ibus, TERM=xterm-256color, XDG_CONFIG_DIRS=/etc/xdg/xdg-ubuntu:/etc/xdg, GNOME_TERMINAL_SERVICE=:1.99, LANG=en_IN, DBUS_SESSION_BUS_ADDRESS=unix:path=/run/user/1001/bus, XDG_SESSION_TYPE=wayland, XDG_CURRENT_DESKTOP=ubuntu:GNOME, DISPLAY=:0, WAYLAND_DISPLAY=wayland-0, COLORTERM=truecolor, SESSION_MANAGER=local/aimll501pc12-HP-Pro-Tower-280-G9-PCI-Desktop-PC:@/tmp/.ICE-unix/1726,unix/aimll501pc12-HP-Pro-Tower-280-G9-PCI-Desktop-PC:/tmp/.ICE-unix/1726, USERNAME=student, LOGNAME=student, PWD=/home/student/hellogradle, IM_CONFIG_PHASE=1, XDG_SESSION_CLASS=user, _=/usr/bin/gradle, LANGUAGE=en_IN:en, SHELL=/bin/bash, LESSOPEN=| /usr/bin/lesspipe %s, DESKTOP_SESSION=ubuntu, OLDPWD=/usr/share/gradle, USER=student, XDG_MENU_PREFIX=gnome-, VTE_VERSION=6800, QT_ACCESSIBILITY=1, GNOME_DESKTOP_SESSION_ID=this-is-deprecated, SSH_AUTH_SOCK=/run/user/1001/keyring/ssh, GNOME_TERMINAL_SCREEN=/org/gnome/Terminal/screen/a5f78c23_4930_4b74_a25c_a14a90bf4bf3, GTK_MODULES=gail:atk-bridge, GNOME_SHELL_SESSION_MODE=ubuntu, SYSTEMD_EXEC_PID=1756, LS_COLORS=rs=0:di=01;34:ln=01;36:mh=00:pi=40;33:so=01;35:do=01;35:bd=40;33;01:cd=40;33;01:or=40;31;01:mi=00:su=37;41:sg=30;43:ca=30;41:tw=30;42:ow=34;42:st=37;44:ex=01;32:*.tar=01;31:*.tgz=01;31:*.arc=01;31:*.arj=01;31:*.taz=01;31:*.lha=01;31:*.lz4=01;31:*.lzh=01;31:*.lzma=01;31:*.tlz=01;31:*.txz=01;31:*.tzo=01;31:*.t7z=01;31:*.zip=01;31:*.z=01;31:*.dz=01;31:*.gz=01;31:*.lrz=01;31:*.lz=01;31:*.lzo=01;31:*.xz=01;31:*.zst=01;31:*.tzst=01;31:*.bz2=01;31:*.bz=01;31:*.tbz=01;31:*.tbz2=01;31:*.tz=01;31:*.deb=01;31:*.rpm=01;31:*.jar=01;31:*.war=01;31:*.ear=01;31:*.sar=01;31:*.rar=01;31:*.alz=01;31:*.ace=01;31:*.zoo=01;31:*.cpio=01;31:*.7z=01;31:*.rz=01;31:*.cab=01;31:*.wim=01;31:*.swm=01;31:*.dwm=01;31:*.esd=01;31:*.jpg=01;35:*.jpeg=01;35:*.mjpg=01;35:*.mjpeg=01;35:*.gif=01;35:*.bmp=01;35:*.pbm=01;35:*.pgm=01;35:*.ppm=01;35:*.tga=01;35:*.xbm=01;35:*.xpm=01;35:*.tif=01;35:*.tiff=01;35:*.png=01;35:*.svg=01;35:*.svgz=01;35:*.mng=01;35:*.pcx=01;35:*.mov=01;35:*.mpg=01;35:*.mpeg=01;35:*.m2v=01;35:*.mkv=01;35:*.webm=01;35:*.webp=01;35:*.ogm=01;35:*.mp4=01;35:*.m4v=01;35:*.mp4v=01;35:*.vob=01;35:*.qt=01;35:*.nuv=01;35:*.wmv=01;35:*.asf=01;35:*.rm=01;35:*.rmvb=01;35:*.flc=01;35:*.avi=01;35:*.fli=01;35:*.flv=01;35:*.gl=01;35:*.dl=01;35:*.xcf=01;35:*.xwd=01;35:*.yuv=01;35:*.cgm=01;35:*.emf=01;35:*.ogv=01;35:*.ogx=01;35:*.aac=00;36:*.au=00;36:*.flac=00;36:*.m4a=00;36:*.mid=00;36:*.midi=00;36:*.mka=00;36:*.mp3=00;36:*.mpc=00;36:*.ogg=00;36:*.ra=00;36:*.wav=00;36:*.oga=00;36:*.opus=00;36:*.spx=00;36:*.xspf=00;36:, XDG_SESSION_DESKTOP=ubuntu, XDG_RUNTIME_DIR=/run/user/1001, GNOME_SETUP_DISPLAY=:1, SSH_AGENT_LAUNCHER=gnome-keyring, HOME=/home/student, SHLVL=1}
15:12:44.045 [WARN] [org.gradle.launcher.daemon.server.exec.EstablishBuildEnvironment] Warning: Unable able to set daemon's environment variables to match the client because: 
  Java 9 does not support modifying environment variables.
  If the daemon was started with a significantly different environment from the client, and your build 
  relies on environment variables, you may experience unexpected behavior.
15:12:44.046 [DEBUG] [org.gradle.launcher.daemon.server.exec.LogToClient] About to start relaying all logs to the client via the connection.
15:12:44.047 [INFO] [org.gradle.launcher.daemon.server.exec.LogToClient] The client will now receive all logging from the daemon (pid: 3682). The daemon log file: /home/student/.gradle/daemon/4.4.1/daemon-3682.out.log
15:12:44.048 [INFO] [org.gradle.launcher.daemon.server.exec.LogAndCheckHealth] Starting build in new daemon [memory: 1.1 GB]
15:12:44.049 [DEBUG] [org.gradle.launcher.daemon.server.exec.ExecuteBuild] The daemon has started executing the build.
15:12:44.050 [DEBUG] [org.gradle.launcher.daemon.server.exec.ExecuteBuild] Executing build with daemon context: DefaultDaemonContext[uid=81a104bb-381d-420e-b44a-c97ca55af63a,javaHome=/usr/lib/jvm/java-11-openjdk-amd64,daemonRegistryDir=/home/student/.gradle/daemon,pid=3682,idleTimeout=10800000,daemonOpts=-XX:+HeapDumpOnOutOfMemoryError,-Xmx1024m,-Dfile.encoding=UTF-8,-Duser.country=IN,-Duser.language=en,-Duser.variant]
:wrapper
:init

BUILD SUCCESSFUL in 1s
2 actionable tasks: 2 executed
15:12:44.846 [DEBUG] [org.gradle.launcher.daemon.server.exec.ExecuteBuild] The daemon has finished executing the build.
15:12:44.857 [DEBUG] [org.gradle.launcher.daemon.server.DaemonStateCoordinator] daemon is running. Sleeping until state changes.
15:12:44.857 [DEBUG] [org.gradle.launcher.daemon.server.DaemonStateCoordinator] Command execution: finished waiting for DaemonCommandExecution[command = Build{id=5be0002f-f1d8-4bc0-9b8a-8aa8895e3cb1.1, currentDir=/home/student/hellogradle}, connection = DefaultDaemonConnection: socket connection from /0:0:0:0:0:0:0:1:43667 to /0:0:0:0:0:0:0:1:36214]. Result org.gradle.launcher.daemon.server.DaemonStateCoordinator@14d3119 with state Busy
15:12:44.857 [DEBUG] [org.gradle.launcher.daemon.server.DaemonStateCoordinator] Command execution: completed DaemonCommandExecution[command = Build{id=5be0002f-f1d8-4bc0-9b8a-8aa8895e3cb1.1, currentDir=/home/student/hellogradle}, connection = DefaultDaemonConnection: socket connection from /0:0:0:0:0:0:0:1:43667 to /0:0:0:0:0:0:0:1:36214]
15:12:44.857 [DEBUG] [org.gradle.launcher.daemon.server.DaemonStateCoordinator] resetting idle timer
15:12:44.857 [INFO] [org.gradle.launcher.daemon.server.DaemonRegistryUpdater] Marking the daemon as idle, address: [ec92d472-20f7-49fb-8ee9-f43da67a12c7 port:43667, addresses:[/0:0:0:0:0:0:0:1%lo, /127.0.0.1]]
15:12:44.858 [DEBUG] [org.gradle.launcher.daemon.registry.PersistentDaemonRegistry] Marking busy by address: [ec92d472-20f7-49fb-8ee9-f43da67a12c7 port:43667, addresses:[/0:0:0:0:0:0:0:1%lo, /127.0.0.1]]
15:12:44.858 [DEBUG] [org.gradle.cache.internal.DefaultFileLockManager] Waiting to acquire exclusive lock on daemon addresses registry.
15:12:44.858 [DEBUG] [org.gradle.cache.internal.DefaultFileLockManager] Lock acquired on daemon addresses registry.
15:12:44.858 [DEBUG] [org.gradle.cache.internal.DefaultFileLockManager] Releasing lock on daemon addresses registry.
15:12:44.858 [DEBUG] [org.gradle.launcher.daemon.server.DaemonStateCoordinator] daemon is running. Sleeping until state changes.
15:12:44.858 [DEBUG] [org.gradle.launcher.daemon.server.exec.ReturnResult] Daemon is dispatching the build result: Success[value=null]
15:12:44.858 [DEBUG] [org.gradle.launcher.daemon.server.SynchronizedDispatchConnection] thread 16: dispatching class org.gradle.launcher.daemon.protocol.Success
15:12:44.859 [DEBUG] [org.gradle.launcher.daemon.server.DefaultIncomingConnectionHandler] Finishing executing command: Build{id=5be0002f-f1d8-4bc0-9b8a-8aa8895e3cb1.1, currentDir=/home/student/hellogradle}
15:12:44.860 [DEBUG] [org.gradle.launcher.daemon.server.SynchronizedDispatchConnection] thread 17: received class org.gradle.launcher.daemon.protocol.CloseInput
15:12:44.860 [DEBUG] [org.gradle.launcher.daemon.server.DefaultDaemonConnection] thread 17: Received IO message from client: org.gradle.launcher.daemon.protocol.CloseInput@2807b98f
15:12:44.861 [DEBUG] [org.gradle.launcher.daemon.server.SynchronizedDispatchConnection] thread 17: received class org.gradle.launcher.daemon.protocol.Finished
15:12:44.862 [DEBUG] [org.gradle.launcher.daemon.server.DefaultDaemonConnection] thread 17: Received non-IO message from client: org.gradle.launcher.daemon.protocol.Finished@42c01aca
15:12:44.862 [DEBUG] [org.gradle.launcher.daemon.server.DefaultIncomingConnectionHandler] Received finished message: org.gradle.launcher.daemon.protocol.Finished@42c01aca
15:12:44.862 [DEBUG] [org.gradle.internal.remote.internal.inet.SocketConnection] Discarding EOFException: java.io.EOFException
15:12:44.862 [DEBUG] [org.gradle.launcher.daemon.server.SynchronizedDispatchConnection] thread 16: stopping connection
15:12:44.862 [DEBUG] [org.gradle.launcher.daemon.server.SynchronizedDispatchConnection] thread 17: received null
15:12:44.862 [DEBUG] [org.gradle.launcher.daemon.server.DefaultDaemonConnection] thread 17: Received end-of-input from client.
15:12:44.862 [DEBUG] [org.gradle.launcher.daemon.server.SynchronizedDispatchConnection] thread 16: stopping connection
15:12:53.995 [DEBUG] [org.gradle.launcher.daemon.server.Daemon] DaemonExpirationPeriodicCheck running
15:12:53.995 [DEBUG] [org.gradle.cache.internal.DefaultFileLockManager] Waiting to acquire shared lock on daemon addresses registry.
15:12:53.995 [DEBUG] [org.gradle.cache.internal.DefaultFileLockManager] Lock acquired on daemon addresses registry.
15:12:53.995 [DEBUG] [org.gradle.cache.internal.DefaultFileLockManager] Releasing lock on daemon addresses registry.
15:12:53.995 [DEBUG] [org.gradle.cache.internal.DefaultFileLockManager] Waiting to acquire shared lock on daemon addresses registry.
15:12:53.996 [DEBUG] [org.gradle.cache.internal.DefaultFileLockManager] Lock acquired on daemon addresses registry.
15:12:53.996 [DEBUG] [org.gradle.cache.internal.DefaultFileLockManager] Releasing lock on daemon addresses registry.
15:13:03.995 [DEBUG] [org.gradle.launcher.daemon.server.Daemon] DaemonExpirationPeriodicCheck running
15:13:03.995 [DEBUG] [org.gradle.cache.internal.DefaultFileLockManager] Waiting to acquire shared lock on daemon addresses registry.
15:13:03.995 [DEBUG] [org.gradle.cache.internal.DefaultFileLockManager] Lock acquired on daemon addresses registry.
15:13:03.995 [DEBUG] [org.gradle.cache.internal.DefaultFileLockManager] Releasing lock on daemon addresses registry.
15:13:03.995 [DEBUG] [org.gradle.cache.internal.DefaultFileLockManager] Waiting to acquire shared lock on daemon addresses registry.
15:13:03.995 [DEBUG] [org.gradle.cache.internal.DefaultFileLockManager] Lock acquired on daemon addresses registry.
15:13:03.995 [DEBUG] [org.gradle.cache.internal.DefaultFileLockManager] Releasing lock on daemon addresses registry.
15:13:03.995 [DEBUG] [org.gradle.cache.internal.DefaultFileLockManager] Waiting to acquire shared lock on daemon addresses registry.
15:13:03.995 [DEBUG] [org.gradle.cache.internal.DefaultFileLockManager] Lock acquired on daemon addresses registry.
15:13:03.995 [DEBUG] [org.gradle.cache.internal.DefaultFileLockManager] Releasing lock on daemon addresses registry.
15:13:05.952 [DEBUG] [org.gradle.internal.remote.internal.inet.TcpIncomingConnector] Accepted connection from /0:0:0:0:0:0:0:1:57636 to /0:0:0:0:0:0:0:1:43667.
15:13:05.977 [DEBUG] [org.gradle.launcher.daemon.server.SynchronizedDispatchConnection] thread 43: received class org.gradle.launcher.daemon.protocol.Build
15:13:05.978 [DEBUG] [org.gradle.launcher.daemon.server.DefaultDaemonConnection] thread 43: Received non-IO message from client: Build{id=3a6d5161-7801-4463-b12e-24d60519bed6.1, currentDir=/home/student/hellogradle}
15:13:05.978 [INFO] [org.gradle.launcher.daemon.server.DefaultIncomingConnectionHandler] Received command: Build{id=3a6d5161-7801-4463-b12e-24d60519bed6.1, currentDir=/home/student/hellogradle}.
15:13:05.978 [DEBUG] [org.gradle.launcher.daemon.server.DefaultIncomingConnectionHandler] Starting executing command: Build{id=3a6d5161-7801-4463-b12e-24d60519bed6.1, currentDir=/home/student/hellogradle} with connection: socket connection from /0:0:0:0:0:0:0:1:43667 to /0:0:0:0:0:0:0:1:57636.
15:13:05.978 [ERROR] [org.gradle.launcher.daemon.server.DaemonStateCoordinator] Command execution: started DaemonCommandExecution[command = Build{id=3a6d5161-7801-4463-b12e-24d60519bed6.1, currentDir=/home/student/hellogradle}, connection = DefaultDaemonConnection: socket connection from /0:0:0:0:0:0:0:1:43667 to /0:0:0:0:0:0:0:1:57636] after 0.0 minutes of idle
15:13:05.978 [INFO] [org.gradle.launcher.daemon.server.DaemonRegistryUpdater] Marking the daemon as busy, address: [ec92d472-20f7-49fb-8ee9-f43da67a12c7 port:43667, addresses:[/0:0:0:0:0:0:0:1%lo, /127.0.0.1]]
15:13:05.978 [DEBUG] [org.gradle.launcher.daemon.registry.PersistentDaemonRegistry] Marking busy by address: [ec92d472-20f7-49fb-8ee9-f43da67a12c7 port:43667, addresses:[/0:0:0:0:0:0:0:1%lo, /127.0.0.1]]
15:13:05.978 [DEBUG] [org.gradle.cache.internal.DefaultFileLockManager] Waiting to acquire exclusive lock on daemon addresses registry.
15:13:05.978 [DEBUG] [org.gradle.cache.internal.DefaultFileLockManager] Lock acquired on daemon addresses registry.
15:13:05.979 [DEBUG] [org.gradle.cache.internal.DefaultFileLockManager] Releasing lock on daemon addresses registry.
15:13:05.979 [DEBUG] [org.gradle.launcher.daemon.server.DaemonStateCoordinator] resetting idle timer
15:13:05.979 [DEBUG] [org.gradle.launcher.daemon.server.DaemonStateCoordinator] daemon is running. Sleeping until state changes.
15:13:05.979 [INFO] [org.gradle.launcher.daemon.server.exec.StartBuildOrRespondWithBusy] Daemon is about to start building Build{id=3a6d5161-7801-4463-b12e-24d60519bed6.1, currentDir=/home/student/hellogradle}. Dispatching build started information...
15:13:05.979 [DEBUG] [org.gradle.launcher.daemon.server.SynchronizedDispatchConnection] thread 19: dispatching class org.gradle.launcher.daemon.protocol.BuildStarted
15:13:05.979 [DEBUG] [org.gradle.launcher.daemon.server.exec.EstablishBuildEnvironment] Configuring env variables: {PATH=/usr/local/sbin:/usr/local/bin:/usr/sbin:/usr/bin:/sbin:/bin:/usr/games:/usr/local/games:/snap/bin:/snap/bin, XAUTHORITY=/run/user/1001/.mutter-Xwaylandauth.MWM0L3, LESSCLOSE=/usr/bin/lesspipe %s %s, XMODIFIERS=@im=ibus, XDG_DATA_DIRS=/usr/share/ubuntu:/usr/local/share/:/usr/share/:/var/lib/snapd/desktop, GDMSESSION=ubuntu, QT_IM_MODULE=ibus, TERM=xterm-256color, XDG_CONFIG_DIRS=/etc/xdg/xdg-ubuntu:/etc/xdg, GNOME_TERMINAL_SERVICE=:1.99, LANG=en_IN, DBUS_SESSION_BUS_ADDRESS=unix:path=/run/user/1001/bus, XDG_SESSION_TYPE=wayland, XDG_CURRENT_DESKTOP=ubuntu:GNOME, DISPLAY=:0, WAYLAND_DISPLAY=wayland-0, COLORTERM=truecolor, SESSION_MANAGER=local/aimll501pc12-HP-Pro-Tower-280-G9-PCI-Desktop-PC:@/tmp/.ICE-unix/1726,unix/aimll501pc12-HP-Pro-Tower-280-G9-PCI-Desktop-PC:/tmp/.ICE-unix/1726, USERNAME=student, LOGNAME=student, PWD=/home/student/hellogradle, IM_CONFIG_PHASE=1, XDG_SESSION_CLASS=user, _=/usr/bin/gradle, LANGUAGE=en_IN:en, SHELL=/bin/bash, LESSOPEN=| /usr/bin/lesspipe %s, DESKTOP_SESSION=ubuntu, OLDPWD=/usr/share/gradle, USER=student, XDG_MENU_PREFIX=gnome-, VTE_VERSION=6800, QT_ACCESSIBILITY=1, GNOME_DESKTOP_SESSION_ID=this-is-deprecated, SSH_AUTH_SOCK=/run/user/1001/keyring/ssh, GNOME_TERMINAL_SCREEN=/org/gnome/Terminal/screen/a5f78c23_4930_4b74_a25c_a14a90bf4bf3, GTK_MODULES=gail:atk-bridge, GNOME_SHELL_SESSION_MODE=ubuntu, SYSTEMD_EXEC_PID=1756, LS_COLORS=rs=0:di=01;34:ln=01;36:mh=00:pi=40;33:so=01;35:do=01;35:bd=40;33;01:cd=40;33;01:or=40;31;01:mi=00:su=37;41:sg=30;43:ca=30;41:tw=30;42:ow=34;42:st=37;44:ex=01;32:*.tar=01;31:*.tgz=01;31:*.arc=01;31:*.arj=01;31:*.taz=01;31:*.lha=01;31:*.lz4=01;31:*.lzh=01;31:*.lzma=01;31:*.tlz=01;31:*.txz=01;31:*.tzo=01;31:*.t7z=01;31:*.zip=01;31:*.z=01;31:*.dz=01;31:*.gz=01;31:*.lrz=01;31:*.lz=01;31:*.lzo=01;31:*.xz=01;31:*.zst=01;31:*.tzst=01;31:*.bz2=01;31:*.bz=01;31:*.tbz=01;31:*.tbz2=01;31:*.tz=01;31:*.deb=01;31:*.rpm=01;31:*.jar=01;31:*.war=01;31:*.ear=01;31:*.sar=01;31:*.rar=01;31:*.alz=01;31:*.ace=01;31:*.zoo=01;31:*.cpio=01;31:*.7z=01;31:*.rz=01;31:*.cab=01;31:*.wim=01;31:*.swm=01;31:*.dwm=01;31:*.esd=01;31:*.jpg=01;35:*.jpeg=01;35:*.mjpg=01;35:*.mjpeg=01;35:*.gif=01;35:*.bmp=01;35:*.pbm=01;35:*.pgm=01;35:*.ppm=01;35:*.tga=01;35:*.xbm=01;35:*.xpm=01;35:*.tif=01;35:*.tiff=01;35:*.png=01;35:*.svg=01;35:*.svgz=01;35:*.mng=01;35:*.pcx=01;35:*.mov=01;35:*.mpg=01;35:*.mpeg=01;35:*.m2v=01;35:*.mkv=01;35:*.webm=01;35:*.webp=01;35:*.ogm=01;35:*.mp4=01;35:*.m4v=01;35:*.mp4v=01;35:*.vob=01;35:*.qt=01;35:*.nuv=01;35:*.wmv=01;35:*.asf=01;35:*.rm=01;35:*.rmvb=01;35:*.flc=01;35:*.avi=01;35:*.fli=01;35:*.flv=01;35:*.gl=01;35:*.dl=01;35:*.xcf=01;35:*.xwd=01;35:*.yuv=01;35:*.cgm=01;35:*.emf=01;35:*.ogv=01;35:*.ogx=01;35:*.aac=00;36:*.au=00;36:*.flac=00;36:*.m4a=00;36:*.mid=00;36:*.midi=00;36:*.mka=00;36:*.mp3=00;36:*.mpc=00;36:*.ogg=00;36:*.ra=00;36:*.wav=00;36:*.oga=00;36:*.opus=00;36:*.spx=00;36:*.xspf=00;36:, XDG_SESSION_DESKTOP=ubuntu, XDG_RUNTIME_DIR=/run/user/1001, GNOME_SETUP_DISPLAY=:1, SSH_AGENT_LAUNCHER=gnome-keyring, HOME=/home/student, SHLVL=1}
15:13:05.979 [WARN] [org.gradle.launcher.daemon.server.exec.EstablishBuildEnvironment] Warning: Unable able to set daemon's environment variables to match the client because: 
  Java 9 does not support modifying environment variables.
  If the daemon was started with a significantly different environment from the client, and your build 
  relies on environment variables, you may experience unexpected behavior.
15:13:05.980 [DEBUG] [org.gradle.launcher.daemon.server.exec.LogToClient] About to start relaying all logs to the client via the connection.
15:13:05.980 [INFO] [org.gradle.launcher.daemon.server.exec.LogToClient] The client will now receive all logging from the daemon (pid: 3682). The daemon log file: /home/student/.gradle/daemon/4.4.1/daemon-3682.out.log
15:13:05.980 [INFO] [org.gradle.launcher.daemon.server.exec.LogAndCheckHealth] Starting 2nd build in daemon [uptime: 22.048 secs, performance: 99%]
15:13:05.980 [DEBUG] [org.gradle.launcher.daemon.server.exec.ExecuteBuild] The daemon has started executing the build.
15:13:05.980 [DEBUG] [org.gradle.launcher.daemon.server.exec.ExecuteBuild] Executing build with daemon context: DefaultDaemonContext[uid=81a104bb-381d-420e-b44a-c97ca55af63a,javaHome=/usr/lib/jvm/java-11-openjdk-amd64,daemonRegistryDir=/home/student/.gradle/daemon,pid=3682,idleTimeout=10800000,daemonOpts=-XX:+HeapDumpOnOutOfMemoryError,-Xmx1024m,-Dfile.encoding=UTF-8,-Duser.country=IN,-Duser.language=en,-Duser.variant]
:compileJava
:processResources NO-SOURCE
:classes
:jar
:startScripts
:distTar
:distZip
:assemble
:compileTestJava
:processTestResources NO-SOURCE
:testClasses
:test
:check
:build

BUILD SUCCESSFUL in 1s
7 actionable tasks: 7 executed
15:13:07.543 [DEBUG] [org.gradle.launcher.daemon.server.exec.ExecuteBuild] The daemon has finished executing the build.
15:13:07.544 [DEBUG] [org.gradle.launcher.daemon.server.DaemonStateCoordinator] Command execution: finished waiting for DaemonCommandExecution[command = Build{id=3a6d5161-7801-4463-b12e-24d60519bed6.1, currentDir=/home/student/hellogradle}, connection = DefaultDaemonConnection: socket connection from /0:0:0:0:0:0:0:1:43667 to /0:0:0:0:0:0:0:1:57636]. Result org.gradle.launcher.daemon.server.DaemonStateCoordinator@14d3119 with state Busy
15:13:07.544 [DEBUG] [org.gradle.launcher.daemon.server.DaemonStateCoordinator] Command execution: completed DaemonCommandExecution[command = Build{id=3a6d5161-7801-4463-b12e-24d60519bed6.1, currentDir=/home/student/hellogradle}, connection = DefaultDaemonConnection: socket connection from /0:0:0:0:0:0:0:1:43667 to /0:0:0:0:0:0:0:1:57636]
15:13:07.544 [DEBUG] [org.gradle.launcher.daemon.server.DaemonStateCoordinator] resetting idle timer
15:13:07.544 [INFO] [org.gradle.launcher.daemon.server.DaemonRegistryUpdater] Marking the daemon as idle, address: [ec92d472-20f7-49fb-8ee9-f43da67a12c7 port:43667, addresses:[/0:0:0:0:0:0:0:1%lo, /127.0.0.1]]
15:13:07.544 [DEBUG] [org.gradle.launcher.daemon.registry.PersistentDaemonRegistry] Marking busy by address: [ec92d472-20f7-49fb-8ee9-f43da67a12c7 port:43667, addresses:[/0:0:0:0:0:0:0:1%lo, /127.0.0.1]]
15:13:07.544 [DEBUG] [org.gradle.cache.internal.DefaultFileLockManager] Waiting to acquire exclusive lock on daemon addresses registry.
15:13:07.544 [DEBUG] [org.gradle.cache.internal.DefaultFileLockManager] Lock acquired on daemon addresses registry.
15:13:07.545 [DEBUG] [org.gradle.cache.internal.DefaultFileLockManager] Releasing lock on daemon addresses registry.
15:13:07.545 [DEBUG] [org.gradle.launcher.daemon.server.DaemonStateCoordinator] daemon is running. Sleeping until state changes.
15:13:07.545 [DEBUG] [org.gradle.launcher.daemon.server.exec.ReturnResult] Daemon is dispatching the build result: Success[value=null]
15:13:07.545 [DEBUG] [org.gradle.launcher.daemon.server.SynchronizedDispatchConnection] thread 16: dispatching class org.gradle.launcher.daemon.protocol.Success
15:13:07.545 [DEBUG] [org.gradle.launcher.daemon.server.DefaultIncomingConnectionHandler] Finishing executing command: Build{id=3a6d5161-7801-4463-b12e-24d60519bed6.1, currentDir=/home/student/hellogradle}
15:13:07.546 [DEBUG] [org.gradle.launcher.daemon.server.SynchronizedDispatchConnection] thread 43: received class org.gradle.launcher.daemon.protocol.CloseInput
15:13:07.546 [DEBUG] [org.gradle.launcher.daemon.server.DefaultDaemonConnection] thread 43: Received IO message from client: org.gradle.launcher.daemon.protocol.CloseInput@34a5e7a3
15:13:07.547 [DEBUG] [org.gradle.launcher.daemon.server.SynchronizedDispatchConnection] thread 43: received class org.gradle.launcher.daemon.protocol.Finished
15:13:07.548 [DEBUG] [org.gradle.launcher.daemon.server.DefaultDaemonConnection] thread 43: Received non-IO message from client: org.gradle.launcher.daemon.protocol.Finished@3a620f47
15:13:07.548 [DEBUG] [org.gradle.internal.remote.internal.inet.SocketConnection] Discarding EOFException: java.io.EOFException
15:13:07.548 [DEBUG] [org.gradle.launcher.daemon.server.DefaultIncomingConnectionHandler] Received finished message: org.gradle.launcher.daemon.protocol.Finished@3a620f47
15:13:07.548 [DEBUG] [org.gradle.launcher.daemon.server.SynchronizedDispatchConnection] thread 43: received null
15:13:07.548 [DEBUG] [org.gradle.launcher.daemon.server.SynchronizedDispatchConnection] thread 16: stopping connection
15:13:07.548 [DEBUG] [org.gradle.launcher.daemon.server.DefaultDaemonConnection] thread 43: Received end-of-input from client.
15:13:07.548 [DEBUG] [org.gradle.launcher.daemon.server.SynchronizedDispatchConnection] thread 16: stopping connection
15:13:11.098 [DEBUG] [org.gradle.process.internal.health.memory.MemoryManager] Emitting OS memory status event {Total: 16440082432, Free: 14262611968}
15:13:11.098 [DEBUG] [org.gradle.launcher.daemon.server.health.LowMemoryDaemonExpirationStrategy] Received memory status update: {Total: 16440082432, Free: 14262611968}
15:13:11.098 [DEBUG] [org.gradle.process.internal.health.memory.MemoryManager] Emitting JVM memory status event {Maximum: 1073741824, Committed: 260046848}
15:13:13.995 [DEBUG] [org.gradle.launcher.daemon.server.Daemon] DaemonExpirationPeriodicCheck running
15:13:13.995 [DEBUG] [org.gradle.cache.internal.DefaultFileLockManager] Waiting to acquire shared lock on daemon addresses registry.
15:13:13.995 [DEBUG] [org.gradle.cache.internal.DefaultFileLockManager] Lock acquired on daemon addresses registry.
15:13:13.995 [DEBUG] [org.gradle.cache.internal.DefaultFileLockManager] Releasing lock on daemon addresses registry.
15:13:13.995 [DEBUG] [org.gradle.cache.internal.DefaultFileLockManager] Waiting to acquire shared lock on daemon addresses registry.
15:13:13.995 [DEBUG] [org.gradle.cache.internal.DefaultFileLockManager] Lock acquired on daemon addresses registry.
15:13:13.995 [DEBUG] [org.gradle.cache.internal.DefaultFileLockManager] Releasing lock on daemon addresses registry.
15:13:16.098 [DEBUG] [org.gradle.process.internal.health.memory.MemoryManager] Emitting OS memory status event {Total: 16440082432, Free: 14219169792}
15:13:16.098 [DEBUG] [org.gradle.launcher.daemon.server.health.LowMemoryDaemonExpirationStrategy] Received memory status update: {Total: 16440082432, Free: 14219169792}
15:13:16.098 [DEBUG] [org.gradle.process.internal.health.memory.MemoryManager] Emitting JVM memory status event {Maximum: 1073741824, Committed: 260046848}
15:13:21.098 [DEBUG] [org.gradle.process.internal.health.memory.MemoryManager] Emitting OS memory status event {Total: 16440082432, Free: 14241157120}
15:13:21.098 [DEBUG] [org.gradle.launcher.daemon.server.health.LowMemoryDaemonExpirationStrategy] Received memory status update: {Total: 16440082432, Free: 14241157120}
15:13:21.098 [DEBUG] [org.gradle.process.internal.health.memory.MemoryManager] Emitting JVM memory status event {Maximum: 1073741824, Committed: 260046848}
15:13:23.994 [DEBUG] [org.gradle.launcher.daemon.server.Daemon] DaemonExpirationPeriodicCheck running
15:13:23.995 [DEBUG] [org.gradle.cache.internal.DefaultFileLockManager] Waiting to acquire shared lock on daemon addresses registry.
15:13:23.995 [DEBUG] [org.gradle.cache.internal.DefaultFileLockManager] Lock acquired on daemon addresses registry.
15:13:23.995 [DEBUG] [org.gradle.cache.internal.DefaultFileLockManager] Releasing lock on daemon addresses registry.
15:13:23.995 [DEBUG] [org.gradle.cache.internal.DefaultFileLockManager] Waiting to acquire shared lock on daemon addresses registry.
15:13:23.995 [DEBUG] [org.gradle.cache.internal.DefaultFileLockManager] Lock acquired on daemon addresses registry.
15:13:23.995 [DEBUG] [org.gradle.cache.internal.DefaultFileLockManager] Releasing lock on daemon addresses registry.
15:13:23.995 [DEBUG] [org.gradle.cache.internal.DefaultFileLockManager] Waiting to acquire shared lock on daemon addresses registry.
15:13:23.995 [DEBUG] [org.gradle.cache.internal.DefaultFileLockManager] Lock acquired on daemon addresses registry.
15:13:23.995 [DEBUG] [org.gradle.cache.internal.DefaultFileLockManager] Releasing lock on daemon addresses registry.
15:13:26.098 [DEBUG] [org.gradle.process.internal.health.memory.MemoryManager] Emitting OS memory status event {Total: 16440082432, Free: 14129926144}
15:13:26.098 [DEBUG] [org.gradle.launcher.daemon.server.health.LowMemoryDaemonExpirationStrategy] Received memory status update: {Total: 16440082432, Free: 14129926144}
15:13:26.098 [DEBUG] [org.gradle.process.internal.health.memory.MemoryManager] Emitting JVM memory status event {Maximum: 1073741824, Committed: 260046848}
15:13:31.098 [DEBUG] [org.gradle.process.internal.health.memory.MemoryManager] Emitting OS memory status event {Total: 16440082432, Free: 14108192768}
15:13:31.098 [DEBUG] [org.gradle.launcher.daemon.server.health.LowMemoryDaemonExpirationStrategy] Received memory status update: {Total: 16440082432, Free: 14108192768}
15:13:31.098 [DEBUG] [org.gradle.process.internal.health.memory.MemoryManager] Emitting JVM memory status event {Maximum: 1073741824, Committed: 260046848}
15:13:33.995 [DEBUG] [org.gradle.launcher.daemon.server.Daemon] DaemonExpirationPeriodicCheck running
15:13:33.995 [DEBUG] [org.gradle.cache.internal.DefaultFileLockManager] Waiting to acquire shared lock on daemon addresses registry.
15:13:33.995 [DEBUG] [org.gradle.cache.internal.DefaultFileLockManager] Lock acquired on daemon addresses registry.
15:13:33.995 [DEBUG] [org.gradle.cache.internal.DefaultFileLockManager] Releasing lock on daemon addresses registry.
15:13:33.995 [DEBUG] [org.gradle.cache.internal.DefaultFileLockManager] Waiting to acquire shared lock on daemon addresses registry.
15:13:33.995 [DEBUG] [org.gradle.cache.internal.DefaultFileLockManager] Lock acquired on daemon addresses registry.
15:13:33.995 [DEBUG] [org.gradle.cache.internal.DefaultFileLockManager] Releasing lock on daemon addresses registry.
15:13:33.995 [DEBUG] [org.gradle.cache.internal.DefaultFileLockManager] Waiting to acquire shared lock on daemon addresses registry.
15:13:33.995 [DEBUG] [org.gradle.cache.internal.DefaultFileLockManager] Lock acquired on daemon addresses registry.
15:13:33.995 [DEBUG] [org.gradle.cache.internal.DefaultFileLockManager] Releasing lock on daemon addresses registry.
15:13:36.098 [DEBUG] [org.gradle.process.internal.health.memory.MemoryManager] Emitting OS memory status event {Total: 16440082432, Free: 14084083712}
15:13:36.098 [DEBUG] [org.gradle.launcher.daemon.server.health.LowMemoryDaemonExpirationStrategy] Received memory status update: {Total: 16440082432, Free: 14084083712}
15:13:36.098 [DEBUG] [org.gradle.process.internal.health.memory.MemoryManager] Emitting JVM memory status event {Maximum: 1073741824, Committed: 260046848}
15:13:41.098 [DEBUG] [org.gradle.process.internal.health.memory.MemoryManager] Emitting OS memory status event {Total: 16440082432, Free: 14105149440}
15:13:41.098 [DEBUG] [org.gradle.launcher.daemon.server.health.LowMemoryDaemonExpirationStrategy] Received memory status update: {Total: 16440082432, Free: 14105149440}
15:13:41.098 [DEBUG] [org.gradle.process.internal.health.memory.MemoryManager] Emitting JVM memory status event {Maximum: 1073741824, Committed: 260046848}
15:13:43.994 [DEBUG] [org.gradle.launcher.daemon.server.Daemon] DaemonExpirationPeriodicCheck running
15:13:43.995 [DEBUG] [org.gradle.cache.internal.DefaultFileLockManager] Waiting to acquire shared lock on daemon addresses registry.
15:13:43.995 [DEBUG] [org.gradle.cache.internal.DefaultFileLockManager] Lock acquired on daemon addresses registry.
15:13:43.995 [DEBUG] [org.gradle.cache.internal.DefaultFileLockManager] Releasing lock on daemon addresses registry.
15:13:43.995 [DEBUG] [org.gradle.cache.internal.DefaultFileLockManager] Waiting to acquire shared lock on daemon addresses registry.
15:13:43.995 [DEBUG] [org.gradle.cache.internal.DefaultFileLockManager] Lock acquired on daemon addresses registry.
15:13:43.995 [DEBUG] [org.gradle.cache.internal.DefaultFileLockManager] Releasing lock on daemon addresses registry.
15:13:43.995 [DEBUG] [org.gradle.cache.internal.DefaultFileLockManager] Waiting to acquire shared lock on daemon addresses registry.
15:13:43.995 [DEBUG] [org.gradle.cache.internal.DefaultFileLockManager] Lock acquired on daemon addresses registry.
15:13:43.995 [DEBUG] [org.gradle.cache.internal.DefaultFileLockManager] Releasing lock on daemon addresses registry.
15:13:46.098 [DEBUG] [org.gradle.process.internal.health.memory.MemoryManager] Emitting OS memory status event {Total: 16440082432, Free: 14118899712}
15:13:46.098 [DEBUG] [org.gradle.launcher.daemon.server.health.LowMemoryDaemonExpirationStrategy] Received memory status update: {Total: 16440082432, Free: 14118899712}
15:13:46.098 [DEBUG] [org.gradle.process.internal.health.memory.MemoryManager] Emitting JVM memory status event {Maximum: 1073741824, Committed: 260046848}
15:13:51.098 [DEBUG] [org.gradle.process.internal.health.memory.MemoryManager] Emitting OS memory status event {Total: 16440082432, Free: 14120218624}
15:13:51.098 [DEBUG] [org.gradle.launcher.daemon.server.health.LowMemoryDaemonExpirationStrategy] Received memory status update: {Total: 16440082432, Free: 14120218624}
15:13:51.098 [DEBUG] [org.gradle.process.internal.health.memory.MemoryManager] Emitting JVM memory status event {Maximum: 1073741824, Committed: 260046848}
15:13:53.994 [DEBUG] [org.gradle.launcher.daemon.server.Daemon] DaemonExpirationPeriodicCheck running
15:13:53.995 [DEBUG] [org.gradle.cache.internal.DefaultFileLockManager] Waiting to acquire shared lock on daemon addresses registry.
15:13:53.996 [DEBUG] [org.gradle.cache.internal.DefaultFileLockManager] Lock acquired on daemon addresses registry.
15:13:53.996 [DEBUG] [org.gradle.cache.internal.DefaultFileLockManager] Releasing lock on daemon addresses registry.
15:13:53.996 [DEBUG] [org.gradle.cache.internal.DefaultFileLockManager] Waiting to acquire shared lock on daemon addresses registry.
15:13:53.996 [DEBUG] [org.gradle.cache.internal.DefaultFileLockManager] Lock acquired on daemon addresses registry.
15:13:53.997 [DEBUG] [org.gradle.cache.internal.DefaultFileLockManager] Releasing lock on daemon addresses registry.
15:13:53.997 [DEBUG] [org.gradle.cache.internal.DefaultFileLockManager] Waiting to acquire shared lock on daemon addresses registry.
15:13:53.997 [DEBUG] [org.gradle.cache.internal.DefaultFileLockManager] Lock acquired on daemon addresses registry.
15:13:53.997 [DEBUG] [org.gradle.cache.internal.DefaultFileLockManager] Releasing lock on daemon addresses registry.
15:13:56.098 [DEBUG] [org.gradle.process.internal.health.memory.MemoryManager] Emitting OS memory status event {Total: 16440082432, Free: 14122319872}
15:13:56.098 [DEBUG] [org.gradle.launcher.daemon.server.health.LowMemoryDaemonExpirationStrategy] Received memory status update: {Total: 16440082432, Free: 14122319872}
15:13:56.098 [DEBUG] [org.gradle.process.internal.health.memory.MemoryManager] Emitting JVM memory status event {Maximum: 1073741824, Committed: 260046848}
15:14:01.098 [DEBUG] [org.gradle.process.internal.health.memory.MemoryManager] Emitting OS memory status event {Total: 16440082432, Free: 14122586112}
15:14:01.098 [DEBUG] [org.gradle.launcher.daemon.server.health.LowMemoryDaemonExpirationStrategy] Received memory status update: {Total: 16440082432, Free: 14122586112}
15:14:01.098 [DEBUG] [org.gradle.process.internal.health.memory.MemoryManager] Emitting JVM memory status event {Maximum: 1073741824, Committed: 260046848}
15:14:03.994 [DEBUG] [org.gradle.launcher.daemon.server.Daemon] DaemonExpirationPeriodicCheck running
15:14:03.995 [DEBUG] [org.gradle.cache.internal.DefaultFileLockManager] Waiting to acquire shared lock on daemon addresses registry.
15:14:03.995 [DEBUG] [org.gradle.cache.internal.DefaultFileLockManager] Lock acquired on daemon addresses registry.
15:14:03.995 [DEBUG] [org.gradle.cache.internal.DefaultFileLockManager] Releasing lock on daemon addresses registry.
15:14:03.995 [DEBUG] [org.gradle.cache.internal.DefaultFileLockManager] Waiting to acquire shared lock on daemon addresses registry.
15:14:03.995 [DEBUG] [org.gradle.cache.internal.DefaultFileLockManager] Lock acquired on daemon addresses registry.
15:14:03.995 [DEBUG] [org.gradle.cache.internal.DefaultFileLockManager] Releasing lock on daemon addresses registry.
15:14:03.995 [DEBUG] [org.gradle.cache.internal.DefaultFileLockManager] Waiting to acquire shared lock on daemon addresses registry.
15:14:03.995 [DEBUG] [org.gradle.cache.internal.DefaultFileLockManager] Lock acquired on daemon addresses registry.
15:14:03.995 [DEBUG] [org.gradle.cache.internal.DefaultFileLockManager] Releasing lock on daemon addresses registry.
15:14:06.098 [DEBUG] [org.gradle.process.internal.health.memory.MemoryManager] Emitting OS memory status event {Total: 16440082432, Free: 14122348544}
15:14:06.098 [DEBUG] [org.gradle.launcher.daemon.server.health.LowMemoryDaemonExpirationStrategy] Received memory status update: {Total: 16440082432, Free: 14122348544}
15:14:06.098 [DEBUG] [org.gradle.process.internal.health.memory.MemoryManager] Emitting JVM memory status event {Maximum: 1073741824, Committed: 260046848}
15:14:11.098 [DEBUG] [org.gradle.process.internal.health.memory.MemoryManager] Emitting OS memory status event {Total: 16440082432, Free: 14121840640}
15:14:11.098 [DEBUG] [org.gradle.launcher.daemon.server.health.LowMemoryDaemonExpirationStrategy] Received memory status update: {Total: 16440082432, Free: 14121840640}
15:14:11.098 [DEBUG] [org.gradle.process.internal.health.memory.MemoryManager] Emitting JVM memory status event {Maximum: 1073741824, Committed: 260046848}
15:14:13.994 [DEBUG] [org.gradle.launcher.daemon.server.Daemon] DaemonExpirationPeriodicCheck running
15:14:13.995 [DEBUG] [org.gradle.cache.internal.DefaultFileLockManager] Waiting to acquire shared lock on daemon addresses registry.
15:14:13.995 [DEBUG] [org.gradle.cache.internal.DefaultFileLockManager] Lock acquired on daemon addresses registry.
15:14:13.995 [DEBUG] [org.gradle.cache.internal.DefaultFileLockManager] Releasing lock on daemon addresses registry.
15:14:13.995 [DEBUG] [org.gradle.cache.internal.DefaultFileLockManager] Waiting to acquire shared lock on daemon addresses registry.
15:14:13.995 [DEBUG] [org.gradle.cache.internal.DefaultFileLockManager] Lock acquired on daemon addresses registry.
15:14:13.995 [DEBUG] [org.gradle.cache.internal.DefaultFileLockManager] Releasing lock on daemon addresses registry.
15:14:13.995 [DEBUG] [org.gradle.cache.internal.DefaultFileLockManager] Waiting to acquire shared lock on daemon addresses registry.
15:14:13.995 [DEBUG] [org.gradle.cache.internal.DefaultFileLockManager] Lock acquired on daemon addresses registry.
15:14:13.995 [DEBUG] [org.gradle.cache.internal.DefaultFileLockManager] Releasing lock on daemon addresses registry.
15:14:16.098 [DEBUG] [org.gradle.process.internal.health.memory.MemoryManager] Emitting OS memory status event {Total: 16440082432, Free: 14121590784}
15:14:16.098 [DEBUG] [org.gradle.launcher.daemon.server.health.LowMemoryDaemonExpirationStrategy] Received memory status update: {Total: 16440082432, Free: 14121590784}
15:14:16.098 [DEBUG] [org.gradle.process.internal.health.memory.MemoryManager] Emitting JVM memory status event {Maximum: 1073741824, Committed: 260046848}
15:14:21.098 [DEBUG] [org.gradle.process.internal.health.memory.MemoryManager] Emitting OS memory status event {Total: 16440082432, Free: 14121361408}
15:14:21.098 [DEBUG] [org.gradle.launcher.daemon.server.health.LowMemoryDaemonExpirationStrategy] Received memory status update: {Total: 16440082432, Free: 14121361408}
15:14:21.098 [DEBUG] [org.gradle.process.internal.health.memory.MemoryManager] Emitting JVM memory status event {Maximum: 1073741824, Committed: 260046848}
15:14:23.994 [DEBUG] [org.gradle.launcher.daemon.server.Daemon] DaemonExpirationPeriodicCheck running
15:14:23.995 [DEBUG] [org.gradle.cache.internal.DefaultFileLockManager] Waiting to acquire shared lock on daemon addresses registry.
15:14:23.995 [DEBUG] [org.gradle.cache.internal.DefaultFileLockManager] Lock acquired on daemon addresses registry.
15:14:23.995 [DEBUG] [org.gradle.cache.internal.DefaultFileLockManager] Releasing lock on daemon addresses registry.
15:14:23.995 [DEBUG] [org.gradle.cache.internal.DefaultFileLockManager] Waiting to acquire shared lock on daemon addresses registry.
15:14:23.995 [DEBUG] [org.gradle.cache.internal.DefaultFileLockManager] Lock acquired on daemon addresses registry.
15:14:23.995 [DEBUG] [org.gradle.cache.internal.DefaultFileLockManager] Releasing lock on daemon addresses registry.
15:14:23.995 [DEBUG] [org.gradle.cache.internal.DefaultFileLockManager] Waiting to acquire shared lock on daemon addresses registry.
15:14:23.995 [DEBUG] [org.gradle.cache.internal.DefaultFileLockManager] Lock acquired on daemon addresses registry.
15:14:23.995 [DEBUG] [org.gradle.cache.internal.DefaultFileLockManager] Releasing lock on daemon addresses registry.
15:14:26.098 [DEBUG] [org.gradle.process.internal.health.memory.MemoryManager] Emitting OS memory status event {Total: 16440082432, Free: 14121353216}
15:14:26.098 [DEBUG] [org.gradle.launcher.daemon.server.health.LowMemoryDaemonExpirationStrategy] Received memory status update: {Total: 16440082432, Free: 14121353216}
15:14:26.098 [DEBUG] [org.gradle.process.internal.health.memory.MemoryManager] Emitting JVM memory status event {Maximum: 1073741824, Committed: 260046848}
15:14:31.098 [DEBUG] [org.gradle.process.internal.health.memory.MemoryManager] Emitting OS memory status event {Total: 16440082432, Free: 14114656256}
15:14:31.098 [DEBUG] [org.gradle.launcher.daemon.server.health.LowMemoryDaemonExpirationStrategy] Received memory status update: {Total: 16440082432, Free: 14114656256}
15:14:31.098 [DEBUG] [org.gradle.process.internal.health.memory.MemoryManager] Emitting JVM memory status event {Maximum: 1073741824, Committed: 260046848}
15:14:33.995 [DEBUG] [org.gradle.launcher.daemon.server.Daemon] DaemonExpirationPeriodicCheck running
15:14:33.995 [DEBUG] [org.gradle.cache.internal.DefaultFileLockManager] Waiting to acquire shared lock on daemon addresses registry.
15:14:33.995 [DEBUG] [org.gradle.cache.internal.DefaultFileLockManager] Lock acquired on daemon addresses registry.
15:14:33.995 [DEBUG] [org.gradle.cache.internal.DefaultFileLockManager] Releasing lock on daemon addresses registry.
15:14:33.995 [DEBUG] [org.gradle.cache.internal.DefaultFileLockManager] Waiting to acquire shared lock on daemon addresses registry.
15:14:33.995 [DEBUG] [org.gradle.cache.internal.DefaultFileLockManager] Lock acquired on daemon addresses registry.
15:14:33.995 [DEBUG] [org.gradle.cache.internal.DefaultFileLockManager] Releasing lock on daemon addresses registry.
15:14:33.995 [DEBUG] [org.gradle.cache.internal.DefaultFileLockManager] Waiting to acquire shared lock on daemon addresses registry.
15:14:33.995 [DEBUG] [org.gradle.cache.internal.DefaultFileLockManager] Lock acquired on daemon addresses registry.
15:14:33.995 [DEBUG] [org.gradle.cache.internal.DefaultFileLockManager] Releasing lock on daemon addresses registry.
15:14:36.098 [DEBUG] [org.gradle.process.internal.health.memory.MemoryManager] Emitting OS memory status event {Total: 16440082432, Free: 14123343872}
15:14:36.098 [DEBUG] [org.gradle.launcher.daemon.server.health.LowMemoryDaemonExpirationStrategy] Received memory status update: {Total: 16440082432, Free: 14123343872}
15:14:36.098 [DEBUG] [org.gradle.process.internal.health.memory.MemoryManager] Emitting JVM memory status event {Maximum: 1073741824, Committed: 260046848}
15:14:41.098 [DEBUG] [org.gradle.process.internal.health.memory.MemoryManager] Emitting OS memory status event {Total: 16440082432, Free: 14123085824}
15:14:41.098 [DEBUG] [org.gradle.launcher.daemon.server.health.LowMemoryDaemonExpirationStrategy] Received memory status update: {Total: 16440082432, Free: 14123085824}
15:14:41.098 [DEBUG] [org.gradle.process.internal.health.memory.MemoryManager] Emitting JVM memory status event {Maximum: 1073741824, Committed: 260046848}
15:14:43.994 [DEBUG] [org.gradle.launcher.daemon.server.Daemon] DaemonExpirationPeriodicCheck running
15:14:43.995 [DEBUG] [org.gradle.cache.internal.DefaultFileLockManager] Waiting to acquire shared lock on daemon addresses registry.
15:14:43.995 [DEBUG] [org.gradle.cache.internal.DefaultFileLockManager] Lock acquired on daemon addresses registry.
15:14:43.995 [DEBUG] [org.gradle.cache.internal.DefaultFileLockManager] Releasing lock on daemon addresses registry.
15:14:43.995 [DEBUG] [org.gradle.cache.internal.DefaultFileLockManager] Waiting to acquire shared lock on daemon addresses registry.
15:14:43.995 [DEBUG] [org.gradle.cache.internal.DefaultFileLockManager] Lock acquired on daemon addresses registry.
15:14:43.995 [DEBUG] [org.gradle.cache.internal.DefaultFileLockManager] Releasing lock on daemon addresses registry.
15:14:43.995 [DEBUG] [org.gradle.cache.internal.DefaultFileLockManager] Waiting to acquire shared lock on daemon addresses registry.
15:14:43.995 [DEBUG] [org.gradle.cache.internal.DefaultFileLockManager] Lock acquired on daemon addresses registry.
15:14:43.995 [DEBUG] [org.gradle.cache.internal.DefaultFileLockManager] Releasing lock on daemon addresses registry.
15:14:46.098 [DEBUG] [org.gradle.process.internal.health.memory.MemoryManager] Emitting OS memory status event {Total: 16440082432, Free: 14119219200}
15:14:46.098 [DEBUG] [org.gradle.launcher.daemon.server.health.LowMemoryDaemonExpirationStrategy] Received memory status update: {Total: 16440082432, Free: 14119219200}
15:14:46.098 [DEBUG] [org.gradle.process.internal.health.memory.MemoryManager] Emitting JVM memory status event {Maximum: 1073741824, Committed: 260046848}
15:14:51.098 [DEBUG] [org.gradle.process.internal.health.memory.MemoryManager] Emitting OS memory status event {Total: 16440082432, Free: 14119243776}
15:14:51.098 [DEBUG] [org.gradle.launcher.daemon.server.health.LowMemoryDaemonExpirationStrategy] Received memory status update: {Total: 16440082432, Free: 14119243776}
15:14:51.098 [DEBUG] [org.gradle.process.internal.health.memory.MemoryManager] Emitting JVM memory status event {Maximum: 1073741824, Committed: 260046848}
15:14:53.995 [DEBUG] [org.gradle.launcher.daemon.server.Daemon] DaemonExpirationPeriodicCheck running
15:14:53.995 [DEBUG] [org.gradle.cache.internal.DefaultFileLockManager] Waiting to acquire shared lock on daemon addresses registry.
15:14:53.995 [DEBUG] [org.gradle.cache.internal.DefaultFileLockManager] Lock acquired on daemon addresses registry.
15:14:53.995 [DEBUG] [org.gradle.cache.internal.DefaultFileLockManager] Releasing lock on daemon addresses registry.
15:14:53.995 [DEBUG] [org.gradle.cache.internal.DefaultFileLockManager] Waiting to acquire shared lock on daemon addresses registry.
15:14:53.995 [DEBUG] [org.gradle.cache.internal.DefaultFileLockManager] Lock acquired on daemon addresses registry.
15:14:53.995 [DEBUG] [org.gradle.cache.internal.DefaultFileLockManager] Releasing lock on daemon addresses registry.
15:14:53.995 [DEBUG] [org.gradle.cache.internal.DefaultFileLockManager] Waiting to acquire shared lock on daemon addresses registry.
15:14:53.995 [DEBUG] [org.gradle.cache.internal.DefaultFileLockManager] Lock acquired on daemon addresses registry.
15:14:53.995 [DEBUG] [org.gradle.cache.internal.DefaultFileLockManager] Releasing lock on daemon addresses registry.
15:14:56.098 [DEBUG] [org.gradle.process.internal.health.memory.MemoryManager] Emitting OS memory status event {Total: 16440082432, Free: 14160474112}
15:14:56.098 [DEBUG] [org.gradle.launcher.daemon.server.health.LowMemoryDaemonExpirationStrategy] Received memory status update: {Total: 16440082432, Free: 14160474112}
15:14:56.098 [DEBUG] [org.gradle.process.internal.health.memory.MemoryManager] Emitting JVM memory status event {Maximum: 1073741824, Committed: 260046848}
15:15:01.098 [DEBUG] [org.gradle.process.internal.health.memory.MemoryManager] Emitting OS memory status event {Total: 16440082432, Free: 14173020160}
15:15:01.098 [DEBUG] [org.gradle.launcher.daemon.server.health.LowMemoryDaemonExpirationStrategy] Received memory status update: {Total: 16440082432, Free: 14173020160}
15:15:01.098 [DEBUG] [org.gradle.process.internal.health.memory.MemoryManager] Emitting JVM memory status event {Maximum: 1073741824, Committed: 260046848}
15:15:03.994 [DEBUG] [org.gradle.launcher.daemon.server.Daemon] DaemonExpirationPeriodicCheck running
15:15:03.995 [DEBUG] [org.gradle.cache.internal.DefaultFileLockManager] Waiting to acquire shared lock on daemon addresses registry.
15:15:03.995 [DEBUG] [org.gradle.cache.internal.DefaultFileLockManager] Lock acquired on daemon addresses registry.
15:15:03.995 [DEBUG] [org.gradle.cache.internal.DefaultFileLockManager] Releasing lock on daemon addresses registry.
15:15:03.995 [DEBUG] [org.gradle.cache.internal.DefaultFileLockManager] Waiting to acquire shared lock on daemon addresses registry.
15:15:03.995 [DEBUG] [org.gradle.cache.internal.DefaultFileLockManager] Lock acquired on daemon addresses registry.
15:15:03.995 [DEBUG] [org.gradle.cache.internal.DefaultFileLockManager] Releasing lock on daemon addresses registry.
15:15:03.995 [DEBUG] [org.gradle.cache.internal.DefaultFileLockManager] Waiting to acquire shared lock on daemon addresses registry.
15:15:03.995 [DEBUG] [org.gradle.cache.internal.DefaultFileLockManager] Lock acquired on daemon addresses registry.
15:15:03.995 [DEBUG] [org.gradle.cache.internal.DefaultFileLockManager] Releasing lock on daemon addresses registry.
15:15:06.098 [DEBUG] [org.gradle.process.internal.health.memory.MemoryManager] Emitting OS memory status event {Total: 16440082432, Free: 14172921856}
15:15:06.098 [DEBUG] [org.gradle.launcher.daemon.server.health.LowMemoryDaemonExpirationStrategy] Received memory status update: {Total: 16440082432, Free: 14172921856}
15:15:06.098 [DEBUG] [org.gradle.process.internal.health.memory.MemoryManager] Emitting JVM memory status event {Maximum: 1073741824, Committed: 260046848}
15:15:09.158 [DEBUG] [org.gradle.internal.remote.internal.inet.TcpIncomingConnector] Accepted connection from /0:0:0:0:0:0:0:1:35722 to /0:0:0:0:0:0:0:1:43667.
15:15:09.183 [DEBUG] [org.gradle.launcher.daemon.server.SynchronizedDispatchConnection] thread 92: received class org.gradle.launcher.daemon.protocol.Build
15:15:09.184 [DEBUG] [org.gradle.launcher.daemon.server.DefaultDaemonConnection] thread 92: Received non-IO message from client: Build{id=5e1543ba-989b-49bb-bb21-885442cdf3e9.1, currentDir=/home/student/hellogradle}
15:15:09.184 [INFO] [org.gradle.launcher.daemon.server.DefaultIncomingConnectionHandler] Received command: Build{id=5e1543ba-989b-49bb-bb21-885442cdf3e9.1, currentDir=/home/student/hellogradle}.
15:15:09.184 [DEBUG] [org.gradle.launcher.daemon.server.DefaultIncomingConnectionHandler] Starting executing command: Build{id=5e1543ba-989b-49bb-bb21-885442cdf3e9.1, currentDir=/home/student/hellogradle} with connection: socket connection from /0:0:0:0:0:0:0:1:43667 to /0:0:0:0:0:0:0:1:35722.
15:15:09.184 [ERROR] [org.gradle.launcher.daemon.server.DaemonStateCoordinator] Command execution: started DaemonCommandExecution[command = Build{id=5e1543ba-989b-49bb-bb21-885442cdf3e9.1, currentDir=/home/student/hellogradle}, connection = DefaultDaemonConnection: socket connection from /0:0:0:0:0:0:0:1:43667 to /0:0:0:0:0:0:0:1:35722] after 2.0 minutes of idle
15:15:09.184 [INFO] [org.gradle.launcher.daemon.server.DaemonRegistryUpdater] Marking the daemon as busy, address: [ec92d472-20f7-49fb-8ee9-f43da67a12c7 port:43667, addresses:[/0:0:0:0:0:0:0:1%lo, /127.0.0.1]]
15:15:09.184 [DEBUG] [org.gradle.launcher.daemon.registry.PersistentDaemonRegistry] Marking busy by address: [ec92d472-20f7-49fb-8ee9-f43da67a12c7 port:43667, addresses:[/0:0:0:0:0:0:0:1%lo, /127.0.0.1]]
15:15:09.184 [DEBUG] [org.gradle.cache.internal.DefaultFileLockManager] Waiting to acquire exclusive lock on daemon addresses registry.
15:15:09.184 [DEBUG] [org.gradle.cache.internal.DefaultFileLockManager] Lock acquired on daemon addresses registry.
15:15:09.184 [DEBUG] [org.gradle.cache.internal.DefaultFileLockManager] Releasing lock on daemon addresses registry.
15:15:09.184 [DEBUG] [org.gradle.launcher.daemon.server.DaemonStateCoordinator] resetting idle timer
15:15:09.185 [DEBUG] [org.gradle.launcher.daemon.server.DaemonStateCoordinator] daemon is running. Sleeping until state changes.
15:15:09.185 [INFO] [org.gradle.launcher.daemon.server.exec.StartBuildOrRespondWithBusy] Daemon is about to start building Build{id=5e1543ba-989b-49bb-bb21-885442cdf3e9.1, currentDir=/home/student/hellogradle}. Dispatching build started information...
15:15:09.185 [DEBUG] [org.gradle.launcher.daemon.server.SynchronizedDispatchConnection] thread 94: dispatching class org.gradle.launcher.daemon.protocol.BuildStarted
15:15:09.185 [DEBUG] [org.gradle.launcher.daemon.server.exec.EstablishBuildEnvironment] Configuring env variables: {PATH=/usr/local/sbin:/usr/local/bin:/usr/sbin:/usr/bin:/sbin:/bin:/usr/games:/usr/local/games:/snap/bin:/snap/bin, XAUTHORITY=/run/user/1001/.mutter-Xwaylandauth.MWM0L3, LESSCLOSE=/usr/bin/lesspipe %s %s, XMODIFIERS=@im=ibus, XDG_DATA_DIRS=/usr/share/ubuntu:/usr/local/share/:/usr/share/:/var/lib/snapd/desktop, GDMSESSION=ubuntu, QT_IM_MODULE=ibus, TERM=xterm-256color, XDG_CONFIG_DIRS=/etc/xdg/xdg-ubuntu:/etc/xdg, GNOME_TERMINAL_SERVICE=:1.99, LANG=en_IN, DBUS_SESSION_BUS_ADDRESS=unix:path=/run/user/1001/bus, XDG_SESSION_TYPE=wayland, XDG_CURRENT_DESKTOP=ubuntu:GNOME, DISPLAY=:0, WAYLAND_DISPLAY=wayland-0, COLORTERM=truecolor, SESSION_MANAGER=local/aimll501pc12-HP-Pro-Tower-280-G9-PCI-Desktop-PC:@/tmp/.ICE-unix/1726,unix/aimll501pc12-HP-Pro-Tower-280-G9-PCI-Desktop-PC:/tmp/.ICE-unix/1726, USERNAME=student, LOGNAME=student, PWD=/home/student/hellogradle, IM_CONFIG_PHASE=1, XDG_SESSION_CLASS=user, _=/usr/bin/gradle, LANGUAGE=en_IN:en, SHELL=/bin/bash, LESSOPEN=| /usr/bin/lesspipe %s, DESKTOP_SESSION=ubuntu, OLDPWD=/usr/share/gradle, USER=student, XDG_MENU_PREFIX=gnome-, VTE_VERSION=6800, QT_ACCESSIBILITY=1, GNOME_DESKTOP_SESSION_ID=this-is-deprecated, SSH_AUTH_SOCK=/run/user/1001/keyring/ssh, GNOME_TERMINAL_SCREEN=/org/gnome/Terminal/screen/a5f78c23_4930_4b74_a25c_a14a90bf4bf3, GTK_MODULES=gail:atk-bridge, GNOME_SHELL_SESSION_MODE=ubuntu, SYSTEMD_EXEC_PID=1756, LS_COLORS=rs=0:di=01;34:ln=01;36:mh=00:pi=40;33:so=01;35:do=01;35:bd=40;33;01:cd=40;33;01:or=40;31;01:mi=00:su=37;41:sg=30;43:ca=30;41:tw=30;42:ow=34;42:st=37;44:ex=01;32:*.tar=01;31:*.tgz=01;31:*.arc=01;31:*.arj=01;31:*.taz=01;31:*.lha=01;31:*.lz4=01;31:*.lzh=01;31:*.lzma=01;31:*.tlz=01;31:*.txz=01;31:*.tzo=01;31:*.t7z=01;31:*.zip=01;31:*.z=01;31:*.dz=01;31:*.gz=01;31:*.lrz=01;31:*.lz=01;31:*.lzo=01;31:*.xz=01;31:*.zst=01;31:*.tzst=01;31:*.bz2=01;31:*.bz=01;31:*.tbz=01;31:*.tbz2=01;31:*.tz=01;31:*.deb=01;31:*.rpm=01;31:*.jar=01;31:*.war=01;31:*.ear=01;31:*.sar=01;31:*.rar=01;31:*.alz=01;31:*.ace=01;31:*.zoo=01;31:*.cpio=01;31:*.7z=01;31:*.rz=01;31:*.cab=01;31:*.wim=01;31:*.swm=01;31:*.dwm=01;31:*.esd=01;31:*.jpg=01;35:*.jpeg=01;35:*.mjpg=01;35:*.mjpeg=01;35:*.gif=01;35:*.bmp=01;35:*.pbm=01;35:*.pgm=01;35:*.ppm=01;35:*.tga=01;35:*.xbm=01;35:*.xpm=01;35:*.tif=01;35:*.tiff=01;35:*.png=01;35:*.svg=01;35:*.svgz=01;35:*.mng=01;35:*.pcx=01;35:*.mov=01;35:*.mpg=01;35:*.mpeg=01;35:*.m2v=01;35:*.mkv=01;35:*.webm=01;35:*.webp=01;35:*.ogm=01;35:*.mp4=01;35:*.m4v=01;35:*.mp4v=01;35:*.vob=01;35:*.qt=01;35:*.nuv=01;35:*.wmv=01;35:*.asf=01;35:*.rm=01;35:*.rmvb=01;35:*.flc=01;35:*.avi=01;35:*.fli=01;35:*.flv=01;35:*.gl=01;35:*.dl=01;35:*.xcf=01;35:*.xwd=01;35:*.yuv=01;35:*.cgm=01;35:*.emf=01;35:*.ogv=01;35:*.ogx=01;35:*.aac=00;36:*.au=00;36:*.flac=00;36:*.m4a=00;36:*.mid=00;36:*.midi=00;36:*.mka=00;36:*.mp3=00;36:*.mpc=00;36:*.ogg=00;36:*.ra=00;36:*.wav=00;36:*.oga=00;36:*.opus=00;36:*.spx=00;36:*.xspf=00;36:, XDG_SESSION_DESKTOP=ubuntu, XDG_RUNTIME_DIR=/run/user/1001, GNOME_SETUP_DISPLAY=:1, SSH_AGENT_LAUNCHER=gnome-keyring, HOME=/home/student, SHLVL=1}
15:15:09.185 [WARN] [org.gradle.launcher.daemon.server.exec.EstablishBuildEnvironment] Warning: Unable able to set daemon's environment variables to match the client because: 
  Java 9 does not support modifying environment variables.
  If the daemon was started with a significantly different environment from the client, and your build 
  relies on environment variables, you may experience unexpected behavior.
15:15:09.185 [DEBUG] [org.gradle.launcher.daemon.server.exec.LogToClient] About to start relaying all logs to the client via the connection.
15:15:09.185 [INFO] [org.gradle.launcher.daemon.server.exec.LogToClient] The client will now receive all logging from the daemon (pid: 3682). The daemon log file: /home/student/.gradle/daemon/4.4.1/daemon-3682.out.log
15:15:09.186 [INFO] [org.gradle.launcher.daemon.server.exec.LogAndCheckHealth] Starting 3rd build in daemon [uptime: 2 mins 25.254 secs, performance: 99%]
15:15:09.186 [DEBUG] [org.gradle.launcher.daemon.server.exec.ExecuteBuild] The daemon has started executing the build.
15:15:09.186 [DEBUG] [org.gradle.launcher.daemon.server.exec.ExecuteBuild] Executing build with daemon context: DefaultDaemonContext[uid=81a104bb-381d-420e-b44a-c97ca55af63a,javaHome=/usr/lib/jvm/java-11-openjdk-amd64,daemonRegistryDir=/home/student/.gradle/daemon,pid=3682,idleTimeout=10800000,daemonOpts=-XX:+HeapDumpOnOutOfMemoryError,-Xmx1024m,-Dfile.encoding=UTF-8,-Duser.country=IN,-Duser.language=en,-Duser.variant]

FAILURE: Build failed with an exception.

* Where:
Build file '/home/student/hellogradle/build.gradle' line: 34

* What went wrong:
A problem occurred evaluating root project 'hellogradle'.
> Could not find method d0Last() for arguments [build_8o3s346hfey6e22h9yyj0qcdk$_run_closure3$_closure4@31d4a939] on task ':hello' of type org.gradle.api.DefaultTask.

* Try:
Run with --stacktrace option to get the stack trace. Run with --info or --debug option to get more log output. Run with --scan to get full insights.

* Get more help at https://help.gradle.org

BUILD FAILED in 0s
15:15:09.241 [DEBUG] [org.gradle.launcher.daemon.server.exec.ExecuteBuild] The daemon has finished executing the build.
15:15:09.247 [DEBUG] [org.gradle.launcher.daemon.server.DaemonStateCoordinator] daemon is running. Sleeping until state changes.
15:15:09.247 [DEBUG] [org.gradle.launcher.daemon.server.DaemonStateCoordinator] Command execution: finished waiting for DaemonCommandExecution[command = Build{id=5e1543ba-989b-49bb-bb21-885442cdf3e9.1, currentDir=/home/student/hellogradle}, connection = DefaultDaemonConnection: socket connection from /0:0:0:0:0:0:0:1:43667 to /0:0:0:0:0:0:0:1:35722]. Result org.gradle.launcher.daemon.server.DaemonStateCoordinator@14d3119 with state Busy
15:15:09.247 [DEBUG] [org.gradle.launcher.daemon.server.DaemonStateCoordinator] Command execution: completed DaemonCommandExecution[command = Build{id=5e1543ba-989b-49bb-bb21-885442cdf3e9.1, currentDir=/home/student/hellogradle}, connection = DefaultDaemonConnection: socket connection from /0:0:0:0:0:0:0:1:43667 to /0:0:0:0:0:0:0:1:35722]
15:15:09.247 [DEBUG] [org.gradle.launcher.daemon.server.DaemonStateCoordinator] resetting idle timer
15:15:09.247 [INFO] [org.gradle.launcher.daemon.server.DaemonRegistryUpdater] Marking the daemon as idle, address: [ec92d472-20f7-49fb-8ee9-f43da67a12c7 port:43667, addresses:[/0:0:0:0:0:0:0:1%lo, /127.0.0.1]]
15:15:09.247 [DEBUG] [org.gradle.launcher.daemon.registry.PersistentDaemonRegistry] Marking busy by address: [ec92d472-20f7-49fb-8ee9-f43da67a12c7 port:43667, addresses:[/0:0:0:0:0:0:0:1%lo, /127.0.0.1]]
15:15:09.247 [DEBUG] [org.gradle.cache.internal.DefaultFileLockManager] Waiting to acquire exclusive lock on daemon addresses registry.
15:15:09.247 [DEBUG] [org.gradle.cache.internal.DefaultFileLockManager] Lock acquired on daemon addresses registry.
15:15:09.248 [DEBUG] [org.gradle.cache.internal.DefaultFileLockManager] Releasing lock on daemon addresses registry.
15:15:09.248 [DEBUG] [org.gradle.launcher.daemon.server.DaemonStateCoordinator] daemon is running. Sleeping until state changes.
15:15:09.248 [DEBUG] [org.gradle.launcher.daemon.server.exec.ReturnResult] Daemon is dispatching the build result: Failure[value=org.gradle.initialization.ReportedException: org.gradle.internal.exceptions.LocationAwareException: Build file '/home/student/hellogradle/build.gradle' line: 34
A problem occurred evaluating root project 'hellogradle'.]
15:15:09.248 [DEBUG] [org.gradle.launcher.daemon.server.SynchronizedDispatchConnection] thread 91: dispatching class org.gradle.launcher.daemon.protocol.Failure
15:15:09.259 [DEBUG] [org.gradle.launcher.daemon.server.DefaultIncomingConnectionHandler] Finishing executing command: Build{id=5e1543ba-989b-49bb-bb21-885442cdf3e9.1, currentDir=/home/student/hellogradle}
15:15:09.273 [DEBUG] [org.gradle.launcher.daemon.server.SynchronizedDispatchConnection] thread 92: received class org.gradle.launcher.daemon.protocol.CloseInput
15:15:09.274 [DEBUG] [org.gradle.launcher.daemon.server.DefaultDaemonConnection] thread 92: Received IO message from client: org.gradle.launcher.daemon.protocol.CloseInput@2d6bc5d0
15:15:09.275 [DEBUG] [org.gradle.launcher.daemon.server.SynchronizedDispatchConnection] thread 92: received class org.gradle.launcher.daemon.protocol.Finished
15:15:09.275 [DEBUG] [org.gradle.launcher.daemon.server.DefaultDaemonConnection] thread 92: Received non-IO message from client: org.gradle.launcher.daemon.protocol.Finished@23ac3e0d
15:15:09.275 [DEBUG] [org.gradle.launcher.daemon.server.DefaultIncomingConnectionHandler] Received finished message: org.gradle.launcher.daemon.protocol.Finished@23ac3e0d
15:15:09.275 [DEBUG] [org.gradle.internal.remote.internal.inet.SocketConnection] Discarding EOFException: java.io.EOFException
15:15:09.275 [DEBUG] [org.gradle.launcher.daemon.server.SynchronizedDispatchConnection] thread 91: stopping connection
15:15:09.275 [DEBUG] [org.gradle.launcher.daemon.server.SynchronizedDispatchConnection] thread 92: received null
15:15:09.275 [DEBUG] [org.gradle.launcher.daemon.server.DefaultDaemonConnection] thread 92: Received end-of-input from client.
15:15:09.276 [DEBUG] [org.gradle.launcher.daemon.server.SynchronizedDispatchConnection] thread 91: stopping connection
15:15:11.098 [DEBUG] [org.gradle.process.internal.health.memory.MemoryManager] Emitting OS memory status event {Total: 16440082432, Free: 14157848576}
15:15:11.098 [DEBUG] [org.gradle.launcher.daemon.server.health.LowMemoryDaemonExpirationStrategy] Received memory status update: {Total: 16440082432, Free: 14157848576}
15:15:11.098 [DEBUG] [org.gradle.process.internal.health.memory.MemoryManager] Emitting JVM memory status event {Maximum: 1073741824, Committed: 260046848}
15:15:13.995 [DEBUG] [org.gradle.launcher.daemon.server.Daemon] DaemonExpirationPeriodicCheck running
15:15:13.995 [DEBUG] [org.gradle.cache.internal.DefaultFileLockManager] Waiting to acquire shared lock on daemon addresses registry.
15:15:13.995 [DEBUG] [org.gradle.cache.internal.DefaultFileLockManager] Lock acquired on daemon addresses registry.
15:15:13.995 [DEBUG] [org.gradle.cache.internal.DefaultFileLockManager] Releasing lock on daemon addresses registry.
15:15:13.995 [DEBUG] [org.gradle.cache.internal.DefaultFileLockManager] Waiting to acquire shared lock on daemon addresses registry.
15:15:13.995 [DEBUG] [org.gradle.cache.internal.DefaultFileLockManager] Lock acquired on daemon addresses registry.
15:15:13.995 [DEBUG] [org.gradle.cache.internal.DefaultFileLockManager] Releasing lock on daemon addresses registry.
15:15:16.097 [DEBUG] [org.gradle.process.internal.health.memory.MemoryManager] Emitting OS memory status event {Total: 16440082432, Free: 14169169920}
15:15:16.098 [DEBUG] [org.gradle.launcher.daemon.server.health.LowMemoryDaemonExpirationStrategy] Received memory status update: {Total: 16440082432, Free: 14169169920}
15:15:16.098 [DEBUG] [org.gradle.process.internal.health.memory.MemoryManager] Emitting JVM memory status event {Maximum: 1073741824, Committed: 260046848}
15:15:21.098 [DEBUG] [org.gradle.process.internal.health.memory.MemoryManager] Emitting OS memory status event {Total: 16440082432, Free: 14100348928}
15:15:21.098 [DEBUG] [org.gradle.launcher.daemon.server.health.LowMemoryDaemonExpirationStrategy] Received memory status update: {Total: 16440082432, Free: 14100348928}
15:15:21.098 [DEBUG] [org.gradle.process.internal.health.memory.MemoryManager] Emitting JVM memory status event {Maximum: 1073741824, Committed: 260046848}
15:15:23.994 [DEBUG] [org.gradle.launcher.daemon.server.Daemon] DaemonExpirationPeriodicCheck running
15:15:23.995 [DEBUG] [org.gradle.cache.internal.DefaultFileLockManager] Waiting to acquire shared lock on daemon addresses registry.
15:15:23.995 [DEBUG] [org.gradle.cache.internal.DefaultFileLockManager] Lock acquired on daemon addresses registry.
15:15:23.995 [DEBUG] [org.gradle.cache.internal.DefaultFileLockManager] Releasing lock on daemon addresses registry.
15:15:23.995 [DEBUG] [org.gradle.cache.internal.DefaultFileLockManager] Waiting to acquire shared lock on daemon addresses registry.
15:15:23.995 [DEBUG] [org.gradle.cache.internal.DefaultFileLockManager] Lock acquired on daemon addresses registry.
15:15:23.995 [DEBUG] [org.gradle.cache.internal.DefaultFileLockManager] Releasing lock on daemon addresses registry.
15:15:23.995 [DEBUG] [org.gradle.cache.internal.DefaultFileLockManager] Waiting to acquire shared lock on daemon addresses registry.
15:15:23.995 [DEBUG] [org.gradle.cache.internal.DefaultFileLockManager] Lock acquired on daemon addresses registry.
15:15:23.995 [DEBUG] [org.gradle.cache.internal.DefaultFileLockManager] Releasing lock on daemon addresses registry.
15:15:26.098 [DEBUG] [org.gradle.process.internal.health.memory.MemoryManager] Emitting OS memory status event {Total: 16440082432, Free: 14098079744}
15:15:26.098 [DEBUG] [org.gradle.launcher.daemon.server.health.LowMemoryDaemonExpirationStrategy] Received memory status update: {Total: 16440082432, Free: 14098079744}
15:15:26.098 [DEBUG] [org.gradle.process.internal.health.memory.MemoryManager] Emitting JVM memory status event {Maximum: 1073741824, Committed: 260046848}
15:15:31.098 [DEBUG] [org.gradle.process.internal.health.memory.MemoryManager] Emitting OS memory status event {Total: 16440082432, Free: 14133911552}
15:15:31.098 [DEBUG] [org.gradle.launcher.daemon.server.health.LowMemoryDaemonExpirationStrategy] Received memory status update: {Total: 16440082432, Free: 14133911552}
15:15:31.098 [DEBUG] [org.gradle.process.internal.health.memory.MemoryManager] Emitting JVM memory status event {Maximum: 1073741824, Committed: 260046848}
15:15:33.864 [DEBUG] [org.gradle.internal.remote.internal.inet.TcpIncomingConnector] Accepted connection from /0:0:0:0:0:0:0:1:34336 to /0:0:0:0:0:0:0:1:43667.
15:15:33.889 [DEBUG] [org.gradle.launcher.daemon.server.SynchronizedDispatchConnection] thread 100: received class org.gradle.launcher.daemon.protocol.Build
15:15:33.889 [DEBUG] [org.gradle.launcher.daemon.server.DefaultDaemonConnection] thread 100: Received non-IO message from client: Build{id=5a5112cc-5dd9-4692-ae27-cdcc813a7e8e.1, currentDir=/home/student/hellogradle}
15:15:33.889 [INFO] [org.gradle.launcher.daemon.server.DefaultIncomingConnectionHandler] Received command: Build{id=5a5112cc-5dd9-4692-ae27-cdcc813a7e8e.1, currentDir=/home/student/hellogradle}.
15:15:33.890 [DEBUG] [org.gradle.launcher.daemon.server.DefaultIncomingConnectionHandler] Starting executing command: Build{id=5a5112cc-5dd9-4692-ae27-cdcc813a7e8e.1, currentDir=/home/student/hellogradle} with connection: socket connection from /0:0:0:0:0:0:0:1:43667 to /0:0:0:0:0:0:0:1:34336.
15:15:33.890 [ERROR] [org.gradle.launcher.daemon.server.DaemonStateCoordinator] Command execution: started DaemonCommandExecution[command = Build{id=5a5112cc-5dd9-4692-ae27-cdcc813a7e8e.1, currentDir=/home/student/hellogradle}, connection = DefaultDaemonConnection: socket connection from /0:0:0:0:0:0:0:1:43667 to /0:0:0:0:0:0:0:1:34336] after 0.0 minutes of idle
15:15:33.890 [INFO] [org.gradle.launcher.daemon.server.DaemonRegistryUpdater] Marking the daemon as busy, address: [ec92d472-20f7-49fb-8ee9-f43da67a12c7 port:43667, addresses:[/0:0:0:0:0:0:0:1%lo, /127.0.0.1]]
15:15:33.890 [DEBUG] [org.gradle.launcher.daemon.registry.PersistentDaemonRegistry] Marking busy by address: [ec92d472-20f7-49fb-8ee9-f43da67a12c7 port:43667, addresses:[/0:0:0:0:0:0:0:1%lo, /127.0.0.1]]
15:15:33.890 [DEBUG] [org.gradle.cache.internal.DefaultFileLockManager] Waiting to acquire exclusive lock on daemon addresses registry.
15:15:33.890 [DEBUG] [org.gradle.cache.internal.DefaultFileLockManager] Lock acquired on daemon addresses registry.
15:15:33.890 [DEBUG] [org.gradle.cache.internal.DefaultFileLockManager] Releasing lock on daemon addresses registry.
15:15:33.890 [DEBUG] [org.gradle.launcher.daemon.server.DaemonStateCoordinator] resetting idle timer
15:15:33.890 [DEBUG] [org.gradle.launcher.daemon.server.DaemonStateCoordinator] daemon is running. Sleeping until state changes.
15:15:33.890 [INFO] [org.gradle.launcher.daemon.server.exec.StartBuildOrRespondWithBusy] Daemon is about to start building Build{id=5a5112cc-5dd9-4692-ae27-cdcc813a7e8e.1, currentDir=/home/student/hellogradle}. Dispatching build started information...
15:15:33.890 [DEBUG] [org.gradle.launcher.daemon.server.SynchronizedDispatchConnection] thread 94: dispatching class org.gradle.launcher.daemon.protocol.BuildStarted
15:15:33.891 [DEBUG] [org.gradle.launcher.daemon.server.exec.EstablishBuildEnvironment] Configuring env variables: {PATH=/usr/local/sbin:/usr/local/bin:/usr/sbin:/usr/bin:/sbin:/bin:/usr/games:/usr/local/games:/snap/bin:/snap/bin, XAUTHORITY=/run/user/1001/.mutter-Xwaylandauth.MWM0L3, LESSCLOSE=/usr/bin/lesspipe %s %s, XMODIFIERS=@im=ibus, XDG_DATA_DIRS=/usr/share/ubuntu:/usr/local/share/:/usr/share/:/var/lib/snapd/desktop, GDMSESSION=ubuntu, QT_IM_MODULE=ibus, TERM=xterm-256color, XDG_CONFIG_DIRS=/etc/xdg/xdg-ubuntu:/etc/xdg, GNOME_TERMINAL_SERVICE=:1.99, LANG=en_IN, DBUS_SESSION_BUS_ADDRESS=unix:path=/run/user/1001/bus, XDG_SESSION_TYPE=wayland, XDG_CURRENT_DESKTOP=ubuntu:GNOME, DISPLAY=:0, WAYLAND_DISPLAY=wayland-0, COLORTERM=truecolor, SESSION_MANAGER=local/aimll501pc12-HP-Pro-Tower-280-G9-PCI-Desktop-PC:@/tmp/.ICE-unix/1726,unix/aimll501pc12-HP-Pro-Tower-280-G9-PCI-Desktop-PC:/tmp/.ICE-unix/1726, USERNAME=student, LOGNAME=student, PWD=/home/student/hellogradle, IM_CONFIG_PHASE=1, XDG_SESSION_CLASS=user, _=/usr/bin/gradle, LANGUAGE=en_IN:en, SHELL=/bin/bash, LESSOPEN=| /usr/bin/lesspipe %s, DESKTOP_SESSION=ubuntu, OLDPWD=/usr/share/gradle, USER=student, XDG_MENU_PREFIX=gnome-, VTE_VERSION=6800, QT_ACCESSIBILITY=1, GNOME_DESKTOP_SESSION_ID=this-is-deprecated, SSH_AUTH_SOCK=/run/user/1001/keyring/ssh, GNOME_TERMINAL_SCREEN=/org/gnome/Terminal/screen/a5f78c23_4930_4b74_a25c_a14a90bf4bf3, GTK_MODULES=gail:atk-bridge, GNOME_SHELL_SESSION_MODE=ubuntu, SYSTEMD_EXEC_PID=1756, LS_COLORS=rs=0:di=01;34:ln=01;36:mh=00:pi=40;33:so=01;35:do=01;35:bd=40;33;01:cd=40;33;01:or=40;31;01:mi=00:su=37;41:sg=30;43:ca=30;41:tw=30;42:ow=34;42:st=37;44:ex=01;32:*.tar=01;31:*.tgz=01;31:*.arc=01;31:*.arj=01;31:*.taz=01;31:*.lha=01;31:*.lz4=01;31:*.lzh=01;31:*.lzma=01;31:*.tlz=01;31:*.txz=01;31:*.tzo=01;31:*.t7z=01;31:*.zip=01;31:*.z=01;31:*.dz=01;31:*.gz=01;31:*.lrz=01;31:*.lz=01;31:*.lzo=01;31:*.xz=01;31:*.zst=01;31:*.tzst=01;31:*.bz2=01;31:*.bz=01;31:*.tbz=01;31:*.tbz2=01;31:*.tz=01;31:*.deb=01;31:*.rpm=01;31:*.jar=01;31:*.war=01;31:*.ear=01;31:*.sar=01;31:*.rar=01;31:*.alz=01;31:*.ace=01;31:*.zoo=01;31:*.cpio=01;31:*.7z=01;31:*.rz=01;31:*.cab=01;31:*.wim=01;31:*.swm=01;31:*.dwm=01;31:*.esd=01;31:*.jpg=01;35:*.jpeg=01;35:*.mjpg=01;35:*.mjpeg=01;35:*.gif=01;35:*.bmp=01;35:*.pbm=01;35:*.pgm=01;35:*.ppm=01;35:*.tga=01;35:*.xbm=01;35:*.xpm=01;35:*.tif=01;35:*.tiff=01;35:*.png=01;35:*.svg=01;35:*.svgz=01;35:*.mng=01;35:*.pcx=01;35:*.mov=01;35:*.mpg=01;35:*.mpeg=01;35:*.m2v=01;35:*.mkv=01;35:*.webm=01;35:*.webp=01;35:*.ogm=01;35:*.mp4=01;35:*.m4v=01;35:*.mp4v=01;35:*.vob=01;35:*.qt=01;35:*.nuv=01;35:*.wmv=01;35:*.asf=01;35:*.rm=01;35:*.rmvb=01;35:*.flc=01;35:*.avi=01;35:*.fli=01;35:*.flv=01;35:*.gl=01;35:*.dl=01;35:*.xcf=01;35:*.xwd=01;35:*.yuv=01;35:*.cgm=01;35:*.emf=01;35:*.ogv=01;35:*.ogx=01;35:*.aac=00;36:*.au=00;36:*.flac=00;36:*.m4a=00;36:*.mid=00;36:*.midi=00;36:*.mka=00;36:*.mp3=00;36:*.mpc=00;36:*.ogg=00;36:*.ra=00;36:*.wav=00;36:*.oga=00;36:*.opus=00;36:*.spx=00;36:*.xspf=00;36:, XDG_SESSION_DESKTOP=ubuntu, XDG_RUNTIME_DIR=/run/user/1001, GNOME_SETUP_DISPLAY=:1, SSH_AGENT_LAUNCHER=gnome-keyring, HOME=/home/student, SHLVL=1}
15:15:33.891 [WARN] [org.gradle.launcher.daemon.server.exec.EstablishBuildEnvironment] Warning: Unable able to set daemon's environment variables to match the client because: 
  Java 9 does not support modifying environment variables.
  If the daemon was started with a significantly different environment from the client, and your build 
  relies on environment variables, you may experience unexpected behavior.
15:15:33.891 [DEBUG] [org.gradle.launcher.daemon.server.exec.LogToClient] About to start relaying all logs to the client via the connection.
15:15:33.891 [INFO] [org.gradle.launcher.daemon.server.exec.LogToClient] The client will now receive all logging from the daemon (pid: 3682). The daemon log file: /home/student/.gradle/daemon/4.4.1/daemon-3682.out.log
15:15:33.891 [INFO] [org.gradle.launcher.daemon.server.exec.LogAndCheckHealth] Starting 4th build in daemon [uptime: 2 mins 49.96 secs, performance: 99%]
15:15:33.891 [DEBUG] [org.gradle.launcher.daemon.server.exec.ExecuteBuild] The daemon has started executing the build.
15:15:33.891 [DEBUG] [org.gradle.launcher.daemon.server.exec.ExecuteBuild] Executing build with daemon context: DefaultDaemonContext[uid=81a104bb-381d-420e-b44a-c97ca55af63a,javaHome=/usr/lib/jvm/java-11-openjdk-amd64,daemonRegistryDir=/home/student/.gradle/daemon,pid=3682,idleTimeout=10800000,daemonOpts=-XX:+HeapDumpOnOutOfMemoryError,-Xmx1024m,-Dfile.encoding=UTF-8,-Duser.country=IN,-Duser.language=en,-Duser.variant]
:compileJava UP-TO-DATE
:processResources NO-SOURCE
:classes UP-TO-DATE
:run
Hello world.
:hello
lets go

BUILD SUCCESSFUL in 0s
3 actionable tasks: 2 executed, 1 up-to-date
15:15:33.969 [DEBUG] [org.gradle.launcher.daemon.server.exec.ExecuteBuild] The daemon has finished executing the build.
15:15:33.973 [DEBUG] [org.gradle.launcher.daemon.server.DaemonStateCoordinator] Command execution: finished waiting for DaemonCommandExecution[command = Build{id=5a5112cc-5dd9-4692-ae27-cdcc813a7e8e.1, currentDir=/home/student/hellogradle}, connection = DefaultDaemonConnection: socket connection from /0:0:0:0:0:0:0:1:43667 to /0:0:0:0:0:0:0:1:34336]. Result org.gradle.launcher.daemon.server.DaemonStateCoordinator@14d3119 with state Busy
15:15:33.973 [DEBUG] [org.gradle.launcher.daemon.server.DaemonStateCoordinator] Command execution: completed DaemonCommandExecution[command = Build{id=5a5112cc-5dd9-4692-ae27-cdcc813a7e8e.1, currentDir=/home/student/hellogradle}, connection = DefaultDaemonConnection: socket connection from /0:0:0:0:0:0:0:1:43667 to /0:0:0:0:0:0:0:1:34336]
15:15:33.973 [DEBUG] [org.gradle.launcher.daemon.server.DaemonStateCoordinator] resetting idle timer
15:15:33.973 [INFO] [org.gradle.launcher.daemon.server.DaemonRegistryUpdater] Marking the daemon as idle, address: [ec92d472-20f7-49fb-8ee9-f43da67a12c7 port:43667, addresses:[/0:0:0:0:0:0:0:1%lo, /127.0.0.1]]
15:15:33.973 [DEBUG] [org.gradle.launcher.daemon.registry.PersistentDaemonRegistry] Marking busy by address: [ec92d472-20f7-49fb-8ee9-f43da67a12c7 port:43667, addresses:[/0:0:0:0:0:0:0:1%lo, /127.0.0.1]]
15:15:33.973 [DEBUG] [org.gradle.cache.internal.DefaultFileLockManager] Waiting to acquire exclusive lock on daemon addresses registry.
15:15:33.973 [DEBUG] [org.gradle.cache.internal.DefaultFileLockManager] Lock acquired on daemon addresses registry.
15:15:33.974 [DEBUG] [org.gradle.cache.internal.DefaultFileLockManager] Releasing lock on daemon addresses registry.
15:15:33.974 [DEBUG] [org.gradle.launcher.daemon.server.exec.ReturnResult] Daemon is dispatching the build result: Success[value=null]
15:15:33.974 [DEBUG] [org.gradle.launcher.daemon.server.DaemonStateCoordinator] daemon is running. Sleeping until state changes.
15:15:33.974 [DEBUG] [org.gradle.launcher.daemon.server.SynchronizedDispatchConnection] thread 91: dispatching class org.gradle.launcher.daemon.protocol.Success
15:15:33.974 [DEBUG] [org.gradle.launcher.daemon.server.DefaultIncomingConnectionHandler] Finishing executing command: Build{id=5a5112cc-5dd9-4692-ae27-cdcc813a7e8e.1, currentDir=/home/student/hellogradle}
15:15:33.976 [DEBUG] [org.gradle.launcher.daemon.server.SynchronizedDispatchConnection] thread 100: received class org.gradle.launcher.daemon.protocol.CloseInput
15:15:33.976 [DEBUG] [org.gradle.launcher.daemon.server.DefaultDaemonConnection] thread 100: Received IO message from client: org.gradle.launcher.daemon.protocol.CloseInput@62ffff2e
15:15:33.977 [DEBUG] [org.gradle.launcher.daemon.server.SynchronizedDispatchConnection] thread 100: received class org.gradle.launcher.daemon.protocol.Finished
15:15:33.977 [DEBUG] [org.gradle.launcher.daemon.server.DefaultDaemonConnection] thread 100: Received non-IO message from client: org.gradle.launcher.daemon.protocol.Finished@1f59182
15:15:33.977 [DEBUG] [org.gradle.launcher.daemon.server.DefaultIncomingConnectionHandler] Received finished message: org.gradle.launcher.daemon.protocol.Finished@1f59182
15:15:33.977 [DEBUG] [org.gradle.launcher.daemon.server.SynchronizedDispatchConnection] thread 91: stopping connection
15:15:33.977 [DEBUG] [org.gradle.internal.remote.internal.inet.SocketConnection] Discarding EOFException: java.io.EOFException
15:15:33.977 [DEBUG] [org.gradle.launcher.daemon.server.SynchronizedDispatchConnection] thread 100: received null
15:15:33.977 [DEBUG] [org.gradle.launcher.daemon.server.DefaultDaemonConnection] thread 100: Received end-of-input from client.
15:15:33.977 [DEBUG] [org.gradle.launcher.daemon.server.SynchronizedDispatchConnection] thread 91: stopping connection
15:15:33.994 [DEBUG] [org.gradle.launcher.daemon.server.Daemon] DaemonExpirationPeriodicCheck running
15:15:33.995 [DEBUG] [org.gradle.cache.internal.DefaultFileLockManager] Waiting to acquire shared lock on daemon addresses registry.
15:15:33.995 [DEBUG] [org.gradle.cache.internal.DefaultFileLockManager] Lock acquired on daemon addresses registry.
15:15:33.995 [DEBUG] [org.gradle.cache.internal.DefaultFileLockManager] Releasing lock on daemon addresses registry.
15:15:33.995 [DEBUG] [org.gradle.cache.internal.DefaultFileLockManager] Waiting to acquire shared lock on daemon addresses registry.
15:15:33.995 [DEBUG] [org.gradle.cache.internal.DefaultFileLockManager] Lock acquired on daemon addresses registry.
15:15:33.995 [DEBUG] [org.gradle.cache.internal.DefaultFileLockManager] Releasing lock on daemon addresses registry.
15:15:36.098 [DEBUG] [org.gradle.process.internal.health.memory.MemoryManager] Emitting OS memory status event {Total: 16440082432, Free: 14100992000}
15:15:36.098 [DEBUG] [org.gradle.launcher.daemon.server.health.LowMemoryDaemonExpirationStrategy] Received memory status update: {Total: 16440082432, Free: 14100992000}
15:15:36.098 [DEBUG] [org.gradle.process.internal.health.memory.MemoryManager] Emitting JVM memory status event {Maximum: 1073741824, Committed: 260046848}
15:15:41.098 [DEBUG] [org.gradle.process.internal.health.memory.MemoryManager] Emitting OS memory status event {Total: 16440082432, Free: 14113099776}
15:15:41.098 [DEBUG] [org.gradle.launcher.daemon.server.health.LowMemoryDaemonExpirationStrategy] Received memory status update: {Total: 16440082432, Free: 14113099776}
15:15:41.098 [DEBUG] [org.gradle.process.internal.health.memory.MemoryManager] Emitting JVM memory status event {Maximum: 1073741824, Committed: 260046848}
15:15:43.995 [DEBUG] [org.gradle.launcher.daemon.server.Daemon] DaemonExpirationPeriodicCheck running
15:15:43.995 [DEBUG] [org.gradle.cache.internal.DefaultFileLockManager] Waiting to acquire shared lock on daemon addresses registry.
15:15:43.995 [DEBUG] [org.gradle.cache.internal.DefaultFileLockManager] Lock acquired on daemon addresses registry.
15:15:43.995 [DEBUG] [org.gradle.cache.internal.DefaultFileLockManager] Releasing lock on daemon addresses registry.
15:15:43.995 [DEBUG] [org.gradle.cache.internal.DefaultFileLockManager] Waiting to acquire shared lock on daemon addresses registry.
15:15:43.995 [DEBUG] [org.gradle.cache.internal.DefaultFileLockManager] Lock acquired on daemon addresses registry.
15:15:43.995 [DEBUG] [org.gradle.cache.internal.DefaultFileLockManager] Releasing lock on daemon addresses registry.
15:15:43.995 [DEBUG] [org.gradle.cache.internal.DefaultFileLockManager] Waiting to acquire shared lock on daemon addresses registry.
15:15:43.995 [DEBUG] [org.gradle.cache.internal.DefaultFileLockManager] Lock acquired on daemon addresses registry.
15:15:43.995 [DEBUG] [org.gradle.cache.internal.DefaultFileLockManager] Releasing lock on daemon addresses registry.
15:15:46.098 [DEBUG] [org.gradle.process.internal.health.memory.MemoryManager] Emitting OS memory status event {Total: 16440082432, Free: 14115037184}
15:15:46.098 [DEBUG] [org.gradle.launcher.daemon.server.health.LowMemoryDaemonExpirationStrategy] Received memory status update: {Total: 16440082432, Free: 14115037184}
15:15:46.098 [DEBUG] [org.gradle.process.internal.health.memory.MemoryManager] Emitting JVM memory status event {Maximum: 1073741824, Committed: 260046848}
15:15:51.098 [DEBUG] [org.gradle.process.internal.health.memory.MemoryManager] Emitting OS memory status event {Total: 16440082432, Free: 14122078208}
15:15:51.098 [DEBUG] [org.gradle.launcher.daemon.server.health.LowMemoryDaemonExpirationStrategy] Received memory status update: {Total: 16440082432, Free: 14122078208}
15:15:51.098 [DEBUG] [org.gradle.process.internal.health.memory.MemoryManager] Emitting JVM memory status event {Maximum: 1073741824, Committed: 260046848}
15:15:53.995 [DEBUG] [org.gradle.launcher.daemon.server.Daemon] DaemonExpirationPeriodicCheck running
15:15:53.995 [DEBUG] [org.gradle.cache.internal.DefaultFileLockManager] Waiting to acquire shared lock on daemon addresses registry.
15:15:53.996 [DEBUG] [org.gradle.cache.internal.DefaultFileLockManager] Lock acquired on daemon addresses registry.
15:15:53.996 [DEBUG] [org.gradle.cache.internal.DefaultFileLockManager] Releasing lock on daemon addresses registry.
15:15:53.996 [DEBUG] [org.gradle.cache.internal.DefaultFileLockManager] Waiting to acquire shared lock on daemon addresses registry.
15:15:53.996 [DEBUG] [org.gradle.cache.internal.DefaultFileLockManager] Lock acquired on daemon addresses registry.
15:15:53.997 [DEBUG] [org.gradle.cache.internal.DefaultFileLockManager] Releasing lock on daemon addresses registry.
15:15:53.997 [DEBUG] [org.gradle.cache.internal.DefaultFileLockManager] Waiting to acquire shared lock on daemon addresses registry.
15:15:53.997 [DEBUG] [org.gradle.cache.internal.DefaultFileLockManager] Lock acquired on daemon addresses registry.
15:15:53.997 [DEBUG] [org.gradle.cache.internal.DefaultFileLockManager] Releasing lock on daemon addresses registry.
15:15:56.098 [DEBUG] [org.gradle.process.internal.health.memory.MemoryManager] Emitting OS memory status event {Total: 16440082432, Free: 14126624768}
15:15:56.098 [DEBUG] [org.gradle.launcher.daemon.server.health.LowMemoryDaemonExpirationStrategy] Received memory status update: {Total: 16440082432, Free: 14126624768}
15:15:56.098 [DEBUG] [org.gradle.process.internal.health.memory.MemoryManager] Emitting JVM memory status event {Maximum: 1073741824, Committed: 260046848}
15:16:01.098 [DEBUG] [org.gradle.process.internal.health.memory.MemoryManager] Emitting OS memory status event {Total: 16440082432, Free: 14127087616}
15:16:01.098 [DEBUG] [org.gradle.launcher.daemon.server.health.LowMemoryDaemonExpirationStrategy] Received memory status update: {Total: 16440082432, Free: 14127087616}
15:16:01.098 [DEBUG] [org.gradle.process.internal.health.memory.MemoryManager] Emitting JVM memory status event {Maximum: 1073741824, Committed: 260046848}
15:16:03.994 [DEBUG] [org.gradle.launcher.daemon.server.Daemon] DaemonExpirationPeriodicCheck running
15:16:03.995 [DEBUG] [org.gradle.cache.internal.DefaultFileLockManager] Waiting to acquire shared lock on daemon addresses registry.
15:16:03.995 [DEBUG] [org.gradle.cache.internal.DefaultFileLockManager] Lock acquired on daemon addresses registry.
15:16:03.995 [DEBUG] [org.gradle.cache.internal.DefaultFileLockManager] Releasing lock on daemon addresses registry.
15:16:03.995 [DEBUG] [org.gradle.cache.internal.DefaultFileLockManager] Waiting to acquire shared lock on daemon addresses registry.
15:16:03.995 [DEBUG] [org.gradle.cache.internal.DefaultFileLockManager] Lock acquired on daemon addresses registry.
15:16:03.995 [DEBUG] [org.gradle.cache.internal.DefaultFileLockManager] Releasing lock on daemon addresses registry.
15:16:03.995 [DEBUG] [org.gradle.cache.internal.DefaultFileLockManager] Waiting to acquire shared lock on daemon addresses registry.
15:16:03.995 [DEBUG] [org.gradle.cache.internal.DefaultFileLockManager] Lock acquired on daemon addresses registry.
15:16:03.995 [DEBUG] [org.gradle.cache.internal.DefaultFileLockManager] Releasing lock on daemon addresses registry.
15:16:06.098 [DEBUG] [org.gradle.process.internal.health.memory.MemoryManager] Emitting OS memory status event {Total: 16440082432, Free: 14127087616}
15:16:06.098 [DEBUG] [org.gradle.launcher.daemon.server.health.LowMemoryDaemonExpirationStrategy] Received memory status update: {Total: 16440082432, Free: 14127087616}
15:16:06.098 [DEBUG] [org.gradle.process.internal.health.memory.MemoryManager] Emitting JVM memory status event {Maximum: 1073741824, Committed: 260046848}
15:16:11.098 [DEBUG] [org.gradle.process.internal.health.memory.MemoryManager] Emitting OS memory status event {Total: 16440082432, Free: 14126899200}
15:16:11.098 [DEBUG] [org.gradle.launcher.daemon.server.health.LowMemoryDaemonExpirationStrategy] Received memory status update: {Total: 16440082432, Free: 14126899200}
15:16:11.098 [DEBUG] [org.gradle.process.internal.health.memory.MemoryManager] Emitting JVM memory status event {Maximum: 1073741824, Committed: 260046848}
15:16:13.994 [DEBUG] [org.gradle.launcher.daemon.server.Daemon] DaemonExpirationPeriodicCheck running
15:16:13.995 [DEBUG] [org.gradle.cache.internal.DefaultFileLockManager] Waiting to acquire shared lock on daemon addresses registry.
15:16:13.995 [DEBUG] [org.gradle.cache.internal.DefaultFileLockManager] Lock acquired on daemon addresses registry.
15:16:13.995 [DEBUG] [org.gradle.cache.internal.DefaultFileLockManager] Releasing lock on daemon addresses registry.
15:16:13.995 [DEBUG] [org.gradle.cache.internal.DefaultFileLockManager] Waiting to acquire shared lock on daemon addresses registry.
15:16:13.995 [DEBUG] [org.gradle.cache.internal.DefaultFileLockManager] Lock acquired on daemon addresses registry.
15:16:13.995 [DEBUG] [org.gradle.cache.internal.DefaultFileLockManager] Releasing lock on daemon addresses registry.
15:16:13.995 [DEBUG] [org.gradle.cache.internal.DefaultFileLockManager] Waiting to acquire shared lock on daemon addresses registry.
15:16:13.995 [DEBUG] [org.gradle.cache.internal.DefaultFileLockManager] Lock acquired on daemon addresses registry.
15:16:13.995 [DEBUG] [org.gradle.cache.internal.DefaultFileLockManager] Releasing lock on daemon addresses registry.
15:16:16.098 [DEBUG] [org.gradle.process.internal.health.memory.MemoryManager] Emitting OS memory status event {Total: 16440082432, Free: 14126379008}
15:16:16.098 [DEBUG] [org.gradle.launcher.daemon.server.health.LowMemoryDaemonExpirationStrategy] Received memory status update: {Total: 16440082432, Free: 14126379008}
15:16:16.098 [DEBUG] [org.gradle.process.internal.health.memory.MemoryManager] Emitting JVM memory status event {Maximum: 1073741824, Committed: 260046848}
15:16:21.098 [DEBUG] [org.gradle.process.internal.health.memory.MemoryManager] Emitting OS memory status event {Total: 16440082432, Free: 14121533440}
15:16:21.098 [DEBUG] [org.gradle.launcher.daemon.server.health.LowMemoryDaemonExpirationStrategy] Received memory status update: {Total: 16440082432, Free: 14121533440}
15:16:21.098 [DEBUG] [org.gradle.process.internal.health.memory.MemoryManager] Emitting JVM memory status event {Maximum: 1073741824, Committed: 260046848}
15:16:23.994 [DEBUG] [org.gradle.launcher.daemon.server.Daemon] DaemonExpirationPeriodicCheck running
15:16:23.995 [DEBUG] [org.gradle.cache.internal.DefaultFileLockManager] Waiting to acquire shared lock on daemon addresses registry.
15:16:23.995 [DEBUG] [org.gradle.cache.internal.DefaultFileLockManager] Lock acquired on daemon addresses registry.
15:16:23.995 [DEBUG] [org.gradle.cache.internal.DefaultFileLockManager] Releasing lock on daemon addresses registry.
15:16:23.995 [DEBUG] [org.gradle.cache.internal.DefaultFileLockManager] Waiting to acquire shared lock on daemon addresses registry.
15:16:23.995 [DEBUG] [org.gradle.cache.internal.DefaultFileLockManager] Lock acquired on daemon addresses registry.
15:16:23.995 [DEBUG] [org.gradle.cache.internal.DefaultFileLockManager] Releasing lock on daemon addresses registry.
15:16:23.995 [DEBUG] [org.gradle.cache.internal.DefaultFileLockManager] Waiting to acquire shared lock on daemon addresses registry.
15:16:23.995 [DEBUG] [org.gradle.cache.internal.DefaultFileLockManager] Lock acquired on daemon addresses registry.
15:16:23.995 [DEBUG] [org.gradle.cache.internal.DefaultFileLockManager] Releasing lock on daemon addresses registry.
15:16:26.098 [DEBUG] [org.gradle.process.internal.health.memory.MemoryManager] Emitting OS memory status event {Total: 16440082432, Free: 14015119360}
15:16:26.098 [DEBUG] [org.gradle.launcher.daemon.server.health.LowMemoryDaemonExpirationStrategy] Received memory status update: {Total: 16440082432, Free: 14015119360}
15:16:26.098 [DEBUG] [org.gradle.process.internal.health.memory.MemoryManager] Emitting JVM memory status event {Maximum: 1073741824, Committed: 260046848}
15:16:31.098 [DEBUG] [org.gradle.process.internal.health.memory.MemoryManager] Emitting OS memory status event {Total: 16440082432, Free: 14007173120}
15:16:31.098 [DEBUG] [org.gradle.launcher.daemon.server.health.LowMemoryDaemonExpirationStrategy] Received memory status update: {Total: 16440082432, Free: 14007173120}
15:16:31.098 [DEBUG] [org.gradle.process.internal.health.memory.MemoryManager] Emitting JVM memory status event {Maximum: 1073741824, Committed: 260046848}
15:16:33.994 [DEBUG] [org.gradle.launcher.daemon.server.Daemon] DaemonExpirationPeriodicCheck running
15:16:33.995 [DEBUG] [org.gradle.cache.internal.DefaultFileLockManager] Waiting to acquire shared lock on daemon addresses registry.
15:16:33.995 [DEBUG] [org.gradle.cache.internal.DefaultFileLockManager] Lock acquired on daemon addresses registry.
15:16:33.995 [DEBUG] [org.gradle.cache.internal.DefaultFileLockManager] Releasing lock on daemon addresses registry.
15:16:33.995 [DEBUG] [org.gradle.cache.internal.DefaultFileLockManager] Waiting to acquire shared lock on daemon addresses registry.
15:16:33.995 [DEBUG] [org.gradle.cache.internal.DefaultFileLockManager] Lock acquired on daemon addresses registry.
15:16:33.995 [DEBUG] [org.gradle.cache.internal.DefaultFileLockManager] Releasing lock on daemon addresses registry.
15:16:33.995 [DEBUG] [org.gradle.cache.internal.DefaultFileLockManager] Waiting to acquire shared lock on daemon addresses registry.
15:16:33.995 [DEBUG] [org.gradle.cache.internal.DefaultFileLockManager] Lock acquired on daemon addresses registry.
15:16:33.995 [DEBUG] [org.gradle.cache.internal.DefaultFileLockManager] Releasing lock on daemon addresses registry.
15:16:36.098 [DEBUG] [org.gradle.process.internal.health.memory.MemoryManager] Emitting OS memory status event {Total: 16440082432, Free: 14040915968}
15:16:36.098 [DEBUG] [org.gradle.launcher.daemon.server.health.LowMemoryDaemonExpirationStrategy] Received memory status update: {Total: 16440082432, Free: 14040915968}
15:16:36.098 [DEBUG] [org.gradle.process.internal.health.memory.MemoryManager] Emitting JVM memory status event {Maximum: 1073741824, Committed: 260046848}
15:16:41.098 [DEBUG] [org.gradle.process.internal.health.memory.MemoryManager] Emitting OS memory status event {Total: 16440082432, Free: 14066925568}
15:16:41.098 [DEBUG] [org.gradle.launcher.daemon.server.health.LowMemoryDaemonExpirationStrategy] Received memory status update: {Total: 16440082432, Free: 14066925568}
15:16:41.098 [DEBUG] [org.gradle.process.internal.health.memory.MemoryManager] Emitting JVM memory status event {Maximum: 1073741824, Committed: 260046848}
15:16:43.994 [DEBUG] [org.gradle.launcher.daemon.server.Daemon] DaemonExpirationPeriodicCheck running
15:16:43.995 [DEBUG] [org.gradle.cache.internal.DefaultFileLockManager] Waiting to acquire shared lock on daemon addresses registry.
15:16:43.995 [DEBUG] [org.gradle.cache.internal.DefaultFileLockManager] Lock acquired on daemon addresses registry.
15:16:43.995 [DEBUG] [org.gradle.cache.internal.DefaultFileLockManager] Releasing lock on daemon addresses registry.
15:16:43.995 [DEBUG] [org.gradle.cache.internal.DefaultFileLockManager] Waiting to acquire shared lock on daemon addresses registry.
15:16:43.995 [DEBUG] [org.gradle.cache.internal.DefaultFileLockManager] Lock acquired on daemon addresses registry.
15:16:43.995 [DEBUG] [org.gradle.cache.internal.DefaultFileLockManager] Releasing lock on daemon addresses registry.
15:16:43.995 [DEBUG] [org.gradle.cache.internal.DefaultFileLockManager] Waiting to acquire shared lock on daemon addresses registry.
15:16:43.995 [DEBUG] [org.gradle.cache.internal.DefaultFileLockManager] Lock acquired on daemon addresses registry.
15:16:43.995 [DEBUG] [org.gradle.cache.internal.DefaultFileLockManager] Releasing lock on daemon addresses registry.
15:16:46.098 [DEBUG] [org.gradle.process.internal.health.memory.MemoryManager] Emitting OS memory status event {Total: 16440082432, Free: 14094831616}
15:16:46.098 [DEBUG] [org.gradle.launcher.daemon.server.health.LowMemoryDaemonExpirationStrategy] Received memory status update: {Total: 16440082432, Free: 14094831616}
15:16:46.098 [DEBUG] [org.gradle.process.internal.health.memory.MemoryManager] Emitting JVM memory status event {Maximum: 1073741824, Committed: 260046848}
15:16:51.098 [DEBUG] [org.gradle.process.internal.health.memory.MemoryManager] Emitting OS memory status event {Total: 16440082432, Free: 14103760896}
15:16:51.098 [DEBUG] [org.gradle.launcher.daemon.server.health.LowMemoryDaemonExpirationStrategy] Received memory status update: {Total: 16440082432, Free: 14103760896}
15:16:51.098 [DEBUG] [org.gradle.process.internal.health.memory.MemoryManager] Emitting JVM memory status event {Maximum: 1073741824, Committed: 260046848}
15:16:53.994 [DEBUG] [org.gradle.launcher.daemon.server.Daemon] DaemonExpirationPeriodicCheck running
15:16:53.995 [DEBUG] [org.gradle.cache.internal.DefaultFileLockManager] Waiting to acquire shared lock on daemon addresses registry.
15:16:53.995 [DEBUG] [org.gradle.cache.internal.DefaultFileLockManager] Lock acquired on daemon addresses registry.
15:16:53.995 [DEBUG] [org.gradle.cache.internal.DefaultFileLockManager] Releasing lock on daemon addresses registry.
15:16:53.995 [DEBUG] [org.gradle.cache.internal.DefaultFileLockManager] Waiting to acquire shared lock on daemon addresses registry.
15:16:53.995 [DEBUG] [org.gradle.cache.internal.DefaultFileLockManager] Lock acquired on daemon addresses registry.
15:16:53.995 [DEBUG] [org.gradle.cache.internal.DefaultFileLockManager] Releasing lock on daemon addresses registry.
15:16:53.995 [DEBUG] [org.gradle.cache.internal.DefaultFileLockManager] Waiting to acquire shared lock on daemon addresses registry.
15:16:53.995 [DEBUG] [org.gradle.cache.internal.DefaultFileLockManager] Lock acquired on daemon addresses registry.
15:16:53.995 [DEBUG] [org.gradle.cache.internal.DefaultFileLockManager] Releasing lock on daemon addresses registry.
15:16:56.098 [DEBUG] [org.gradle.process.internal.health.memory.MemoryManager] Emitting OS memory status event {Total: 16440082432, Free: 14112993280}
15:16:56.098 [DEBUG] [org.gradle.launcher.daemon.server.health.LowMemoryDaemonExpirationStrategy] Received memory status update: {Total: 16440082432, Free: 14112993280}
15:16:56.098 [DEBUG] [org.gradle.process.internal.health.memory.MemoryManager] Emitting JVM memory status event {Maximum: 1073741824, Committed: 260046848}
15:17:01.098 [DEBUG] [org.gradle.process.internal.health.memory.MemoryManager] Emitting OS memory status event {Total: 16440082432, Free: 14115434496}
15:17:01.098 [DEBUG] [org.gradle.launcher.daemon.server.health.LowMemoryDaemonExpirationStrategy] Received memory status update: {Total: 16440082432, Free: 14115434496}
15:17:01.098 [DEBUG] [org.gradle.process.internal.health.memory.MemoryManager] Emitting JVM memory status event {Maximum: 1073741824, Committed: 260046848}
15:17:03.995 [DEBUG] [org.gradle.launcher.daemon.server.Daemon] DaemonExpirationPeriodicCheck running
15:17:03.995 [DEBUG] [org.gradle.cache.internal.DefaultFileLockManager] Waiting to acquire shared lock on daemon addresses registry.
15:17:03.995 [DEBUG] [org.gradle.cache.internal.DefaultFileLockManager] Lock acquired on daemon addresses registry.
15:17:03.995 [DEBUG] [org.gradle.cache.internal.DefaultFileLockManager] Releasing lock on daemon addresses registry.
15:17:03.995 [DEBUG] [org.gradle.cache.internal.DefaultFileLockManager] Waiting to acquire shared lock on daemon addresses registry.
15:17:03.995 [DEBUG] [org.gradle.cache.internal.DefaultFileLockManager] Lock acquired on daemon addresses registry.
15:17:03.995 [DEBUG] [org.gradle.cache.internal.DefaultFileLockManager] Releasing lock on daemon addresses registry.
15:17:03.995 [DEBUG] [org.gradle.cache.internal.DefaultFileLockManager] Waiting to acquire shared lock on daemon addresses registry.
15:17:03.996 [DEBUG] [org.gradle.cache.internal.DefaultFileLockManager] Lock acquired on daemon addresses registry.
15:17:03.996 [DEBUG] [org.gradle.cache.internal.DefaultFileLockManager] Releasing lock on daemon addresses registry.
15:17:06.098 [DEBUG] [org.gradle.process.internal.health.memory.MemoryManager] Emitting OS memory status event {Total: 16440082432, Free: 14124470272}
15:17:06.098 [DEBUG] [org.gradle.launcher.daemon.server.health.LowMemoryDaemonExpirationStrategy] Received memory status update: {Total: 16440082432, Free: 14124470272}
15:17:06.098 [DEBUG] [org.gradle.process.internal.health.memory.MemoryManager] Emitting JVM memory status event {Maximum: 1073741824, Committed: 260046848}
15:17:11.098 [DEBUG] [org.gradle.process.internal.health.memory.MemoryManager] Emitting OS memory status event {Total: 16440082432, Free: 14127812608}
15:17:11.098 [DEBUG] [org.gradle.launcher.daemon.server.health.LowMemoryDaemonExpirationStrategy] Received memory status update: {Total: 16440082432, Free: 14127812608}
15:17:11.098 [DEBUG] [org.gradle.process.internal.health.memory.MemoryManager] Emitting JVM memory status event {Maximum: 1073741824, Committed: 260046848}
15:17:13.994 [DEBUG] [org.gradle.launcher.daemon.server.Daemon] DaemonExpirationPeriodicCheck running
15:17:13.995 [DEBUG] [org.gradle.cache.internal.DefaultFileLockManager] Waiting to acquire shared lock on daemon addresses registry.
15:17:13.995 [DEBUG] [org.gradle.cache.internal.DefaultFileLockManager] Lock acquired on daemon addresses registry.
15:17:13.995 [DEBUG] [org.gradle.cache.internal.DefaultFileLockManager] Releasing lock on daemon addresses registry.
15:17:13.995 [DEBUG] [org.gradle.cache.internal.DefaultFileLockManager] Waiting to acquire shared lock on daemon addresses registry.
15:17:13.995 [DEBUG] [org.gradle.cache.internal.DefaultFileLockManager] Lock acquired on daemon addresses registry.
15:17:13.995 [DEBUG] [org.gradle.cache.internal.DefaultFileLockManager] Releasing lock on daemon addresses registry.
15:17:13.995 [DEBUG] [org.gradle.cache.internal.DefaultFileLockManager] Waiting to acquire shared lock on daemon addresses registry.
15:17:13.995 [DEBUG] [org.gradle.cache.internal.DefaultFileLockManager] Lock acquired on daemon addresses registry.
15:17:13.995 [DEBUG] [org.gradle.cache.internal.DefaultFileLockManager] Releasing lock on daemon addresses registry.
15:17:16.098 [DEBUG] [org.gradle.process.internal.health.memory.MemoryManager] Emitting OS memory status event {Total: 16440082432, Free: 14082945024}
15:17:16.098 [DEBUG] [org.gradle.launcher.daemon.server.health.LowMemoryDaemonExpirationStrategy] Received memory status update: {Total: 16440082432, Free: 14082945024}
15:17:16.098 [DEBUG] [org.gradle.process.internal.health.memory.MemoryManager] Emitting JVM memory status event {Maximum: 1073741824, Committed: 260046848}
15:17:21.098 [DEBUG] [org.gradle.process.internal.health.memory.MemoryManager] Emitting OS memory status event {Total: 16440082432, Free: 13280915456}
15:17:21.098 [DEBUG] [org.gradle.launcher.daemon.server.health.LowMemoryDaemonExpirationStrategy] Received memory status update: {Total: 16440082432, Free: 13280915456}
15:17:21.098 [DEBUG] [org.gradle.process.internal.health.memory.MemoryManager] Emitting JVM memory status event {Maximum: 1073741824, Committed: 260046848}
15:17:23.995 [DEBUG] [org.gradle.launcher.daemon.server.Daemon] DaemonExpirationPeriodicCheck running
15:17:23.995 [DEBUG] [org.gradle.cache.internal.DefaultFileLockManager] Waiting to acquire shared lock on daemon addresses registry.
15:17:23.995 [DEBUG] [org.gradle.cache.internal.DefaultFileLockManager] Lock acquired on daemon addresses registry.
15:17:23.995 [DEBUG] [org.gradle.cache.internal.DefaultFileLockManager] Releasing lock on daemon addresses registry.
15:17:23.995 [DEBUG] [org.gradle.cache.internal.DefaultFileLockManager] Waiting to acquire shared lock on daemon addresses registry.
15:17:23.995 [DEBUG] [org.gradle.cache.internal.DefaultFileLockManager] Lock acquired on daemon addresses registry.
15:17:23.995 [DEBUG] [org.gradle.cache.internal.DefaultFileLockManager] Releasing lock on daemon addresses registry.
15:17:23.995 [DEBUG] [org.gradle.cache.internal.DefaultFileLockManager] Waiting to acquire shared lock on daemon addresses registry.
15:17:23.995 [DEBUG] [org.gradle.cache.internal.DefaultFileLockManager] Lock acquired on daemon addresses registry.
15:17:23.995 [DEBUG] [org.gradle.cache.internal.DefaultFileLockManager] Releasing lock on daemon addresses registry.
15:17:26.098 [DEBUG] [org.gradle.process.internal.health.memory.MemoryManager] Emitting OS memory status event {Total: 16440082432, Free: 13325062144}
15:17:26.098 [DEBUG] [org.gradle.launcher.daemon.server.health.LowMemoryDaemonExpirationStrategy] Received memory status update: {Total: 16440082432, Free: 13325062144}
15:17:26.098 [DEBUG] [org.gradle.process.internal.health.memory.MemoryManager] Emitting JVM memory status event {Maximum: 1073741824, Committed: 260046848}
15:17:31.098 [DEBUG] [org.gradle.process.internal.health.memory.MemoryManager] Emitting OS memory status event {Total: 16440082432, Free: 13277925376}
15:17:31.098 [DEBUG] [org.gradle.launcher.daemon.server.health.LowMemoryDaemonExpirationStrategy] Received memory status update: {Total: 16440082432, Free: 13277925376}
15:17:31.098 [DEBUG] [org.gradle.process.internal.health.memory.MemoryManager] Emitting JVM memory status event {Maximum: 1073741824, Committed: 260046848}
15:17:33.995 [DEBUG] [org.gradle.launcher.daemon.server.Daemon] DaemonExpirationPeriodicCheck running
15:17:33.995 [DEBUG] [org.gradle.cache.internal.DefaultFileLockManager] Waiting to acquire shared lock on daemon addresses registry.
15:17:33.995 [DEBUG] [org.gradle.cache.internal.DefaultFileLockManager] Lock acquired on daemon addresses registry.
15:17:33.995 [DEBUG] [org.gradle.cache.internal.DefaultFileLockManager] Releasing lock on daemon addresses registry.
15:17:33.995 [DEBUG] [org.gradle.cache.internal.DefaultFileLockManager] Waiting to acquire shared lock on daemon addresses registry.
15:17:33.995 [DEBUG] [org.gradle.cache.internal.DefaultFileLockManager] Lock acquired on daemon addresses registry.
15:17:33.995 [DEBUG] [org.gradle.cache.internal.DefaultFileLockManager] Releasing lock on daemon addresses registry.
15:17:33.995 [DEBUG] [org.gradle.cache.internal.DefaultFileLockManager] Waiting to acquire shared lock on daemon addresses registry.
15:17:33.995 [DEBUG] [org.gradle.cache.internal.DefaultFileLockManager] Lock acquired on daemon addresses registry.
15:17:33.995 [DEBUG] [org.gradle.cache.internal.DefaultFileLockManager] Releasing lock on daemon addresses registry.
15:17:36.098 [DEBUG] [org.gradle.process.internal.health.memory.MemoryManager] Emitting OS memory status event {Total: 16440082432, Free: 13202067456}
15:17:36.098 [DEBUG] [org.gradle.launcher.daemon.server.health.LowMemoryDaemonExpirationStrategy] Received memory status update: {Total: 16440082432, Free: 13202067456}
15:17:36.098 [DEBUG] [org.gradle.process.internal.health.memory.MemoryManager] Emitting JVM memory status event {Maximum: 1073741824, Committed: 260046848}
15:17:41.098 [DEBUG] [org.gradle.process.internal.health.memory.MemoryManager] Emitting OS memory status event {Total: 16440082432, Free: 13276721152}
15:17:41.098 [DEBUG] [org.gradle.launcher.daemon.server.health.LowMemoryDaemonExpirationStrategy] Received memory status update: {Total: 16440082432, Free: 13276721152}
15:17:41.098 [DEBUG] [org.gradle.process.internal.health.memory.MemoryManager] Emitting JVM memory status event {Maximum: 1073741824, Committed: 260046848}
15:17:43.995 [DEBUG] [org.gradle.launcher.daemon.server.Daemon] DaemonExpirationPeriodicCheck running
15:17:43.995 [DEBUG] [org.gradle.cache.internal.DefaultFileLockManager] Waiting to acquire shared lock on daemon addresses registry.
15:17:43.995 [DEBUG] [org.gradle.cache.internal.DefaultFileLockManager] Lock acquired on daemon addresses registry.
15:17:43.995 [DEBUG] [org.gradle.cache.internal.DefaultFileLockManager] Releasing lock on daemon addresses registry.
15:17:43.995 [DEBUG] [org.gradle.cache.internal.DefaultFileLockManager] Waiting to acquire shared lock on daemon addresses registry.
15:17:43.995 [DEBUG] [org.gradle.cache.internal.DefaultFileLockManager] Lock acquired on daemon addresses registry.
15:17:43.995 [DEBUG] [org.gradle.cache.internal.DefaultFileLockManager] Releasing lock on daemon addresses registry.
15:17:43.995 [DEBUG] [org.gradle.cache.internal.DefaultFileLockManager] Waiting to acquire shared lock on daemon addresses registry.
15:17:43.995 [DEBUG] [org.gradle.cache.internal.DefaultFileLockManager] Lock acquired on daemon addresses registry.
15:17:43.995 [DEBUG] [org.gradle.cache.internal.DefaultFileLockManager] Releasing lock on daemon addresses registry.
15:17:46.098 [DEBUG] [org.gradle.process.internal.health.memory.MemoryManager] Emitting OS memory status event {Total: 16440082432, Free: 13284483072}
15:17:46.098 [DEBUG] [org.gradle.launcher.daemon.server.health.LowMemoryDaemonExpirationStrategy] Received memory status update: {Total: 16440082432, Free: 13284483072}
15:17:46.098 [DEBUG] [org.gradle.process.internal.health.memory.MemoryManager] Emitting JVM memory status event {Maximum: 1073741824, Committed: 260046848}
15:17:51.098 [DEBUG] [org.gradle.process.internal.health.memory.MemoryManager] Emitting OS memory status event {Total: 16440082432, Free: 13249261568}
15:17:51.098 [DEBUG] [org.gradle.launcher.daemon.server.health.LowMemoryDaemonExpirationStrategy] Received memory status update: {Total: 16440082432, Free: 13249261568}
15:17:51.098 [DEBUG] [org.gradle.process.internal.health.memory.MemoryManager] Emitting JVM memory status event {Maximum: 1073741824, Committed: 260046848}
15:17:53.994 [DEBUG] [org.gradle.launcher.daemon.server.Daemon] DaemonExpirationPeriodicCheck running
15:17:53.995 [DEBUG] [org.gradle.cache.internal.DefaultFileLockManager] Waiting to acquire shared lock on daemon addresses registry.
15:17:53.995 [DEBUG] [org.gradle.cache.internal.DefaultFileLockManager] Lock acquired on daemon addresses registry.
15:17:53.995 [DEBUG] [org.gradle.cache.internal.DefaultFileLockManager] Releasing lock on daemon addresses registry.
15:17:53.995 [DEBUG] [org.gradle.cache.internal.DefaultFileLockManager] Waiting to acquire shared lock on daemon addresses registry.
15:17:53.995 [DEBUG] [org.gradle.cache.internal.DefaultFileLockManager] Lock acquired on daemon addresses registry.
15:17:53.995 [DEBUG] [org.gradle.cache.internal.DefaultFileLockManager] Releasing lock on daemon addresses registry.
15:17:53.995 [DEBUG] [org.gradle.cache.internal.DefaultFileLockManager] Waiting to acquire shared lock on daemon addresses registry.
15:17:53.995 [DEBUG] [org.gradle.cache.internal.DefaultFileLockManager] Lock acquired on daemon addresses registry.
15:17:53.995 [DEBUG] [org.gradle.cache.internal.DefaultFileLockManager] Releasing lock on daemon addresses registry.
15:17:56.098 [DEBUG] [org.gradle.process.internal.health.memory.MemoryManager] Emitting OS memory status event {Total: 16440082432, Free: 13159006208}
15:17:56.098 [DEBUG] [org.gradle.launcher.daemon.server.health.LowMemoryDaemonExpirationStrategy] Received memory status update: {Total: 16440082432, Free: 13159006208}
15:17:56.098 [DEBUG] [org.gradle.process.internal.health.memory.MemoryManager] Emitting JVM memory status event {Maximum: 1073741824, Committed: 260046848}
15:18:01.098 [DEBUG] [org.gradle.process.internal.health.memory.MemoryManager] Emitting OS memory status event {Total: 16440082432, Free: 13162307584}
15:18:01.098 [DEBUG] [org.gradle.launcher.daemon.server.health.LowMemoryDaemonExpirationStrategy] Received memory status update: {Total: 16440082432, Free: 13162307584}
15:18:01.098 [DEBUG] [org.gradle.process.internal.health.memory.MemoryManager] Emitting JVM memory status event {Maximum: 1073741824, Committed: 260046848}
15:18:03.994 [DEBUG] [org.gradle.launcher.daemon.server.Daemon] DaemonExpirationPeriodicCheck running
15:18:03.995 [DEBUG] [org.gradle.cache.internal.DefaultFileLockManager] Waiting to acquire shared lock on daemon addresses registry.
15:18:03.995 [DEBUG] [org.gradle.cache.internal.DefaultFileLockManager] Lock acquired on daemon addresses registry.
15:18:03.995 [DEBUG] [org.gradle.cache.internal.DefaultFileLockManager] Releasing lock on daemon addresses registry.
15:18:03.995 [DEBUG] [org.gradle.cache.internal.DefaultFileLockManager] Waiting to acquire shared lock on daemon addresses registry.
15:18:03.995 [DEBUG] [org.gradle.cache.internal.DefaultFileLockManager] Lock acquired on daemon addresses registry.
15:18:03.995 [DEBUG] [org.gradle.cache.internal.DefaultFileLockManager] Releasing lock on daemon addresses registry.
15:18:03.995 [DEBUG] [org.gradle.cache.internal.DefaultFileLockManager] Waiting to acquire shared lock on daemon addresses registry.
15:18:03.995 [DEBUG] [org.gradle.cache.internal.DefaultFileLockManager] Lock acquired on daemon addresses registry.
15:18:03.995 [DEBUG] [org.gradle.cache.internal.DefaultFileLockManager] Releasing lock on daemon addresses registry.
15:18:06.098 [DEBUG] [org.gradle.process.internal.health.memory.MemoryManager] Emitting OS memory status event {Total: 16440082432, Free: 13058813952}
15:18:06.098 [DEBUG] [org.gradle.launcher.daemon.server.health.LowMemoryDaemonExpirationStrategy] Received memory status update: {Total: 16440082432, Free: 13058813952}
15:18:06.098 [DEBUG] [org.gradle.process.internal.health.memory.MemoryManager] Emitting JVM memory status event {Maximum: 1073741824, Committed: 260046848}
15:18:11.098 [DEBUG] [org.gradle.process.internal.health.memory.MemoryManager] Emitting OS memory status event {Total: 16440082432, Free: 13002186752}
15:18:11.098 [DEBUG] [org.gradle.launcher.daemon.server.health.LowMemoryDaemonExpirationStrategy] Received memory status update: {Total: 16440082432, Free: 13002186752}
15:18:11.098 [DEBUG] [org.gradle.process.internal.health.memory.MemoryManager] Emitting JVM memory status event {Maximum: 1073741824, Committed: 260046848}
15:18:13.995 [DEBUG] [org.gradle.launcher.daemon.server.Daemon] DaemonExpirationPeriodicCheck running
15:18:13.995 [DEBUG] [org.gradle.cache.internal.DefaultFileLockManager] Waiting to acquire shared lock on daemon addresses registry.
15:18:13.995 [DEBUG] [org.gradle.cache.internal.DefaultFileLockManager] Lock acquired on daemon addresses registry.
15:18:13.995 [DEBUG] [org.gradle.cache.internal.DefaultFileLockManager] Releasing lock on daemon addresses registry.
15:18:13.995 [DEBUG] [org.gradle.cache.internal.DefaultFileLockManager] Waiting to acquire shared lock on daemon addresses registry.
15:18:13.995 [DEBUG] [org.gradle.cache.internal.DefaultFileLockManager] Lock acquired on daemon addresses registry.
15:18:13.995 [DEBUG] [org.gradle.cache.internal.DefaultFileLockManager] Releasing lock on daemon addresses registry.
15:18:13.995 [DEBUG] [org.gradle.cache.internal.DefaultFileLockManager] Waiting to acquire shared lock on daemon addresses registry.
15:18:13.995 [DEBUG] [org.gradle.cache.internal.DefaultFileLockManager] Lock acquired on daemon addresses registry.
15:18:13.995 [DEBUG] [org.gradle.cache.internal.DefaultFileLockManager] Releasing lock on daemon addresses registry.
15:18:16.098 [DEBUG] [org.gradle.process.internal.health.memory.MemoryManager] Emitting OS memory status event {Total: 16440082432, Free: 13088432128}
15:18:16.098 [DEBUG] [org.gradle.launcher.daemon.server.health.LowMemoryDaemonExpirationStrategy] Received memory status update: {Total: 16440082432, Free: 13088432128}
15:18:16.098 [DEBUG] [org.gradle.process.internal.health.memory.MemoryManager] Emitting JVM memory status event {Maximum: 1073741824, Committed: 260046848}
15:18:21.098 [DEBUG] [org.gradle.process.internal.health.memory.MemoryManager] Emitting OS memory status event {Total: 16440082432, Free: 13027172352}
15:18:21.098 [DEBUG] [org.gradle.launcher.daemon.server.health.LowMemoryDaemonExpirationStrategy] Received memory status update: {Total: 16440082432, Free: 13027172352}
15:18:21.098 [DEBUG] [org.gradle.process.internal.health.memory.MemoryManager] Emitting JVM memory status event {Maximum: 1073741824, Committed: 260046848}
15:18:23.994 [DEBUG] [org.gradle.launcher.daemon.server.Daemon] DaemonExpirationPeriodicCheck running
15:18:23.995 [DEBUG] [org.gradle.cache.internal.DefaultFileLockManager] Waiting to acquire shared lock on daemon addresses registry.
15:18:23.995 [DEBUG] [org.gradle.cache.internal.DefaultFileLockManager] Lock acquired on daemon addresses registry.
15:18:23.995 [DEBUG] [org.gradle.cache.internal.DefaultFileLockManager] Releasing lock on daemon addresses registry.
15:18:23.995 [DEBUG] [org.gradle.cache.internal.DefaultFileLockManager] Waiting to acquire shared lock on daemon addresses registry.
15:18:23.995 [DEBUG] [org.gradle.cache.internal.DefaultFileLockManager] Lock acquired on daemon addresses registry.
15:18:23.995 [DEBUG] [org.gradle.cache.internal.DefaultFileLockManager] Releasing lock on daemon addresses registry.
15:18:23.995 [DEBUG] [org.gradle.cache.internal.DefaultFileLockManager] Waiting to acquire shared lock on daemon addresses registry.
15:18:23.995 [DEBUG] [org.gradle.cache.internal.DefaultFileLockManager] Lock acquired on daemon addresses registry.
15:18:23.995 [DEBUG] [org.gradle.cache.internal.DefaultFileLockManager] Releasing lock on daemon addresses registry.
15:18:26.098 [DEBUG] [org.gradle.process.internal.health.memory.MemoryManager] Emitting OS memory status event {Total: 16440082432, Free: 12988555264}
15:18:26.098 [DEBUG] [org.gradle.launcher.daemon.server.health.LowMemoryDaemonExpirationStrategy] Received memory status update: {Total: 16440082432, Free: 12988555264}
15:18:26.098 [DEBUG] [org.gradle.process.internal.health.memory.MemoryManager] Emitting JVM memory status event {Maximum: 1073741824, Committed: 260046848}
15:18:31.098 [DEBUG] [org.gradle.process.internal.health.memory.MemoryManager] Emitting OS memory status event {Total: 16440082432, Free: 12955353088}
15:18:31.098 [DEBUG] [org.gradle.launcher.daemon.server.health.LowMemoryDaemonExpirationStrategy] Received memory status update: {Total: 16440082432, Free: 12955353088}
15:18:31.098 [DEBUG] [org.gradle.process.internal.health.memory.MemoryManager] Emitting JVM memory status event {Maximum: 1073741824, Committed: 260046848}
15:18:33.995 [DEBUG] [org.gradle.launcher.daemon.server.Daemon] DaemonExpirationPeriodicCheck running
15:18:33.995 [DEBUG] [org.gradle.cache.internal.DefaultFileLockManager] Waiting to acquire shared lock on daemon addresses registry.
15:18:33.995 [DEBUG] [org.gradle.cache.internal.DefaultFileLockManager] Lock acquired on daemon addresses registry.
15:18:33.995 [DEBUG] [org.gradle.cache.internal.DefaultFileLockManager] Releasing lock on daemon addresses registry.
15:18:33.995 [DEBUG] [org.gradle.cache.internal.DefaultFileLockManager] Waiting to acquire shared lock on daemon addresses registry.
15:18:33.995 [DEBUG] [org.gradle.cache.internal.DefaultFileLockManager] Lock acquired on daemon addresses registry.
15:18:33.995 [DEBUG] [org.gradle.cache.internal.DefaultFileLockManager] Releasing lock on daemon addresses registry.
15:18:33.995 [DEBUG] [org.gradle.cache.internal.DefaultFileLockManager] Waiting to acquire shared lock on daemon addresses registry.
15:18:33.995 [DEBUG] [org.gradle.cache.internal.DefaultFileLockManager] Lock acquired on daemon addresses registry.
15:18:33.995 [DEBUG] [org.gradle.cache.internal.DefaultFileLockManager] Releasing lock on daemon addresses registry.
15:18:36.098 [DEBUG] [org.gradle.process.internal.health.memory.MemoryManager] Emitting OS memory status event {Total: 16440082432, Free: 13031460864}
15:18:36.098 [DEBUG] [org.gradle.launcher.daemon.server.health.LowMemoryDaemonExpirationStrategy] Received memory status update: {Total: 16440082432, Free: 13031460864}
15:18:36.098 [DEBUG] [org.gradle.process.internal.health.memory.MemoryManager] Emitting JVM memory status event {Maximum: 1073741824, Committed: 260046848}
15:18:41.098 [DEBUG] [org.gradle.process.internal.health.memory.MemoryManager] Emitting OS memory status event {Total: 16440082432, Free: 13038919680}
15:18:41.098 [DEBUG] [org.gradle.launcher.daemon.server.health.LowMemoryDaemonExpirationStrategy] Received memory status update: {Total: 16440082432, Free: 13038919680}
15:18:41.098 [DEBUG] [org.gradle.process.internal.health.memory.MemoryManager] Emitting JVM memory status event {Maximum: 1073741824, Committed: 260046848}
15:18:43.994 [DEBUG] [org.gradle.launcher.daemon.server.Daemon] DaemonExpirationPeriodicCheck running
15:18:43.995 [DEBUG] [org.gradle.cache.internal.DefaultFileLockManager] Waiting to acquire shared lock on daemon addresses registry.
15:18:43.995 [DEBUG] [org.gradle.cache.internal.DefaultFileLockManager] Lock acquired on daemon addresses registry.
15:18:43.995 [DEBUG] [org.gradle.cache.internal.DefaultFileLockManager] Releasing lock on daemon addresses registry.
15:18:43.995 [DEBUG] [org.gradle.cache.internal.DefaultFileLockManager] Waiting to acquire shared lock on daemon addresses registry.
15:18:43.995 [DEBUG] [org.gradle.cache.internal.DefaultFileLockManager] Lock acquired on daemon addresses registry.
15:18:43.995 [DEBUG] [org.gradle.cache.internal.DefaultFileLockManager] Releasing lock on daemon addresses registry.
15:18:43.995 [DEBUG] [org.gradle.cache.internal.DefaultFileLockManager] Waiting to acquire shared lock on daemon addresses registry.
15:18:43.995 [DEBUG] [org.gradle.cache.internal.DefaultFileLockManager] Lock acquired on daemon addresses registry.
15:18:43.995 [DEBUG] [org.gradle.cache.internal.DefaultFileLockManager] Releasing lock on daemon addresses registry.
15:18:46.098 [DEBUG] [org.gradle.process.internal.health.memory.MemoryManager] Emitting OS memory status event {Total: 16440082432, Free: 13041356800}
15:18:46.098 [DEBUG] [org.gradle.launcher.daemon.server.health.LowMemoryDaemonExpirationStrategy] Received memory status update: {Total: 16440082432, Free: 13041356800}
15:18:46.098 [DEBUG] [org.gradle.process.internal.health.memory.MemoryManager] Emitting JVM memory status event {Maximum: 1073741824, Committed: 260046848}
15:18:51.098 [DEBUG] [org.gradle.process.internal.health.memory.MemoryManager] Emitting OS memory status event {Total: 16440082432, Free: 13038542848}
15:18:51.098 [DEBUG] [org.gradle.launcher.daemon.server.health.LowMemoryDaemonExpirationStrategy] Received memory status update: {Total: 16440082432, Free: 13038542848}
15:18:51.098 [DEBUG] [org.gradle.process.internal.health.memory.MemoryManager] Emitting JVM memory status event {Maximum: 1073741824, Committed: 260046848}
15:18:53.994 [DEBUG] [org.gradle.launcher.daemon.server.Daemon] DaemonExpirationPeriodicCheck running
15:18:53.995 [DEBUG] [org.gradle.cache.internal.DefaultFileLockManager] Waiting to acquire shared lock on daemon addresses registry.
15:18:53.995 [DEBUG] [org.gradle.cache.internal.DefaultFileLockManager] Lock acquired on daemon addresses registry.
15:18:53.995 [DEBUG] [org.gradle.cache.internal.DefaultFileLockManager] Releasing lock on daemon addresses registry.
15:18:53.995 [DEBUG] [org.gradle.cache.internal.DefaultFileLockManager] Waiting to acquire shared lock on daemon addresses registry.
15:18:53.995 [DEBUG] [org.gradle.cache.internal.DefaultFileLockManager] Lock acquired on daemon addresses registry.
15:18:53.995 [DEBUG] [org.gradle.cache.internal.DefaultFileLockManager] Releasing lock on daemon addresses registry.
15:18:53.995 [DEBUG] [org.gradle.cache.internal.DefaultFileLockManager] Waiting to acquire shared lock on daemon addresses registry.
15:18:53.995 [DEBUG] [org.gradle.cache.internal.DefaultFileLockManager] Lock acquired on daemon addresses registry.
15:18:53.995 [DEBUG] [org.gradle.cache.internal.DefaultFileLockManager] Releasing lock on daemon addresses registry.
15:18:56.098 [DEBUG] [org.gradle.process.internal.health.memory.MemoryManager] Emitting OS memory status event {Total: 16440082432, Free: 13035798528}
15:18:56.098 [DEBUG] [org.gradle.launcher.daemon.server.health.LowMemoryDaemonExpirationStrategy] Received memory status update: {Total: 16440082432, Free: 13035798528}
15:18:56.098 [DEBUG] [org.gradle.process.internal.health.memory.MemoryManager] Emitting JVM memory status event {Maximum: 1073741824, Committed: 260046848}
15:19:01.098 [DEBUG] [org.gradle.process.internal.health.memory.MemoryManager] Emitting OS memory status event {Total: 16440082432, Free: 13034778624}
15:19:01.098 [DEBUG] [org.gradle.launcher.daemon.server.health.LowMemoryDaemonExpirationStrategy] Received memory status update: {Total: 16440082432, Free: 13034778624}
15:19:01.098 [DEBUG] [org.gradle.process.internal.health.memory.MemoryManager] Emitting JVM memory status event {Maximum: 1073741824, Committed: 260046848}
15:19:03.994 [DEBUG] [org.gradle.launcher.daemon.server.Daemon] DaemonExpirationPeriodicCheck running
15:19:03.995 [DEBUG] [org.gradle.cache.internal.DefaultFileLockManager] Waiting to acquire shared lock on daemon addresses registry.
15:19:03.995 [DEBUG] [org.gradle.cache.internal.DefaultFileLockManager] Lock acquired on daemon addresses registry.
15:19:03.995 [DEBUG] [org.gradle.cache.internal.DefaultFileLockManager] Releasing lock on daemon addresses registry.
15:19:03.995 [DEBUG] [org.gradle.cache.internal.DefaultFileLockManager] Waiting to acquire shared lock on daemon addresses registry.
15:19:03.995 [DEBUG] [org.gradle.cache.internal.DefaultFileLockManager] Lock acquired on daemon addresses registry.
15:19:03.995 [DEBUG] [org.gradle.cache.internal.DefaultFileLockManager] Releasing lock on daemon addresses registry.
15:19:03.995 [DEBUG] [org.gradle.cache.internal.DefaultFileLockManager] Waiting to acquire shared lock on daemon addresses registry.
15:19:03.995 [DEBUG] [org.gradle.cache.internal.DefaultFileLockManager] Lock acquired on daemon addresses registry.
15:19:03.995 [DEBUG] [org.gradle.cache.internal.DefaultFileLockManager] Releasing lock on daemon addresses registry.
15:19:06.098 [DEBUG] [org.gradle.process.internal.health.memory.MemoryManager] Emitting OS memory status event {Total: 16440082432, Free: 13036310528}
15:19:06.098 [DEBUG] [org.gradle.launcher.daemon.server.health.LowMemoryDaemonExpirationStrategy] Received memory status update: {Total: 16440082432, Free: 13036310528}
15:19:06.098 [DEBUG] [org.gradle.process.internal.health.memory.MemoryManager] Emitting JVM memory status event {Maximum: 1073741824, Committed: 260046848}
15:19:11.098 [DEBUG] [org.gradle.process.internal.health.memory.MemoryManager] Emitting OS memory status event {Total: 16440082432, Free: 13050638336}
15:19:11.098 [DEBUG] [org.gradle.launcher.daemon.server.health.LowMemoryDaemonExpirationStrategy] Received memory status update: {Total: 16440082432, Free: 13050638336}
15:19:11.098 [DEBUG] [org.gradle.process.internal.health.memory.MemoryManager] Emitting JVM memory status event {Maximum: 1073741824, Committed: 260046848}
15:19:13.995 [DEBUG] [org.gradle.launcher.daemon.server.Daemon] DaemonExpirationPeriodicCheck running
15:19:13.995 [DEBUG] [org.gradle.cache.internal.DefaultFileLockManager] Waiting to acquire shared lock on daemon addresses registry.
15:19:13.995 [DEBUG] [org.gradle.cache.internal.DefaultFileLockManager] Lock acquired on daemon addresses registry.
15:19:13.995 [DEBUG] [org.gradle.cache.internal.DefaultFileLockManager] Releasing lock on daemon addresses registry.
15:19:13.995 [DEBUG] [org.gradle.cache.internal.DefaultFileLockManager] Waiting to acquire shared lock on daemon addresses registry.
15:19:13.995 [DEBUG] [org.gradle.cache.internal.DefaultFileLockManager] Lock acquired on daemon addresses registry.
15:19:13.995 [DEBUG] [org.gradle.cache.internal.DefaultFileLockManager] Releasing lock on daemon addresses registry.
15:19:13.995 [DEBUG] [org.gradle.cache.internal.DefaultFileLockManager] Waiting to acquire shared lock on daemon addresses registry.
15:19:13.995 [DEBUG] [org.gradle.cache.internal.DefaultFileLockManager] Lock acquired on daemon addresses registry.
15:19:13.995 [DEBUG] [org.gradle.cache.internal.DefaultFileLockManager] Releasing lock on daemon addresses registry.
15:19:16.098 [DEBUG] [org.gradle.process.internal.health.memory.MemoryManager] Emitting OS memory status event {Total: 16440082432, Free: 13037031424}
15:19:16.098 [DEBUG] [org.gradle.launcher.daemon.server.health.LowMemoryDaemonExpirationStrategy] Received memory status update: {Total: 16440082432, Free: 13037031424}
15:19:16.098 [DEBUG] [org.gradle.process.internal.health.memory.MemoryManager] Emitting JVM memory status event {Maximum: 1073741824, Committed: 260046848}
15:19:21.098 [DEBUG] [org.gradle.process.internal.health.memory.MemoryManager] Emitting OS memory status event {Total: 16440082432, Free: 13046554624}
15:19:21.098 [DEBUG] [org.gradle.launcher.daemon.server.health.LowMemoryDaemonExpirationStrategy] Received memory status update: {Total: 16440082432, Free: 13046554624}
15:19:21.098 [DEBUG] [org.gradle.process.internal.health.memory.MemoryManager] Emitting JVM memory status event {Maximum: 1073741824, Committed: 260046848}
15:19:23.994 [DEBUG] [org.gradle.launcher.daemon.server.Daemon] DaemonExpirationPeriodicCheck running
15:19:23.995 [DEBUG] [org.gradle.cache.internal.DefaultFileLockManager] Waiting to acquire shared lock on daemon addresses registry.
15:19:23.995 [DEBUG] [org.gradle.cache.internal.DefaultFileLockManager] Lock acquired on daemon addresses registry.
15:19:23.995 [DEBUG] [org.gradle.cache.internal.DefaultFileLockManager] Releasing lock on daemon addresses registry.
15:19:23.995 [DEBUG] [org.gradle.cache.internal.DefaultFileLockManager] Waiting to acquire shared lock on daemon addresses registry.
15:19:23.995 [DEBUG] [org.gradle.cache.internal.DefaultFileLockManager] Lock acquired on daemon addresses registry.
15:19:23.995 [DEBUG] [org.gradle.cache.internal.DefaultFileLockManager] Releasing lock on daemon addresses registry.
15:19:23.995 [DEBUG] [org.gradle.cache.internal.DefaultFileLockManager] Waiting to acquire shared lock on daemon addresses registry.
15:19:23.995 [DEBUG] [org.gradle.cache.internal.DefaultFileLockManager] Lock acquired on daemon addresses registry.
15:19:23.995 [DEBUG] [org.gradle.cache.internal.DefaultFileLockManager] Releasing lock on daemon addresses registry.
15:19:26.098 [DEBUG] [org.gradle.process.internal.health.memory.MemoryManager] Emitting OS memory status event {Total: 16440082432, Free: 13048086528}
15:19:26.098 [DEBUG] [org.gradle.launcher.daemon.server.health.LowMemoryDaemonExpirationStrategy] Received memory status update: {Total: 16440082432, Free: 13048086528}
15:19:26.098 [DEBUG] [org.gradle.process.internal.health.memory.MemoryManager] Emitting JVM memory status event {Maximum: 1073741824, Committed: 260046848}
15:19:31.098 [DEBUG] [org.gradle.process.internal.health.memory.MemoryManager] Emitting OS memory status event {Total: 16440082432, Free: 13066039296}
15:19:31.098 [DEBUG] [org.gradle.launcher.daemon.server.health.LowMemoryDaemonExpirationStrategy] Received memory status update: {Total: 16440082432, Free: 13066039296}
15:19:31.098 [DEBUG] [org.gradle.process.internal.health.memory.MemoryManager] Emitting JVM memory status event {Maximum: 1073741824, Committed: 260046848}
15:19:33.995 [DEBUG] [org.gradle.launcher.daemon.server.Daemon] DaemonExpirationPeriodicCheck running
15:19:33.995 [DEBUG] [org.gradle.cache.internal.DefaultFileLockManager] Waiting to acquire shared lock on daemon addresses registry.
15:19:33.995 [DEBUG] [org.gradle.cache.internal.DefaultFileLockManager] Lock acquired on daemon addresses registry.
15:19:33.995 [DEBUG] [org.gradle.cache.internal.DefaultFileLockManager] Releasing lock on daemon addresses registry.
15:19:33.995 [DEBUG] [org.gradle.cache.internal.DefaultFileLockManager] Waiting to acquire shared lock on daemon addresses registry.
15:19:33.995 [DEBUG] [org.gradle.cache.internal.DefaultFileLockManager] Lock acquired on daemon addresses registry.
15:19:33.995 [DEBUG] [org.gradle.cache.internal.DefaultFileLockManager] Releasing lock on daemon addresses registry.
15:19:33.995 [DEBUG] [org.gradle.cache.internal.DefaultFileLockManager] Waiting to acquire shared lock on daemon addresses registry.
15:19:33.995 [DEBUG] [org.gradle.cache.internal.DefaultFileLockManager] Lock acquired on daemon addresses registry.
15:19:33.995 [DEBUG] [org.gradle.cache.internal.DefaultFileLockManager] Releasing lock on daemon addresses registry.
15:19:36.098 [DEBUG] [org.gradle.process.internal.health.memory.MemoryManager] Emitting OS memory status event {Total: 16440082432, Free: 13059747840}
15:19:36.098 [DEBUG] [org.gradle.launcher.daemon.server.health.LowMemoryDaemonExpirationStrategy] Received memory status update: {Total: 16440082432, Free: 13059747840}
15:19:36.098 [DEBUG] [org.gradle.process.internal.health.memory.MemoryManager] Emitting JVM memory status event {Maximum: 1073741824, Committed: 260046848}
15:19:41.098 [DEBUG] [org.gradle.process.internal.health.memory.MemoryManager] Emitting OS memory status event {Total: 16440082432, Free: 13066424320}
15:19:41.098 [DEBUG] [org.gradle.launcher.daemon.server.health.LowMemoryDaemonExpirationStrategy] Received memory status update: {Total: 16440082432, Free: 13066424320}
15:19:41.098 [DEBUG] [org.gradle.process.internal.health.memory.MemoryManager] Emitting JVM memory status event {Maximum: 1073741824, Committed: 260046848}
15:19:43.994 [DEBUG] [org.gradle.launcher.daemon.server.Daemon] DaemonExpirationPeriodicCheck running
15:19:43.995 [DEBUG] [org.gradle.cache.internal.DefaultFileLockManager] Waiting to acquire shared lock on daemon addresses registry.
15:19:43.995 [DEBUG] [org.gradle.cache.internal.DefaultFileLockManager] Lock acquired on daemon addresses registry.
15:19:43.995 [DEBUG] [org.gradle.cache.internal.DefaultFileLockManager] Releasing lock on daemon addresses registry.
15:19:43.995 [DEBUG] [org.gradle.cache.internal.DefaultFileLockManager] Waiting to acquire shared lock on daemon addresses registry.
15:19:43.995 [DEBUG] [org.gradle.cache.internal.DefaultFileLockManager] Lock acquired on daemon addresses registry.
15:19:43.995 [DEBUG] [org.gradle.cache.internal.DefaultFileLockManager] Releasing lock on daemon addresses registry.
15:19:43.995 [DEBUG] [org.gradle.cache.internal.DefaultFileLockManager] Waiting to acquire shared lock on daemon addresses registry.
15:19:43.995 [DEBUG] [org.gradle.cache.internal.DefaultFileLockManager] Lock acquired on daemon addresses registry.
15:19:43.995 [DEBUG] [org.gradle.cache.internal.DefaultFileLockManager] Releasing lock on daemon addresses registry.
15:19:46.098 [DEBUG] [org.gradle.process.internal.health.memory.MemoryManager] Emitting OS memory status event {Total: 16440082432, Free: 13070569472}
15:19:46.098 [DEBUG] [org.gradle.launcher.daemon.server.health.LowMemoryDaemonExpirationStrategy] Received memory status update: {Total: 16440082432, Free: 13070569472}
15:19:46.098 [DEBUG] [org.gradle.process.internal.health.memory.MemoryManager] Emitting JVM memory status event {Maximum: 1073741824, Committed: 260046848}
15:19:51.098 [DEBUG] [org.gradle.process.internal.health.memory.MemoryManager] Emitting OS memory status event {Total: 16440082432, Free: 13071990784}
15:19:51.098 [DEBUG] [org.gradle.launcher.daemon.server.health.LowMemoryDaemonExpirationStrategy] Received memory status update: {Total: 16440082432, Free: 13071990784}
15:19:51.098 [DEBUG] [org.gradle.process.internal.health.memory.MemoryManager] Emitting JVM memory status event {Maximum: 1073741824, Committed: 260046848}
15:19:53.995 [DEBUG] [org.gradle.launcher.daemon.server.Daemon] DaemonExpirationPeriodicCheck running
15:19:53.995 [DEBUG] [org.gradle.cache.internal.DefaultFileLockManager] Waiting to acquire shared lock on daemon addresses registry.
15:19:53.995 [DEBUG] [org.gradle.cache.internal.DefaultFileLockManager] Lock acquired on daemon addresses registry.
15:19:53.995 [DEBUG] [org.gradle.cache.internal.DefaultFileLockManager] Releasing lock on daemon addresses registry.
15:19:53.995 [DEBUG] [org.gradle.cache.internal.DefaultFileLockManager] Waiting to acquire shared lock on daemon addresses registry.
15:19:53.995 [DEBUG] [org.gradle.cache.internal.DefaultFileLockManager] Lock acquired on daemon addresses registry.
15:19:53.995 [DEBUG] [org.gradle.cache.internal.DefaultFileLockManager] Releasing lock on daemon addresses registry.
15:19:53.995 [DEBUG] [org.gradle.cache.internal.DefaultFileLockManager] Waiting to acquire shared lock on daemon addresses registry.
15:19:53.995 [DEBUG] [org.gradle.cache.internal.DefaultFileLockManager] Lock acquired on daemon addresses registry.
15:19:53.995 [DEBUG] [org.gradle.cache.internal.DefaultFileLockManager] Releasing lock on daemon addresses registry.
15:19:56.098 [DEBUG] [org.gradle.process.internal.health.memory.MemoryManager] Emitting OS memory status event {Total: 16440082432, Free: 13048999936}
15:19:56.098 [DEBUG] [org.gradle.launcher.daemon.server.health.LowMemoryDaemonExpirationStrategy] Received memory status update: {Total: 16440082432, Free: 13048999936}
15:19:56.098 [DEBUG] [org.gradle.process.internal.health.memory.MemoryManager] Emitting JVM memory status event {Maximum: 1073741824, Committed: 260046848}
15:20:01.098 [DEBUG] [org.gradle.process.internal.health.memory.MemoryManager] Emitting OS memory status event {Total: 16440082432, Free: 13060845568}
15:20:01.098 [DEBUG] [org.gradle.launcher.daemon.server.health.LowMemoryDaemonExpirationStrategy] Received memory status update: {Total: 16440082432, Free: 13060845568}
15:20:01.098 [DEBUG] [org.gradle.process.internal.health.memory.MemoryManager] Emitting JVM memory status event {Maximum: 1073741824, Committed: 260046848}
15:20:03.995 [DEBUG] [org.gradle.launcher.daemon.server.Daemon] DaemonExpirationPeriodicCheck running
15:20:03.995 [DEBUG] [org.gradle.cache.internal.DefaultFileLockManager] Waiting to acquire shared lock on daemon addresses registry.
15:20:03.995 [DEBUG] [org.gradle.cache.internal.DefaultFileLockManager] Lock acquired on daemon addresses registry.
15:20:03.995 [DEBUG] [org.gradle.cache.internal.DefaultFileLockManager] Releasing lock on daemon addresses registry.
15:20:03.995 [DEBUG] [org.gradle.cache.internal.DefaultFileLockManager] Waiting to acquire shared lock on daemon addresses registry.
15:20:03.995 [DEBUG] [org.gradle.cache.internal.DefaultFileLockManager] Lock acquired on daemon addresses registry.
15:20:03.995 [DEBUG] [org.gradle.cache.internal.DefaultFileLockManager] Releasing lock on daemon addresses registry.
15:20:03.995 [DEBUG] [org.gradle.cache.internal.DefaultFileLockManager] Waiting to acquire shared lock on daemon addresses registry.
15:20:03.995 [DEBUG] [org.gradle.cache.internal.DefaultFileLockManager] Lock acquired on daemon addresses registry.
15:20:03.995 [DEBUG] [org.gradle.cache.internal.DefaultFileLockManager] Releasing lock on daemon addresses registry.
15:20:06.098 [DEBUG] [org.gradle.process.internal.health.memory.MemoryManager] Emitting OS memory status event {Total: 16440082432, Free: 13066477568}
15:20:06.098 [DEBUG] [org.gradle.launcher.daemon.server.health.LowMemoryDaemonExpirationStrategy] Received memory status update: {Total: 16440082432, Free: 13066477568}
15:20:06.098 [DEBUG] [org.gradle.process.internal.health.memory.MemoryManager] Emitting JVM memory status event {Maximum: 1073741824, Committed: 260046848}
15:20:11.098 [DEBUG] [org.gradle.process.internal.health.memory.MemoryManager] Emitting OS memory status event {Total: 16440082432, Free: 13063483392}
15:20:11.098 [DEBUG] [org.gradle.launcher.daemon.server.health.LowMemoryDaemonExpirationStrategy] Received memory status update: {Total: 16440082432, Free: 13063483392}
15:20:11.098 [DEBUG] [org.gradle.process.internal.health.memory.MemoryManager] Emitting JVM memory status event {Maximum: 1073741824, Committed: 260046848}
15:20:13.995 [DEBUG] [org.gradle.launcher.daemon.server.Daemon] DaemonExpirationPeriodicCheck running
15:20:13.995 [DEBUG] [org.gradle.cache.internal.DefaultFileLockManager] Waiting to acquire shared lock on daemon addresses registry.
15:20:13.995 [DEBUG] [org.gradle.cache.internal.DefaultFileLockManager] Lock acquired on daemon addresses registry.
15:20:13.995 [DEBUG] [org.gradle.cache.internal.DefaultFileLockManager] Releasing lock on daemon addresses registry.
15:20:13.995 [DEBUG] [org.gradle.cache.internal.DefaultFileLockManager] Waiting to acquire shared lock on daemon addresses registry.
15:20:13.995 [DEBUG] [org.gradle.cache.internal.DefaultFileLockManager] Lock acquired on daemon addresses registry.
15:20:13.995 [DEBUG] [org.gradle.cache.internal.DefaultFileLockManager] Releasing lock on daemon addresses registry.
15:20:13.995 [DEBUG] [org.gradle.cache.internal.DefaultFileLockManager] Waiting to acquire shared lock on daemon addresses registry.
15:20:13.995 [DEBUG] [org.gradle.cache.internal.DefaultFileLockManager] Lock acquired on daemon addresses registry.
15:20:13.995 [DEBUG] [org.gradle.cache.internal.DefaultFileLockManager] Releasing lock on daemon addresses registry.
15:20:16.098 [DEBUG] [org.gradle.process.internal.health.memory.MemoryManager] Emitting OS memory status event {Total: 16440082432, Free: 13059952640}
15:20:16.098 [DEBUG] [org.gradle.launcher.daemon.server.health.LowMemoryDaemonExpirationStrategy] Received memory status update: {Total: 16440082432, Free: 13059952640}
15:20:16.098 [DEBUG] [org.gradle.process.internal.health.memory.MemoryManager] Emitting JVM memory status event {Maximum: 1073741824, Committed: 260046848}
15:20:21.098 [DEBUG] [org.gradle.process.internal.health.memory.MemoryManager] Emitting OS memory status event {Total: 16440082432, Free: 13063897088}
15:20:21.098 [DEBUG] [org.gradle.launcher.daemon.server.health.LowMemoryDaemonExpirationStrategy] Received memory status update: {Total: 16440082432, Free: 13063897088}
15:20:21.098 [DEBUG] [org.gradle.process.internal.health.memory.MemoryManager] Emitting JVM memory status event {Maximum: 1073741824, Committed: 260046848}
15:20:23.995 [DEBUG] [org.gradle.launcher.daemon.server.Daemon] DaemonExpirationPeriodicCheck running
15:20:23.995 [DEBUG] [org.gradle.cache.internal.DefaultFileLockManager] Waiting to acquire shared lock on daemon addresses registry.
15:20:23.995 [DEBUG] [org.gradle.cache.internal.DefaultFileLockManager] Lock acquired on daemon addresses registry.
15:20:23.995 [DEBUG] [org.gradle.cache.internal.DefaultFileLockManager] Releasing lock on daemon addresses registry.
15:20:23.995 [DEBUG] [org.gradle.cache.internal.DefaultFileLockManager] Waiting to acquire shared lock on daemon addresses registry.
15:20:23.995 [DEBUG] [org.gradle.cache.internal.DefaultFileLockManager] Lock acquired on daemon addresses registry.
15:20:23.995 [DEBUG] [org.gradle.cache.internal.DefaultFileLockManager] Releasing lock on daemon addresses registry.
15:20:23.995 [DEBUG] [org.gradle.cache.internal.DefaultFileLockManager] Waiting to acquire shared lock on daemon addresses registry.
15:20:23.995 [DEBUG] [org.gradle.cache.internal.DefaultFileLockManager] Lock acquired on daemon addresses registry.
15:20:23.995 [DEBUG] [org.gradle.cache.internal.DefaultFileLockManager] Releasing lock on daemon addresses registry.
15:20:26.098 [DEBUG] [org.gradle.process.internal.health.memory.MemoryManager] Emitting OS memory status event {Total: 16440082432, Free: 13062430720}
15:20:26.122 [DEBUG] [org.gradle.launcher.daemon.server.health.LowMemoryDaemonExpirationStrategy] Received memory status update: {Total: 16440082432, Free: 13062430720}
15:20:26.122 [DEBUG] [org.gradle.process.internal.health.memory.MemoryManager] Emitting JVM memory status event {Maximum: 1073741824, Committed: 260046848}
15:20:31.098 [DEBUG] [org.gradle.process.internal.health.memory.MemoryManager] Emitting OS memory status event {Total: 16440082432, Free: 13074776064}
15:20:31.098 [DEBUG] [org.gradle.launcher.daemon.server.health.LowMemoryDaemonExpirationStrategy] Received memory status update: {Total: 16440082432, Free: 13074776064}
15:20:31.098 [DEBUG] [org.gradle.process.internal.health.memory.MemoryManager] Emitting JVM memory status event {Maximum: 1073741824, Committed: 260046848}
15:20:33.994 [DEBUG] [org.gradle.launcher.daemon.server.Daemon] DaemonExpirationPeriodicCheck running
15:20:33.995 [DEBUG] [org.gradle.cache.internal.DefaultFileLockManager] Waiting to acquire shared lock on daemon addresses registry.
15:20:33.995 [DEBUG] [org.gradle.cache.internal.DefaultFileLockManager] Lock acquired on daemon addresses registry.
15:20:33.995 [DEBUG] [org.gradle.cache.internal.DefaultFileLockManager] Releasing lock on daemon addresses registry.
15:20:33.995 [DEBUG] [org.gradle.cache.internal.DefaultFileLockManager] Waiting to acquire shared lock on daemon addresses registry.
15:20:33.995 [DEBUG] [org.gradle.cache.internal.DefaultFileLockManager] Lock acquired on daemon addresses registry.
15:20:33.995 [DEBUG] [org.gradle.cache.internal.DefaultFileLockManager] Releasing lock on daemon addresses registry.
15:20:33.995 [DEBUG] [org.gradle.cache.internal.DefaultFileLockManager] Waiting to acquire shared lock on daemon addresses registry.
15:20:33.995 [DEBUG] [org.gradle.cache.internal.DefaultFileLockManager] Lock acquired on daemon addresses registry.
15:20:33.995 [DEBUG] [org.gradle.cache.internal.DefaultFileLockManager] Releasing lock on daemon addresses registry.
15:20:36.098 [DEBUG] [org.gradle.process.internal.health.memory.MemoryManager] Emitting OS memory status event {Total: 16440082432, Free: 13074616320}
15:20:36.098 [DEBUG] [org.gradle.launcher.daemon.server.health.LowMemoryDaemonExpirationStrategy] Received memory status update: {Total: 16440082432, Free: 13074616320}
15:20:36.098 [DEBUG] [org.gradle.process.internal.health.memory.MemoryManager] Emitting JVM memory status event {Maximum: 1073741824, Committed: 260046848}
15:20:41.098 [DEBUG] [org.gradle.process.internal.health.memory.MemoryManager] Emitting OS memory status event {Total: 16440082432, Free: 13072941056}
15:20:41.098 [DEBUG] [org.gradle.launcher.daemon.server.health.LowMemoryDaemonExpirationStrategy] Received memory status update: {Total: 16440082432, Free: 13072941056}
15:20:41.098 [DEBUG] [org.gradle.process.internal.health.memory.MemoryManager] Emitting JVM memory status event {Maximum: 1073741824, Committed: 260046848}
15:20:43.994 [DEBUG] [org.gradle.launcher.daemon.server.Daemon] DaemonExpirationPeriodicCheck running
15:20:43.995 [DEBUG] [org.gradle.cache.internal.DefaultFileLockManager] Waiting to acquire shared lock on daemon addresses registry.
15:20:43.995 [DEBUG] [org.gradle.cache.internal.DefaultFileLockManager] Lock acquired on daemon addresses registry.
15:20:43.995 [DEBUG] [org.gradle.cache.internal.DefaultFileLockManager] Releasing lock on daemon addresses registry.
15:20:43.995 [DEBUG] [org.gradle.cache.internal.DefaultFileLockManager] Waiting to acquire shared lock on daemon addresses registry.
15:20:43.995 [DEBUG] [org.gradle.cache.internal.DefaultFileLockManager] Lock acquired on daemon addresses registry.
15:20:43.995 [DEBUG] [org.gradle.cache.internal.DefaultFileLockManager] Releasing lock on daemon addresses registry.
15:20:43.995 [DEBUG] [org.gradle.cache.internal.DefaultFileLockManager] Waiting to acquire shared lock on daemon addresses registry.
15:20:43.995 [DEBUG] [org.gradle.cache.internal.DefaultFileLockManager] Lock acquired on daemon addresses registry.
15:20:43.995 [DEBUG] [org.gradle.cache.internal.DefaultFileLockManager] Releasing lock on daemon addresses registry.
15:20:46.098 [DEBUG] [org.gradle.process.internal.health.memory.MemoryManager] Emitting OS memory status event {Total: 16440082432, Free: 13073846272}
15:20:46.098 [DEBUG] [org.gradle.launcher.daemon.server.health.LowMemoryDaemonExpirationStrategy] Received memory status update: {Total: 16440082432, Free: 13073846272}
15:20:46.098 [DEBUG] [org.gradle.process.internal.health.memory.MemoryManager] Emitting JVM memory status event {Maximum: 1073741824, Committed: 260046848}
15:20:51.098 [DEBUG] [org.gradle.process.internal.health.memory.MemoryManager] Emitting OS memory status event {Total: 16440082432, Free: 13071564800}
15:20:51.098 [DEBUG] [org.gradle.launcher.daemon.server.health.LowMemoryDaemonExpirationStrategy] Received memory status update: {Total: 16440082432, Free: 13071564800}
15:20:51.098 [DEBUG] [org.gradle.process.internal.health.memory.MemoryManager] Emitting JVM memory status event {Maximum: 1073741824, Committed: 260046848}
15:20:53.995 [DEBUG] [org.gradle.launcher.daemon.server.Daemon] DaemonExpirationPeriodicCheck running
15:20:53.995 [DEBUG] [org.gradle.cache.internal.DefaultFileLockManager] Waiting to acquire shared lock on daemon addresses registry.
15:20:53.995 [DEBUG] [org.gradle.cache.internal.DefaultFileLockManager] Lock acquired on daemon addresses registry.
15:20:53.995 [DEBUG] [org.gradle.cache.internal.DefaultFileLockManager] Releasing lock on daemon addresses registry.
15:20:53.995 [DEBUG] [org.gradle.cache.internal.DefaultFileLockManager] Waiting to acquire shared lock on daemon addresses registry.
15:20:53.995 [DEBUG] [org.gradle.cache.internal.DefaultFileLockManager] Lock acquired on daemon addresses registry.
15:20:53.995 [DEBUG] [org.gradle.cache.internal.DefaultFileLockManager] Releasing lock on daemon addresses registry.
15:20:53.995 [DEBUG] [org.gradle.cache.internal.DefaultFileLockManager] Waiting to acquire shared lock on daemon addresses registry.
15:20:53.995 [DEBUG] [org.gradle.cache.internal.DefaultFileLockManager] Lock acquired on daemon addresses registry.
15:20:53.995 [DEBUG] [org.gradle.cache.internal.DefaultFileLockManager] Releasing lock on daemon addresses registry.
15:20:56.098 [DEBUG] [org.gradle.process.internal.health.memory.MemoryManager] Emitting OS memory status event {Total: 16440082432, Free: 13052280832}
15:20:56.098 [DEBUG] [org.gradle.launcher.daemon.server.health.LowMemoryDaemonExpirationStrategy] Received memory status update: {Total: 16440082432, Free: 13052280832}
15:20:56.098 [DEBUG] [org.gradle.process.internal.health.memory.MemoryManager] Emitting JVM memory status event {Maximum: 1073741824, Committed: 260046848}
15:21:01.098 [DEBUG] [org.gradle.process.internal.health.memory.MemoryManager] Emitting OS memory status event {Total: 16440082432, Free: 13060562944}
15:21:01.098 [DEBUG] [org.gradle.launcher.daemon.server.health.LowMemoryDaemonExpirationStrategy] Received memory status update: {Total: 16440082432, Free: 13060562944}
15:21:01.098 [DEBUG] [org.gradle.process.internal.health.memory.MemoryManager] Emitting JVM memory status event {Maximum: 1073741824, Committed: 260046848}
15:21:03.995 [DEBUG] [org.gradle.launcher.daemon.server.Daemon] DaemonExpirationPeriodicCheck running
15:21:03.995 [DEBUG] [org.gradle.cache.internal.DefaultFileLockManager] Waiting to acquire shared lock on daemon addresses registry.
15:21:03.995 [DEBUG] [org.gradle.cache.internal.DefaultFileLockManager] Lock acquired on daemon addresses registry.
15:21:03.995 [DEBUG] [org.gradle.cache.internal.DefaultFileLockManager] Releasing lock on daemon addresses registry.
15:21:03.995 [DEBUG] [org.gradle.cache.internal.DefaultFileLockManager] Waiting to acquire shared lock on daemon addresses registry.
15:21:03.995 [DEBUG] [org.gradle.cache.internal.DefaultFileLockManager] Lock acquired on daemon addresses registry.
15:21:03.995 [DEBUG] [org.gradle.cache.internal.DefaultFileLockManager] Releasing lock on daemon addresses registry.
15:21:03.995 [DEBUG] [org.gradle.cache.internal.DefaultFileLockManager] Waiting to acquire shared lock on daemon addresses registry.
15:21:03.995 [DEBUG] [org.gradle.cache.internal.DefaultFileLockManager] Lock acquired on daemon addresses registry.
15:21:03.995 [DEBUG] [org.gradle.cache.internal.DefaultFileLockManager] Releasing lock on daemon addresses registry.
15:21:06.098 [DEBUG] [org.gradle.process.internal.health.memory.MemoryManager] Emitting OS memory status event {Total: 16440082432, Free: 13060820992}
15:21:06.098 [DEBUG] [org.gradle.launcher.daemon.server.health.LowMemoryDaemonExpirationStrategy] Received memory status update: {Total: 16440082432, Free: 13060820992}
15:21:06.098 [DEBUG] [org.gradle.process.internal.health.memory.MemoryManager] Emitting JVM memory status event {Maximum: 1073741824, Committed: 260046848}
15:21:11.098 [DEBUG] [org.gradle.process.internal.health.memory.MemoryManager] Emitting OS memory status event {Total: 16440082432, Free: 13061926912}
15:21:11.098 [DEBUG] [org.gradle.launcher.daemon.server.health.LowMemoryDaemonExpirationStrategy] Received memory status update: {Total: 16440082432, Free: 13061926912}
15:21:11.098 [DEBUG] [org.gradle.process.internal.health.memory.MemoryManager] Emitting JVM memory status event {Maximum: 1073741824, Committed: 260046848}
15:21:13.994 [DEBUG] [org.gradle.launcher.daemon.server.Daemon] DaemonExpirationPeriodicCheck running
15:21:13.994 [DEBUG] [org.gradle.cache.internal.DefaultFileLockManager] Waiting to acquire shared lock on daemon addresses registry.
15:21:13.996 [DEBUG] [org.gradle.cache.internal.DefaultFileLockManager] Lock acquired on daemon addresses registry.
15:21:13.996 [DEBUG] [org.gradle.cache.internal.DefaultFileLockManager] Releasing lock on daemon addresses registry.
15:21:13.996 [DEBUG] [org.gradle.cache.internal.DefaultFileLockManager] Waiting to acquire shared lock on daemon addresses registry.
15:21:13.996 [DEBUG] [org.gradle.cache.internal.DefaultFileLockManager] Lock acquired on daemon addresses registry.
15:21:13.996 [DEBUG] [org.gradle.cache.internal.DefaultFileLockManager] Releasing lock on daemon addresses registry.
15:21:13.996 [DEBUG] [org.gradle.cache.internal.DefaultFileLockManager] Waiting to acquire shared lock on daemon addresses registry.
15:21:13.996 [DEBUG] [org.gradle.cache.internal.DefaultFileLockManager] Lock acquired on daemon addresses registry.
15:21:13.996 [DEBUG] [org.gradle.cache.internal.DefaultFileLockManager] Releasing lock on daemon addresses registry.
15:21:16.098 [DEBUG] [org.gradle.process.internal.health.memory.MemoryManager] Emitting OS memory status event {Total: 16440082432, Free: 13062209536}
15:21:16.098 [DEBUG] [org.gradle.launcher.daemon.server.health.LowMemoryDaemonExpirationStrategy] Received memory status update: {Total: 16440082432, Free: 13062209536}
15:21:16.098 [DEBUG] [org.gradle.process.internal.health.memory.MemoryManager] Emitting JVM memory status event {Maximum: 1073741824, Committed: 260046848}
15:21:21.098 [DEBUG] [org.gradle.process.internal.health.memory.MemoryManager] Emitting OS memory status event {Total: 16440082432, Free: 13061738496}
15:21:21.098 [DEBUG] [org.gradle.launcher.daemon.server.health.LowMemoryDaemonExpirationStrategy] Received memory status update: {Total: 16440082432, Free: 13061738496}
15:21:21.098 [DEBUG] [org.gradle.process.internal.health.memory.MemoryManager] Emitting JVM memory status event {Maximum: 1073741824, Committed: 260046848}
15:21:23.995 [DEBUG] [org.gradle.launcher.daemon.server.Daemon] DaemonExpirationPeriodicCheck running
15:21:23.995 [DEBUG] [org.gradle.cache.internal.DefaultFileLockManager] Waiting to acquire shared lock on daemon addresses registry.
15:21:23.995 [DEBUG] [org.gradle.cache.internal.DefaultFileLockManager] Lock acquired on daemon addresses registry.
15:21:23.995 [DEBUG] [org.gradle.cache.internal.DefaultFileLockManager] Releasing lock on daemon addresses registry.
15:21:23.995 [DEBUG] [org.gradle.cache.internal.DefaultFileLockManager] Waiting to acquire shared lock on daemon addresses registry.
15:21:23.995 [DEBUG] [org.gradle.cache.internal.DefaultFileLockManager] Lock acquired on daemon addresses registry.
15:21:23.995 [DEBUG] [org.gradle.cache.internal.DefaultFileLockManager] Releasing lock on daemon addresses registry.
15:21:23.995 [DEBUG] [org.gradle.cache.internal.DefaultFileLockManager] Waiting to acquire shared lock on daemon addresses registry.
15:21:23.995 [DEBUG] [org.gradle.cache.internal.DefaultFileLockManager] Lock acquired on daemon addresses registry.
15:21:23.995 [DEBUG] [org.gradle.cache.internal.DefaultFileLockManager] Releasing lock on daemon addresses registry.
15:21:26.098 [DEBUG] [org.gradle.process.internal.health.memory.MemoryManager] Emitting OS memory status event {Total: 16440082432, Free: 13061812224}
15:21:26.098 [DEBUG] [org.gradle.launcher.daemon.server.health.LowMemoryDaemonExpirationStrategy] Received memory status update: {Total: 16440082432, Free: 13061812224}
15:21:26.098 [DEBUG] [org.gradle.process.internal.health.memory.MemoryManager] Emitting JVM memory status event {Maximum: 1073741824, Committed: 260046848}
15:21:31.098 [DEBUG] [org.gradle.process.internal.health.memory.MemoryManager] Emitting OS memory status event {Total: 16440082432, Free: 13061283840}
15:21:31.098 [DEBUG] [org.gradle.launcher.daemon.server.health.LowMemoryDaemonExpirationStrategy] Received memory status update: {Total: 16440082432, Free: 13061283840}
15:21:31.098 [DEBUG] [org.gradle.process.internal.health.memory.MemoryManager] Emitting JVM memory status event {Maximum: 1073741824, Committed: 260046848}
15:21:33.994 [DEBUG] [org.gradle.launcher.daemon.server.Daemon] DaemonExpirationPeriodicCheck running
15:21:33.995 [DEBUG] [org.gradle.cache.internal.DefaultFileLockManager] Waiting to acquire shared lock on daemon addresses registry.
15:21:33.995 [DEBUG] [org.gradle.cache.internal.DefaultFileLockManager] Lock acquired on daemon addresses registry.
15:21:33.995 [DEBUG] [org.gradle.cache.internal.DefaultFileLockManager] Releasing lock on daemon addresses registry.
15:21:33.995 [DEBUG] [org.gradle.cache.internal.DefaultFileLockManager] Waiting to acquire shared lock on daemon addresses registry.
15:21:33.995 [DEBUG] [org.gradle.cache.internal.DefaultFileLockManager] Lock acquired on daemon addresses registry.
15:21:33.995 [DEBUG] [org.gradle.cache.internal.DefaultFileLockManager] Releasing lock on daemon addresses registry.
15:21:33.995 [DEBUG] [org.gradle.cache.internal.DefaultFileLockManager] Waiting to acquire shared lock on daemon addresses registry.
15:21:33.995 [DEBUG] [org.gradle.cache.internal.DefaultFileLockManager] Lock acquired on daemon addresses registry.
15:21:33.995 [DEBUG] [org.gradle.cache.internal.DefaultFileLockManager] Releasing lock on daemon addresses registry.
15:21:36.098 [DEBUG] [org.gradle.process.internal.health.memory.MemoryManager] Emitting OS memory status event {Total: 16440082432, Free: 13060272128}
15:21:36.098 [DEBUG] [org.gradle.launcher.daemon.server.health.LowMemoryDaemonExpirationStrategy] Received memory status update: {Total: 16440082432, Free: 13060272128}
15:21:36.098 [DEBUG] [org.gradle.process.internal.health.memory.MemoryManager] Emitting JVM memory status event {Maximum: 1073741824, Committed: 260046848}
15:21:41.098 [DEBUG] [org.gradle.process.internal.health.memory.MemoryManager] Emitting OS memory status event {Total: 16440082432, Free: 13054361600}
15:21:41.098 [DEBUG] [org.gradle.launcher.daemon.server.health.LowMemoryDaemonExpirationStrategy] Received memory status update: {Total: 16440082432, Free: 13054361600}
15:21:41.098 [DEBUG] [org.gradle.process.internal.health.memory.MemoryManager] Emitting JVM memory status event {Maximum: 1073741824, Committed: 260046848}
15:21:43.994 [DEBUG] [org.gradle.launcher.daemon.server.Daemon] DaemonExpirationPeriodicCheck running
15:21:43.995 [DEBUG] [org.gradle.cache.internal.DefaultFileLockManager] Waiting to acquire shared lock on daemon addresses registry.
15:21:43.995 [DEBUG] [org.gradle.cache.internal.DefaultFileLockManager] Lock acquired on daemon addresses registry.
15:21:43.995 [DEBUG] [org.gradle.cache.internal.DefaultFileLockManager] Releasing lock on daemon addresses registry.
15:21:43.995 [DEBUG] [org.gradle.cache.internal.DefaultFileLockManager] Waiting to acquire shared lock on daemon addresses registry.
15:21:43.995 [DEBUG] [org.gradle.cache.internal.DefaultFileLockManager] Lock acquired on daemon addresses registry.
15:21:43.995 [DEBUG] [org.gradle.cache.internal.DefaultFileLockManager] Releasing lock on daemon addresses registry.
15:21:43.995 [DEBUG] [org.gradle.cache.internal.DefaultFileLockManager] Waiting to acquire shared lock on daemon addresses registry.
15:21:43.995 [DEBUG] [org.gradle.cache.internal.DefaultFileLockManager] Lock acquired on daemon addresses registry.
15:21:43.995 [DEBUG] [org.gradle.cache.internal.DefaultFileLockManager] Releasing lock on daemon addresses registry.
15:21:46.098 [DEBUG] [org.gradle.process.internal.health.memory.MemoryManager] Emitting OS memory status event {Total: 16440082432, Free: 13056413696}
15:21:46.098 [DEBUG] [org.gradle.launcher.daemon.server.health.LowMemoryDaemonExpirationStrategy] Received memory status update: {Total: 16440082432, Free: 13056413696}
15:21:46.098 [DEBUG] [org.gradle.process.internal.health.memory.MemoryManager] Emitting JVM memory status event {Maximum: 1073741824, Committed: 260046848}
15:21:51.098 [DEBUG] [org.gradle.process.internal.health.memory.MemoryManager] Emitting OS memory status event {Total: 16440082432, Free: 13055123456}
15:21:51.098 [DEBUG] [org.gradle.launcher.daemon.server.health.LowMemoryDaemonExpirationStrategy] Received memory status update: {Total: 16440082432, Free: 13055123456}
15:21:51.098 [DEBUG] [org.gradle.process.internal.health.memory.MemoryManager] Emitting JVM memory status event {Maximum: 1073741824, Committed: 260046848}
15:21:53.995 [DEBUG] [org.gradle.launcher.daemon.server.Daemon] DaemonExpirationPeriodicCheck running
15:21:53.995 [DEBUG] [org.gradle.cache.internal.DefaultFileLockManager] Waiting to acquire shared lock on daemon addresses registry.
15:21:53.995 [DEBUG] [org.gradle.cache.internal.DefaultFileLockManager] Lock acquired on daemon addresses registry.
15:21:53.995 [DEBUG] [org.gradle.cache.internal.DefaultFileLockManager] Releasing lock on daemon addresses registry.
15:21:53.995 [DEBUG] [org.gradle.cache.internal.DefaultFileLockManager] Waiting to acquire shared lock on daemon addresses registry.
15:21:53.995 [DEBUG] [org.gradle.cache.internal.DefaultFileLockManager] Lock acquired on daemon addresses registry.
15:21:53.995 [DEBUG] [org.gradle.cache.internal.DefaultFileLockManager] Releasing lock on daemon addresses registry.
15:21:53.995 [DEBUG] [org.gradle.cache.internal.DefaultFileLockManager] Waiting to acquire shared lock on daemon addresses registry.
15:21:53.995 [DEBUG] [org.gradle.cache.internal.DefaultFileLockManager] Lock acquired on daemon addresses registry.
15:21:53.995 [DEBUG] [org.gradle.cache.internal.DefaultFileLockManager] Releasing lock on daemon addresses registry.
15:21:56.098 [DEBUG] [org.gradle.process.internal.health.memory.MemoryManager] Emitting OS memory status event {Total: 16440082432, Free: 13056380928}
15:21:56.098 [DEBUG] [org.gradle.launcher.daemon.server.health.LowMemoryDaemonExpirationStrategy] Received memory status update: {Total: 16440082432, Free: 13056380928}
15:21:56.098 [DEBUG] [org.gradle.process.internal.health.memory.MemoryManager] Emitting JVM memory status event {Maximum: 1073741824, Committed: 260046848}
15:22:01.098 [DEBUG] [org.gradle.process.internal.health.memory.MemoryManager] Emitting OS memory status event {Total: 16440082432, Free: 13061062656}
15:22:01.098 [DEBUG] [org.gradle.launcher.daemon.server.health.LowMemoryDaemonExpirationStrategy] Received memory status update: {Total: 16440082432, Free: 13061062656}
15:22:01.098 [DEBUG] [org.gradle.process.internal.health.memory.MemoryManager] Emitting JVM memory status event {Maximum: 1073741824, Committed: 260046848}
15:22:03.994 [DEBUG] [org.gradle.launcher.daemon.server.Daemon] DaemonExpirationPeriodicCheck running
15:22:03.995 [DEBUG] [org.gradle.cache.internal.DefaultFileLockManager] Waiting to acquire shared lock on daemon addresses registry.
15:22:03.995 [DEBUG] [org.gradle.cache.internal.DefaultFileLockManager] Lock acquired on daemon addresses registry.
15:22:03.995 [DEBUG] [org.gradle.cache.internal.DefaultFileLockManager] Releasing lock on daemon addresses registry.
15:22:03.995 [DEBUG] [org.gradle.cache.internal.DefaultFileLockManager] Waiting to acquire shared lock on daemon addresses registry.
15:22:03.995 [DEBUG] [org.gradle.cache.internal.DefaultFileLockManager] Lock acquired on daemon addresses registry.
15:22:03.995 [DEBUG] [org.gradle.cache.internal.DefaultFileLockManager] Releasing lock on daemon addresses registry.
15:22:03.995 [DEBUG] [org.gradle.cache.internal.DefaultFileLockManager] Waiting to acquire shared lock on daemon addresses registry.
15:22:03.995 [DEBUG] [org.gradle.cache.internal.DefaultFileLockManager] Lock acquired on daemon addresses registry.
15:22:03.995 [DEBUG] [org.gradle.cache.internal.DefaultFileLockManager] Releasing lock on daemon addresses registry.
15:22:06.098 [DEBUG] [org.gradle.process.internal.health.memory.MemoryManager] Emitting OS memory status event {Total: 16440082432, Free: 13060050944}
15:22:06.098 [DEBUG] [org.gradle.launcher.daemon.server.health.LowMemoryDaemonExpirationStrategy] Received memory status update: {Total: 16440082432, Free: 13060050944}
15:22:06.098 [DEBUG] [org.gradle.process.internal.health.memory.MemoryManager] Emitting JVM memory status event {Maximum: 1073741824, Committed: 260046848}
15:22:11.098 [DEBUG] [org.gradle.process.internal.health.memory.MemoryManager] Emitting OS memory status event {Total: 16440082432, Free: 13058949120}
15:22:11.098 [DEBUG] [org.gradle.launcher.daemon.server.health.LowMemoryDaemonExpirationStrategy] Received memory status update: {Total: 16440082432, Free: 13058949120}
15:22:11.098 [DEBUG] [org.gradle.process.internal.health.memory.MemoryManager] Emitting JVM memory status event {Maximum: 1073741824, Committed: 260046848}
15:22:13.994 [DEBUG] [org.gradle.launcher.daemon.server.Daemon] DaemonExpirationPeriodicCheck running
15:22:13.995 [DEBUG] [org.gradle.cache.internal.DefaultFileLockManager] Waiting to acquire shared lock on daemon addresses registry.
15:22:13.995 [DEBUG] [org.gradle.cache.internal.DefaultFileLockManager] Lock acquired on daemon addresses registry.
15:22:13.995 [DEBUG] [org.gradle.cache.internal.DefaultFileLockManager] Releasing lock on daemon addresses registry.
15:22:13.995 [DEBUG] [org.gradle.cache.internal.DefaultFileLockManager] Waiting to acquire shared lock on daemon addresses registry.
15:22:13.995 [DEBUG] [org.gradle.cache.internal.DefaultFileLockManager] Lock acquired on daemon addresses registry.
15:22:13.995 [DEBUG] [org.gradle.cache.internal.DefaultFileLockManager] Releasing lock on daemon addresses registry.
15:22:13.995 [DEBUG] [org.gradle.cache.internal.DefaultFileLockManager] Waiting to acquire shared lock on daemon addresses registry.
15:22:13.995 [DEBUG] [org.gradle.cache.internal.DefaultFileLockManager] Lock acquired on daemon addresses registry.
15:22:13.995 [DEBUG] [org.gradle.cache.internal.DefaultFileLockManager] Releasing lock on daemon addresses registry.
15:22:16.098 [DEBUG] [org.gradle.process.internal.health.memory.MemoryManager] Emitting OS memory status event {Total: 16440082432, Free: 13060141056}
15:22:16.098 [DEBUG] [org.gradle.launcher.daemon.server.health.LowMemoryDaemonExpirationStrategy] Received memory status update: {Total: 16440082432, Free: 13060141056}
15:22:16.098 [DEBUG] [org.gradle.process.internal.health.memory.MemoryManager] Emitting JVM memory status event {Maximum: 1073741824, Committed: 260046848}
15:22:21.098 [DEBUG] [org.gradle.process.internal.health.memory.MemoryManager] Emitting OS memory status event {Total: 16440082432, Free: 13056688128}
15:22:21.098 [DEBUG] [org.gradle.launcher.daemon.server.health.LowMemoryDaemonExpirationStrategy] Received memory status update: {Total: 16440082432, Free: 13056688128}
15:22:21.098 [DEBUG] [org.gradle.process.internal.health.memory.MemoryManager] Emitting JVM memory status event {Maximum: 1073741824, Committed: 260046848}
15:22:23.994 [DEBUG] [org.gradle.launcher.daemon.server.Daemon] DaemonExpirationPeriodicCheck running
15:22:23.995 [DEBUG] [org.gradle.cache.internal.DefaultFileLockManager] Waiting to acquire shared lock on daemon addresses registry.
15:22:23.995 [DEBUG] [org.gradle.cache.internal.DefaultFileLockManager] Lock acquired on daemon addresses registry.
15:22:23.995 [DEBUG] [org.gradle.cache.internal.DefaultFileLockManager] Releasing lock on daemon addresses registry.
15:22:23.995 [DEBUG] [org.gradle.cache.internal.DefaultFileLockManager] Waiting to acquire shared lock on daemon addresses registry.
15:22:23.995 [DEBUG] [org.gradle.cache.internal.DefaultFileLockManager] Lock acquired on daemon addresses registry.
15:22:23.995 [DEBUG] [org.gradle.cache.internal.DefaultFileLockManager] Releasing lock on daemon addresses registry.
15:22:23.995 [DEBUG] [org.gradle.cache.internal.DefaultFileLockManager] Waiting to acquire shared lock on daemon addresses registry.
15:22:23.995 [DEBUG] [org.gradle.cache.internal.DefaultFileLockManager] Lock acquired on daemon addresses registry.
15:22:23.995 [DEBUG] [org.gradle.cache.internal.DefaultFileLockManager] Releasing lock on daemon addresses registry.
15:22:26.098 [DEBUG] [org.gradle.process.internal.health.memory.MemoryManager] Emitting OS memory status event {Total: 16440082432, Free: 13055520768}
15:22:26.098 [DEBUG] [org.gradle.launcher.daemon.server.health.LowMemoryDaemonExpirationStrategy] Received memory status update: {Total: 16440082432, Free: 13055520768}
15:22:26.098 [DEBUG] [org.gradle.process.internal.health.memory.MemoryManager] Emitting JVM memory status event {Maximum: 1073741824, Committed: 260046848}
15:22:31.098 [DEBUG] [org.gradle.process.internal.health.memory.MemoryManager] Emitting OS memory status event {Total: 16440082432, Free: 13017300992}
15:22:31.098 [DEBUG] [org.gradle.launcher.daemon.server.health.LowMemoryDaemonExpirationStrategy] Received memory status update: {Total: 16440082432, Free: 13017300992}
15:22:31.098 [DEBUG] [org.gradle.process.internal.health.memory.MemoryManager] Emitting JVM memory status event {Maximum: 1073741824, Committed: 260046848}
15:22:33.995 [DEBUG] [org.gradle.launcher.daemon.server.Daemon] DaemonExpirationPeriodicCheck running
15:22:33.995 [DEBUG] [org.gradle.cache.internal.DefaultFileLockManager] Waiting to acquire shared lock on daemon addresses registry.
15:22:33.995 [DEBUG] [org.gradle.cache.internal.DefaultFileLockManager] Lock acquired on daemon addresses registry.
15:22:33.995 [DEBUG] [org.gradle.cache.internal.DefaultFileLockManager] Releasing lock on daemon addresses registry.
15:22:33.995 [DEBUG] [org.gradle.cache.internal.DefaultFileLockManager] Waiting to acquire shared lock on daemon addresses registry.
15:22:33.995 [DEBUG] [org.gradle.cache.internal.DefaultFileLockManager] Lock acquired on daemon addresses registry.
15:22:33.995 [DEBUG] [org.gradle.cache.internal.DefaultFileLockManager] Releasing lock on daemon addresses registry.
15:22:33.995 [DEBUG] [org.gradle.cache.internal.DefaultFileLockManager] Waiting to acquire shared lock on daemon addresses registry.
15:22:33.995 [DEBUG] [org.gradle.cache.internal.DefaultFileLockManager] Lock acquired on daemon addresses registry.
15:22:33.995 [DEBUG] [org.gradle.cache.internal.DefaultFileLockManager] Releasing lock on daemon addresses registry.
15:22:36.098 [DEBUG] [org.gradle.process.internal.health.memory.MemoryManager] Emitting OS memory status event {Total: 16440082432, Free: 13024710656}
15:22:36.099 [DEBUG] [org.gradle.launcher.daemon.server.health.LowMemoryDaemonExpirationStrategy] Received memory status update: {Total: 16440082432, Free: 13024710656}
15:22:36.099 [DEBUG] [org.gradle.process.internal.health.memory.MemoryManager] Emitting JVM memory status event {Maximum: 1073741824, Committed: 260046848}
15:22:41.098 [DEBUG] [org.gradle.process.internal.health.memory.MemoryManager] Emitting OS memory status event {Total: 16440082432, Free: 13014949888}
15:22:41.098 [DEBUG] [org.gradle.launcher.daemon.server.health.LowMemoryDaemonExpirationStrategy] Received memory status update: {Total: 16440082432, Free: 13014949888}
15:22:41.098 [DEBUG] [org.gradle.process.internal.health.memory.MemoryManager] Emitting JVM memory status event {Maximum: 1073741824, Committed: 260046848}
15:22:43.994 [DEBUG] [org.gradle.launcher.daemon.server.Daemon] DaemonExpirationPeriodicCheck running
15:22:43.995 [DEBUG] [org.gradle.cache.internal.DefaultFileLockManager] Waiting to acquire shared lock on daemon addresses registry.
15:22:43.995 [DEBUG] [org.gradle.cache.internal.DefaultFileLockManager] Lock acquired on daemon addresses registry.
15:22:43.995 [DEBUG] [org.gradle.cache.internal.DefaultFileLockManager] Releasing lock on daemon addresses registry.
15:22:43.995 [DEBUG] [org.gradle.cache.internal.DefaultFileLockManager] Waiting to acquire shared lock on daemon addresses registry.
15:22:43.995 [DEBUG] [org.gradle.cache.internal.DefaultFileLockManager] Lock acquired on daemon addresses registry.
15:22:43.995 [DEBUG] [org.gradle.cache.internal.DefaultFileLockManager] Releasing lock on daemon addresses registry.
15:22:43.995 [DEBUG] [org.gradle.cache.internal.DefaultFileLockManager] Waiting to acquire shared lock on daemon addresses registry.
15:22:43.995 [DEBUG] [org.gradle.cache.internal.DefaultFileLockManager] Lock acquired on daemon addresses registry.
15:22:43.995 [DEBUG] [org.gradle.cache.internal.DefaultFileLockManager] Releasing lock on daemon addresses registry.
15:22:46.098 [DEBUG] [org.gradle.process.internal.health.memory.MemoryManager] Emitting OS memory status event {Total: 16440082432, Free: 13009399808}
15:22:46.098 [DEBUG] [org.gradle.launcher.daemon.server.health.LowMemoryDaemonExpirationStrategy] Received memory status update: {Total: 16440082432, Free: 13009399808}
15:22:46.098 [DEBUG] [org.gradle.process.internal.health.memory.MemoryManager] Emitting JVM memory status event {Maximum: 1073741824, Committed: 260046848}
15:22:51.098 [DEBUG] [org.gradle.process.internal.health.memory.MemoryManager] Emitting OS memory status event {Total: 16440082432, Free: 13014302720}
15:22:51.098 [DEBUG] [org.gradle.launcher.daemon.server.health.LowMemoryDaemonExpirationStrategy] Received memory status update: {Total: 16440082432, Free: 13014302720}
15:22:51.098 [DEBUG] [org.gradle.process.internal.health.memory.MemoryManager] Emitting JVM memory status event {Maximum: 1073741824, Committed: 260046848}
15:22:53.994 [DEBUG] [org.gradle.launcher.daemon.server.Daemon] DaemonExpirationPeriodicCheck running
15:22:53.995 [DEBUG] [org.gradle.cache.internal.DefaultFileLockManager] Waiting to acquire shared lock on daemon addresses registry.
15:22:53.995 [DEBUG] [org.gradle.cache.internal.DefaultFileLockManager] Lock acquired on daemon addresses registry.
15:22:53.995 [DEBUG] [org.gradle.cache.internal.DefaultFileLockManager] Releasing lock on daemon addresses registry.
15:22:53.995 [DEBUG] [org.gradle.cache.internal.DefaultFileLockManager] Waiting to acquire shared lock on daemon addresses registry.
15:22:53.995 [DEBUG] [org.gradle.cache.internal.DefaultFileLockManager] Lock acquired on daemon addresses registry.
15:22:53.995 [DEBUG] [org.gradle.cache.internal.DefaultFileLockManager] Releasing lock on daemon addresses registry.
15:22:53.995 [DEBUG] [org.gradle.cache.internal.DefaultFileLockManager] Waiting to acquire shared lock on daemon addresses registry.
15:22:53.995 [DEBUG] [org.gradle.cache.internal.DefaultFileLockManager] Lock acquired on daemon addresses registry.
15:22:53.995 [DEBUG] [org.gradle.cache.internal.DefaultFileLockManager] Releasing lock on daemon addresses registry.
15:22:56.098 [DEBUG] [org.gradle.process.internal.health.memory.MemoryManager] Emitting OS memory status event {Total: 16440082432, Free: 12589871104}
15:22:56.098 [DEBUG] [org.gradle.launcher.daemon.server.health.LowMemoryDaemonExpirationStrategy] Received memory status update: {Total: 16440082432, Free: 12589871104}
15:22:56.098 [DEBUG] [org.gradle.process.internal.health.memory.MemoryManager] Emitting JVM memory status event {Maximum: 1073741824, Committed: 260046848}
15:23:01.098 [DEBUG] [org.gradle.process.internal.health.memory.MemoryManager] Emitting OS memory status event {Total: 16440082432, Free: 12752777216}
15:23:01.098 [DEBUG] [org.gradle.launcher.daemon.server.health.LowMemoryDaemonExpirationStrategy] Received memory status update: {Total: 16440082432, Free: 12752777216}
15:23:01.098 [DEBUG] [org.gradle.process.internal.health.memory.MemoryManager] Emitting JVM memory status event {Maximum: 1073741824, Committed: 260046848}
15:23:03.995 [DEBUG] [org.gradle.launcher.daemon.server.Daemon] DaemonExpirationPeriodicCheck running
15:23:03.995 [DEBUG] [org.gradle.cache.internal.DefaultFileLockManager] Waiting to acquire shared lock on daemon addresses registry.
15:23:03.995 [DEBUG] [org.gradle.cache.internal.DefaultFileLockManager] Lock acquired on daemon addresses registry.
15:23:03.995 [DEBUG] [org.gradle.cache.internal.DefaultFileLockManager] Releasing lock on daemon addresses registry.
15:23:03.995 [DEBUG] [org.gradle.cache.internal.DefaultFileLockManager] Waiting to acquire shared lock on daemon addresses registry.
15:23:03.995 [DEBUG] [org.gradle.cache.internal.DefaultFileLockManager] Lock acquired on daemon addresses registry.
15:23:03.995 [DEBUG] [org.gradle.cache.internal.DefaultFileLockManager] Releasing lock on daemon addresses registry.
15:23:03.995 [DEBUG] [org.gradle.cache.internal.DefaultFileLockManager] Waiting to acquire shared lock on daemon addresses registry.
15:23:03.995 [DEBUG] [org.gradle.cache.internal.DefaultFileLockManager] Lock acquired on daemon addresses registry.
15:23:03.995 [DEBUG] [org.gradle.cache.internal.DefaultFileLockManager] Releasing lock on daemon addresses registry.
15:23:06.098 [DEBUG] [org.gradle.process.internal.health.memory.MemoryManager] Emitting OS memory status event {Total: 16440082432, Free: 12887883776}
15:23:06.098 [DEBUG] [org.gradle.launcher.daemon.server.health.LowMemoryDaemonExpirationStrategy] Received memory status update: {Total: 16440082432, Free: 12887883776}
15:23:06.098 [DEBUG] [org.gradle.process.internal.health.memory.MemoryManager] Emitting JVM memory status event {Maximum: 1073741824, Committed: 260046848}
15:23:11.098 [DEBUG] [org.gradle.process.internal.health.memory.MemoryManager] Emitting OS memory status event {Total: 16440082432, Free: 12980584448}
15:23:11.098 [DEBUG] [org.gradle.launcher.daemon.server.health.LowMemoryDaemonExpirationStrategy] Received memory status update: {Total: 16440082432, Free: 12980584448}
15:23:11.098 [DEBUG] [org.gradle.process.internal.health.memory.MemoryManager] Emitting JVM memory status event {Maximum: 1073741824, Committed: 260046848}
15:23:13.995 [DEBUG] [org.gradle.launcher.daemon.server.Daemon] DaemonExpirationPeriodicCheck running
15:23:13.995 [DEBUG] [org.gradle.cache.internal.DefaultFileLockManager] Waiting to acquire shared lock on daemon addresses registry.
15:23:13.995 [DEBUG] [org.gradle.cache.internal.DefaultFileLockManager] Lock acquired on daemon addresses registry.
15:23:13.995 [DEBUG] [org.gradle.cache.internal.DefaultFileLockManager] Releasing lock on daemon addresses registry.
15:23:13.995 [DEBUG] [org.gradle.cache.internal.DefaultFileLockManager] Waiting to acquire shared lock on daemon addresses registry.
15:23:13.995 [DEBUG] [org.gradle.cache.internal.DefaultFileLockManager] Lock acquired on daemon addresses registry.
15:23:13.995 [DEBUG] [org.gradle.cache.internal.DefaultFileLockManager] Releasing lock on daemon addresses registry.
15:23:13.995 [DEBUG] [org.gradle.cache.internal.DefaultFileLockManager] Waiting to acquire shared lock on daemon addresses registry.
15:23:13.995 [DEBUG] [org.gradle.cache.internal.DefaultFileLockManager] Lock acquired on daemon addresses registry.
15:23:13.995 [DEBUG] [org.gradle.cache.internal.DefaultFileLockManager] Releasing lock on daemon addresses registry.
15:23:16.098 [DEBUG] [org.gradle.process.internal.health.memory.MemoryManager] Emitting OS memory status event {Total: 16440082432, Free: 13040304128}
15:23:16.098 [DEBUG] [org.gradle.launcher.daemon.server.health.LowMemoryDaemonExpirationStrategy] Received memory status update: {Total: 16440082432, Free: 13040304128}
15:23:16.098 [DEBUG] [org.gradle.process.internal.health.memory.MemoryManager] Emitting JVM memory status event {Maximum: 1073741824, Committed: 260046848}
15:23:21.098 [DEBUG] [org.gradle.process.internal.health.memory.MemoryManager] Emitting OS memory status event {Total: 16440082432, Free: 13070708736}
15:23:21.098 [DEBUG] [org.gradle.launcher.daemon.server.health.LowMemoryDaemonExpirationStrategy] Received memory status update: {Total: 16440082432, Free: 13070708736}
15:23:21.098 [DEBUG] [org.gradle.process.internal.health.memory.MemoryManager] Emitting JVM memory status event {Maximum: 1073741824, Committed: 260046848}
15:23:23.995 [DEBUG] [org.gradle.launcher.daemon.server.Daemon] DaemonExpirationPeriodicCheck running
15:23:23.995 [DEBUG] [org.gradle.cache.internal.DefaultFileLockManager] Waiting to acquire shared lock on daemon addresses registry.
15:23:23.995 [DEBUG] [org.gradle.cache.internal.DefaultFileLockManager] Lock acquired on daemon addresses registry.
15:23:23.995 [DEBUG] [org.gradle.cache.internal.DefaultFileLockManager] Releasing lock on daemon addresses registry.
15:23:23.995 [DEBUG] [org.gradle.cache.internal.DefaultFileLockManager] Waiting to acquire shared lock on daemon addresses registry.
15:23:23.995 [DEBUG] [org.gradle.cache.internal.DefaultFileLockManager] Lock acquired on daemon addresses registry.
15:23:23.995 [DEBUG] [org.gradle.cache.internal.DefaultFileLockManager] Releasing lock on daemon addresses registry.
15:23:23.995 [DEBUG] [org.gradle.cache.internal.DefaultFileLockManager] Waiting to acquire shared lock on daemon addresses registry.
15:23:23.995 [DEBUG] [org.gradle.cache.internal.DefaultFileLockManager] Lock acquired on daemon addresses registry.
15:23:23.995 [DEBUG] [org.gradle.cache.internal.DefaultFileLockManager] Releasing lock on daemon addresses registry.
15:23:26.098 [DEBUG] [org.gradle.process.internal.health.memory.MemoryManager] Emitting OS memory status event {Total: 16440082432, Free: 13076570112}
15:23:26.098 [DEBUG] [org.gradle.launcher.daemon.server.health.LowMemoryDaemonExpirationStrategy] Received memory status update: {Total: 16440082432, Free: 13076570112}
15:23:26.098 [DEBUG] [org.gradle.process.internal.health.memory.MemoryManager] Emitting JVM memory status event {Maximum: 1073741824, Committed: 260046848}
15:23:31.098 [DEBUG] [org.gradle.process.internal.health.memory.MemoryManager] Emitting OS memory status event {Total: 16440082432, Free: 13087948800}
15:23:31.098 [DEBUG] [org.gradle.launcher.daemon.server.health.LowMemoryDaemonExpirationStrategy] Received memory status update: {Total: 16440082432, Free: 13087948800}
15:23:31.098 [DEBUG] [org.gradle.process.internal.health.memory.MemoryManager] Emitting JVM memory status event {Maximum: 1073741824, Committed: 260046848}
15:23:33.995 [DEBUG] [org.gradle.launcher.daemon.server.Daemon] DaemonExpirationPeriodicCheck running
15:23:33.995 [DEBUG] [org.gradle.cache.internal.DefaultFileLockManager] Waiting to acquire shared lock on daemon addresses registry.
15:23:33.995 [DEBUG] [org.gradle.cache.internal.DefaultFileLockManager] Lock acquired on daemon addresses registry.
15:23:33.995 [DEBUG] [org.gradle.cache.internal.DefaultFileLockManager] Releasing lock on daemon addresses registry.
15:23:33.995 [DEBUG] [org.gradle.cache.internal.DefaultFileLockManager] Waiting to acquire shared lock on daemon addresses registry.
15:23:33.995 [DEBUG] [org.gradle.cache.internal.DefaultFileLockManager] Lock acquired on daemon addresses registry.
15:23:33.995 [DEBUG] [org.gradle.cache.internal.DefaultFileLockManager] Releasing lock on daemon addresses registry.
15:23:33.995 [DEBUG] [org.gradle.cache.internal.DefaultFileLockManager] Waiting to acquire shared lock on daemon addresses registry.
15:23:33.995 [DEBUG] [org.gradle.cache.internal.DefaultFileLockManager] Lock acquired on daemon addresses registry.
15:23:33.995 [DEBUG] [org.gradle.cache.internal.DefaultFileLockManager] Releasing lock on daemon addresses registry.
15:23:36.098 [DEBUG] [org.gradle.process.internal.health.memory.MemoryManager] Emitting OS memory status event {Total: 16440082432, Free: 13087440896}
15:23:36.098 [DEBUG] [org.gradle.launcher.daemon.server.health.LowMemoryDaemonExpirationStrategy] Received memory status update: {Total: 16440082432, Free: 13087440896}
15:23:36.098 [DEBUG] [org.gradle.process.internal.health.memory.MemoryManager] Emitting JVM memory status event {Maximum: 1073741824, Committed: 260046848}
15:23:41.098 [DEBUG] [org.gradle.process.internal.health.memory.MemoryManager] Emitting OS memory status event {Total: 16440082432, Free: 13090287616}
15:23:41.098 [DEBUG] [org.gradle.launcher.daemon.server.health.LowMemoryDaemonExpirationStrategy] Received memory status update: {Total: 16440082432, Free: 13090287616}
15:23:41.098 [DEBUG] [org.gradle.process.internal.health.memory.MemoryManager] Emitting JVM memory status event {Maximum: 1073741824, Committed: 260046848}
15:23:43.995 [DEBUG] [org.gradle.launcher.daemon.server.Daemon] DaemonExpirationPeriodicCheck running
15:23:43.995 [DEBUG] [org.gradle.cache.internal.DefaultFileLockManager] Waiting to acquire shared lock on daemon addresses registry.
15:23:43.995 [DEBUG] [org.gradle.cache.internal.DefaultFileLockManager] Lock acquired on daemon addresses registry.
15:23:43.995 [DEBUG] [org.gradle.cache.internal.DefaultFileLockManager] Releasing lock on daemon addresses registry.
15:23:43.995 [DEBUG] [org.gradle.cache.internal.DefaultFileLockManager] Waiting to acquire shared lock on daemon addresses registry.
15:23:43.995 [DEBUG] [org.gradle.cache.internal.DefaultFileLockManager] Lock acquired on daemon addresses registry.
15:23:43.995 [DEBUG] [org.gradle.cache.internal.DefaultFileLockManager] Releasing lock on daemon addresses registry.
15:23:43.995 [DEBUG] [org.gradle.cache.internal.DefaultFileLockManager] Waiting to acquire shared lock on daemon addresses registry.
15:23:43.995 [DEBUG] [org.gradle.cache.internal.DefaultFileLockManager] Lock acquired on daemon addresses registry.
15:23:43.995 [DEBUG] [org.gradle.cache.internal.DefaultFileLockManager] Releasing lock on daemon addresses registry.
15:23:46.098 [DEBUG] [org.gradle.process.internal.health.memory.MemoryManager] Emitting OS memory status event {Total: 16440082432, Free: 13090463744}
15:23:46.098 [DEBUG] [org.gradle.launcher.daemon.server.health.LowMemoryDaemonExpirationStrategy] Received memory status update: {Total: 16440082432, Free: 13090463744}
15:23:46.098 [DEBUG] [org.gradle.process.internal.health.memory.MemoryManager] Emitting JVM memory status event {Maximum: 1073741824, Committed: 260046848}
15:23:51.098 [DEBUG] [org.gradle.process.internal.health.memory.MemoryManager] Emitting OS memory status event {Total: 16440082432, Free: 13089320960}
15:23:51.098 [DEBUG] [org.gradle.launcher.daemon.server.health.LowMemoryDaemonExpirationStrategy] Received memory status update: {Total: 16440082432, Free: 13089320960}
15:23:51.098 [DEBUG] [org.gradle.process.internal.health.memory.MemoryManager] Emitting JVM memory status event {Maximum: 1073741824, Committed: 260046848}
15:23:53.995 [DEBUG] [org.gradle.launcher.daemon.server.Daemon] DaemonExpirationPeriodicCheck running
15:23:53.995 [DEBUG] [org.gradle.cache.internal.DefaultFileLockManager] Waiting to acquire shared lock on daemon addresses registry.
15:23:53.995 [DEBUG] [org.gradle.cache.internal.DefaultFileLockManager] Lock acquired on daemon addresses registry.
15:23:53.995 [DEBUG] [org.gradle.cache.internal.DefaultFileLockManager] Releasing lock on daemon addresses registry.
15:23:53.995 [DEBUG] [org.gradle.cache.internal.DefaultFileLockManager] Waiting to acquire shared lock on daemon addresses registry.
15:23:53.995 [DEBUG] [org.gradle.cache.internal.DefaultFileLockManager] Lock acquired on daemon addresses registry.
15:23:53.995 [DEBUG] [org.gradle.cache.internal.DefaultFileLockManager] Releasing lock on daemon addresses registry.
15:23:53.995 [DEBUG] [org.gradle.cache.internal.DefaultFileLockManager] Waiting to acquire shared lock on daemon addresses registry.
15:23:53.995 [DEBUG] [org.gradle.cache.internal.DefaultFileLockManager] Lock acquired on daemon addresses registry.
15:23:53.995 [DEBUG] [org.gradle.cache.internal.DefaultFileLockManager] Releasing lock on daemon addresses registry.
15:23:56.098 [DEBUG] [org.gradle.process.internal.health.memory.MemoryManager] Emitting OS memory status event {Total: 16440082432, Free: 13088444416}
15:23:56.098 [DEBUG] [org.gradle.launcher.daemon.server.health.LowMemoryDaemonExpirationStrategy] Received memory status update: {Total: 16440082432, Free: 13088444416}
15:23:56.098 [DEBUG] [org.gradle.process.internal.health.memory.MemoryManager] Emitting JVM memory status event {Maximum: 1073741824, Committed: 260046848}
15:24:01.098 [DEBUG] [org.gradle.process.internal.health.memory.MemoryManager] Emitting OS memory status event {Total: 16440082432, Free: 13088587776}
15:24:01.098 [DEBUG] [org.gradle.launcher.daemon.server.health.LowMemoryDaemonExpirationStrategy] Received memory status update: {Total: 16440082432, Free: 13088587776}
15:24:01.098 [DEBUG] [org.gradle.process.internal.health.memory.MemoryManager] Emitting JVM memory status event {Maximum: 1073741824, Committed: 260046848}
15:24:03.994 [DEBUG] [org.gradle.launcher.daemon.server.Daemon] DaemonExpirationPeriodicCheck running
15:24:03.995 [DEBUG] [org.gradle.cache.internal.DefaultFileLockManager] Waiting to acquire shared lock on daemon addresses registry.
15:24:03.995 [DEBUG] [org.gradle.cache.internal.DefaultFileLockManager] Lock acquired on daemon addresses registry.
15:24:03.995 [DEBUG] [org.gradle.cache.internal.DefaultFileLockManager] Releasing lock on daemon addresses registry.
15:24:03.995 [DEBUG] [org.gradle.cache.internal.DefaultFileLockManager] Waiting to acquire shared lock on daemon addresses registry.
15:24:03.995 [DEBUG] [org.gradle.cache.internal.DefaultFileLockManager] Lock acquired on daemon addresses registry.
15:24:03.995 [DEBUG] [org.gradle.cache.internal.DefaultFileLockManager] Releasing lock on daemon addresses registry.
15:24:03.995 [DEBUG] [org.gradle.cache.internal.DefaultFileLockManager] Waiting to acquire shared lock on daemon addresses registry.
15:24:03.995 [DEBUG] [org.gradle.cache.internal.DefaultFileLockManager] Lock acquired on daemon addresses registry.
15:24:03.995 [DEBUG] [org.gradle.cache.internal.DefaultFileLockManager] Releasing lock on daemon addresses registry.
15:24:06.098 [DEBUG] [org.gradle.process.internal.health.memory.MemoryManager] Emitting OS memory status event {Total: 16440082432, Free: 13087813632}
15:24:06.098 [DEBUG] [org.gradle.launcher.daemon.server.health.LowMemoryDaemonExpirationStrategy] Received memory status update: {Total: 16440082432, Free: 13087813632}
15:24:06.098 [DEBUG] [org.gradle.process.internal.health.memory.MemoryManager] Emitting JVM memory status event {Maximum: 1073741824, Committed: 260046848}
15:24:11.098 [DEBUG] [org.gradle.process.internal.health.memory.MemoryManager] Emitting OS memory status event {Total: 16440082432, Free: 13089292288}
15:24:11.098 [DEBUG] [org.gradle.launcher.daemon.server.health.LowMemoryDaemonExpirationStrategy] Received memory status update: {Total: 16440082432, Free: 13089292288}
15:24:11.098 [DEBUG] [org.gradle.process.internal.health.memory.MemoryManager] Emitting JVM memory status event {Maximum: 1073741824, Committed: 260046848}
15:24:13.995 [DEBUG] [org.gradle.launcher.daemon.server.Daemon] DaemonExpirationPeriodicCheck running
15:24:13.995 [DEBUG] [org.gradle.cache.internal.DefaultFileLockManager] Waiting to acquire shared lock on daemon addresses registry.
15:24:13.995 [DEBUG] [org.gradle.cache.internal.DefaultFileLockManager] Lock acquired on daemon addresses registry.
15:24:13.995 [DEBUG] [org.gradle.cache.internal.DefaultFileLockManager] Releasing lock on daemon addresses registry.
15:24:13.995 [DEBUG] [org.gradle.cache.internal.DefaultFileLockManager] Waiting to acquire shared lock on daemon addresses registry.
15:24:13.995 [DEBUG] [org.gradle.cache.internal.DefaultFileLockManager] Lock acquired on daemon addresses registry.
15:24:13.995 [DEBUG] [org.gradle.cache.internal.DefaultFileLockManager] Releasing lock on daemon addresses registry.
15:24:13.995 [DEBUG] [org.gradle.cache.internal.DefaultFileLockManager] Waiting to acquire shared lock on daemon addresses registry.
15:24:13.995 [DEBUG] [org.gradle.cache.internal.DefaultFileLockManager] Lock acquired on daemon addresses registry.
15:24:13.995 [DEBUG] [org.gradle.cache.internal.DefaultFileLockManager] Releasing lock on daemon addresses registry.
15:24:16.098 [DEBUG] [org.gradle.process.internal.health.memory.MemoryManager] Emitting OS memory status event {Total: 16440082432, Free: 13087780864}
15:24:16.098 [DEBUG] [org.gradle.launcher.daemon.server.health.LowMemoryDaemonExpirationStrategy] Received memory status update: {Total: 16440082432, Free: 13087780864}
15:24:16.098 [DEBUG] [org.gradle.process.internal.health.memory.MemoryManager] Emitting JVM memory status event {Maximum: 1073741824, Committed: 260046848}
15:24:21.098 [DEBUG] [org.gradle.process.internal.health.memory.MemoryManager] Emitting OS memory status event {Total: 16440082432, Free: 13085466624}
15:24:21.098 [DEBUG] [org.gradle.launcher.daemon.server.health.LowMemoryDaemonExpirationStrategy] Received memory status update: {Total: 16440082432, Free: 13085466624}
15:24:21.098 [DEBUG] [org.gradle.process.internal.health.memory.MemoryManager] Emitting JVM memory status event {Maximum: 1073741824, Committed: 260046848}
15:24:23.995 [DEBUG] [org.gradle.launcher.daemon.server.Daemon] DaemonExpirationPeriodicCheck running
15:24:23.995 [DEBUG] [org.gradle.cache.internal.DefaultFileLockManager] Waiting to acquire shared lock on daemon addresses registry.
15:24:23.995 [DEBUG] [org.gradle.cache.internal.DefaultFileLockManager] Lock acquired on daemon addresses registry.
15:24:23.995 [DEBUG] [org.gradle.cache.internal.DefaultFileLockManager] Releasing lock on daemon addresses registry.
15:24:23.995 [DEBUG] [org.gradle.cache.internal.DefaultFileLockManager] Waiting to acquire shared lock on daemon addresses registry.
15:24:23.995 [DEBUG] [org.gradle.cache.internal.DefaultFileLockManager] Lock acquired on daemon addresses registry.
15:24:23.995 [DEBUG] [org.gradle.cache.internal.DefaultFileLockManager] Releasing lock on daemon addresses registry.
15:24:23.995 [DEBUG] [org.gradle.cache.internal.DefaultFileLockManager] Waiting to acquire shared lock on daemon addresses registry.
15:24:23.995 [DEBUG] [org.gradle.cache.internal.DefaultFileLockManager] Lock acquired on daemon addresses registry.
15:24:23.995 [DEBUG] [org.gradle.cache.internal.DefaultFileLockManager] Releasing lock on daemon addresses registry.
15:24:26.098 [DEBUG] [org.gradle.process.internal.health.memory.MemoryManager] Emitting OS memory status event {Total: 16440082432, Free: 13087600640}
15:24:26.098 [DEBUG] [org.gradle.launcher.daemon.server.health.LowMemoryDaemonExpirationStrategy] Received memory status update: {Total: 16440082432, Free: 13087600640}
15:24:26.098 [DEBUG] [org.gradle.process.internal.health.memory.MemoryManager] Emitting JVM memory status event {Maximum: 1073741824, Committed: 260046848}
15:24:31.098 [DEBUG] [org.gradle.process.internal.health.memory.MemoryManager] Emitting OS memory status event {Total: 16440082432, Free: 13056999424}
15:24:31.098 [DEBUG] [org.gradle.launcher.daemon.server.health.LowMemoryDaemonExpirationStrategy] Received memory status update: {Total: 16440082432, Free: 13056999424}
15:24:31.098 [DEBUG] [org.gradle.process.internal.health.memory.MemoryManager] Emitting JVM memory status event {Maximum: 1073741824, Committed: 260046848}
15:24:33.995 [DEBUG] [org.gradle.launcher.daemon.server.Daemon] DaemonExpirationPeriodicCheck running
15:24:33.995 [DEBUG] [org.gradle.cache.internal.DefaultFileLockManager] Waiting to acquire shared lock on daemon addresses registry.
15:24:33.995 [DEBUG] [org.gradle.cache.internal.DefaultFileLockManager] Lock acquired on daemon addresses registry.
15:24:33.995 [DEBUG] [org.gradle.cache.internal.DefaultFileLockManager] Releasing lock on daemon addresses registry.
15:24:33.995 [DEBUG] [org.gradle.cache.internal.DefaultFileLockManager] Waiting to acquire shared lock on daemon addresses registry.
15:24:33.995 [DEBUG] [org.gradle.cache.internal.DefaultFileLockManager] Lock acquired on daemon addresses registry.
15:24:33.995 [DEBUG] [org.gradle.cache.internal.DefaultFileLockManager] Releasing lock on daemon addresses registry.
15:24:33.995 [DEBUG] [org.gradle.cache.internal.DefaultFileLockManager] Waiting to acquire shared lock on daemon addresses registry.
15:24:33.995 [DEBUG] [org.gradle.cache.internal.DefaultFileLockManager] Lock acquired on daemon addresses registry.
15:24:33.995 [DEBUG] [org.gradle.cache.internal.DefaultFileLockManager] Releasing lock on daemon addresses registry.
15:24:36.098 [DEBUG] [org.gradle.process.internal.health.memory.MemoryManager] Emitting OS memory status event {Total: 16440082432, Free: 13064916992}
15:24:36.098 [DEBUG] [org.gradle.launcher.daemon.server.health.LowMemoryDaemonExpirationStrategy] Received memory status update: {Total: 16440082432, Free: 13064916992}
15:24:36.098 [DEBUG] [org.gradle.process.internal.health.memory.MemoryManager] Emitting JVM memory status event {Maximum: 1073741824, Committed: 260046848}
15:24:41.098 [DEBUG] [org.gradle.process.internal.health.memory.MemoryManager] Emitting OS memory status event {Total: 16440082432, Free: 13063876608}
15:24:41.098 [DEBUG] [org.gradle.launcher.daemon.server.health.LowMemoryDaemonExpirationStrategy] Received memory status update: {Total: 16440082432, Free: 13063876608}
15:24:41.098 [DEBUG] [org.gradle.process.internal.health.memory.MemoryManager] Emitting JVM memory status event {Maximum: 1073741824, Committed: 260046848}
15:24:43.994 [DEBUG] [org.gradle.launcher.daemon.server.Daemon] DaemonExpirationPeriodicCheck running
15:24:43.995 [DEBUG] [org.gradle.cache.internal.DefaultFileLockManager] Waiting to acquire shared lock on daemon addresses registry.
15:24:43.995 [DEBUG] [org.gradle.cache.internal.DefaultFileLockManager] Lock acquired on daemon addresses registry.
15:24:43.995 [DEBUG] [org.gradle.cache.internal.DefaultFileLockManager] Releasing lock on daemon addresses registry.
15:24:43.995 [DEBUG] [org.gradle.cache.internal.DefaultFileLockManager] Waiting to acquire shared lock on daemon addresses registry.
15:24:43.995 [DEBUG] [org.gradle.cache.internal.DefaultFileLockManager] Lock acquired on daemon addresses registry.
15:24:43.995 [DEBUG] [org.gradle.cache.internal.DefaultFileLockManager] Releasing lock on daemon addresses registry.
15:24:43.995 [DEBUG] [org.gradle.cache.internal.DefaultFileLockManager] Waiting to acquire shared lock on daemon addresses registry.
15:24:43.995 [DEBUG] [org.gradle.cache.internal.DefaultFileLockManager] Lock acquired on daemon addresses registry.
15:24:43.995 [DEBUG] [org.gradle.cache.internal.DefaultFileLockManager] Releasing lock on daemon addresses registry.
15:24:46.098 [DEBUG] [org.gradle.process.internal.health.memory.MemoryManager] Emitting OS memory status event {Total: 16440082432, Free: 13078683648}
15:24:46.098 [DEBUG] [org.gradle.launcher.daemon.server.health.LowMemoryDaemonExpirationStrategy] Received memory status update: {Total: 16440082432, Free: 13078683648}
15:24:46.098 [DEBUG] [org.gradle.process.internal.health.memory.MemoryManager] Emitting JVM memory status event {Maximum: 1073741824, Committed: 260046848}
15:24:51.098 [DEBUG] [org.gradle.process.internal.health.memory.MemoryManager] Emitting OS memory status event {Total: 16440082432, Free: 13056663552}
15:24:51.098 [DEBUG] [org.gradle.launcher.daemon.server.health.LowMemoryDaemonExpirationStrategy] Received memory status update: {Total: 16440082432, Free: 13056663552}
15:24:51.098 [DEBUG] [org.gradle.process.internal.health.memory.MemoryManager] Emitting JVM memory status event {Maximum: 1073741824, Committed: 260046848}
15:24:53.995 [DEBUG] [org.gradle.launcher.daemon.server.Daemon] DaemonExpirationPeriodicCheck running
15:24:53.995 [DEBUG] [org.gradle.cache.internal.DefaultFileLockManager] Waiting to acquire shared lock on daemon addresses registry.
15:24:53.995 [DEBUG] [org.gradle.cache.internal.DefaultFileLockManager] Lock acquired on daemon addresses registry.
15:24:53.995 [DEBUG] [org.gradle.cache.internal.DefaultFileLockManager] Releasing lock on daemon addresses registry.
15:24:53.995 [DEBUG] [org.gradle.cache.internal.DefaultFileLockManager] Waiting to acquire shared lock on daemon addresses registry.
15:24:53.995 [DEBUG] [org.gradle.cache.internal.DefaultFileLockManager] Lock acquired on daemon addresses registry.
15:24:53.995 [DEBUG] [org.gradle.cache.internal.DefaultFileLockManager] Releasing lock on daemon addresses registry.
15:24:53.995 [DEBUG] [org.gradle.cache.internal.DefaultFileLockManager] Waiting to acquire shared lock on daemon addresses registry.
15:24:53.995 [DEBUG] [org.gradle.cache.internal.DefaultFileLockManager] Lock acquired on daemon addresses registry.
15:24:53.995 [DEBUG] [org.gradle.cache.internal.DefaultFileLockManager] Releasing lock on daemon addresses registry.
15:24:56.098 [DEBUG] [org.gradle.process.internal.health.memory.MemoryManager] Emitting OS memory status event {Total: 16440082432, Free: 13060055040}
15:24:56.098 [DEBUG] [org.gradle.launcher.daemon.server.health.LowMemoryDaemonExpirationStrategy] Received memory status update: {Total: 16440082432, Free: 13060055040}
15:24:56.098 [DEBUG] [org.gradle.process.internal.health.memory.MemoryManager] Emitting JVM memory status event {Maximum: 1073741824, Committed: 260046848}
15:25:01.098 [DEBUG] [org.gradle.process.internal.health.memory.MemoryManager] Emitting OS memory status event {Total: 16440082432, Free: 13083582464}
15:25:01.098 [DEBUG] [org.gradle.launcher.daemon.server.health.LowMemoryDaemonExpirationStrategy] Received memory status update: {Total: 16440082432, Free: 13083582464}
15:25:01.098 [DEBUG] [org.gradle.process.internal.health.memory.MemoryManager] Emitting JVM memory status event {Maximum: 1073741824, Committed: 260046848}
15:25:03.994 [DEBUG] [org.gradle.launcher.daemon.server.Daemon] DaemonExpirationPeriodicCheck running
15:25:03.995 [DEBUG] [org.gradle.cache.internal.DefaultFileLockManager] Waiting to acquire shared lock on daemon addresses registry.
15:25:03.995 [DEBUG] [org.gradle.cache.internal.DefaultFileLockManager] Lock acquired on daemon addresses registry.
15:25:03.995 [DEBUG] [org.gradle.cache.internal.DefaultFileLockManager] Releasing lock on daemon addresses registry.
15:25:03.995 [DEBUG] [org.gradle.cache.internal.DefaultFileLockManager] Waiting to acquire shared lock on daemon addresses registry.
15:25:03.995 [DEBUG] [org.gradle.cache.internal.DefaultFileLockManager] Lock acquired on daemon addresses registry.
15:25:03.995 [DEBUG] [org.gradle.cache.internal.DefaultFileLockManager] Releasing lock on daemon addresses registry.
15:25:03.995 [DEBUG] [org.gradle.cache.internal.DefaultFileLockManager] Waiting to acquire shared lock on daemon addresses registry.
15:25:03.995 [DEBUG] [org.gradle.cache.internal.DefaultFileLockManager] Lock acquired on daemon addresses registry.
15:25:03.995 [DEBUG] [org.gradle.cache.internal.DefaultFileLockManager] Releasing lock on daemon addresses registry.
15:25:06.098 [DEBUG] [org.gradle.process.internal.health.memory.MemoryManager] Emitting OS memory status event {Total: 16440082432, Free: 13079068672}
15:25:06.098 [DEBUG] [org.gradle.launcher.daemon.server.health.LowMemoryDaemonExpirationStrategy] Received memory status update: {Total: 16440082432, Free: 13079068672}
15:25:06.098 [DEBUG] [org.gradle.process.internal.health.memory.MemoryManager] Emitting JVM memory status event {Maximum: 1073741824, Committed: 260046848}
15:25:11.098 [DEBUG] [org.gradle.process.internal.health.memory.MemoryManager] Emitting OS memory status event {Total: 16440082432, Free: 13085110272}
15:25:11.098 [DEBUG] [org.gradle.launcher.daemon.server.health.LowMemoryDaemonExpirationStrategy] Received memory status update: {Total: 16440082432, Free: 13085110272}
15:25:11.098 [DEBUG] [org.gradle.process.internal.health.memory.MemoryManager] Emitting JVM memory status event {Maximum: 1073741824, Committed: 260046848}
15:25:13.995 [DEBUG] [org.gradle.launcher.daemon.server.Daemon] DaemonExpirationPeriodicCheck running
15:25:13.995 [DEBUG] [org.gradle.cache.internal.DefaultFileLockManager] Waiting to acquire shared lock on daemon addresses registry.
15:25:13.995 [DEBUG] [org.gradle.cache.internal.DefaultFileLockManager] Lock acquired on daemon addresses registry.
15:25:13.995 [DEBUG] [org.gradle.cache.internal.DefaultFileLockManager] Releasing lock on daemon addresses registry.
15:25:13.995 [DEBUG] [org.gradle.cache.internal.DefaultFileLockManager] Waiting to acquire shared lock on daemon addresses registry.
15:25:13.995 [DEBUG] [org.gradle.cache.internal.DefaultFileLockManager] Lock acquired on daemon addresses registry.
15:25:13.995 [DEBUG] [org.gradle.cache.internal.DefaultFileLockManager] Releasing lock on daemon addresses registry.
15:25:13.995 [DEBUG] [org.gradle.cache.internal.DefaultFileLockManager] Waiting to acquire shared lock on daemon addresses registry.
15:25:13.995 [DEBUG] [org.gradle.cache.internal.DefaultFileLockManager] Lock acquired on daemon addresses registry.
15:25:13.995 [DEBUG] [org.gradle.cache.internal.DefaultFileLockManager] Releasing lock on daemon addresses registry.
15:25:16.098 [DEBUG] [org.gradle.process.internal.health.memory.MemoryManager] Emitting OS memory status event {Total: 16440082432, Free: 13085126656}
15:25:16.098 [DEBUG] [org.gradle.launcher.daemon.server.health.LowMemoryDaemonExpirationStrategy] Received memory status update: {Total: 16440082432, Free: 13085126656}
15:25:16.098 [DEBUG] [org.gradle.process.internal.health.memory.MemoryManager] Emitting JVM memory status event {Maximum: 1073741824, Committed: 260046848}
15:25:21.098 [DEBUG] [org.gradle.process.internal.health.memory.MemoryManager] Emitting OS memory status event {Total: 16440082432, Free: 13078904832}
15:25:21.098 [DEBUG] [org.gradle.launcher.daemon.server.health.LowMemoryDaemonExpirationStrategy] Received memory status update: {Total: 16440082432, Free: 13078904832}
15:25:21.098 [DEBUG] [org.gradle.process.internal.health.memory.MemoryManager] Emitting JVM memory status event {Maximum: 1073741824, Committed: 260046848}
15:25:23.995 [DEBUG] [org.gradle.launcher.daemon.server.Daemon] DaemonExpirationPeriodicCheck running
15:25:23.995 [DEBUG] [org.gradle.cache.internal.DefaultFileLockManager] Waiting to acquire shared lock on daemon addresses registry.
15:25:23.995 [DEBUG] [org.gradle.cache.internal.DefaultFileLockManager] Lock acquired on daemon addresses registry.
15:25:23.995 [DEBUG] [org.gradle.cache.internal.DefaultFileLockManager] Releasing lock on daemon addresses registry.
15:25:23.995 [DEBUG] [org.gradle.cache.internal.DefaultFileLockManager] Waiting to acquire shared lock on daemon addresses registry.
15:25:23.995 [DEBUG] [org.gradle.cache.internal.DefaultFileLockManager] Lock acquired on daemon addresses registry.
15:25:23.995 [DEBUG] [org.gradle.cache.internal.DefaultFileLockManager] Releasing lock on daemon addresses registry.
15:25:23.995 [DEBUG] [org.gradle.cache.internal.DefaultFileLockManager] Waiting to acquire shared lock on daemon addresses registry.
15:25:23.995 [DEBUG] [org.gradle.cache.internal.DefaultFileLockManager] Lock acquired on daemon addresses registry.
15:25:23.995 [DEBUG] [org.gradle.cache.internal.DefaultFileLockManager] Releasing lock on daemon addresses registry.
15:25:26.098 [DEBUG] [org.gradle.process.internal.health.memory.MemoryManager] Emitting OS memory status event {Total: 16440082432, Free: 13085278208}
15:25:26.098 [DEBUG] [org.gradle.launcher.daemon.server.health.LowMemoryDaemonExpirationStrategy] Received memory status update: {Total: 16440082432, Free: 13085278208}
15:25:26.098 [DEBUG] [org.gradle.process.internal.health.memory.MemoryManager] Emitting JVM memory status event {Maximum: 1073741824, Committed: 260046848}
15:25:31.098 [DEBUG] [org.gradle.process.internal.health.memory.MemoryManager] Emitting OS memory status event {Total: 16440082432, Free: 13085278208}
15:25:31.098 [DEBUG] [org.gradle.launcher.daemon.server.health.LowMemoryDaemonExpirationStrategy] Received memory status update: {Total: 16440082432, Free: 13085278208}
15:25:31.098 [DEBUG] [org.gradle.process.internal.health.memory.MemoryManager] Emitting JVM memory status event {Maximum: 1073741824, Committed: 260046848}
15:25:33.995 [DEBUG] [org.gradle.launcher.daemon.server.Daemon] DaemonExpirationPeriodicCheck running
15:25:33.995 [DEBUG] [org.gradle.cache.internal.DefaultFileLockManager] Waiting to acquire shared lock on daemon addresses registry.
15:25:33.995 [DEBUG] [org.gradle.cache.internal.DefaultFileLockManager] Lock acquired on daemon addresses registry.
15:25:33.995 [DEBUG] [org.gradle.cache.internal.DefaultFileLockManager] Releasing lock on daemon addresses registry.
15:25:33.995 [DEBUG] [org.gradle.cache.internal.DefaultFileLockManager] Waiting to acquire shared lock on daemon addresses registry.
15:25:33.995 [DEBUG] [org.gradle.cache.internal.DefaultFileLockManager] Lock acquired on daemon addresses registry.
15:25:33.995 [DEBUG] [org.gradle.cache.internal.DefaultFileLockManager] Releasing lock on daemon addresses registry.
15:25:33.995 [DEBUG] [org.gradle.cache.internal.DefaultFileLockManager] Waiting to acquire shared lock on daemon addresses registry.
15:25:33.995 [DEBUG] [org.gradle.cache.internal.DefaultFileLockManager] Lock acquired on daemon addresses registry.
15:25:33.995 [DEBUG] [org.gradle.cache.internal.DefaultFileLockManager] Releasing lock on daemon addresses registry.
15:25:36.098 [DEBUG] [org.gradle.process.internal.health.memory.MemoryManager] Emitting OS memory status event {Total: 16440082432, Free: 13084786688}
15:25:36.098 [DEBUG] [org.gradle.launcher.daemon.server.health.LowMemoryDaemonExpirationStrategy] Received memory status update: {Total: 16440082432, Free: 13084786688}
15:25:36.098 [DEBUG] [org.gradle.process.internal.health.memory.MemoryManager] Emitting JVM memory status event {Maximum: 1073741824, Committed: 260046848}
15:25:41.098 [DEBUG] [org.gradle.process.internal.health.memory.MemoryManager] Emitting OS memory status event {Total: 16440082432, Free: 13084786688}
15:25:41.098 [DEBUG] [org.gradle.launcher.daemon.server.health.LowMemoryDaemonExpirationStrategy] Received memory status update: {Total: 16440082432, Free: 13084786688}
15:25:41.098 [DEBUG] [org.gradle.process.internal.health.memory.MemoryManager] Emitting JVM memory status event {Maximum: 1073741824, Committed: 260046848}
15:25:43.994 [DEBUG] [org.gradle.launcher.daemon.server.Daemon] DaemonExpirationPeriodicCheck running
15:25:43.995 [DEBUG] [org.gradle.cache.internal.DefaultFileLockManager] Waiting to acquire shared lock on daemon addresses registry.
15:25:43.995 [DEBUG] [org.gradle.cache.internal.DefaultFileLockManager] Lock acquired on daemon addresses registry.
15:25:43.995 [DEBUG] [org.gradle.cache.internal.DefaultFileLockManager] Releasing lock on daemon addresses registry.
15:25:43.995 [DEBUG] [org.gradle.cache.internal.DefaultFileLockManager] Waiting to acquire shared lock on daemon addresses registry.
15:25:43.995 [DEBUG] [org.gradle.cache.internal.DefaultFileLockManager] Lock acquired on daemon addresses registry.
15:25:43.995 [DEBUG] [org.gradle.cache.internal.DefaultFileLockManager] Releasing lock on daemon addresses registry.
15:25:43.995 [DEBUG] [org.gradle.cache.internal.DefaultFileLockManager] Waiting to acquire shared lock on daemon addresses registry.
15:25:43.995 [DEBUG] [org.gradle.cache.internal.DefaultFileLockManager] Lock acquired on daemon addresses registry.
15:25:43.995 [DEBUG] [org.gradle.cache.internal.DefaultFileLockManager] Releasing lock on daemon addresses registry.
15:25:46.098 [DEBUG] [org.gradle.process.internal.health.memory.MemoryManager] Emitting OS memory status event {Total: 16440082432, Free: 13084811264}
15:25:46.098 [DEBUG] [org.gradle.launcher.daemon.server.health.LowMemoryDaemonExpirationStrategy] Received memory status update: {Total: 16440082432, Free: 13084811264}
15:25:46.098 [DEBUG] [org.gradle.process.internal.health.memory.MemoryManager] Emitting JVM memory status event {Maximum: 1073741824, Committed: 260046848}
15:25:51.098 [DEBUG] [org.gradle.process.internal.health.memory.MemoryManager] Emitting OS memory status event {Total: 16440082432, Free: 13085986816}
15:25:51.098 [DEBUG] [org.gradle.launcher.daemon.server.health.LowMemoryDaemonExpirationStrategy] Received memory status update: {Total: 16440082432, Free: 13085986816}
15:25:51.098 [DEBUG] [org.gradle.process.internal.health.memory.MemoryManager] Emitting JVM memory status event {Maximum: 1073741824, Committed: 260046848}
15:25:53.994 [DEBUG] [org.gradle.launcher.daemon.server.Daemon] DaemonExpirationPeriodicCheck running
15:25:53.995 [DEBUG] [org.gradle.cache.internal.DefaultFileLockManager] Waiting to acquire shared lock on daemon addresses registry.
15:25:53.995 [DEBUG] [org.gradle.cache.internal.DefaultFileLockManager] Lock acquired on daemon addresses registry.
15:25:53.995 [DEBUG] [org.gradle.cache.internal.DefaultFileLockManager] Releasing lock on daemon addresses registry.
15:25:53.995 [DEBUG] [org.gradle.cache.internal.DefaultFileLockManager] Waiting to acquire shared lock on daemon addresses registry.
15:25:53.995 [DEBUG] [org.gradle.cache.internal.DefaultFileLockManager] Lock acquired on daemon addresses registry.
15:25:53.995 [DEBUG] [org.gradle.cache.internal.DefaultFileLockManager] Releasing lock on daemon addresses registry.
15:25:53.995 [DEBUG] [org.gradle.cache.internal.DefaultFileLockManager] Waiting to acquire shared lock on daemon addresses registry.
15:25:53.995 [DEBUG] [org.gradle.cache.internal.DefaultFileLockManager] Lock acquired on daemon addresses registry.
15:25:53.995 [DEBUG] [org.gradle.cache.internal.DefaultFileLockManager] Releasing lock on daemon addresses registry.
15:25:56.098 [DEBUG] [org.gradle.process.internal.health.memory.MemoryManager] Emitting OS memory status event {Total: 16440082432, Free: 13086113792}
15:25:56.098 [DEBUG] [org.gradle.launcher.daemon.server.health.LowMemoryDaemonExpirationStrategy] Received memory status update: {Total: 16440082432, Free: 13086113792}
15:25:56.098 [DEBUG] [org.gradle.process.internal.health.memory.MemoryManager] Emitting JVM memory status event {Maximum: 1073741824, Committed: 260046848}
15:26:01.098 [DEBUG] [org.gradle.process.internal.health.memory.MemoryManager] Emitting OS memory status event {Total: 16440082432, Free: 13086142464}
15:26:01.098 [DEBUG] [org.gradle.launcher.daemon.server.health.LowMemoryDaemonExpirationStrategy] Received memory status update: {Total: 16440082432, Free: 13086142464}
15:26:01.098 [DEBUG] [org.gradle.process.internal.health.memory.MemoryManager] Emitting JVM memory status event {Maximum: 1073741824, Committed: 260046848}
15:26:03.995 [DEBUG] [org.gradle.launcher.daemon.server.Daemon] DaemonExpirationPeriodicCheck running
15:26:03.995 [DEBUG] [org.gradle.cache.internal.DefaultFileLockManager] Waiting to acquire shared lock on daemon addresses registry.
15:26:03.995 [DEBUG] [org.gradle.cache.internal.DefaultFileLockManager] Lock acquired on daemon addresses registry.
15:26:03.995 [DEBUG] [org.gradle.cache.internal.DefaultFileLockManager] Releasing lock on daemon addresses registry.
15:26:03.995 [DEBUG] [org.gradle.cache.internal.DefaultFileLockManager] Waiting to acquire shared lock on daemon addresses registry.
15:26:03.995 [DEBUG] [org.gradle.cache.internal.DefaultFileLockManager] Lock acquired on daemon addresses registry.
15:26:03.995 [DEBUG] [org.gradle.cache.internal.DefaultFileLockManager] Releasing lock on daemon addresses registry.
15:26:03.995 [DEBUG] [org.gradle.cache.internal.DefaultFileLockManager] Waiting to acquire shared lock on daemon addresses registry.
15:26:03.995 [DEBUG] [org.gradle.cache.internal.DefaultFileLockManager] Lock acquired on daemon addresses registry.
15:26:03.995 [DEBUG] [org.gradle.cache.internal.DefaultFileLockManager] Releasing lock on daemon addresses registry.
15:26:06.098 [DEBUG] [org.gradle.process.internal.health.memory.MemoryManager] Emitting OS memory status event {Total: 16440082432, Free: 13086167040}
15:26:06.098 [DEBUG] [org.gradle.launcher.daemon.server.health.LowMemoryDaemonExpirationStrategy] Received memory status update: {Total: 16440082432, Free: 13086167040}
15:26:06.098 [DEBUG] [org.gradle.process.internal.health.memory.MemoryManager] Emitting JVM memory status event {Maximum: 1073741824, Committed: 260046848}
15:26:11.098 [DEBUG] [org.gradle.process.internal.health.memory.MemoryManager] Emitting OS memory status event {Total: 16440082432, Free: 13085921280}
15:26:11.098 [DEBUG] [org.gradle.launcher.daemon.server.health.LowMemoryDaemonExpirationStrategy] Received memory status update: {Total: 16440082432, Free: 13085921280}
15:26:11.098 [DEBUG] [org.gradle.process.internal.health.memory.MemoryManager] Emitting JVM memory status event {Maximum: 1073741824, Committed: 260046848}
15:26:13.995 [DEBUG] [org.gradle.launcher.daemon.server.Daemon] DaemonExpirationPeriodicCheck running
15:26:13.995 [DEBUG] [org.gradle.cache.internal.DefaultFileLockManager] Waiting to acquire shared lock on daemon addresses registry.
15:26:13.995 [DEBUG] [org.gradle.cache.internal.DefaultFileLockManager] Lock acquired on daemon addresses registry.
15:26:13.995 [DEBUG] [org.gradle.cache.internal.DefaultFileLockManager] Releasing lock on daemon addresses registry.
15:26:13.995 [DEBUG] [org.gradle.cache.internal.DefaultFileLockManager] Waiting to acquire shared lock on daemon addresses registry.
15:26:13.995 [DEBUG] [org.gradle.cache.internal.DefaultFileLockManager] Lock acquired on daemon addresses registry.
15:26:13.995 [DEBUG] [org.gradle.cache.internal.DefaultFileLockManager] Releasing lock on daemon addresses registry.
15:26:13.995 [DEBUG] [org.gradle.cache.internal.DefaultFileLockManager] Waiting to acquire shared lock on daemon addresses registry.
15:26:13.995 [DEBUG] [org.gradle.cache.internal.DefaultFileLockManager] Lock acquired on daemon addresses registry.
15:26:13.995 [DEBUG] [org.gradle.cache.internal.DefaultFileLockManager] Releasing lock on daemon addresses registry.
15:26:16.098 [DEBUG] [org.gradle.process.internal.health.memory.MemoryManager] Emitting OS memory status event {Total: 16440082432, Free: 13085921280}
15:26:16.098 [DEBUG] [org.gradle.launcher.daemon.server.health.LowMemoryDaemonExpirationStrategy] Received memory status update: {Total: 16440082432, Free: 13085921280}
15:26:16.098 [DEBUG] [org.gradle.process.internal.health.memory.MemoryManager] Emitting JVM memory status event {Maximum: 1073741824, Committed: 260046848}
15:26:21.098 [DEBUG] [org.gradle.process.internal.health.memory.MemoryManager] Emitting OS memory status event {Total: 16440082432, Free: 13092110336}
15:26:21.098 [DEBUG] [org.gradle.launcher.daemon.server.health.LowMemoryDaemonExpirationStrategy] Received memory status update: {Total: 16440082432, Free: 13092110336}
15:26:21.098 [DEBUG] [org.gradle.process.internal.health.memory.MemoryManager] Emitting JVM memory status event {Maximum: 1073741824, Committed: 260046848}
15:26:23.995 [DEBUG] [org.gradle.launcher.daemon.server.Daemon] DaemonExpirationPeriodicCheck running
15:26:23.995 [DEBUG] [org.gradle.cache.internal.DefaultFileLockManager] Waiting to acquire shared lock on daemon addresses registry.
15:26:23.995 [DEBUG] [org.gradle.cache.internal.DefaultFileLockManager] Lock acquired on daemon addresses registry.
15:26:23.995 [DEBUG] [org.gradle.cache.internal.DefaultFileLockManager] Releasing lock on daemon addresses registry.
15:26:23.995 [DEBUG] [org.gradle.cache.internal.DefaultFileLockManager] Waiting to acquire shared lock on daemon addresses registry.
15:26:23.995 [DEBUG] [org.gradle.cache.internal.DefaultFileLockManager] Lock acquired on daemon addresses registry.
15:26:23.995 [DEBUG] [org.gradle.cache.internal.DefaultFileLockManager] Releasing lock on daemon addresses registry.
15:26:23.995 [DEBUG] [org.gradle.cache.internal.DefaultFileLockManager] Waiting to acquire shared lock on daemon addresses registry.
15:26:23.995 [DEBUG] [org.gradle.cache.internal.DefaultFileLockManager] Lock acquired on daemon addresses registry.
15:26:23.995 [DEBUG] [org.gradle.cache.internal.DefaultFileLockManager] Releasing lock on daemon addresses registry.
15:26:26.098 [DEBUG] [org.gradle.process.internal.health.memory.MemoryManager] Emitting OS memory status event {Total: 16440082432, Free: 13092233216}
15:26:26.098 [DEBUG] [org.gradle.launcher.daemon.server.health.LowMemoryDaemonExpirationStrategy] Received memory status update: {Total: 16440082432, Free: 13092233216}
15:26:26.098 [DEBUG] [org.gradle.process.internal.health.memory.MemoryManager] Emitting JVM memory status event {Maximum: 1073741824, Committed: 260046848}
15:26:31.098 [DEBUG] [org.gradle.process.internal.health.memory.MemoryManager] Emitting OS memory status event {Total: 16440082432, Free: 13092233216}
15:26:31.098 [DEBUG] [org.gradle.launcher.daemon.server.health.LowMemoryDaemonExpirationStrategy] Received memory status update: {Total: 16440082432, Free: 13092233216}
15:26:31.098 [DEBUG] [org.gradle.process.internal.health.memory.MemoryManager] Emitting JVM memory status event {Maximum: 1073741824, Committed: 260046848}
15:26:33.995 [DEBUG] [org.gradle.launcher.daemon.server.Daemon] DaemonExpirationPeriodicCheck running
15:26:33.995 [DEBUG] [org.gradle.cache.internal.DefaultFileLockManager] Waiting to acquire shared lock on daemon addresses registry.
15:26:33.995 [DEBUG] [org.gradle.cache.internal.DefaultFileLockManager] Lock acquired on daemon addresses registry.
15:26:33.995 [DEBUG] [org.gradle.cache.internal.DefaultFileLockManager] Releasing lock on daemon addresses registry.
15:26:33.995 [DEBUG] [org.gradle.cache.internal.DefaultFileLockManager] Waiting to acquire shared lock on daemon addresses registry.
15:26:33.995 [DEBUG] [org.gradle.cache.internal.DefaultFileLockManager] Lock acquired on daemon addresses registry.
15:26:33.995 [DEBUG] [org.gradle.cache.internal.DefaultFileLockManager] Releasing lock on daemon addresses registry.
15:26:33.995 [DEBUG] [org.gradle.cache.internal.DefaultFileLockManager] Waiting to acquire shared lock on daemon addresses registry.
15:26:33.995 [DEBUG] [org.gradle.cache.internal.DefaultFileLockManager] Lock acquired on daemon addresses registry.
15:26:33.995 [DEBUG] [org.gradle.cache.internal.DefaultFileLockManager] Releasing lock on daemon addresses registry.
15:26:36.098 [DEBUG] [org.gradle.process.internal.health.memory.MemoryManager] Emitting OS memory status event {Total: 16440082432, Free: 13092052992}
15:26:36.098 [DEBUG] [org.gradle.launcher.daemon.server.health.LowMemoryDaemonExpirationStrategy] Received memory status update: {Total: 16440082432, Free: 13092052992}
15:26:36.098 [DEBUG] [org.gradle.process.internal.health.memory.MemoryManager] Emitting JVM memory status event {Maximum: 1073741824, Committed: 260046848}
15:26:41.098 [DEBUG] [org.gradle.process.internal.health.memory.MemoryManager] Emitting OS memory status event {Total: 16440082432, Free: 13092278272}
15:26:41.098 [DEBUG] [org.gradle.launcher.daemon.server.health.LowMemoryDaemonExpirationStrategy] Received memory status update: {Total: 16440082432, Free: 13092278272}
15:26:41.098 [DEBUG] [org.gradle.process.internal.health.memory.MemoryManager] Emitting JVM memory status event {Maximum: 1073741824, Committed: 260046848}
15:26:43.995 [DEBUG] [org.gradle.launcher.daemon.server.Daemon] DaemonExpirationPeriodicCheck running
15:26:43.995 [DEBUG] [org.gradle.cache.internal.DefaultFileLockManager] Waiting to acquire shared lock on daemon addresses registry.
15:26:43.995 [DEBUG] [org.gradle.cache.internal.DefaultFileLockManager] Lock acquired on daemon addresses registry.
15:26:43.995 [DEBUG] [org.gradle.cache.internal.DefaultFileLockManager] Releasing lock on daemon addresses registry.
15:26:43.995 [DEBUG] [org.gradle.cache.internal.DefaultFileLockManager] Waiting to acquire shared lock on daemon addresses registry.
15:26:43.995 [DEBUG] [org.gradle.cache.internal.DefaultFileLockManager] Lock acquired on daemon addresses registry.
15:26:43.995 [DEBUG] [org.gradle.cache.internal.DefaultFileLockManager] Releasing lock on daemon addresses registry.
15:26:43.995 [DEBUG] [org.gradle.cache.internal.DefaultFileLockManager] Waiting to acquire shared lock on daemon addresses registry.
15:26:43.995 [DEBUG] [org.gradle.cache.internal.DefaultFileLockManager] Lock acquired on daemon addresses registry.
15:26:43.995 [DEBUG] [org.gradle.cache.internal.DefaultFileLockManager] Releasing lock on daemon addresses registry.
15:26:46.098 [DEBUG] [org.gradle.process.internal.health.memory.MemoryManager] Emitting OS memory status event {Total: 16440082432, Free: 13092286464}
15:26:46.098 [DEBUG] [org.gradle.launcher.daemon.server.health.LowMemoryDaemonExpirationStrategy] Received memory status update: {Total: 16440082432, Free: 13092286464}
15:26:46.098 [DEBUG] [org.gradle.process.internal.health.memory.MemoryManager] Emitting JVM memory status event {Maximum: 1073741824, Committed: 260046848}
15:26:51.098 [DEBUG] [org.gradle.process.internal.health.memory.MemoryManager] Emitting OS memory status event {Total: 16440082432, Free: 13092061184}
15:26:51.098 [DEBUG] [org.gradle.launcher.daemon.server.health.LowMemoryDaemonExpirationStrategy] Received memory status update: {Total: 16440082432, Free: 13092061184}
15:26:51.098 [DEBUG] [org.gradle.process.internal.health.memory.MemoryManager] Emitting JVM memory status event {Maximum: 1073741824, Committed: 260046848}
15:26:53.995 [DEBUG] [org.gradle.launcher.daemon.server.Daemon] DaemonExpirationPeriodicCheck running
15:26:53.995 [DEBUG] [org.gradle.cache.internal.DefaultFileLockManager] Waiting to acquire shared lock on daemon addresses registry.
15:26:53.995 [DEBUG] [org.gradle.cache.internal.DefaultFileLockManager] Lock acquired on daemon addresses registry.
15:26:53.995 [DEBUG] [org.gradle.cache.internal.DefaultFileLockManager] Releasing lock on daemon addresses registry.
15:26:53.995 [DEBUG] [org.gradle.cache.internal.DefaultFileLockManager] Waiting to acquire shared lock on daemon addresses registry.
15:26:53.995 [DEBUG] [org.gradle.cache.internal.DefaultFileLockManager] Lock acquired on daemon addresses registry.
15:26:53.995 [DEBUG] [org.gradle.cache.internal.DefaultFileLockManager] Releasing lock on daemon addresses registry.
15:26:53.995 [DEBUG] [org.gradle.cache.internal.DefaultFileLockManager] Waiting to acquire shared lock on daemon addresses registry.
15:26:53.995 [DEBUG] [org.gradle.cache.internal.DefaultFileLockManager] Lock acquired on daemon addresses registry.
15:26:53.995 [DEBUG] [org.gradle.cache.internal.DefaultFileLockManager] Releasing lock on daemon addresses registry.
15:26:56.098 [DEBUG] [org.gradle.process.internal.health.memory.MemoryManager] Emitting OS memory status event {Total: 16440082432, Free: 13092061184}
15:26:56.098 [DEBUG] [org.gradle.launcher.daemon.server.health.LowMemoryDaemonExpirationStrategy] Received memory status update: {Total: 16440082432, Free: 13092061184}
15:26:56.098 [DEBUG] [org.gradle.process.internal.health.memory.MemoryManager] Emitting JVM memory status event {Maximum: 1073741824, Committed: 260046848}
15:27:01.098 [DEBUG] [org.gradle.process.internal.health.memory.MemoryManager] Emitting OS memory status event {Total: 16440082432, Free: 13092069376}
15:27:01.098 [DEBUG] [org.gradle.launcher.daemon.server.health.LowMemoryDaemonExpirationStrategy] Received memory status update: {Total: 16440082432, Free: 13092069376}
15:27:01.098 [DEBUG] [org.gradle.process.internal.health.memory.MemoryManager] Emitting JVM memory status event {Maximum: 1073741824, Committed: 260046848}
15:27:03.995 [DEBUG] [org.gradle.launcher.daemon.server.Daemon] DaemonExpirationPeriodicCheck running
15:27:03.995 [DEBUG] [org.gradle.cache.internal.DefaultFileLockManager] Waiting to acquire shared lock on daemon addresses registry.
15:27:03.995 [DEBUG] [org.gradle.cache.internal.DefaultFileLockManager] Lock acquired on daemon addresses registry.
15:27:03.995 [DEBUG] [org.gradle.cache.internal.DefaultFileLockManager] Releasing lock on daemon addresses registry.
15:27:03.995 [DEBUG] [org.gradle.cache.internal.DefaultFileLockManager] Waiting to acquire shared lock on daemon addresses registry.
15:27:03.995 [DEBUG] [org.gradle.cache.internal.DefaultFileLockManager] Lock acquired on daemon addresses registry.
15:27:03.995 [DEBUG] [org.gradle.cache.internal.DefaultFileLockManager] Releasing lock on daemon addresses registry.
15:27:03.995 [DEBUG] [org.gradle.cache.internal.DefaultFileLockManager] Waiting to acquire shared lock on daemon addresses registry.
15:27:03.995 [DEBUG] [org.gradle.cache.internal.DefaultFileLockManager] Lock acquired on daemon addresses registry.
15:27:03.995 [DEBUG] [org.gradle.cache.internal.DefaultFileLockManager] Releasing lock on daemon addresses registry.
15:27:06.098 [DEBUG] [org.gradle.process.internal.health.memory.MemoryManager] Emitting OS memory status event {Total: 16440082432, Free: 13092102144}
15:27:06.098 [DEBUG] [org.gradle.launcher.daemon.server.health.LowMemoryDaemonExpirationStrategy] Received memory status update: {Total: 16440082432, Free: 13092102144}
15:27:06.098 [DEBUG] [org.gradle.process.internal.health.memory.MemoryManager] Emitting JVM memory status event {Maximum: 1073741824, Committed: 260046848}
15:27:11.098 [DEBUG] [org.gradle.process.internal.health.memory.MemoryManager] Emitting OS memory status event {Total: 16440082432, Free: 13092114432}
15:27:11.098 [DEBUG] [org.gradle.launcher.daemon.server.health.LowMemoryDaemonExpirationStrategy] Received memory status update: {Total: 16440082432, Free: 13092114432}
15:27:11.098 [DEBUG] [org.gradle.process.internal.health.memory.MemoryManager] Emitting JVM memory status event {Maximum: 1073741824, Committed: 260046848}
15:27:13.995 [DEBUG] [org.gradle.launcher.daemon.server.Daemon] DaemonExpirationPeriodicCheck running
15:27:13.995 [DEBUG] [org.gradle.cache.internal.DefaultFileLockManager] Waiting to acquire shared lock on daemon addresses registry.
15:27:13.995 [DEBUG] [org.gradle.cache.internal.DefaultFileLockManager] Lock acquired on daemon addresses registry.
15:27:13.995 [DEBUG] [org.gradle.cache.internal.DefaultFileLockManager] Releasing lock on daemon addresses registry.
15:27:13.995 [DEBUG] [org.gradle.cache.internal.DefaultFileLockManager] Waiting to acquire shared lock on daemon addresses registry.
15:27:13.995 [DEBUG] [org.gradle.cache.internal.DefaultFileLockManager] Lock acquired on daemon addresses registry.
15:27:13.995 [DEBUG] [org.gradle.cache.internal.DefaultFileLockManager] Releasing lock on daemon addresses registry.
15:27:13.995 [DEBUG] [org.gradle.cache.internal.DefaultFileLockManager] Waiting to acquire shared lock on daemon addresses registry.
15:27:13.995 [DEBUG] [org.gradle.cache.internal.DefaultFileLockManager] Lock acquired on daemon addresses registry.
15:27:13.995 [DEBUG] [org.gradle.cache.internal.DefaultFileLockManager] Releasing lock on daemon addresses registry.
15:27:16.098 [DEBUG] [org.gradle.process.internal.health.memory.MemoryManager] Emitting OS memory status event {Total: 16440082432, Free: 13091377152}
15:27:16.098 [DEBUG] [org.gradle.launcher.daemon.server.health.LowMemoryDaemonExpirationStrategy] Received memory status update: {Total: 16440082432, Free: 13091377152}
15:27:16.098 [DEBUG] [org.gradle.process.internal.health.memory.MemoryManager] Emitting JVM memory status event {Maximum: 1073741824, Committed: 260046848}
15:27:21.098 [DEBUG] [org.gradle.process.internal.health.memory.MemoryManager] Emitting OS memory status event {Total: 16440082432, Free: 13087784960}
15:27:21.098 [DEBUG] [org.gradle.launcher.daemon.server.health.LowMemoryDaemonExpirationStrategy] Received memory status update: {Total: 16440082432, Free: 13087784960}
15:27:21.098 [DEBUG] [org.gradle.process.internal.health.memory.MemoryManager] Emitting JVM memory status event {Maximum: 1073741824, Committed: 260046848}
15:27:23.994 [DEBUG] [org.gradle.launcher.daemon.server.Daemon] DaemonExpirationPeriodicCheck running
15:27:23.995 [DEBUG] [org.gradle.cache.internal.DefaultFileLockManager] Waiting to acquire shared lock on daemon addresses registry.
15:27:23.995 [DEBUG] [org.gradle.cache.internal.DefaultFileLockManager] Lock acquired on daemon addresses registry.
15:27:23.995 [DEBUG] [org.gradle.cache.internal.DefaultFileLockManager] Releasing lock on daemon addresses registry.
15:27:23.995 [DEBUG] [org.gradle.cache.internal.DefaultFileLockManager] Waiting to acquire shared lock on daemon addresses registry.
15:27:23.995 [DEBUG] [org.gradle.cache.internal.DefaultFileLockManager] Lock acquired on daemon addresses registry.
15:27:23.995 [DEBUG] [org.gradle.cache.internal.DefaultFileLockManager] Releasing lock on daemon addresses registry.
15:27:23.995 [DEBUG] [org.gradle.cache.internal.DefaultFileLockManager] Waiting to acquire shared lock on daemon addresses registry.
15:27:23.995 [DEBUG] [org.gradle.cache.internal.DefaultFileLockManager] Lock acquired on daemon addresses registry.
15:27:23.995 [DEBUG] [org.gradle.cache.internal.DefaultFileLockManager] Releasing lock on daemon addresses registry.
15:27:26.098 [DEBUG] [org.gradle.process.internal.health.memory.MemoryManager] Emitting OS memory status event {Total: 16440082432, Free: 13104300032}
15:27:26.098 [DEBUG] [org.gradle.launcher.daemon.server.health.LowMemoryDaemonExpirationStrategy] Received memory status update: {Total: 16440082432, Free: 13104300032}
15:27:26.098 [DEBUG] [org.gradle.process.internal.health.memory.MemoryManager] Emitting JVM memory status event {Maximum: 1073741824, Committed: 260046848}
15:27:31.098 [DEBUG] [org.gradle.process.internal.health.memory.MemoryManager] Emitting OS memory status event {Total: 16440082432, Free: 13101711360}
15:27:31.098 [DEBUG] [org.gradle.launcher.daemon.server.health.LowMemoryDaemonExpirationStrategy] Received memory status update: {Total: 16440082432, Free: 13101711360}
15:27:31.098 [DEBUG] [org.gradle.process.internal.health.memory.MemoryManager] Emitting JVM memory status event {Maximum: 1073741824, Committed: 260046848}
15:27:33.994 [DEBUG] [org.gradle.launcher.daemon.server.Daemon] DaemonExpirationPeriodicCheck running
15:27:33.995 [DEBUG] [org.gradle.cache.internal.DefaultFileLockManager] Waiting to acquire shared lock on daemon addresses registry.
15:27:33.995 [DEBUG] [org.gradle.cache.internal.DefaultFileLockManager] Lock acquired on daemon addresses registry.
15:27:33.995 [DEBUG] [org.gradle.cache.internal.DefaultFileLockManager] Releasing lock on daemon addresses registry.
15:27:33.995 [DEBUG] [org.gradle.cache.internal.DefaultFileLockManager] Waiting to acquire shared lock on daemon addresses registry.
15:27:33.995 [DEBUG] [org.gradle.cache.internal.DefaultFileLockManager] Lock acquired on daemon addresses registry.
15:27:33.995 [DEBUG] [org.gradle.cache.internal.DefaultFileLockManager] Releasing lock on daemon addresses registry.
15:27:33.995 [DEBUG] [org.gradle.cache.internal.DefaultFileLockManager] Waiting to acquire shared lock on daemon addresses registry.
15:27:33.995 [DEBUG] [org.gradle.cache.internal.DefaultFileLockManager] Lock acquired on daemon addresses registry.
15:27:33.995 [DEBUG] [org.gradle.cache.internal.DefaultFileLockManager] Releasing lock on daemon addresses registry.
15:27:36.098 [DEBUG] [org.gradle.process.internal.health.memory.MemoryManager] Emitting OS memory status event {Total: 16440082432, Free: 13050310656}
15:27:36.098 [DEBUG] [org.gradle.launcher.daemon.server.health.LowMemoryDaemonExpirationStrategy] Received memory status update: {Total: 16440082432, Free: 13050310656}
15:27:36.098 [DEBUG] [org.gradle.process.internal.health.memory.MemoryManager] Emitting JVM memory status event {Maximum: 1073741824, Committed: 260046848}
15:27:41.098 [DEBUG] [org.gradle.process.internal.health.memory.MemoryManager] Emitting OS memory status event {Total: 16440082432, Free: 13046460416}
15:27:41.098 [DEBUG] [org.gradle.launcher.daemon.server.health.LowMemoryDaemonExpirationStrategy] Received memory status update: {Total: 16440082432, Free: 13046460416}
15:27:41.098 [DEBUG] [org.gradle.process.internal.health.memory.MemoryManager] Emitting JVM memory status event {Maximum: 1073741824, Committed: 260046848}
15:27:43.995 [DEBUG] [org.gradle.launcher.daemon.server.Daemon] DaemonExpirationPeriodicCheck running
15:27:43.995 [DEBUG] [org.gradle.cache.internal.DefaultFileLockManager] Waiting to acquire shared lock on daemon addresses registry.
15:27:43.995 [DEBUG] [org.gradle.cache.internal.DefaultFileLockManager] Lock acquired on daemon addresses registry.
15:27:43.995 [DEBUG] [org.gradle.cache.internal.DefaultFileLockManager] Releasing lock on daemon addresses registry.
15:27:43.995 [DEBUG] [org.gradle.cache.internal.DefaultFileLockManager] Waiting to acquire shared lock on daemon addresses registry.
15:27:43.995 [DEBUG] [org.gradle.cache.internal.DefaultFileLockManager] Lock acquired on daemon addresses registry.
15:27:43.995 [DEBUG] [org.gradle.cache.internal.DefaultFileLockManager] Releasing lock on daemon addresses registry.
15:27:43.995 [DEBUG] [org.gradle.cache.internal.DefaultFileLockManager] Waiting to acquire shared lock on daemon addresses registry.
15:27:43.995 [DEBUG] [org.gradle.cache.internal.DefaultFileLockManager] Lock acquired on daemon addresses registry.
15:27:43.995 [DEBUG] [org.gradle.cache.internal.DefaultFileLockManager] Releasing lock on daemon addresses registry.
15:27:46.098 [DEBUG] [org.gradle.process.internal.health.memory.MemoryManager] Emitting OS memory status event {Total: 16440082432, Free: 13032755200}
15:27:46.098 [DEBUG] [org.gradle.launcher.daemon.server.health.LowMemoryDaemonExpirationStrategy] Received memory status update: {Total: 16440082432, Free: 13032755200}
15:27:46.098 [DEBUG] [org.gradle.process.internal.health.memory.MemoryManager] Emitting JVM memory status event {Maximum: 1073741824, Committed: 260046848}
15:27:51.098 [DEBUG] [org.gradle.process.internal.health.memory.MemoryManager] Emitting OS memory status event {Total: 16440082432, Free: 13048750080}
15:27:51.098 [DEBUG] [org.gradle.launcher.daemon.server.health.LowMemoryDaemonExpirationStrategy] Received memory status update: {Total: 16440082432, Free: 13048750080}
15:27:51.098 [DEBUG] [org.gradle.process.internal.health.memory.MemoryManager] Emitting JVM memory status event {Maximum: 1073741824, Committed: 260046848}
15:27:53.994 [DEBUG] [org.gradle.launcher.daemon.server.Daemon] DaemonExpirationPeriodicCheck running
15:27:53.995 [DEBUG] [org.gradle.cache.internal.DefaultFileLockManager] Waiting to acquire shared lock on daemon addresses registry.
15:27:53.995 [DEBUG] [org.gradle.cache.internal.DefaultFileLockManager] Lock acquired on daemon addresses registry.
15:27:53.995 [DEBUG] [org.gradle.cache.internal.DefaultFileLockManager] Releasing lock on daemon addresses registry.
15:27:53.995 [DEBUG] [org.gradle.cache.internal.DefaultFileLockManager] Waiting to acquire shared lock on daemon addresses registry.
15:27:53.995 [DEBUG] [org.gradle.cache.internal.DefaultFileLockManager] Lock acquired on daemon addresses registry.
15:27:53.995 [DEBUG] [org.gradle.cache.internal.DefaultFileLockManager] Releasing lock on daemon addresses registry.
15:27:53.995 [DEBUG] [org.gradle.cache.internal.DefaultFileLockManager] Waiting to acquire shared lock on daemon addresses registry.
15:27:53.995 [DEBUG] [org.gradle.cache.internal.DefaultFileLockManager] Lock acquired on daemon addresses registry.
15:27:53.995 [DEBUG] [org.gradle.cache.internal.DefaultFileLockManager] Releasing lock on daemon addresses registry.
15:27:56.098 [DEBUG] [org.gradle.process.internal.health.memory.MemoryManager] Emitting OS memory status event {Total: 16440082432, Free: 13060870144}
15:27:56.098 [DEBUG] [org.gradle.launcher.daemon.server.health.LowMemoryDaemonExpirationStrategy] Received memory status update: {Total: 16440082432, Free: 13060870144}
15:27:56.098 [DEBUG] [org.gradle.process.internal.health.memory.MemoryManager] Emitting JVM memory status event {Maximum: 1073741824, Committed: 260046848}
15:28:01.098 [DEBUG] [org.gradle.process.internal.health.memory.MemoryManager] Emitting OS memory status event {Total: 16440082432, Free: 12690395136}
15:28:01.098 [DEBUG] [org.gradle.launcher.daemon.server.health.LowMemoryDaemonExpirationStrategy] Received memory status update: {Total: 16440082432, Free: 12690395136}
15:28:01.098 [DEBUG] [org.gradle.process.internal.health.memory.MemoryManager] Emitting JVM memory status event {Maximum: 1073741824, Committed: 260046848}
15:28:03.994 [DEBUG] [org.gradle.launcher.daemon.server.Daemon] DaemonExpirationPeriodicCheck running
15:28:03.995 [DEBUG] [org.gradle.cache.internal.DefaultFileLockManager] Waiting to acquire shared lock on daemon addresses registry.
15:28:03.995 [DEBUG] [org.gradle.cache.internal.DefaultFileLockManager] Lock acquired on daemon addresses registry.
15:28:03.995 [DEBUG] [org.gradle.cache.internal.DefaultFileLockManager] Releasing lock on daemon addresses registry.
15:28:03.995 [DEBUG] [org.gradle.cache.internal.DefaultFileLockManager] Waiting to acquire shared lock on daemon addresses registry.
15:28:03.995 [DEBUG] [org.gradle.cache.internal.DefaultFileLockManager] Lock acquired on daemon addresses registry.
15:28:03.995 [DEBUG] [org.gradle.cache.internal.DefaultFileLockManager] Releasing lock on daemon addresses registry.
15:28:03.995 [DEBUG] [org.gradle.cache.internal.DefaultFileLockManager] Waiting to acquire shared lock on daemon addresses registry.
15:28:03.995 [DEBUG] [org.gradle.cache.internal.DefaultFileLockManager] Lock acquired on daemon addresses registry.
15:28:03.995 [DEBUG] [org.gradle.cache.internal.DefaultFileLockManager] Releasing lock on daemon addresses registry.
15:28:06.098 [DEBUG] [org.gradle.process.internal.health.memory.MemoryManager] Emitting OS memory status event {Total: 16440082432, Free: 12081659904}
15:28:06.098 [DEBUG] [org.gradle.launcher.daemon.server.health.LowMemoryDaemonExpirationStrategy] Received memory status update: {Total: 16440082432, Free: 12081659904}
15:28:06.098 [DEBUG] [org.gradle.process.internal.health.memory.MemoryManager] Emitting JVM memory status event {Maximum: 1073741824, Committed: 260046848}
15:28:11.098 [DEBUG] [org.gradle.process.internal.health.memory.MemoryManager] Emitting OS memory status event {Total: 16440082432, Free: 12073480192}
15:28:11.098 [DEBUG] [org.gradle.launcher.daemon.server.health.LowMemoryDaemonExpirationStrategy] Received memory status update: {Total: 16440082432, Free: 12073480192}
15:28:11.098 [DEBUG] [org.gradle.process.internal.health.memory.MemoryManager] Emitting JVM memory status event {Maximum: 1073741824, Committed: 260046848}
15:28:13.995 [DEBUG] [org.gradle.launcher.daemon.server.Daemon] DaemonExpirationPeriodicCheck running
15:28:13.995 [DEBUG] [org.gradle.cache.internal.DefaultFileLockManager] Waiting to acquire shared lock on daemon addresses registry.
15:28:13.995 [DEBUG] [org.gradle.cache.internal.DefaultFileLockManager] Lock acquired on daemon addresses registry.
15:28:13.995 [DEBUG] [org.gradle.cache.internal.DefaultFileLockManager] Releasing lock on daemon addresses registry.
15:28:13.995 [DEBUG] [org.gradle.cache.internal.DefaultFileLockManager] Waiting to acquire shared lock on daemon addresses registry.
15:28:13.995 [DEBUG] [org.gradle.cache.internal.DefaultFileLockManager] Lock acquired on daemon addresses registry.
15:28:13.995 [DEBUG] [org.gradle.cache.internal.DefaultFileLockManager] Releasing lock on daemon addresses registry.
15:28:13.995 [DEBUG] [org.gradle.cache.internal.DefaultFileLockManager] Waiting to acquire shared lock on daemon addresses registry.
15:28:13.995 [DEBUG] [org.gradle.cache.internal.DefaultFileLockManager] Lock acquired on daemon addresses registry.
15:28:13.995 [DEBUG] [org.gradle.cache.internal.DefaultFileLockManager] Releasing lock on daemon addresses registry.
15:28:16.098 [DEBUG] [org.gradle.process.internal.health.memory.MemoryManager] Emitting OS memory status event {Total: 16440082432, Free: 12033007616}
15:28:16.098 [DEBUG] [org.gradle.launcher.daemon.server.health.LowMemoryDaemonExpirationStrategy] Received memory status update: {Total: 16440082432, Free: 12033007616}
15:28:16.098 [DEBUG] [org.gradle.process.internal.health.memory.MemoryManager] Emitting JVM memory status event {Maximum: 1073741824, Committed: 260046848}
15:28:21.098 [DEBUG] [org.gradle.process.internal.health.memory.MemoryManager] Emitting OS memory status event {Total: 16440082432, Free: 12079726592}
15:28:21.098 [DEBUG] [org.gradle.launcher.daemon.server.health.LowMemoryDaemonExpirationStrategy] Received memory status update: {Total: 16440082432, Free: 12079726592}
15:28:21.098 [DEBUG] [org.gradle.process.internal.health.memory.MemoryManager] Emitting JVM memory status event {Maximum: 1073741824, Committed: 260046848}
15:28:23.994 [DEBUG] [org.gradle.launcher.daemon.server.Daemon] DaemonExpirationPeriodicCheck running
15:28:23.994 [DEBUG] [org.gradle.cache.internal.DefaultFileLockManager] Waiting to acquire shared lock on daemon addresses registry.
15:28:23.994 [DEBUG] [org.gradle.cache.internal.DefaultFileLockManager] Lock acquired on daemon addresses registry.
15:28:23.995 [DEBUG] [org.gradle.cache.internal.DefaultFileLockManager] Releasing lock on daemon addresses registry.
15:28:23.995 [DEBUG] [org.gradle.cache.internal.DefaultFileLockManager] Waiting to acquire shared lock on daemon addresses registry.
15:28:23.995 [DEBUG] [org.gradle.cache.internal.DefaultFileLockManager] Lock acquired on daemon addresses registry.
15:28:23.995 [DEBUG] [org.gradle.cache.internal.DefaultFileLockManager] Releasing lock on daemon addresses registry.
15:28:23.995 [DEBUG] [org.gradle.cache.internal.DefaultFileLockManager] Waiting to acquire shared lock on daemon addresses registry.
15:28:23.995 [DEBUG] [org.gradle.cache.internal.DefaultFileLockManager] Lock acquired on daemon addresses registry.
15:28:23.995 [DEBUG] [org.gradle.cache.internal.DefaultFileLockManager] Releasing lock on daemon addresses registry.
15:28:26.098 [DEBUG] [org.gradle.process.internal.health.memory.MemoryManager] Emitting OS memory status event {Total: 16440082432, Free: 12085436416}
15:28:26.098 [DEBUG] [org.gradle.launcher.daemon.server.health.LowMemoryDaemonExpirationStrategy] Received memory status update: {Total: 16440082432, Free: 12085436416}
15:28:26.098 [DEBUG] [org.gradle.process.internal.health.memory.MemoryManager] Emitting JVM memory status event {Maximum: 1073741824, Committed: 260046848}
15:28:31.098 [DEBUG] [org.gradle.process.internal.health.memory.MemoryManager] Emitting OS memory status event {Total: 16440082432, Free: 12093841408}
15:28:31.098 [DEBUG] [org.gradle.launcher.daemon.server.health.LowMemoryDaemonExpirationStrategy] Received memory status update: {Total: 16440082432, Free: 12093841408}
15:28:31.098 [DEBUG] [org.gradle.process.internal.health.memory.MemoryManager] Emitting JVM memory status event {Maximum: 1073741824, Committed: 260046848}
15:28:33.995 [DEBUG] [org.gradle.launcher.daemon.server.Daemon] DaemonExpirationPeriodicCheck running
15:28:33.995 [DEBUG] [org.gradle.cache.internal.DefaultFileLockManager] Waiting to acquire shared lock on daemon addresses registry.
15:28:33.996 [DEBUG] [org.gradle.cache.internal.DefaultFileLockManager] Lock acquired on daemon addresses registry.
15:28:33.997 [DEBUG] [org.gradle.cache.internal.DefaultFileLockManager] Releasing lock on daemon addresses registry.
15:28:33.997 [DEBUG] [org.gradle.cache.internal.DefaultFileLockManager] Waiting to acquire shared lock on daemon addresses registry.
15:28:33.997 [DEBUG] [org.gradle.cache.internal.DefaultFileLockManager] Lock acquired on daemon addresses registry.
15:28:33.997 [DEBUG] [org.gradle.cache.internal.DefaultFileLockManager] Releasing lock on daemon addresses registry.
15:28:33.997 [DEBUG] [org.gradle.cache.internal.DefaultFileLockManager] Waiting to acquire shared lock on daemon addresses registry.
15:28:33.997 [DEBUG] [org.gradle.cache.internal.DefaultFileLockManager] Lock acquired on daemon addresses registry.
15:28:33.997 [DEBUG] [org.gradle.cache.internal.DefaultFileLockManager] Releasing lock on daemon addresses registry.
15:28:36.098 [DEBUG] [org.gradle.process.internal.health.memory.MemoryManager] Emitting OS memory status event {Total: 16440082432, Free: 12086054912}
15:28:36.098 [DEBUG] [org.gradle.launcher.daemon.server.health.LowMemoryDaemonExpirationStrategy] Received memory status update: {Total: 16440082432, Free: 12086054912}
15:28:36.098 [DEBUG] [org.gradle.process.internal.health.memory.MemoryManager] Emitting JVM memory status event {Maximum: 1073741824, Committed: 260046848}
15:28:41.098 [DEBUG] [org.gradle.process.internal.health.memory.MemoryManager] Emitting OS memory status event {Total: 16440082432, Free: 11980509184}
15:28:41.098 [DEBUG] [org.gradle.launcher.daemon.server.health.LowMemoryDaemonExpirationStrategy] Received memory status update: {Total: 16440082432, Free: 11980509184}
15:28:41.098 [DEBUG] [org.gradle.process.internal.health.memory.MemoryManager] Emitting JVM memory status event {Maximum: 1073741824, Committed: 260046848}
15:28:43.994 [DEBUG] [org.gradle.launcher.daemon.server.Daemon] DaemonExpirationPeriodicCheck running
15:28:43.995 [DEBUG] [org.gradle.cache.internal.DefaultFileLockManager] Waiting to acquire shared lock on daemon addresses registry.
15:28:43.995 [DEBUG] [org.gradle.cache.internal.DefaultFileLockManager] Lock acquired on daemon addresses registry.
15:28:43.995 [DEBUG] [org.gradle.cache.internal.DefaultFileLockManager] Releasing lock on daemon addresses registry.
15:28:43.995 [DEBUG] [org.gradle.cache.internal.DefaultFileLockManager] Waiting to acquire shared lock on daemon addresses registry.
15:28:43.995 [DEBUG] [org.gradle.cache.internal.DefaultFileLockManager] Lock acquired on daemon addresses registry.
15:28:43.995 [DEBUG] [org.gradle.cache.internal.DefaultFileLockManager] Releasing lock on daemon addresses registry.
15:28:43.995 [DEBUG] [org.gradle.cache.internal.DefaultFileLockManager] Waiting to acquire shared lock on daemon addresses registry.
15:28:43.995 [DEBUG] [org.gradle.cache.internal.DefaultFileLockManager] Lock acquired on daemon addresses registry.
15:28:43.995 [DEBUG] [org.gradle.cache.internal.DefaultFileLockManager] Releasing lock on daemon addresses registry.
15:28:46.098 [DEBUG] [org.gradle.process.internal.health.memory.MemoryManager] Emitting OS memory status event {Total: 16440082432, Free: 12062216192}
15:28:46.098 [DEBUG] [org.gradle.launcher.daemon.server.health.LowMemoryDaemonExpirationStrategy] Received memory status update: {Total: 16440082432, Free: 12062216192}
15:28:46.098 [DEBUG] [org.gradle.process.internal.health.memory.MemoryManager] Emitting JVM memory status event {Maximum: 1073741824, Committed: 260046848}
15:28:51.098 [DEBUG] [org.gradle.process.internal.health.memory.MemoryManager] Emitting OS memory status event {Total: 16440082432, Free: 12077486080}
15:28:51.098 [DEBUG] [org.gradle.launcher.daemon.server.health.LowMemoryDaemonExpirationStrategy] Received memory status update: {Total: 16440082432, Free: 12077486080}
15:28:51.098 [DEBUG] [org.gradle.process.internal.health.memory.MemoryManager] Emitting JVM memory status event {Maximum: 1073741824, Committed: 260046848}
15:28:53.994 [DEBUG] [org.gradle.launcher.daemon.server.Daemon] DaemonExpirationPeriodicCheck running
15:28:53.995 [DEBUG] [org.gradle.cache.internal.DefaultFileLockManager] Waiting to acquire shared lock on daemon addresses registry.
15:28:53.995 [DEBUG] [org.gradle.cache.internal.DefaultFileLockManager] Lock acquired on daemon addresses registry.
15:28:53.995 [DEBUG] [org.gradle.cache.internal.DefaultFileLockManager] Releasing lock on daemon addresses registry.
15:28:53.995 [DEBUG] [org.gradle.cache.internal.DefaultFileLockManager] Waiting to acquire shared lock on daemon addresses registry.
15:28:53.995 [DEBUG] [org.gradle.cache.internal.DefaultFileLockManager] Lock acquired on daemon addresses registry.
15:28:53.995 [DEBUG] [org.gradle.cache.internal.DefaultFileLockManager] Releasing lock on daemon addresses registry.
15:28:53.995 [DEBUG] [org.gradle.cache.internal.DefaultFileLockManager] Waiting to acquire shared lock on daemon addresses registry.
15:28:53.995 [DEBUG] [org.gradle.cache.internal.DefaultFileLockManager] Lock acquired on daemon addresses registry.
15:28:53.995 [DEBUG] [org.gradle.cache.internal.DefaultFileLockManager] Releasing lock on daemon addresses registry.
15:28:56.098 [DEBUG] [org.gradle.process.internal.health.memory.MemoryManager] Emitting OS memory status event {Total: 16440082432, Free: 12083712000}
15:28:56.098 [DEBUG] [org.gradle.launcher.daemon.server.health.LowMemoryDaemonExpirationStrategy] Received memory status update: {Total: 16440082432, Free: 12083712000}
15:28:56.098 [DEBUG] [org.gradle.process.internal.health.memory.MemoryManager] Emitting JVM memory status event {Maximum: 1073741824, Committed: 260046848}
15:29:01.098 [DEBUG] [org.gradle.process.internal.health.memory.MemoryManager] Emitting OS memory status event {Total: 16440082432, Free: 12058869760}
15:29:01.098 [DEBUG] [org.gradle.launcher.daemon.server.health.LowMemoryDaemonExpirationStrategy] Received memory status update: {Total: 16440082432, Free: 12058869760}
15:29:01.098 [DEBUG] [org.gradle.process.internal.health.memory.MemoryManager] Emitting JVM memory status event {Maximum: 1073741824, Committed: 260046848}
15:29:03.994 [DEBUG] [org.gradle.launcher.daemon.server.Daemon] DaemonExpirationPeriodicCheck running
15:29:03.995 [DEBUG] [org.gradle.cache.internal.DefaultFileLockManager] Waiting to acquire shared lock on daemon addresses registry.
15:29:03.995 [DEBUG] [org.gradle.cache.internal.DefaultFileLockManager] Lock acquired on daemon addresses registry.
15:29:03.995 [DEBUG] [org.gradle.cache.internal.DefaultFileLockManager] Releasing lock on daemon addresses registry.
15:29:03.995 [DEBUG] [org.gradle.cache.internal.DefaultFileLockManager] Waiting to acquire shared lock on daemon addresses registry.
15:29:03.995 [DEBUG] [org.gradle.cache.internal.DefaultFileLockManager] Lock acquired on daemon addresses registry.
15:29:03.995 [DEBUG] [org.gradle.cache.internal.DefaultFileLockManager] Releasing lock on daemon addresses registry.
15:29:03.995 [DEBUG] [org.gradle.cache.internal.DefaultFileLockManager] Waiting to acquire shared lock on daemon addresses registry.
15:29:03.995 [DEBUG] [org.gradle.cache.internal.DefaultFileLockManager] Lock acquired on daemon addresses registry.
15:29:03.995 [DEBUG] [org.gradle.cache.internal.DefaultFileLockManager] Releasing lock on daemon addresses registry.
15:29:06.098 [DEBUG] [org.gradle.process.internal.health.memory.MemoryManager] Emitting OS memory status event {Total: 16440082432, Free: 12045815808}
15:29:06.098 [DEBUG] [org.gradle.launcher.daemon.server.health.LowMemoryDaemonExpirationStrategy] Received memory status update: {Total: 16440082432, Free: 12045815808}
15:29:06.098 [DEBUG] [org.gradle.process.internal.health.memory.MemoryManager] Emitting JVM memory status event {Maximum: 1073741824, Committed: 260046848}
15:29:11.098 [DEBUG] [org.gradle.process.internal.health.memory.MemoryManager] Emitting OS memory status event {Total: 16440082432, Free: 12049326080}
15:29:11.098 [DEBUG] [org.gradle.launcher.daemon.server.health.LowMemoryDaemonExpirationStrategy] Received memory status update: {Total: 16440082432, Free: 12049326080}
15:29:11.098 [DEBUG] [org.gradle.process.internal.health.memory.MemoryManager] Emitting JVM memory status event {Maximum: 1073741824, Committed: 260046848}
15:29:13.995 [DEBUG] [org.gradle.launcher.daemon.server.Daemon] DaemonExpirationPeriodicCheck running
15:29:13.995 [DEBUG] [org.gradle.cache.internal.DefaultFileLockManager] Waiting to acquire shared lock on daemon addresses registry.
15:29:13.995 [DEBUG] [org.gradle.cache.internal.DefaultFileLockManager] Lock acquired on daemon addresses registry.
15:29:13.995 [DEBUG] [org.gradle.cache.internal.DefaultFileLockManager] Releasing lock on daemon addresses registry.
15:29:13.995 [DEBUG] [org.gradle.cache.internal.DefaultFileLockManager] Waiting to acquire shared lock on daemon addresses registry.
15:29:13.995 [DEBUG] [org.gradle.cache.internal.DefaultFileLockManager] Lock acquired on daemon addresses registry.
15:29:13.995 [DEBUG] [org.gradle.cache.internal.DefaultFileLockManager] Releasing lock on daemon addresses registry.
15:29:13.995 [DEBUG] [org.gradle.cache.internal.DefaultFileLockManager] Waiting to acquire shared lock on daemon addresses registry.
15:29:13.995 [DEBUG] [org.gradle.cache.internal.DefaultFileLockManager] Lock acquired on daemon addresses registry.
15:29:13.995 [DEBUG] [org.gradle.cache.internal.DefaultFileLockManager] Releasing lock on daemon addresses registry.
15:29:16.098 [DEBUG] [org.gradle.process.internal.health.memory.MemoryManager] Emitting OS memory status event {Total: 16440082432, Free: 12046716928}
15:29:16.098 [DEBUG] [org.gradle.launcher.daemon.server.health.LowMemoryDaemonExpirationStrategy] Received memory status update: {Total: 16440082432, Free: 12046716928}
15:29:16.098 [DEBUG] [org.gradle.process.internal.health.memory.MemoryManager] Emitting JVM memory status event {Maximum: 1073741824, Committed: 260046848}
15:29:21.098 [DEBUG] [org.gradle.process.internal.health.memory.MemoryManager] Emitting OS memory status event {Total: 16440082432, Free: 12034871296}
15:29:21.098 [DEBUG] [org.gradle.launcher.daemon.server.health.LowMemoryDaemonExpirationStrategy] Received memory status update: {Total: 16440082432, Free: 12034871296}
15:29:21.098 [DEBUG] [org.gradle.process.internal.health.memory.MemoryManager] Emitting JVM memory status event {Maximum: 1073741824, Committed: 260046848}
15:29:23.995 [DEBUG] [org.gradle.launcher.daemon.server.Daemon] DaemonExpirationPeriodicCheck running
15:29:23.995 [DEBUG] [org.gradle.cache.internal.DefaultFileLockManager] Waiting to acquire shared lock on daemon addresses registry.
15:29:23.995 [DEBUG] [org.gradle.cache.internal.DefaultFileLockManager] Lock acquired on daemon addresses registry.
15:29:23.995 [DEBUG] [org.gradle.cache.internal.DefaultFileLockManager] Releasing lock on daemon addresses registry.
15:29:23.995 [DEBUG] [org.gradle.cache.internal.DefaultFileLockManager] Waiting to acquire shared lock on daemon addresses registry.
15:29:23.995 [DEBUG] [org.gradle.cache.internal.DefaultFileLockManager] Lock acquired on daemon addresses registry.
15:29:23.995 [DEBUG] [org.gradle.cache.internal.DefaultFileLockManager] Releasing lock on daemon addresses registry.
15:29:23.995 [DEBUG] [org.gradle.cache.internal.DefaultFileLockManager] Waiting to acquire shared lock on daemon addresses registry.
15:29:23.995 [DEBUG] [org.gradle.cache.internal.DefaultFileLockManager] Lock acquired on daemon addresses registry.
15:29:23.995 [DEBUG] [org.gradle.cache.internal.DefaultFileLockManager] Releasing lock on daemon addresses registry.
15:29:26.098 [DEBUG] [org.gradle.process.internal.health.memory.MemoryManager] Emitting OS memory status event {Total: 16440082432, Free: 12041060352}
15:29:26.098 [DEBUG] [org.gradle.launcher.daemon.server.health.LowMemoryDaemonExpirationStrategy] Received memory status update: {Total: 16440082432, Free: 12041060352}
15:29:26.098 [DEBUG] [org.gradle.process.internal.health.memory.MemoryManager] Emitting JVM memory status event {Maximum: 1073741824, Committed: 260046848}
15:29:31.098 [DEBUG] [org.gradle.process.internal.health.memory.MemoryManager] Emitting OS memory status event {Total: 16440082432, Free: 12046323712}
15:29:31.098 [DEBUG] [org.gradle.launcher.daemon.server.health.LowMemoryDaemonExpirationStrategy] Received memory status update: {Total: 16440082432, Free: 12046323712}
15:29:31.098 [DEBUG] [org.gradle.process.internal.health.memory.MemoryManager] Emitting JVM memory status event {Maximum: 1073741824, Committed: 260046848}
15:29:33.994 [DEBUG] [org.gradle.launcher.daemon.server.Daemon] DaemonExpirationPeriodicCheck running
15:29:33.995 [DEBUG] [org.gradle.cache.internal.DefaultFileLockManager] Waiting to acquire shared lock on daemon addresses registry.
15:29:33.995 [DEBUG] [org.gradle.cache.internal.DefaultFileLockManager] Lock acquired on daemon addresses registry.
15:29:33.995 [DEBUG] [org.gradle.cache.internal.DefaultFileLockManager] Releasing lock on daemon addresses registry.
15:29:33.995 [DEBUG] [org.gradle.cache.internal.DefaultFileLockManager] Waiting to acquire shared lock on daemon addresses registry.
15:29:33.995 [DEBUG] [org.gradle.cache.internal.DefaultFileLockManager] Lock acquired on daemon addresses registry.
15:29:33.995 [DEBUG] [org.gradle.cache.internal.DefaultFileLockManager] Releasing lock on daemon addresses registry.
15:29:33.995 [DEBUG] [org.gradle.cache.internal.DefaultFileLockManager] Waiting to acquire shared lock on daemon addresses registry.
15:29:33.995 [DEBUG] [org.gradle.cache.internal.DefaultFileLockManager] Lock acquired on daemon addresses registry.
15:29:33.995 [DEBUG] [org.gradle.cache.internal.DefaultFileLockManager] Releasing lock on daemon addresses registry.
15:29:36.098 [DEBUG] [org.gradle.process.internal.health.memory.MemoryManager] Emitting OS memory status event {Total: 16440082432, Free: 12043292672}
15:29:36.098 [DEBUG] [org.gradle.launcher.daemon.server.health.LowMemoryDaemonExpirationStrategy] Received memory status update: {Total: 16440082432, Free: 12043292672}
15:29:36.098 [DEBUG] [org.gradle.process.internal.health.memory.MemoryManager] Emitting JVM memory status event {Maximum: 1073741824, Committed: 260046848}
15:29:41.098 [DEBUG] [org.gradle.process.internal.health.memory.MemoryManager] Emitting OS memory status event {Total: 16440082432, Free: 12044013568}
15:29:41.098 [DEBUG] [org.gradle.launcher.daemon.server.health.LowMemoryDaemonExpirationStrategy] Received memory status update: {Total: 16440082432, Free: 12044013568}
15:29:41.098 [DEBUG] [org.gradle.process.internal.health.memory.MemoryManager] Emitting JVM memory status event {Maximum: 1073741824, Committed: 260046848}
15:29:43.995 [DEBUG] [org.gradle.launcher.daemon.server.Daemon] DaemonExpirationPeriodicCheck running
15:29:43.995 [DEBUG] [org.gradle.cache.internal.DefaultFileLockManager] Waiting to acquire shared lock on daemon addresses registry.
15:29:43.995 [DEBUG] [org.gradle.cache.internal.DefaultFileLockManager] Lock acquired on daemon addresses registry.
15:29:43.995 [DEBUG] [org.gradle.cache.internal.DefaultFileLockManager] Releasing lock on daemon addresses registry.
15:29:43.995 [DEBUG] [org.gradle.cache.internal.DefaultFileLockManager] Waiting to acquire shared lock on daemon addresses registry.
15:29:43.995 [DEBUG] [org.gradle.cache.internal.DefaultFileLockManager] Lock acquired on daemon addresses registry.
15:29:43.995 [DEBUG] [org.gradle.cache.internal.DefaultFileLockManager] Releasing lock on daemon addresses registry.
15:29:43.995 [DEBUG] [org.gradle.cache.internal.DefaultFileLockManager] Waiting to acquire shared lock on daemon addresses registry.
15:29:43.995 [DEBUG] [org.gradle.cache.internal.DefaultFileLockManager] Lock acquired on daemon addresses registry.
15:29:43.995 [DEBUG] [org.gradle.cache.internal.DefaultFileLockManager] Releasing lock on daemon addresses registry.
15:29:46.098 [DEBUG] [org.gradle.process.internal.health.memory.MemoryManager] Emitting OS memory status event {Total: 16440082432, Free: 12043005952}
15:29:46.098 [DEBUG] [org.gradle.launcher.daemon.server.health.LowMemoryDaemonExpirationStrategy] Received memory status update: {Total: 16440082432, Free: 12043005952}
15:29:46.098 [DEBUG] [org.gradle.process.internal.health.memory.MemoryManager] Emitting JVM memory status event {Maximum: 1073741824, Committed: 260046848}
15:29:51.098 [DEBUG] [org.gradle.process.internal.health.memory.MemoryManager] Emitting OS memory status event {Total: 16440082432, Free: 12043849728}
15:29:51.098 [DEBUG] [org.gradle.launcher.daemon.server.health.LowMemoryDaemonExpirationStrategy] Received memory status update: {Total: 16440082432, Free: 12043849728}
15:29:51.098 [DEBUG] [org.gradle.process.internal.health.memory.MemoryManager] Emitting JVM memory status event {Maximum: 1073741824, Committed: 260046848}
15:29:53.995 [DEBUG] [org.gradle.launcher.daemon.server.Daemon] DaemonExpirationPeriodicCheck running
15:29:53.995 [DEBUG] [org.gradle.cache.internal.DefaultFileLockManager] Waiting to acquire shared lock on daemon addresses registry.
15:29:53.995 [DEBUG] [org.gradle.cache.internal.DefaultFileLockManager] Lock acquired on daemon addresses registry.
15:29:53.995 [DEBUG] [org.gradle.cache.internal.DefaultFileLockManager] Releasing lock on daemon addresses registry.
15:29:53.995 [DEBUG] [org.gradle.cache.internal.DefaultFileLockManager] Waiting to acquire shared lock on daemon addresses registry.
15:29:53.995 [DEBUG] [org.gradle.cache.internal.DefaultFileLockManager] Lock acquired on daemon addresses registry.
15:29:53.995 [DEBUG] [org.gradle.cache.internal.DefaultFileLockManager] Releasing lock on daemon addresses registry.
15:29:53.995 [DEBUG] [org.gradle.cache.internal.DefaultFileLockManager] Waiting to acquire shared lock on daemon addresses registry.
15:29:53.995 [DEBUG] [org.gradle.cache.internal.DefaultFileLockManager] Lock acquired on daemon addresses registry.
15:29:53.995 [DEBUG] [org.gradle.cache.internal.DefaultFileLockManager] Releasing lock on daemon addresses registry.
15:29:56.098 [DEBUG] [org.gradle.process.internal.health.memory.MemoryManager] Emitting OS memory status event {Total: 16440082432, Free: 12050874368}
15:29:56.098 [DEBUG] [org.gradle.launcher.daemon.server.health.LowMemoryDaemonExpirationStrategy] Received memory status update: {Total: 16440082432, Free: 12050874368}
15:29:56.098 [DEBUG] [org.gradle.process.internal.health.memory.MemoryManager] Emitting JVM memory status event {Maximum: 1073741824, Committed: 260046848}
15:30:01.098 [DEBUG] [org.gradle.process.internal.health.memory.MemoryManager] Emitting OS memory status event {Total: 16440082432, Free: 12041715712}
15:30:01.098 [DEBUG] [org.gradle.launcher.daemon.server.health.LowMemoryDaemonExpirationStrategy] Received memory status update: {Total: 16440082432, Free: 12041715712}
15:30:01.098 [DEBUG] [org.gradle.process.internal.health.memory.MemoryManager] Emitting JVM memory status event {Maximum: 1073741824, Committed: 260046848}
15:30:03.995 [DEBUG] [org.gradle.launcher.daemon.server.Daemon] DaemonExpirationPeriodicCheck running
15:30:03.995 [DEBUG] [org.gradle.cache.internal.DefaultFileLockManager] Waiting to acquire shared lock on daemon addresses registry.
15:30:03.995 [DEBUG] [org.gradle.cache.internal.DefaultFileLockManager] Lock acquired on daemon addresses registry.
15:30:03.995 [DEBUG] [org.gradle.cache.internal.DefaultFileLockManager] Releasing lock on daemon addresses registry.
15:30:03.995 [DEBUG] [org.gradle.cache.internal.DefaultFileLockManager] Waiting to acquire shared lock on daemon addresses registry.
15:30:03.995 [DEBUG] [org.gradle.cache.internal.DefaultFileLockManager] Lock acquired on daemon addresses registry.
15:30:03.995 [DEBUG] [org.gradle.cache.internal.DefaultFileLockManager] Releasing lock on daemon addresses registry.
15:30:03.995 [DEBUG] [org.gradle.cache.internal.DefaultFileLockManager] Waiting to acquire shared lock on daemon addresses registry.
15:30:03.995 [DEBUG] [org.gradle.cache.internal.DefaultFileLockManager] Lock acquired on daemon addresses registry.
15:30:03.995 [DEBUG] [org.gradle.cache.internal.DefaultFileLockManager] Releasing lock on daemon addresses registry.
15:30:06.098 [DEBUG] [org.gradle.process.internal.health.memory.MemoryManager] Emitting OS memory status event {Total: 16440082432, Free: 12042067968}
15:30:06.098 [DEBUG] [org.gradle.launcher.daemon.server.health.LowMemoryDaemonExpirationStrategy] Received memory status update: {Total: 16440082432, Free: 12042067968}
15:30:06.098 [DEBUG] [org.gradle.process.internal.health.memory.MemoryManager] Emitting JVM memory status event {Maximum: 1073741824, Committed: 260046848}
15:30:11.098 [DEBUG] [org.gradle.process.internal.health.memory.MemoryManager] Emitting OS memory status event {Total: 16440082432, Free: 12046643200}
15:30:11.098 [DEBUG] [org.gradle.launcher.daemon.server.health.LowMemoryDaemonExpirationStrategy] Received memory status update: {Total: 16440082432, Free: 12046643200}
15:30:11.098 [DEBUG] [org.gradle.process.internal.health.memory.MemoryManager] Emitting JVM memory status event {Maximum: 1073741824, Committed: 260046848}
15:30:13.995 [DEBUG] [org.gradle.launcher.daemon.server.Daemon] DaemonExpirationPeriodicCheck running
15:30:13.995 [DEBUG] [org.gradle.cache.internal.DefaultFileLockManager] Waiting to acquire shared lock on daemon addresses registry.
15:30:13.995 [DEBUG] [org.gradle.cache.internal.DefaultFileLockManager] Lock acquired on daemon addresses registry.
15:30:13.995 [DEBUG] [org.gradle.cache.internal.DefaultFileLockManager] Releasing lock on daemon addresses registry.
15:30:13.995 [DEBUG] [org.gradle.cache.internal.DefaultFileLockManager] Waiting to acquire shared lock on daemon addresses registry.
15:30:13.995 [DEBUG] [org.gradle.cache.internal.DefaultFileLockManager] Lock acquired on daemon addresses registry.
15:30:13.995 [DEBUG] [org.gradle.cache.internal.DefaultFileLockManager] Releasing lock on daemon addresses registry.
15:30:13.995 [DEBUG] [org.gradle.cache.internal.DefaultFileLockManager] Waiting to acquire shared lock on daemon addresses registry.
15:30:13.995 [DEBUG] [org.gradle.cache.internal.DefaultFileLockManager] Lock acquired on daemon addresses registry.
15:30:13.995 [DEBUG] [org.gradle.cache.internal.DefaultFileLockManager] Releasing lock on daemon addresses registry.
15:30:16.098 [DEBUG] [org.gradle.process.internal.health.memory.MemoryManager] Emitting OS memory status event {Total: 16440082432, Free: 12044070912}
15:30:16.098 [DEBUG] [org.gradle.launcher.daemon.server.health.LowMemoryDaemonExpirationStrategy] Received memory status update: {Total: 16440082432, Free: 12044070912}
15:30:16.098 [DEBUG] [org.gradle.process.internal.health.memory.MemoryManager] Emitting JVM memory status event {Maximum: 1073741824, Committed: 260046848}
15:30:21.098 [DEBUG] [org.gradle.process.internal.health.memory.MemoryManager] Emitting OS memory status event {Total: 16440082432, Free: 12036079616}
15:30:21.098 [DEBUG] [org.gradle.launcher.daemon.server.health.LowMemoryDaemonExpirationStrategy] Received memory status update: {Total: 16440082432, Free: 12036079616}
15:30:21.098 [DEBUG] [org.gradle.process.internal.health.memory.MemoryManager] Emitting JVM memory status event {Maximum: 1073741824, Committed: 260046848}
15:30:23.995 [DEBUG] [org.gradle.launcher.daemon.server.Daemon] DaemonExpirationPeriodicCheck running
15:30:23.995 [DEBUG] [org.gradle.cache.internal.DefaultFileLockManager] Waiting to acquire shared lock on daemon addresses registry.
15:30:23.995 [DEBUG] [org.gradle.cache.internal.DefaultFileLockManager] Lock acquired on daemon addresses registry.
15:30:23.995 [DEBUG] [org.gradle.cache.internal.DefaultFileLockManager] Releasing lock on daemon addresses registry.
15:30:23.995 [DEBUG] [org.gradle.cache.internal.DefaultFileLockManager] Waiting to acquire shared lock on daemon addresses registry.
15:30:23.995 [DEBUG] [org.gradle.cache.internal.DefaultFileLockManager] Lock acquired on daemon addresses registry.
15:30:23.995 [DEBUG] [org.gradle.cache.internal.DefaultFileLockManager] Releasing lock on daemon addresses registry.
15:30:23.995 [DEBUG] [org.gradle.cache.internal.DefaultFileLockManager] Waiting to acquire shared lock on daemon addresses registry.
15:30:23.995 [DEBUG] [org.gradle.cache.internal.DefaultFileLockManager] Lock acquired on daemon addresses registry.
15:30:23.995 [DEBUG] [org.gradle.cache.internal.DefaultFileLockManager] Releasing lock on daemon addresses registry.
15:30:26.098 [DEBUG] [org.gradle.process.internal.health.memory.MemoryManager] Emitting OS memory status event {Total: 16440082432, Free: 12036886528}
15:30:26.098 [DEBUG] [org.gradle.launcher.daemon.server.health.LowMemoryDaemonExpirationStrategy] Received memory status update: {Total: 16440082432, Free: 12036886528}
15:30:26.098 [DEBUG] [org.gradle.process.internal.health.memory.MemoryManager] Emitting JVM memory status event {Maximum: 1073741824, Committed: 260046848}
15:30:31.098 [DEBUG] [org.gradle.process.internal.health.memory.MemoryManager] Emitting OS memory status event {Total: 16440082432, Free: 12021940224}
15:30:31.098 [DEBUG] [org.gradle.launcher.daemon.server.health.LowMemoryDaemonExpirationStrategy] Received memory status update: {Total: 16440082432, Free: 12021940224}
15:30:31.098 [DEBUG] [org.gradle.process.internal.health.memory.MemoryManager] Emitting JVM memory status event {Maximum: 1073741824, Committed: 260046848}
15:30:33.994 [DEBUG] [org.gradle.launcher.daemon.server.Daemon] DaemonExpirationPeriodicCheck running
15:30:33.995 [DEBUG] [org.gradle.cache.internal.DefaultFileLockManager] Waiting to acquire shared lock on daemon addresses registry.
15:30:33.995 [DEBUG] [org.gradle.cache.internal.DefaultFileLockManager] Lock acquired on daemon addresses registry.
15:30:33.995 [DEBUG] [org.gradle.cache.internal.DefaultFileLockManager] Releasing lock on daemon addresses registry.
15:30:33.995 [DEBUG] [org.gradle.cache.internal.DefaultFileLockManager] Waiting to acquire shared lock on daemon addresses registry.
15:30:33.995 [DEBUG] [org.gradle.cache.internal.DefaultFileLockManager] Lock acquired on daemon addresses registry.
15:30:33.995 [DEBUG] [org.gradle.cache.internal.DefaultFileLockManager] Releasing lock on daemon addresses registry.
15:30:33.995 [DEBUG] [org.gradle.cache.internal.DefaultFileLockManager] Waiting to acquire shared lock on daemon addresses registry.
15:30:33.995 [DEBUG] [org.gradle.cache.internal.DefaultFileLockManager] Lock acquired on daemon addresses registry.
15:30:33.995 [DEBUG] [org.gradle.cache.internal.DefaultFileLockManager] Releasing lock on daemon addresses registry.
15:30:36.098 [DEBUG] [org.gradle.process.internal.health.memory.MemoryManager] Emitting OS memory status event {Total: 16440082432, Free: 12023341056}
15:30:36.098 [DEBUG] [org.gradle.launcher.daemon.server.health.LowMemoryDaemonExpirationStrategy] Received memory status update: {Total: 16440082432, Free: 12023341056}
15:30:36.098 [DEBUG] [org.gradle.process.internal.health.memory.MemoryManager] Emitting JVM memory status event {Maximum: 1073741824, Committed: 260046848}
15:30:41.098 [DEBUG] [org.gradle.process.internal.health.memory.MemoryManager] Emitting OS memory status event {Total: 16440082432, Free: 12014907392}
15:30:41.098 [DEBUG] [org.gradle.launcher.daemon.server.health.LowMemoryDaemonExpirationStrategy] Received memory status update: {Total: 16440082432, Free: 12014907392}
15:30:41.098 [DEBUG] [org.gradle.process.internal.health.memory.MemoryManager] Emitting JVM memory status event {Maximum: 1073741824, Committed: 260046848}
15:30:43.994 [DEBUG] [org.gradle.launcher.daemon.server.Daemon] DaemonExpirationPeriodicCheck running
15:30:43.995 [DEBUG] [org.gradle.cache.internal.DefaultFileLockManager] Waiting to acquire shared lock on daemon addresses registry.
15:30:43.995 [DEBUG] [org.gradle.cache.internal.DefaultFileLockManager] Lock acquired on daemon addresses registry.
15:30:43.995 [DEBUG] [org.gradle.cache.internal.DefaultFileLockManager] Releasing lock on daemon addresses registry.
15:30:43.995 [DEBUG] [org.gradle.cache.internal.DefaultFileLockManager] Waiting to acquire shared lock on daemon addresses registry.
15:30:43.995 [DEBUG] [org.gradle.cache.internal.DefaultFileLockManager] Lock acquired on daemon addresses registry.
15:30:43.995 [DEBUG] [org.gradle.cache.internal.DefaultFileLockManager] Releasing lock on daemon addresses registry.
15:30:43.995 [DEBUG] [org.gradle.cache.internal.DefaultFileLockManager] Waiting to acquire shared lock on daemon addresses registry.
15:30:43.995 [DEBUG] [org.gradle.cache.internal.DefaultFileLockManager] Lock acquired on daemon addresses registry.
15:30:43.995 [DEBUG] [org.gradle.cache.internal.DefaultFileLockManager] Releasing lock on daemon addresses registry.
15:30:46.098 [DEBUG] [org.gradle.process.internal.health.memory.MemoryManager] Emitting OS memory status event {Total: 16440082432, Free: 12004618240}
15:30:46.098 [DEBUG] [org.gradle.launcher.daemon.server.health.LowMemoryDaemonExpirationStrategy] Received memory status update: {Total: 16440082432, Free: 12004618240}
15:30:46.098 [DEBUG] [org.gradle.process.internal.health.memory.MemoryManager] Emitting JVM memory status event {Maximum: 1073741824, Committed: 260046848}
15:30:51.098 [DEBUG] [org.gradle.process.internal.health.memory.MemoryManager] Emitting OS memory status event {Total: 16440082432, Free: 11995611136}
15:30:51.098 [DEBUG] [org.gradle.launcher.daemon.server.health.LowMemoryDaemonExpirationStrategy] Received memory status update: {Total: 16440082432, Free: 11995611136}
15:30:51.098 [DEBUG] [org.gradle.process.internal.health.memory.MemoryManager] Emitting JVM memory status event {Maximum: 1073741824, Committed: 260046848}
15:30:53.995 [DEBUG] [org.gradle.launcher.daemon.server.Daemon] DaemonExpirationPeriodicCheck running
15:30:53.995 [DEBUG] [org.gradle.cache.internal.DefaultFileLockManager] Waiting to acquire shared lock on daemon addresses registry.
15:30:53.995 [DEBUG] [org.gradle.cache.internal.DefaultFileLockManager] Lock acquired on daemon addresses registry.
15:30:53.995 [DEBUG] [org.gradle.cache.internal.DefaultFileLockManager] Releasing lock on daemon addresses registry.
15:30:53.995 [DEBUG] [org.gradle.cache.internal.DefaultFileLockManager] Waiting to acquire shared lock on daemon addresses registry.
15:30:53.995 [DEBUG] [org.gradle.cache.internal.DefaultFileLockManager] Lock acquired on daemon addresses registry.
15:30:53.995 [DEBUG] [org.gradle.cache.internal.DefaultFileLockManager] Releasing lock on daemon addresses registry.
15:30:53.995 [DEBUG] [org.gradle.cache.internal.DefaultFileLockManager] Waiting to acquire shared lock on daemon addresses registry.
15:30:53.995 [DEBUG] [org.gradle.cache.internal.DefaultFileLockManager] Lock acquired on daemon addresses registry.
15:30:53.995 [DEBUG] [org.gradle.cache.internal.DefaultFileLockManager] Releasing lock on daemon addresses registry.
15:30:56.098 [DEBUG] [org.gradle.process.internal.health.memory.MemoryManager] Emitting OS memory status event {Total: 16440082432, Free: 11974848512}
15:30:56.098 [DEBUG] [org.gradle.launcher.daemon.server.health.LowMemoryDaemonExpirationStrategy] Received memory status update: {Total: 16440082432, Free: 11974848512}
15:30:56.098 [DEBUG] [org.gradle.process.internal.health.memory.MemoryManager] Emitting JVM memory status event {Maximum: 1073741824, Committed: 260046848}
15:31:01.098 [DEBUG] [org.gradle.process.internal.health.memory.MemoryManager] Emitting OS memory status event {Total: 16440082432, Free: 11975790592}
15:31:01.098 [DEBUG] [org.gradle.launcher.daemon.server.health.LowMemoryDaemonExpirationStrategy] Received memory status update: {Total: 16440082432, Free: 11975790592}
15:31:01.098 [DEBUG] [org.gradle.process.internal.health.memory.MemoryManager] Emitting JVM memory status event {Maximum: 1073741824, Committed: 260046848}
15:31:03.994 [DEBUG] [org.gradle.launcher.daemon.server.Daemon] DaemonExpirationPeriodicCheck running
15:31:03.994 [DEBUG] [org.gradle.cache.internal.DefaultFileLockManager] Waiting to acquire shared lock on daemon addresses registry.
15:31:03.994 [DEBUG] [org.gradle.cache.internal.DefaultFileLockManager] Lock acquired on daemon addresses registry.
15:31:03.995 [DEBUG] [org.gradle.cache.internal.DefaultFileLockManager] Releasing lock on daemon addresses registry.
15:31:03.995 [DEBUG] [org.gradle.cache.internal.DefaultFileLockManager] Waiting to acquire shared lock on daemon addresses registry.
15:31:03.995 [DEBUG] [org.gradle.cache.internal.DefaultFileLockManager] Lock acquired on daemon addresses registry.
15:31:03.995 [DEBUG] [org.gradle.cache.internal.DefaultFileLockManager] Releasing lock on daemon addresses registry.
15:31:03.995 [DEBUG] [org.gradle.cache.internal.DefaultFileLockManager] Waiting to acquire shared lock on daemon addresses registry.
15:31:03.995 [DEBUG] [org.gradle.cache.internal.DefaultFileLockManager] Lock acquired on daemon addresses registry.
15:31:03.995 [DEBUG] [org.gradle.cache.internal.DefaultFileLockManager] Releasing lock on daemon addresses registry.
15:31:06.098 [DEBUG] [org.gradle.process.internal.health.memory.MemoryManager] Emitting OS memory status event {Total: 16440082432, Free: 11974144000}
15:31:06.098 [DEBUG] [org.gradle.launcher.daemon.server.health.LowMemoryDaemonExpirationStrategy] Received memory status update: {Total: 16440082432, Free: 11974144000}
15:31:06.098 [DEBUG] [org.gradle.process.internal.health.memory.MemoryManager] Emitting JVM memory status event {Maximum: 1073741824, Committed: 260046848}
15:31:11.098 [DEBUG] [org.gradle.process.internal.health.memory.MemoryManager] Emitting OS memory status event {Total: 16440082432, Free: 11971678208}
15:31:11.098 [DEBUG] [org.gradle.launcher.daemon.server.health.LowMemoryDaemonExpirationStrategy] Received memory status update: {Total: 16440082432, Free: 11971678208}
15:31:11.098 [DEBUG] [org.gradle.process.internal.health.memory.MemoryManager] Emitting JVM memory status event {Maximum: 1073741824, Committed: 260046848}
15:31:13.994 [DEBUG] [org.gradle.launcher.daemon.server.Daemon] DaemonExpirationPeriodicCheck running
15:31:13.994 [DEBUG] [org.gradle.cache.internal.DefaultFileLockManager] Waiting to acquire shared lock on daemon addresses registry.
15:31:13.995 [DEBUG] [org.gradle.cache.internal.DefaultFileLockManager] Lock acquired on daemon addresses registry.
15:31:13.995 [DEBUG] [org.gradle.cache.internal.DefaultFileLockManager] Releasing lock on daemon addresses registry.
15:31:13.995 [DEBUG] [org.gradle.cache.internal.DefaultFileLockManager] Waiting to acquire shared lock on daemon addresses registry.
15:31:13.995 [DEBUG] [org.gradle.cache.internal.DefaultFileLockManager] Lock acquired on daemon addresses registry.
15:31:13.995 [DEBUG] [org.gradle.cache.internal.DefaultFileLockManager] Releasing lock on daemon addresses registry.
15:31:13.995 [DEBUG] [org.gradle.cache.internal.DefaultFileLockManager] Waiting to acquire shared lock on daemon addresses registry.
15:31:13.995 [DEBUG] [org.gradle.cache.internal.DefaultFileLockManager] Lock acquired on daemon addresses registry.
15:31:13.995 [DEBUG] [org.gradle.cache.internal.DefaultFileLockManager] Releasing lock on daemon addresses registry.
15:31:16.098 [DEBUG] [org.gradle.process.internal.health.memory.MemoryManager] Emitting OS memory status event {Total: 16440082432, Free: 12197470208}
15:31:16.098 [DEBUG] [org.gradle.launcher.daemon.server.health.LowMemoryDaemonExpirationStrategy] Received memory status update: {Total: 16440082432, Free: 12197470208}
15:31:16.098 [DEBUG] [org.gradle.process.internal.health.memory.MemoryManager] Emitting JVM memory status event {Maximum: 1073741824, Committed: 260046848}
15:31:21.098 [DEBUG] [org.gradle.process.internal.health.memory.MemoryManager] Emitting OS memory status event {Total: 16440082432, Free: 12108713984}
15:31:21.098 [DEBUG] [org.gradle.launcher.daemon.server.health.LowMemoryDaemonExpirationStrategy] Received memory status update: {Total: 16440082432, Free: 12108713984}
15:31:21.098 [DEBUG] [org.gradle.process.internal.health.memory.MemoryManager] Emitting JVM memory status event {Maximum: 1073741824, Committed: 260046848}
15:31:23.994 [DEBUG] [org.gradle.launcher.daemon.server.Daemon] DaemonExpirationPeriodicCheck running
15:31:23.995 [DEBUG] [org.gradle.cache.internal.DefaultFileLockManager] Waiting to acquire shared lock on daemon addresses registry.
15:31:23.995 [DEBUG] [org.gradle.cache.internal.DefaultFileLockManager] Lock acquired on daemon addresses registry.
15:31:23.995 [DEBUG] [org.gradle.cache.internal.DefaultFileLockManager] Releasing lock on daemon addresses registry.
15:31:23.995 [DEBUG] [org.gradle.cache.internal.DefaultFileLockManager] Waiting to acquire shared lock on daemon addresses registry.
15:31:23.995 [DEBUG] [org.gradle.cache.internal.DefaultFileLockManager] Lock acquired on daemon addresses registry.
15:31:23.995 [DEBUG] [org.gradle.cache.internal.DefaultFileLockManager] Releasing lock on daemon addresses registry.
15:31:23.995 [DEBUG] [org.gradle.cache.internal.DefaultFileLockManager] Waiting to acquire shared lock on daemon addresses registry.
15:31:23.995 [DEBUG] [org.gradle.cache.internal.DefaultFileLockManager] Lock acquired on daemon addresses registry.
15:31:23.995 [DEBUG] [org.gradle.cache.internal.DefaultFileLockManager] Releasing lock on daemon addresses registry.
15:31:26.098 [DEBUG] [org.gradle.process.internal.health.memory.MemoryManager] Emitting OS memory status event {Total: 16440082432, Free: 12168077312}
15:31:26.098 [DEBUG] [org.gradle.launcher.daemon.server.health.LowMemoryDaemonExpirationStrategy] Received memory status update: {Total: 16440082432, Free: 12168077312}
15:31:26.098 [DEBUG] [org.gradle.process.internal.health.memory.MemoryManager] Emitting JVM memory status event {Maximum: 1073741824, Committed: 260046848}
15:31:31.098 [DEBUG] [org.gradle.process.internal.health.memory.MemoryManager] Emitting OS memory status event {Total: 16440082432, Free: 12181819392}
15:31:31.098 [DEBUG] [org.gradle.launcher.daemon.server.health.LowMemoryDaemonExpirationStrategy] Received memory status update: {Total: 16440082432, Free: 12181819392}
15:31:31.098 [DEBUG] [org.gradle.process.internal.health.memory.MemoryManager] Emitting JVM memory status event {Maximum: 1073741824, Committed: 260046848}
15:31:33.994 [DEBUG] [org.gradle.launcher.daemon.server.Daemon] DaemonExpirationPeriodicCheck running
15:31:33.995 [DEBUG] [org.gradle.cache.internal.DefaultFileLockManager] Waiting to acquire shared lock on daemon addresses registry.
15:31:33.995 [DEBUG] [org.gradle.cache.internal.DefaultFileLockManager] Lock acquired on daemon addresses registry.
15:31:33.995 [DEBUG] [org.gradle.cache.internal.DefaultFileLockManager] Releasing lock on daemon addresses registry.
15:31:33.995 [DEBUG] [org.gradle.cache.internal.DefaultFileLockManager] Waiting to acquire shared lock on daemon addresses registry.
15:31:33.995 [DEBUG] [org.gradle.cache.internal.DefaultFileLockManager] Lock acquired on daemon addresses registry.
15:31:33.995 [DEBUG] [org.gradle.cache.internal.DefaultFileLockManager] Releasing lock on daemon addresses registry.
15:31:33.995 [DEBUG] [org.gradle.cache.internal.DefaultFileLockManager] Waiting to acquire shared lock on daemon addresses registry.
15:31:33.995 [DEBUG] [org.gradle.cache.internal.DefaultFileLockManager] Lock acquired on daemon addresses registry.
15:31:33.995 [DEBUG] [org.gradle.cache.internal.DefaultFileLockManager] Releasing lock on daemon addresses registry.
15:31:36.098 [DEBUG] [org.gradle.process.internal.health.memory.MemoryManager] Emitting OS memory status event {Total: 16440082432, Free: 12185960448}
15:31:36.098 [DEBUG] [org.gradle.launcher.daemon.server.health.LowMemoryDaemonExpirationStrategy] Received memory status update: {Total: 16440082432, Free: 12185960448}
15:31:36.098 [DEBUG] [org.gradle.process.internal.health.memory.MemoryManager] Emitting JVM memory status event {Maximum: 1073741824, Committed: 260046848}
15:31:41.098 [DEBUG] [org.gradle.process.internal.health.memory.MemoryManager] Emitting OS memory status event {Total: 16440082432, Free: 12185014272}
15:31:41.098 [DEBUG] [org.gradle.launcher.daemon.server.health.LowMemoryDaemonExpirationStrategy] Received memory status update: {Total: 16440082432, Free: 12185014272}
15:31:41.098 [DEBUG] [org.gradle.process.internal.health.memory.MemoryManager] Emitting JVM memory status event {Maximum: 1073741824, Committed: 260046848}
15:31:43.994 [DEBUG] [org.gradle.launcher.daemon.server.Daemon] DaemonExpirationPeriodicCheck running
15:31:43.995 [DEBUG] [org.gradle.cache.internal.DefaultFileLockManager] Waiting to acquire shared lock on daemon addresses registry.
15:31:43.995 [DEBUG] [org.gradle.cache.internal.DefaultFileLockManager] Lock acquired on daemon addresses registry.
15:31:43.995 [DEBUG] [org.gradle.cache.internal.DefaultFileLockManager] Releasing lock on daemon addresses registry.
15:31:43.995 [DEBUG] [org.gradle.cache.internal.DefaultFileLockManager] Waiting to acquire shared lock on daemon addresses registry.
15:31:43.995 [DEBUG] [org.gradle.cache.internal.DefaultFileLockManager] Lock acquired on daemon addresses registry.
15:31:43.995 [DEBUG] [org.gradle.cache.internal.DefaultFileLockManager] Releasing lock on daemon addresses registry.
15:31:43.995 [DEBUG] [org.gradle.cache.internal.DefaultFileLockManager] Waiting to acquire shared lock on daemon addresses registry.
15:31:43.995 [DEBUG] [org.gradle.cache.internal.DefaultFileLockManager] Lock acquired on daemon addresses registry.
15:31:43.995 [DEBUG] [org.gradle.cache.internal.DefaultFileLockManager] Releasing lock on daemon addresses registry.
15:31:46.098 [DEBUG] [org.gradle.process.internal.health.memory.MemoryManager] Emitting OS memory status event {Total: 16440082432, Free: 12193181696}
15:31:46.098 [DEBUG] [org.gradle.launcher.daemon.server.health.LowMemoryDaemonExpirationStrategy] Received memory status update: {Total: 16440082432, Free: 12193181696}
15:31:46.098 [DEBUG] [org.gradle.process.internal.health.memory.MemoryManager] Emitting JVM memory status event {Maximum: 1073741824, Committed: 260046848}
15:31:51.098 [DEBUG] [org.gradle.process.internal.health.memory.MemoryManager] Emitting OS memory status event {Total: 16440082432, Free: 12202962944}
15:31:51.098 [DEBUG] [org.gradle.launcher.daemon.server.health.LowMemoryDaemonExpirationStrategy] Received memory status update: {Total: 16440082432, Free: 12202962944}
15:31:51.098 [DEBUG] [org.gradle.process.internal.health.memory.MemoryManager] Emitting JVM memory status event {Maximum: 1073741824, Committed: 260046848}
15:31:53.995 [DEBUG] [org.gradle.launcher.daemon.server.Daemon] DaemonExpirationPeriodicCheck running
15:31:53.995 [DEBUG] [org.gradle.cache.internal.DefaultFileLockManager] Waiting to acquire shared lock on daemon addresses registry.
15:31:53.995 [DEBUG] [org.gradle.cache.internal.DefaultFileLockManager] Lock acquired on daemon addresses registry.
15:31:53.995 [DEBUG] [org.gradle.cache.internal.DefaultFileLockManager] Releasing lock on daemon addresses registry.
15:31:53.995 [DEBUG] [org.gradle.cache.internal.DefaultFileLockManager] Waiting to acquire shared lock on daemon addresses registry.
15:31:53.995 [DEBUG] [org.gradle.cache.internal.DefaultFileLockManager] Lock acquired on daemon addresses registry.
15:31:53.995 [DEBUG] [org.gradle.cache.internal.DefaultFileLockManager] Releasing lock on daemon addresses registry.
15:31:53.995 [DEBUG] [org.gradle.cache.internal.DefaultFileLockManager] Waiting to acquire shared lock on daemon addresses registry.
15:31:53.995 [DEBUG] [org.gradle.cache.internal.DefaultFileLockManager] Lock acquired on daemon addresses registry.
15:31:53.995 [DEBUG] [org.gradle.cache.internal.DefaultFileLockManager] Releasing lock on daemon addresses registry.
15:31:56.098 [DEBUG] [org.gradle.process.internal.health.memory.MemoryManager] Emitting OS memory status event {Total: 16440082432, Free: 12220907520}
15:31:56.098 [DEBUG] [org.gradle.launcher.daemon.server.health.LowMemoryDaemonExpirationStrategy] Received memory status update: {Total: 16440082432, Free: 12220907520}
15:31:56.098 [DEBUG] [org.gradle.process.internal.health.memory.MemoryManager] Emitting JVM memory status event {Maximum: 1073741824, Committed: 260046848}
15:32:01.098 [DEBUG] [org.gradle.process.internal.health.memory.MemoryManager] Emitting OS memory status event {Total: 16440082432, Free: 12211191808}
15:32:01.098 [DEBUG] [org.gradle.launcher.daemon.server.health.LowMemoryDaemonExpirationStrategy] Received memory status update: {Total: 16440082432, Free: 12211191808}
15:32:01.098 [DEBUG] [org.gradle.process.internal.health.memory.MemoryManager] Emitting JVM memory status event {Maximum: 1073741824, Committed: 260046848}
15:32:03.994 [DEBUG] [org.gradle.launcher.daemon.server.Daemon] DaemonExpirationPeriodicCheck running
15:32:03.994 [DEBUG] [org.gradle.cache.internal.DefaultFileLockManager] Waiting to acquire shared lock on daemon addresses registry.
15:32:03.995 [DEBUG] [org.gradle.cache.internal.DefaultFileLockManager] Lock acquired on daemon addresses registry.
15:32:03.995 [DEBUG] [org.gradle.cache.internal.DefaultFileLockManager] Releasing lock on daemon addresses registry.
15:32:03.995 [DEBUG] [org.gradle.cache.internal.DefaultFileLockManager] Waiting to acquire shared lock on daemon addresses registry.
15:32:03.995 [DEBUG] [org.gradle.cache.internal.DefaultFileLockManager] Lock acquired on daemon addresses registry.
15:32:03.995 [DEBUG] [org.gradle.cache.internal.DefaultFileLockManager] Releasing lock on daemon addresses registry.
15:32:03.995 [DEBUG] [org.gradle.cache.internal.DefaultFileLockManager] Waiting to acquire shared lock on daemon addresses registry.
15:32:03.995 [DEBUG] [org.gradle.cache.internal.DefaultFileLockManager] Lock acquired on daemon addresses registry.
15:32:03.995 [DEBUG] [org.gradle.cache.internal.DefaultFileLockManager] Releasing lock on daemon addresses registry.
15:32:06.098 [DEBUG] [org.gradle.process.internal.health.memory.MemoryManager] Emitting OS memory status event {Total: 16440082432, Free: 12197462016}
15:32:06.098 [DEBUG] [org.gradle.launcher.daemon.server.health.LowMemoryDaemonExpirationStrategy] Received memory status update: {Total: 16440082432, Free: 12197462016}
15:32:06.098 [DEBUG] [org.gradle.process.internal.health.memory.MemoryManager] Emitting JVM memory status event {Maximum: 1073741824, Committed: 260046848}
15:32:11.098 [DEBUG] [org.gradle.process.internal.health.memory.MemoryManager] Emitting OS memory status event {Total: 16440082432, Free: 12202102784}
15:32:11.098 [DEBUG] [org.gradle.launcher.daemon.server.health.LowMemoryDaemonExpirationStrategy] Received memory status update: {Total: 16440082432, Free: 12202102784}
15:32:11.098 [DEBUG] [org.gradle.process.internal.health.memory.MemoryManager] Emitting JVM memory status event {Maximum: 1073741824, Committed: 260046848}
15:32:13.994 [DEBUG] [org.gradle.launcher.daemon.server.Daemon] DaemonExpirationPeriodicCheck running
15:32:13.994 [DEBUG] [org.gradle.cache.internal.DefaultFileLockManager] Waiting to acquire shared lock on daemon addresses registry.
15:32:13.995 [DEBUG] [org.gradle.cache.internal.DefaultFileLockManager] Lock acquired on daemon addresses registry.
15:32:13.995 [DEBUG] [org.gradle.cache.internal.DefaultFileLockManager] Releasing lock on daemon addresses registry.
15:32:13.995 [DEBUG] [org.gradle.cache.internal.DefaultFileLockManager] Waiting to acquire shared lock on daemon addresses registry.
15:32:13.995 [DEBUG] [org.gradle.cache.internal.DefaultFileLockManager] Lock acquired on daemon addresses registry.
15:32:13.995 [DEBUG] [org.gradle.cache.internal.DefaultFileLockManager] Releasing lock on daemon addresses registry.
15:32:13.995 [DEBUG] [org.gradle.cache.internal.DefaultFileLockManager] Waiting to acquire shared lock on daemon addresses registry.
15:32:13.995 [DEBUG] [org.gradle.cache.internal.DefaultFileLockManager] Lock acquired on daemon addresses registry.
15:32:13.995 [DEBUG] [org.gradle.cache.internal.DefaultFileLockManager] Releasing lock on daemon addresses registry.
15:32:16.098 [DEBUG] [org.gradle.process.internal.health.memory.MemoryManager] Emitting OS memory status event {Total: 16440082432, Free: 12198002688}
15:32:16.098 [DEBUG] [org.gradle.launcher.daemon.server.health.LowMemoryDaemonExpirationStrategy] Received memory status update: {Total: 16440082432, Free: 12198002688}
15:32:16.098 [DEBUG] [org.gradle.process.internal.health.memory.MemoryManager] Emitting JVM memory status event {Maximum: 1073741824, Committed: 260046848}
15:32:21.098 [DEBUG] [org.gradle.process.internal.health.memory.MemoryManager] Emitting OS memory status event {Total: 16440082432, Free: 12198895616}
15:32:21.098 [DEBUG] [org.gradle.launcher.daemon.server.health.LowMemoryDaemonExpirationStrategy] Received memory status update: {Total: 16440082432, Free: 12198895616}
15:32:21.098 [DEBUG] [org.gradle.process.internal.health.memory.MemoryManager] Emitting JVM memory status event {Maximum: 1073741824, Committed: 260046848}
15:32:23.994 [DEBUG] [org.gradle.launcher.daemon.server.Daemon] DaemonExpirationPeriodicCheck running
15:32:23.995 [DEBUG] [org.gradle.cache.internal.DefaultFileLockManager] Waiting to acquire shared lock on daemon addresses registry.
15:32:23.995 [DEBUG] [org.gradle.cache.internal.DefaultFileLockManager] Lock acquired on daemon addresses registry.
15:32:23.995 [DEBUG] [org.gradle.cache.internal.DefaultFileLockManager] Releasing lock on daemon addresses registry.
15:32:23.995 [DEBUG] [org.gradle.cache.internal.DefaultFileLockManager] Waiting to acquire shared lock on daemon addresses registry.
15:32:23.995 [DEBUG] [org.gradle.cache.internal.DefaultFileLockManager] Lock acquired on daemon addresses registry.
15:32:23.995 [DEBUG] [org.gradle.cache.internal.DefaultFileLockManager] Releasing lock on daemon addresses registry.
15:32:23.995 [DEBUG] [org.gradle.cache.internal.DefaultFileLockManager] Waiting to acquire shared lock on daemon addresses registry.
15:32:23.995 [DEBUG] [org.gradle.cache.internal.DefaultFileLockManager] Lock acquired on daemon addresses registry.
15:32:23.995 [DEBUG] [org.gradle.cache.internal.DefaultFileLockManager] Releasing lock on daemon addresses registry.
15:32:26.098 [DEBUG] [org.gradle.process.internal.health.memory.MemoryManager] Emitting OS memory status event {Total: 16440082432, Free: 12195540992}
15:32:26.098 [DEBUG] [org.gradle.launcher.daemon.server.health.LowMemoryDaemonExpirationStrategy] Received memory status update: {Total: 16440082432, Free: 12195540992}
15:32:26.098 [DEBUG] [org.gradle.process.internal.health.memory.MemoryManager] Emitting JVM memory status event {Maximum: 1073741824, Committed: 260046848}
15:32:31.098 [DEBUG] [org.gradle.process.internal.health.memory.MemoryManager] Emitting OS memory status event {Total: 16440082432, Free: 12196614144}
15:32:31.098 [DEBUG] [org.gradle.launcher.daemon.server.health.LowMemoryDaemonExpirationStrategy] Received memory status update: {Total: 16440082432, Free: 12196614144}
15:32:31.098 [DEBUG] [org.gradle.process.internal.health.memory.MemoryManager] Emitting JVM memory status event {Maximum: 1073741824, Committed: 260046848}
15:32:33.994 [DEBUG] [org.gradle.launcher.daemon.server.Daemon] DaemonExpirationPeriodicCheck running
15:32:33.995 [DEBUG] [org.gradle.cache.internal.DefaultFileLockManager] Waiting to acquire shared lock on daemon addresses registry.
15:32:33.995 [DEBUG] [org.gradle.cache.internal.DefaultFileLockManager] Lock acquired on daemon addresses registry.
15:32:33.995 [DEBUG] [org.gradle.cache.internal.DefaultFileLockManager] Releasing lock on daemon addresses registry.
15:32:33.995 [DEBUG] [org.gradle.cache.internal.DefaultFileLockManager] Waiting to acquire shared lock on daemon addresses registry.
15:32:33.995 [DEBUG] [org.gradle.cache.internal.DefaultFileLockManager] Lock acquired on daemon addresses registry.
15:32:33.995 [DEBUG] [org.gradle.cache.internal.DefaultFileLockManager] Releasing lock on daemon addresses registry.
15:32:33.995 [DEBUG] [org.gradle.cache.internal.DefaultFileLockManager] Waiting to acquire shared lock on daemon addresses registry.
15:32:33.995 [DEBUG] [org.gradle.cache.internal.DefaultFileLockManager] Lock acquired on daemon addresses registry.
15:32:33.995 [DEBUG] [org.gradle.cache.internal.DefaultFileLockManager] Releasing lock on daemon addresses registry.
15:32:36.098 [DEBUG] [org.gradle.process.internal.health.memory.MemoryManager] Emitting OS memory status event {Total: 16440082432, Free: 12191272960}
15:32:36.098 [DEBUG] [org.gradle.launcher.daemon.server.health.LowMemoryDaemonExpirationStrategy] Received memory status update: {Total: 16440082432, Free: 12191272960}
15:32:36.098 [DEBUG] [org.gradle.process.internal.health.memory.MemoryManager] Emitting JVM memory status event {Maximum: 1073741824, Committed: 260046848}
15:32:41.098 [DEBUG] [org.gradle.process.internal.health.memory.MemoryManager] Emitting OS memory status event {Total: 16440082432, Free: 12286648320}
15:32:41.098 [DEBUG] [org.gradle.launcher.daemon.server.health.LowMemoryDaemonExpirationStrategy] Received memory status update: {Total: 16440082432, Free: 12286648320}
15:32:41.098 [DEBUG] [org.gradle.process.internal.health.memory.MemoryManager] Emitting JVM memory status event {Maximum: 1073741824, Committed: 260046848}
15:32:43.995 [DEBUG] [org.gradle.launcher.daemon.server.Daemon] DaemonExpirationPeriodicCheck running
15:32:43.995 [DEBUG] [org.gradle.cache.internal.DefaultFileLockManager] Waiting to acquire shared lock on daemon addresses registry.
15:32:43.995 [DEBUG] [org.gradle.cache.internal.DefaultFileLockManager] Lock acquired on daemon addresses registry.
15:32:43.995 [DEBUG] [org.gradle.cache.internal.DefaultFileLockManager] Releasing lock on daemon addresses registry.
15:32:43.995 [DEBUG] [org.gradle.cache.internal.DefaultFileLockManager] Waiting to acquire shared lock on daemon addresses registry.
15:32:43.995 [DEBUG] [org.gradle.cache.internal.DefaultFileLockManager] Lock acquired on daemon addresses registry.
15:32:43.995 [DEBUG] [org.gradle.cache.internal.DefaultFileLockManager] Releasing lock on daemon addresses registry.
15:32:43.995 [DEBUG] [org.gradle.cache.internal.DefaultFileLockManager] Waiting to acquire shared lock on daemon addresses registry.
15:32:43.995 [DEBUG] [org.gradle.cache.internal.DefaultFileLockManager] Lock acquired on daemon addresses registry.
15:32:43.995 [DEBUG] [org.gradle.cache.internal.DefaultFileLockManager] Releasing lock on daemon addresses registry.
15:32:46.098 [DEBUG] [org.gradle.process.internal.health.memory.MemoryManager] Emitting OS memory status event {Total: 16440082432, Free: 12293079040}
15:32:46.098 [DEBUG] [org.gradle.launcher.daemon.server.health.LowMemoryDaemonExpirationStrategy] Received memory status update: {Total: 16440082432, Free: 12293079040}
15:32:46.098 [DEBUG] [org.gradle.process.internal.health.memory.MemoryManager] Emitting JVM memory status event {Maximum: 1073741824, Committed: 260046848}
15:32:51.098 [DEBUG] [org.gradle.process.internal.health.memory.MemoryManager] Emitting OS memory status event {Total: 16440082432, Free: 12286406656}
15:32:51.098 [DEBUG] [org.gradle.launcher.daemon.server.health.LowMemoryDaemonExpirationStrategy] Received memory status update: {Total: 16440082432, Free: 12286406656}
15:32:51.098 [DEBUG] [org.gradle.process.internal.health.memory.MemoryManager] Emitting JVM memory status event {Maximum: 1073741824, Committed: 260046848}
15:32:53.994 [DEBUG] [org.gradle.launcher.daemon.server.Daemon] DaemonExpirationPeriodicCheck running
15:32:53.995 [DEBUG] [org.gradle.cache.internal.DefaultFileLockManager] Waiting to acquire shared lock on daemon addresses registry.
15:32:53.995 [DEBUG] [org.gradle.cache.internal.DefaultFileLockManager] Lock acquired on daemon addresses registry.
15:32:53.995 [DEBUG] [org.gradle.cache.internal.DefaultFileLockManager] Releasing lock on daemon addresses registry.
15:32:53.995 [DEBUG] [org.gradle.cache.internal.DefaultFileLockManager] Waiting to acquire shared lock on daemon addresses registry.
15:32:53.995 [DEBUG] [org.gradle.cache.internal.DefaultFileLockManager] Lock acquired on daemon addresses registry.
15:32:53.995 [DEBUG] [org.gradle.cache.internal.DefaultFileLockManager] Releasing lock on daemon addresses registry.
15:32:53.995 [DEBUG] [org.gradle.cache.internal.DefaultFileLockManager] Waiting to acquire shared lock on daemon addresses registry.
15:32:53.995 [DEBUG] [org.gradle.cache.internal.DefaultFileLockManager] Lock acquired on daemon addresses registry.
15:32:53.995 [DEBUG] [org.gradle.cache.internal.DefaultFileLockManager] Releasing lock on daemon addresses registry.
15:32:56.098 [DEBUG] [org.gradle.process.internal.health.memory.MemoryManager] Emitting OS memory status event {Total: 16440082432, Free: 12293619712}
15:32:56.098 [DEBUG] [org.gradle.launcher.daemon.server.health.LowMemoryDaemonExpirationStrategy] Received memory status update: {Total: 16440082432, Free: 12293619712}
15:32:56.098 [DEBUG] [org.gradle.process.internal.health.memory.MemoryManager] Emitting JVM memory status event {Maximum: 1073741824, Committed: 260046848}
15:33:01.098 [DEBUG] [org.gradle.process.internal.health.memory.MemoryManager] Emitting OS memory status event {Total: 16440082432, Free: 12294066176}
15:33:01.098 [DEBUG] [org.gradle.launcher.daemon.server.health.LowMemoryDaemonExpirationStrategy] Received memory status update: {Total: 16440082432, Free: 12294066176}
15:33:01.098 [DEBUG] [org.gradle.process.internal.health.memory.MemoryManager] Emitting JVM memory status event {Maximum: 1073741824, Committed: 260046848}
15:33:03.994 [DEBUG] [org.gradle.launcher.daemon.server.Daemon] DaemonExpirationPeriodicCheck running
15:33:03.995 [DEBUG] [org.gradle.cache.internal.DefaultFileLockManager] Waiting to acquire shared lock on daemon addresses registry.
15:33:03.995 [DEBUG] [org.gradle.cache.internal.DefaultFileLockManager] Lock acquired on daemon addresses registry.
15:33:03.995 [DEBUG] [org.gradle.cache.internal.DefaultFileLockManager] Releasing lock on daemon addresses registry.
15:33:03.995 [DEBUG] [org.gradle.cache.internal.DefaultFileLockManager] Waiting to acquire shared lock on daemon addresses registry.
15:33:03.995 [DEBUG] [org.gradle.cache.internal.DefaultFileLockManager] Lock acquired on daemon addresses registry.
15:33:03.995 [DEBUG] [org.gradle.cache.internal.DefaultFileLockManager] Releasing lock on daemon addresses registry.
15:33:03.995 [DEBUG] [org.gradle.cache.internal.DefaultFileLockManager] Waiting to acquire shared lock on daemon addresses registry.
15:33:03.995 [DEBUG] [org.gradle.cache.internal.DefaultFileLockManager] Lock acquired on daemon addresses registry.
15:33:03.995 [DEBUG] [org.gradle.cache.internal.DefaultFileLockManager] Releasing lock on daemon addresses registry.
15:33:06.098 [DEBUG] [org.gradle.process.internal.health.memory.MemoryManager] Emitting OS memory status event {Total: 16440082432, Free: 12294508544}
15:33:06.098 [DEBUG] [org.gradle.launcher.daemon.server.health.LowMemoryDaemonExpirationStrategy] Received memory status update: {Total: 16440082432, Free: 12294508544}
15:33:06.098 [DEBUG] [org.gradle.process.internal.health.memory.MemoryManager] Emitting JVM memory status event {Maximum: 1073741824, Committed: 260046848}
15:33:11.098 [DEBUG] [org.gradle.process.internal.health.memory.MemoryManager] Emitting OS memory status event {Total: 16440082432, Free: 12277948416}
15:33:11.098 [DEBUG] [org.gradle.launcher.daemon.server.health.LowMemoryDaemonExpirationStrategy] Received memory status update: {Total: 16440082432, Free: 12277948416}
15:33:11.098 [DEBUG] [org.gradle.process.internal.health.memory.MemoryManager] Emitting JVM memory status event {Maximum: 1073741824, Committed: 260046848}
15:33:13.995 [DEBUG] [org.gradle.launcher.daemon.server.Daemon] DaemonExpirationPeriodicCheck running
15:33:13.995 [DEBUG] [org.gradle.cache.internal.DefaultFileLockManager] Waiting to acquire shared lock on daemon addresses registry.
15:33:13.995 [DEBUG] [org.gradle.cache.internal.DefaultFileLockManager] Lock acquired on daemon addresses registry.
15:33:13.995 [DEBUG] [org.gradle.cache.internal.DefaultFileLockManager] Releasing lock on daemon addresses registry.
15:33:13.995 [DEBUG] [org.gradle.cache.internal.DefaultFileLockManager] Waiting to acquire shared lock on daemon addresses registry.
15:33:13.995 [DEBUG] [org.gradle.cache.internal.DefaultFileLockManager] Lock acquired on daemon addresses registry.
15:33:13.995 [DEBUG] [org.gradle.cache.internal.DefaultFileLockManager] Releasing lock on daemon addresses registry.
15:33:13.995 [DEBUG] [org.gradle.cache.internal.DefaultFileLockManager] Waiting to acquire shared lock on daemon addresses registry.
15:33:13.995 [DEBUG] [org.gradle.cache.internal.DefaultFileLockManager] Lock acquired on daemon addresses registry.
15:33:13.995 [DEBUG] [org.gradle.cache.internal.DefaultFileLockManager] Releasing lock on daemon addresses registry.
15:33:16.098 [DEBUG] [org.gradle.process.internal.health.memory.MemoryManager] Emitting OS memory status event {Total: 16440082432, Free: 12296003584}
15:33:16.098 [DEBUG] [org.gradle.launcher.daemon.server.health.LowMemoryDaemonExpirationStrategy] Received memory status update: {Total: 16440082432, Free: 12296003584}
15:33:16.098 [DEBUG] [org.gradle.process.internal.health.memory.MemoryManager] Emitting JVM memory status event {Maximum: 1073741824, Committed: 260046848}
15:33:21.098 [DEBUG] [org.gradle.process.internal.health.memory.MemoryManager] Emitting OS memory status event {Total: 16440082432, Free: 12298866688}
15:33:21.098 [DEBUG] [org.gradle.launcher.daemon.server.health.LowMemoryDaemonExpirationStrategy] Received memory status update: {Total: 16440082432, Free: 12298866688}
15:33:21.098 [DEBUG] [org.gradle.process.internal.health.memory.MemoryManager] Emitting JVM memory status event {Maximum: 1073741824, Committed: 260046848}
15:33:23.995 [DEBUG] [org.gradle.launcher.daemon.server.Daemon] DaemonExpirationPeriodicCheck running
15:33:23.995 [DEBUG] [org.gradle.cache.internal.DefaultFileLockManager] Waiting to acquire shared lock on daemon addresses registry.
15:33:23.995 [DEBUG] [org.gradle.cache.internal.DefaultFileLockManager] Lock acquired on daemon addresses registry.
15:33:23.995 [DEBUG] [org.gradle.cache.internal.DefaultFileLockManager] Releasing lock on daemon addresses registry.
15:33:23.995 [DEBUG] [org.gradle.cache.internal.DefaultFileLockManager] Waiting to acquire shared lock on daemon addresses registry.
15:33:23.995 [DEBUG] [org.gradle.cache.internal.DefaultFileLockManager] Lock acquired on daemon addresses registry.
15:33:23.995 [DEBUG] [org.gradle.cache.internal.DefaultFileLockManager] Releasing lock on daemon addresses registry.
15:33:23.995 [DEBUG] [org.gradle.cache.internal.DefaultFileLockManager] Waiting to acquire shared lock on daemon addresses registry.
15:33:23.995 [DEBUG] [org.gradle.cache.internal.DefaultFileLockManager] Lock acquired on daemon addresses registry.
15:33:23.995 [DEBUG] [org.gradle.cache.internal.DefaultFileLockManager] Releasing lock on daemon addresses registry.
15:33:26.098 [DEBUG] [org.gradle.process.internal.health.memory.MemoryManager] Emitting OS memory status event {Total: 16440082432, Free: 12301393920}
15:33:26.098 [DEBUG] [org.gradle.launcher.daemon.server.health.LowMemoryDaemonExpirationStrategy] Received memory status update: {Total: 16440082432, Free: 12301393920}
15:33:26.098 [DEBUG] [org.gradle.process.internal.health.memory.MemoryManager] Emitting JVM memory status event {Maximum: 1073741824, Committed: 260046848}
15:33:31.098 [DEBUG] [org.gradle.process.internal.health.memory.MemoryManager] Emitting OS memory status event {Total: 16440082432, Free: 12301520896}
15:33:31.098 [DEBUG] [org.gradle.launcher.daemon.server.health.LowMemoryDaemonExpirationStrategy] Received memory status update: {Total: 16440082432, Free: 12301520896}
15:33:31.098 [DEBUG] [org.gradle.process.internal.health.memory.MemoryManager] Emitting JVM memory status event {Maximum: 1073741824, Committed: 260046848}
15:33:33.995 [DEBUG] [org.gradle.launcher.daemon.server.Daemon] DaemonExpirationPeriodicCheck running
15:33:33.995 [DEBUG] [org.gradle.cache.internal.DefaultFileLockManager] Waiting to acquire shared lock on daemon addresses registry.
15:33:33.995 [DEBUG] [org.gradle.cache.internal.DefaultFileLockManager] Lock acquired on daemon addresses registry.
15:33:33.995 [DEBUG] [org.gradle.cache.internal.DefaultFileLockManager] Releasing lock on daemon addresses registry.
15:33:33.995 [DEBUG] [org.gradle.cache.internal.DefaultFileLockManager] Waiting to acquire shared lock on daemon addresses registry.
15:33:33.995 [DEBUG] [org.gradle.cache.internal.DefaultFileLockManager] Lock acquired on daemon addresses registry.
15:33:33.995 [DEBUG] [org.gradle.cache.internal.DefaultFileLockManager] Releasing lock on daemon addresses registry.
15:33:33.995 [DEBUG] [org.gradle.cache.internal.DefaultFileLockManager] Waiting to acquire shared lock on daemon addresses registry.
15:33:33.995 [DEBUG] [org.gradle.cache.internal.DefaultFileLockManager] Lock acquired on daemon addresses registry.
15:33:33.995 [DEBUG] [org.gradle.cache.internal.DefaultFileLockManager] Releasing lock on daemon addresses registry.
15:33:36.098 [DEBUG] [org.gradle.process.internal.health.memory.MemoryManager] Emitting OS memory status event {Total: 16440082432, Free: 12306513920}
15:33:36.098 [DEBUG] [org.gradle.launcher.daemon.server.health.LowMemoryDaemonExpirationStrategy] Received memory status update: {Total: 16440082432, Free: 12306513920}
15:33:36.098 [DEBUG] [org.gradle.process.internal.health.memory.MemoryManager] Emitting JVM memory status event {Maximum: 1073741824, Committed: 260046848}
15:33:41.098 [DEBUG] [org.gradle.process.internal.health.memory.MemoryManager] Emitting OS memory status event {Total: 16440082432, Free: 12308267008}
15:33:41.098 [DEBUG] [org.gradle.launcher.daemon.server.health.LowMemoryDaemonExpirationStrategy] Received memory status update: {Total: 16440082432, Free: 12308267008}
15:33:41.098 [DEBUG] [org.gradle.process.internal.health.memory.MemoryManager] Emitting JVM memory status event {Maximum: 1073741824, Committed: 260046848}
15:33:43.994 [DEBUG] [org.gradle.launcher.daemon.server.Daemon] DaemonExpirationPeriodicCheck running
15:33:43.995 [DEBUG] [org.gradle.cache.internal.DefaultFileLockManager] Waiting to acquire shared lock on daemon addresses registry.
15:33:43.995 [DEBUG] [org.gradle.cache.internal.DefaultFileLockManager] Lock acquired on daemon addresses registry.
15:33:43.995 [DEBUG] [org.gradle.cache.internal.DefaultFileLockManager] Releasing lock on daemon addresses registry.
15:33:43.995 [DEBUG] [org.gradle.cache.internal.DefaultFileLockManager] Waiting to acquire shared lock on daemon addresses registry.
15:33:43.995 [DEBUG] [org.gradle.cache.internal.DefaultFileLockManager] Lock acquired on daemon addresses registry.
15:33:43.995 [DEBUG] [org.gradle.cache.internal.DefaultFileLockManager] Releasing lock on daemon addresses registry.
15:33:43.995 [DEBUG] [org.gradle.cache.internal.DefaultFileLockManager] Waiting to acquire shared lock on daemon addresses registry.
15:33:43.995 [DEBUG] [org.gradle.cache.internal.DefaultFileLockManager] Lock acquired on daemon addresses registry.
15:33:43.995 [DEBUG] [org.gradle.cache.internal.DefaultFileLockManager] Releasing lock on daemon addresses registry.
15:33:46.098 [DEBUG] [org.gradle.process.internal.health.memory.MemoryManager] Emitting OS memory status event {Total: 16440082432, Free: 12308250624}
15:33:46.098 [DEBUG] [org.gradle.launcher.daemon.server.health.LowMemoryDaemonExpirationStrategy] Received memory status update: {Total: 16440082432, Free: 12308250624}
15:33:46.098 [DEBUG] [org.gradle.process.internal.health.memory.MemoryManager] Emitting JVM memory status event {Maximum: 1073741824, Committed: 260046848}
15:33:51.098 [DEBUG] [org.gradle.process.internal.health.memory.MemoryManager] Emitting OS memory status event {Total: 16440082432, Free: 12308230144}
15:33:51.098 [DEBUG] [org.gradle.launcher.daemon.server.health.LowMemoryDaemonExpirationStrategy] Received memory status update: {Total: 16440082432, Free: 12308230144}
15:33:51.098 [DEBUG] [org.gradle.process.internal.health.memory.MemoryManager] Emitting JVM memory status event {Maximum: 1073741824, Committed: 260046848}
15:33:53.995 [DEBUG] [org.gradle.launcher.daemon.server.Daemon] DaemonExpirationPeriodicCheck running
15:33:53.995 [DEBUG] [org.gradle.cache.internal.DefaultFileLockManager] Waiting to acquire shared lock on daemon addresses registry.
15:33:53.995 [DEBUG] [org.gradle.cache.internal.DefaultFileLockManager] Lock acquired on daemon addresses registry.
15:33:53.995 [DEBUG] [org.gradle.cache.internal.DefaultFileLockManager] Releasing lock on daemon addresses registry.
15:33:53.995 [DEBUG] [org.gradle.cache.internal.DefaultFileLockManager] Waiting to acquire shared lock on daemon addresses registry.
15:33:53.995 [DEBUG] [org.gradle.cache.internal.DefaultFileLockManager] Lock acquired on daemon addresses registry.
15:33:53.995 [DEBUG] [org.gradle.cache.internal.DefaultFileLockManager] Releasing lock on daemon addresses registry.
15:33:53.995 [DEBUG] [org.gradle.cache.internal.DefaultFileLockManager] Waiting to acquire shared lock on daemon addresses registry.
15:33:53.995 [DEBUG] [org.gradle.cache.internal.DefaultFileLockManager] Lock acquired on daemon addresses registry.
15:33:53.995 [DEBUG] [org.gradle.cache.internal.DefaultFileLockManager] Releasing lock on daemon addresses registry.
15:33:56.098 [DEBUG] [org.gradle.process.internal.health.memory.MemoryManager] Emitting OS memory status event {Total: 16440082432, Free: 12308246528}
15:33:56.098 [DEBUG] [org.gradle.launcher.daemon.server.health.LowMemoryDaemonExpirationStrategy] Received memory status update: {Total: 16440082432, Free: 12308246528}
15:33:56.098 [DEBUG] [org.gradle.process.internal.health.memory.MemoryManager] Emitting JVM memory status event {Maximum: 1073741824, Committed: 260046848}
15:34:01.098 [DEBUG] [org.gradle.process.internal.health.memory.MemoryManager] Emitting OS memory status event {Total: 16440082432, Free: 12308258816}
15:34:01.098 [DEBUG] [org.gradle.launcher.daemon.server.health.LowMemoryDaemonExpirationStrategy] Received memory status update: {Total: 16440082432, Free: 12308258816}
15:34:01.098 [DEBUG] [org.gradle.process.internal.health.memory.MemoryManager] Emitting JVM memory status event {Maximum: 1073741824, Committed: 260046848}
15:34:03.995 [DEBUG] [org.gradle.launcher.daemon.server.Daemon] DaemonExpirationPeriodicCheck running
15:34:03.995 [DEBUG] [org.gradle.cache.internal.DefaultFileLockManager] Waiting to acquire shared lock on daemon addresses registry.
15:34:03.995 [DEBUG] [org.gradle.cache.internal.DefaultFileLockManager] Lock acquired on daemon addresses registry.
15:34:03.995 [DEBUG] [org.gradle.cache.internal.DefaultFileLockManager] Releasing lock on daemon addresses registry.
15:34:03.995 [DEBUG] [org.gradle.cache.internal.DefaultFileLockManager] Waiting to acquire shared lock on daemon addresses registry.
15:34:03.995 [DEBUG] [org.gradle.cache.internal.DefaultFileLockManager] Lock acquired on daemon addresses registry.
15:34:03.995 [DEBUG] [org.gradle.cache.internal.DefaultFileLockManager] Releasing lock on daemon addresses registry.
15:34:03.995 [DEBUG] [org.gradle.cache.internal.DefaultFileLockManager] Waiting to acquire shared lock on daemon addresses registry.
15:34:03.995 [DEBUG] [org.gradle.cache.internal.DefaultFileLockManager] Lock acquired on daemon addresses registry.
15:34:03.995 [DEBUG] [org.gradle.cache.internal.DefaultFileLockManager] Releasing lock on daemon addresses registry.
15:34:06.098 [DEBUG] [org.gradle.process.internal.health.memory.MemoryManager] Emitting OS memory status event {Total: 16440082432, Free: 12307689472}
15:34:06.098 [DEBUG] [org.gradle.launcher.daemon.server.health.LowMemoryDaemonExpirationStrategy] Received memory status update: {Total: 16440082432, Free: 12307689472}
15:34:06.098 [DEBUG] [org.gradle.process.internal.health.memory.MemoryManager] Emitting JVM memory status event {Maximum: 1073741824, Committed: 260046848}
15:34:11.098 [DEBUG] [org.gradle.process.internal.health.memory.MemoryManager] Emitting OS memory status event {Total: 16440082432, Free: 12307701760}
15:34:11.098 [DEBUG] [org.gradle.launcher.daemon.server.health.LowMemoryDaemonExpirationStrategy] Received memory status update: {Total: 16440082432, Free: 12307701760}
15:34:11.098 [DEBUG] [org.gradle.process.internal.health.memory.MemoryManager] Emitting JVM memory status event {Maximum: 1073741824, Committed: 260046848}
15:34:13.995 [DEBUG] [org.gradle.launcher.daemon.server.Daemon] DaemonExpirationPeriodicCheck running
15:34:13.995 [DEBUG] [org.gradle.cache.internal.DefaultFileLockManager] Waiting to acquire shared lock on daemon addresses registry.
15:34:13.995 [DEBUG] [org.gradle.cache.internal.DefaultFileLockManager] Lock acquired on daemon addresses registry.
15:34:13.995 [DEBUG] [org.gradle.cache.internal.DefaultFileLockManager] Releasing lock on daemon addresses registry.
15:34:13.995 [DEBUG] [org.gradle.cache.internal.DefaultFileLockManager] Waiting to acquire shared lock on daemon addresses registry.
15:34:13.995 [DEBUG] [org.gradle.cache.internal.DefaultFileLockManager] Lock acquired on daemon addresses registry.
15:34:13.995 [DEBUG] [org.gradle.cache.internal.DefaultFileLockManager] Releasing lock on daemon addresses registry.
15:34:13.995 [DEBUG] [org.gradle.cache.internal.DefaultFileLockManager] Waiting to acquire shared lock on daemon addresses registry.
15:34:13.995 [DEBUG] [org.gradle.cache.internal.DefaultFileLockManager] Lock acquired on daemon addresses registry.
15:34:13.995 [DEBUG] [org.gradle.cache.internal.DefaultFileLockManager] Releasing lock on daemon addresses registry.
15:34:16.098 [DEBUG] [org.gradle.process.internal.health.memory.MemoryManager] Emitting OS memory status event {Total: 16440082432, Free: 12301983744}
15:34:16.098 [DEBUG] [org.gradle.launcher.daemon.server.health.LowMemoryDaemonExpirationStrategy] Received memory status update: {Total: 16440082432, Free: 12301983744}
15:34:16.098 [DEBUG] [org.gradle.process.internal.health.memory.MemoryManager] Emitting JVM memory status event {Maximum: 1073741824, Committed: 260046848}
15:34:21.098 [DEBUG] [org.gradle.process.internal.health.memory.MemoryManager] Emitting OS memory status event {Total: 16440082432, Free: 12301774848}
15:34:21.098 [DEBUG] [org.gradle.launcher.daemon.server.health.LowMemoryDaemonExpirationStrategy] Received memory status update: {Total: 16440082432, Free: 12301774848}
15:34:21.098 [DEBUG] [org.gradle.process.internal.health.memory.MemoryManager] Emitting JVM memory status event {Maximum: 1073741824, Committed: 260046848}
15:34:23.994 [DEBUG] [org.gradle.launcher.daemon.server.Daemon] DaemonExpirationPeriodicCheck running
15:34:23.995 [DEBUG] [org.gradle.cache.internal.DefaultFileLockManager] Waiting to acquire shared lock on daemon addresses registry.
15:34:23.995 [DEBUG] [org.gradle.cache.internal.DefaultFileLockManager] Lock acquired on daemon addresses registry.
15:34:23.995 [DEBUG] [org.gradle.cache.internal.DefaultFileLockManager] Releasing lock on daemon addresses registry.
15:34:23.995 [DEBUG] [org.gradle.cache.internal.DefaultFileLockManager] Waiting to acquire shared lock on daemon addresses registry.
15:34:23.995 [DEBUG] [org.gradle.cache.internal.DefaultFileLockManager] Lock acquired on daemon addresses registry.
15:34:23.995 [DEBUG] [org.gradle.cache.internal.DefaultFileLockManager] Releasing lock on daemon addresses registry.
15:34:23.995 [DEBUG] [org.gradle.cache.internal.DefaultFileLockManager] Waiting to acquire shared lock on daemon addresses registry.
15:34:23.995 [DEBUG] [org.gradle.cache.internal.DefaultFileLockManager] Lock acquired on daemon addresses registry.
15:34:23.995 [DEBUG] [org.gradle.cache.internal.DefaultFileLockManager] Releasing lock on daemon addresses registry.
15:34:26.098 [DEBUG] [org.gradle.process.internal.health.memory.MemoryManager] Emitting OS memory status event {Total: 16440082432, Free: 12308422656}
15:34:26.098 [DEBUG] [org.gradle.launcher.daemon.server.health.LowMemoryDaemonExpirationStrategy] Received memory status update: {Total: 16440082432, Free: 12308422656}
15:34:26.098 [DEBUG] [org.gradle.process.internal.health.memory.MemoryManager] Emitting JVM memory status event {Maximum: 1073741824, Committed: 260046848}
15:34:31.098 [DEBUG] [org.gradle.process.internal.health.memory.MemoryManager] Emitting OS memory status event {Total: 16440082432, Free: 12308312064}
15:34:31.098 [DEBUG] [org.gradle.launcher.daemon.server.health.LowMemoryDaemonExpirationStrategy] Received memory status update: {Total: 16440082432, Free: 12308312064}
15:34:31.098 [DEBUG] [org.gradle.process.internal.health.memory.MemoryManager] Emitting JVM memory status event {Maximum: 1073741824, Committed: 260046848}
15:34:33.995 [DEBUG] [org.gradle.launcher.daemon.server.Daemon] DaemonExpirationPeriodicCheck running
15:34:33.995 [DEBUG] [org.gradle.cache.internal.DefaultFileLockManager] Waiting to acquire shared lock on daemon addresses registry.
15:34:33.995 [DEBUG] [org.gradle.cache.internal.DefaultFileLockManager] Lock acquired on daemon addresses registry.
15:34:33.995 [DEBUG] [org.gradle.cache.internal.DefaultFileLockManager] Releasing lock on daemon addresses registry.
15:34:33.995 [DEBUG] [org.gradle.cache.internal.DefaultFileLockManager] Waiting to acquire shared lock on daemon addresses registry.
15:34:33.995 [DEBUG] [org.gradle.cache.internal.DefaultFileLockManager] Lock acquired on daemon addresses registry.
15:34:33.995 [DEBUG] [org.gradle.cache.internal.DefaultFileLockManager] Releasing lock on daemon addresses registry.
15:34:33.995 [DEBUG] [org.gradle.cache.internal.DefaultFileLockManager] Waiting to acquire shared lock on daemon addresses registry.
15:34:33.995 [DEBUG] [org.gradle.cache.internal.DefaultFileLockManager] Lock acquired on daemon addresses registry.
15:34:33.995 [DEBUG] [org.gradle.cache.internal.DefaultFileLockManager] Releasing lock on daemon addresses registry.
15:34:36.098 [DEBUG] [org.gradle.process.internal.health.memory.MemoryManager] Emitting OS memory status event {Total: 16440082432, Free: 12313956352}
15:34:36.098 [DEBUG] [org.gradle.launcher.daemon.server.health.LowMemoryDaemonExpirationStrategy] Received memory status update: {Total: 16440082432, Free: 12313956352}
15:34:36.098 [DEBUG] [org.gradle.process.internal.health.memory.MemoryManager] Emitting JVM memory status event {Maximum: 1073741824, Committed: 260046848}
15:34:41.098 [DEBUG] [org.gradle.process.internal.health.memory.MemoryManager] Emitting OS memory status event {Total: 16440082432, Free: 12314046464}
15:34:41.098 [DEBUG] [org.gradle.launcher.daemon.server.health.LowMemoryDaemonExpirationStrategy] Received memory status update: {Total: 16440082432, Free: 12314046464}
15:34:41.098 [DEBUG] [org.gradle.process.internal.health.memory.MemoryManager] Emitting JVM memory status event {Maximum: 1073741824, Committed: 260046848}
15:34:43.995 [DEBUG] [org.gradle.launcher.daemon.server.Daemon] DaemonExpirationPeriodicCheck running
15:34:43.995 [DEBUG] [org.gradle.cache.internal.DefaultFileLockManager] Waiting to acquire shared lock on daemon addresses registry.
15:34:43.995 [DEBUG] [org.gradle.cache.internal.DefaultFileLockManager] Lock acquired on daemon addresses registry.
15:34:43.995 [DEBUG] [org.gradle.cache.internal.DefaultFileLockManager] Releasing lock on daemon addresses registry.
15:34:43.995 [DEBUG] [org.gradle.cache.internal.DefaultFileLockManager] Waiting to acquire shared lock on daemon addresses registry.
15:34:43.995 [DEBUG] [org.gradle.cache.internal.DefaultFileLockManager] Lock acquired on daemon addresses registry.
15:34:43.995 [DEBUG] [org.gradle.cache.internal.DefaultFileLockManager] Releasing lock on daemon addresses registry.
15:34:43.995 [DEBUG] [org.gradle.cache.internal.DefaultFileLockManager] Waiting to acquire shared lock on daemon addresses registry.
15:34:43.995 [DEBUG] [org.gradle.cache.internal.DefaultFileLockManager] Lock acquired on daemon addresses registry.
15:34:43.995 [DEBUG] [org.gradle.cache.internal.DefaultFileLockManager] Releasing lock on daemon addresses registry.
15:34:46.098 [DEBUG] [org.gradle.process.internal.health.memory.MemoryManager] Emitting OS memory status event {Total: 16440082432, Free: 12314079232}
15:34:46.098 [DEBUG] [org.gradle.launcher.daemon.server.health.LowMemoryDaemonExpirationStrategy] Received memory status update: {Total: 16440082432, Free: 12314079232}
15:34:46.098 [DEBUG] [org.gradle.process.internal.health.memory.MemoryManager] Emitting JVM memory status event {Maximum: 1073741824, Committed: 260046848}
15:34:51.098 [DEBUG] [org.gradle.process.internal.health.memory.MemoryManager] Emitting OS memory status event {Total: 16440082432, Free: 12314079232}
15:34:51.098 [DEBUG] [org.gradle.launcher.daemon.server.health.LowMemoryDaemonExpirationStrategy] Received memory status update: {Total: 16440082432, Free: 12314079232}
15:34:51.098 [DEBUG] [org.gradle.process.internal.health.memory.MemoryManager] Emitting JVM memory status event {Maximum: 1073741824, Committed: 260046848}
15:34:53.995 [DEBUG] [org.gradle.launcher.daemon.server.Daemon] DaemonExpirationPeriodicCheck running
15:34:53.995 [DEBUG] [org.gradle.cache.internal.DefaultFileLockManager] Waiting to acquire shared lock on daemon addresses registry.
15:34:53.995 [DEBUG] [org.gradle.cache.internal.DefaultFileLockManager] Lock acquired on daemon addresses registry.
15:34:53.995 [DEBUG] [org.gradle.cache.internal.DefaultFileLockManager] Releasing lock on daemon addresses registry.
15:34:53.995 [DEBUG] [org.gradle.cache.internal.DefaultFileLockManager] Waiting to acquire shared lock on daemon addresses registry.
15:34:53.995 [DEBUG] [org.gradle.cache.internal.DefaultFileLockManager] Lock acquired on daemon addresses registry.
15:34:53.995 [DEBUG] [org.gradle.cache.internal.DefaultFileLockManager] Releasing lock on daemon addresses registry.
15:34:53.995 [DEBUG] [org.gradle.cache.internal.DefaultFileLockManager] Waiting to acquire shared lock on daemon addresses registry.
15:34:53.995 [DEBUG] [org.gradle.cache.internal.DefaultFileLockManager] Lock acquired on daemon addresses registry.
15:34:53.995 [DEBUG] [org.gradle.cache.internal.DefaultFileLockManager] Releasing lock on daemon addresses registry.
15:34:56.098 [DEBUG] [org.gradle.process.internal.health.memory.MemoryManager] Emitting OS memory status event {Total: 16440082432, Free: 12314087424}
15:34:56.098 [DEBUG] [org.gradle.launcher.daemon.server.health.LowMemoryDaemonExpirationStrategy] Received memory status update: {Total: 16440082432, Free: 12314087424}
15:34:56.098 [DEBUG] [org.gradle.process.internal.health.memory.MemoryManager] Emitting JVM memory status event {Maximum: 1073741824, Committed: 260046848}
15:35:01.098 [DEBUG] [org.gradle.process.internal.health.memory.MemoryManager] Emitting OS memory status event {Total: 16440082432, Free: 12314091520}
15:35:01.130 [DEBUG] [org.gradle.launcher.daemon.server.health.LowMemoryDaemonExpirationStrategy] Received memory status update: {Total: 16440082432, Free: 12314091520}
15:35:01.130 [DEBUG] [org.gradle.process.internal.health.memory.MemoryManager] Emitting JVM memory status event {Maximum: 1073741824, Committed: 260046848}
15:35:03.995 [DEBUG] [org.gradle.launcher.daemon.server.Daemon] DaemonExpirationPeriodicCheck running
15:35:03.995 [DEBUG] [org.gradle.cache.internal.DefaultFileLockManager] Waiting to acquire shared lock on daemon addresses registry.
15:35:03.995 [DEBUG] [org.gradle.cache.internal.DefaultFileLockManager] Lock acquired on daemon addresses registry.
15:35:03.995 [DEBUG] [org.gradle.cache.internal.DefaultFileLockManager] Releasing lock on daemon addresses registry.
15:35:03.995 [DEBUG] [org.gradle.cache.internal.DefaultFileLockManager] Waiting to acquire shared lock on daemon addresses registry.
15:35:03.995 [DEBUG] [org.gradle.cache.internal.DefaultFileLockManager] Lock acquired on daemon addresses registry.
15:35:03.995 [DEBUG] [org.gradle.cache.internal.DefaultFileLockManager] Releasing lock on daemon addresses registry.
15:35:03.995 [DEBUG] [org.gradle.cache.internal.DefaultFileLockManager] Waiting to acquire shared lock on daemon addresses registry.
15:35:03.995 [DEBUG] [org.gradle.cache.internal.DefaultFileLockManager] Lock acquired on daemon addresses registry.
15:35:03.995 [DEBUG] [org.gradle.cache.internal.DefaultFileLockManager] Releasing lock on daemon addresses registry.
15:35:06.098 [DEBUG] [org.gradle.process.internal.health.memory.MemoryManager] Emitting OS memory status event {Total: 16440082432, Free: 12313333760}
15:35:06.098 [DEBUG] [org.gradle.launcher.daemon.server.health.LowMemoryDaemonExpirationStrategy] Received memory status update: {Total: 16440082432, Free: 12313333760}
15:35:06.098 [DEBUG] [org.gradle.process.internal.health.memory.MemoryManager] Emitting JVM memory status event {Maximum: 1073741824, Committed: 260046848}
15:35:11.098 [DEBUG] [org.gradle.process.internal.health.memory.MemoryManager] Emitting OS memory status event {Total: 16440082432, Free: 12319674368}
15:35:11.098 [DEBUG] [org.gradle.launcher.daemon.server.health.LowMemoryDaemonExpirationStrategy] Received memory status update: {Total: 16440082432, Free: 12319674368}
15:35:11.098 [DEBUG] [org.gradle.process.internal.health.memory.MemoryManager] Emitting JVM memory status event {Maximum: 1073741824, Committed: 260046848}
15:35:13.995 [DEBUG] [org.gradle.launcher.daemon.server.Daemon] DaemonExpirationPeriodicCheck running
15:35:13.995 [DEBUG] [org.gradle.cache.internal.DefaultFileLockManager] Waiting to acquire shared lock on daemon addresses registry.
15:35:13.995 [DEBUG] [org.gradle.cache.internal.DefaultFileLockManager] Lock acquired on daemon addresses registry.
15:35:13.995 [DEBUG] [org.gradle.cache.internal.DefaultFileLockManager] Releasing lock on daemon addresses registry.
15:35:13.995 [DEBUG] [org.gradle.cache.internal.DefaultFileLockManager] Waiting to acquire shared lock on daemon addresses registry.
15:35:13.995 [DEBUG] [org.gradle.cache.internal.DefaultFileLockManager] Lock acquired on daemon addresses registry.
15:35:13.995 [DEBUG] [org.gradle.cache.internal.DefaultFileLockManager] Releasing lock on daemon addresses registry.
15:35:13.995 [DEBUG] [org.gradle.cache.internal.DefaultFileLockManager] Waiting to acquire shared lock on daemon addresses registry.
15:35:13.995 [DEBUG] [org.gradle.cache.internal.DefaultFileLockManager] Lock acquired on daemon addresses registry.
15:35:13.995 [DEBUG] [org.gradle.cache.internal.DefaultFileLockManager] Releasing lock on daemon addresses registry.
15:35:16.098 [DEBUG] [org.gradle.process.internal.health.memory.MemoryManager] Emitting OS memory status event {Total: 16440082432, Free: 12319428608}
15:35:16.098 [DEBUG] [org.gradle.launcher.daemon.server.health.LowMemoryDaemonExpirationStrategy] Received memory status update: {Total: 16440082432, Free: 12319428608}
15:35:16.098 [DEBUG] [org.gradle.process.internal.health.memory.MemoryManager] Emitting JVM memory status event {Maximum: 1073741824, Committed: 260046848}
15:35:21.098 [DEBUG] [org.gradle.process.internal.health.memory.MemoryManager] Emitting OS memory status event {Total: 16440082432, Free: 12312670208}
15:35:21.098 [DEBUG] [org.gradle.launcher.daemon.server.health.LowMemoryDaemonExpirationStrategy] Received memory status update: {Total: 16440082432, Free: 12312670208}
15:35:21.098 [DEBUG] [org.gradle.process.internal.health.memory.MemoryManager] Emitting JVM memory status event {Maximum: 1073741824, Committed: 260046848}
15:35:23.994 [DEBUG] [org.gradle.launcher.daemon.server.Daemon] DaemonExpirationPeriodicCheck running
15:35:23.995 [DEBUG] [org.gradle.cache.internal.DefaultFileLockManager] Waiting to acquire shared lock on daemon addresses registry.
15:35:23.995 [DEBUG] [org.gradle.cache.internal.DefaultFileLockManager] Lock acquired on daemon addresses registry.
15:35:23.995 [DEBUG] [org.gradle.cache.internal.DefaultFileLockManager] Releasing lock on daemon addresses registry.
15:35:23.995 [DEBUG] [org.gradle.cache.internal.DefaultFileLockManager] Waiting to acquire shared lock on daemon addresses registry.
15:35:23.995 [DEBUG] [org.gradle.cache.internal.DefaultFileLockManager] Lock acquired on daemon addresses registry.
15:35:23.995 [DEBUG] [org.gradle.cache.internal.DefaultFileLockManager] Releasing lock on daemon addresses registry.
15:35:23.995 [DEBUG] [org.gradle.cache.internal.DefaultFileLockManager] Waiting to acquire shared lock on daemon addresses registry.
15:35:23.995 [DEBUG] [org.gradle.cache.internal.DefaultFileLockManager] Lock acquired on daemon addresses registry.
15:35:23.995 [DEBUG] [org.gradle.cache.internal.DefaultFileLockManager] Releasing lock on daemon addresses registry.
15:35:26.098 [DEBUG] [org.gradle.process.internal.health.memory.MemoryManager] Emitting OS memory status event {Total: 16440082432, Free: 12315656192}
15:35:26.098 [DEBUG] [org.gradle.launcher.daemon.server.health.LowMemoryDaemonExpirationStrategy] Received memory status update: {Total: 16440082432, Free: 12315656192}
15:35:26.098 [DEBUG] [org.gradle.process.internal.health.memory.MemoryManager] Emitting JVM memory status event {Maximum: 1073741824, Committed: 260046848}
15:35:31.098 [DEBUG] [org.gradle.process.internal.health.memory.MemoryManager] Emitting OS memory status event {Total: 16440082432, Free: 12312117248}
15:35:31.098 [DEBUG] [org.gradle.launcher.daemon.server.health.LowMemoryDaemonExpirationStrategy] Received memory status update: {Total: 16440082432, Free: 12312117248}
15:35:31.098 [DEBUG] [org.gradle.process.internal.health.memory.MemoryManager] Emitting JVM memory status event {Maximum: 1073741824, Committed: 260046848}
15:35:33.995 [DEBUG] [org.gradle.launcher.daemon.server.Daemon] DaemonExpirationPeriodicCheck running
15:35:33.995 [DEBUG] [org.gradle.cache.internal.DefaultFileLockManager] Waiting to acquire shared lock on daemon addresses registry.
15:35:33.995 [DEBUG] [org.gradle.cache.internal.DefaultFileLockManager] Lock acquired on daemon addresses registry.
15:35:33.995 [DEBUG] [org.gradle.cache.internal.DefaultFileLockManager] Releasing lock on daemon addresses registry.
15:35:33.995 [DEBUG] [org.gradle.cache.internal.DefaultFileLockManager] Waiting to acquire shared lock on daemon addresses registry.
15:35:33.995 [DEBUG] [org.gradle.cache.internal.DefaultFileLockManager] Lock acquired on daemon addresses registry.
15:35:33.995 [DEBUG] [org.gradle.cache.internal.DefaultFileLockManager] Releasing lock on daemon addresses registry.
15:35:33.995 [DEBUG] [org.gradle.cache.internal.DefaultFileLockManager] Waiting to acquire shared lock on daemon addresses registry.
15:35:33.995 [DEBUG] [org.gradle.cache.internal.DefaultFileLockManager] Lock acquired on daemon addresses registry.
15:35:33.995 [DEBUG] [org.gradle.cache.internal.DefaultFileLockManager] Releasing lock on daemon addresses registry.
15:35:36.098 [DEBUG] [org.gradle.process.internal.health.memory.MemoryManager] Emitting OS memory status event {Total: 16440082432, Free: 12311293952}
15:35:36.098 [DEBUG] [org.gradle.launcher.daemon.server.health.LowMemoryDaemonExpirationStrategy] Received memory status update: {Total: 16440082432, Free: 12311293952}
15:35:36.098 [DEBUG] [org.gradle.process.internal.health.memory.MemoryManager] Emitting JVM memory status event {Maximum: 1073741824, Committed: 260046848}
15:35:41.098 [DEBUG] [org.gradle.process.internal.health.memory.MemoryManager] Emitting OS memory status event {Total: 16440082432, Free: 12307824640}
15:35:41.098 [DEBUG] [org.gradle.launcher.daemon.server.health.LowMemoryDaemonExpirationStrategy] Received memory status update: {Total: 16440082432, Free: 12307824640}
15:35:41.098 [DEBUG] [org.gradle.process.internal.health.memory.MemoryManager] Emitting JVM memory status event {Maximum: 1073741824, Committed: 260046848}
15:35:43.995 [DEBUG] [org.gradle.launcher.daemon.server.Daemon] DaemonExpirationPeriodicCheck running
15:35:43.995 [DEBUG] [org.gradle.cache.internal.DefaultFileLockManager] Waiting to acquire shared lock on daemon addresses registry.
15:35:43.995 [DEBUG] [org.gradle.cache.internal.DefaultFileLockManager] Lock acquired on daemon addresses registry.
15:35:43.995 [DEBUG] [org.gradle.cache.internal.DefaultFileLockManager] Releasing lock on daemon addresses registry.
15:35:43.995 [DEBUG] [org.gradle.cache.internal.DefaultFileLockManager] Waiting to acquire shared lock on daemon addresses registry.
15:35:43.995 [DEBUG] [org.gradle.cache.internal.DefaultFileLockManager] Lock acquired on daemon addresses registry.
15:35:43.995 [DEBUG] [org.gradle.cache.internal.DefaultFileLockManager] Releasing lock on daemon addresses registry.
15:35:43.995 [DEBUG] [org.gradle.cache.internal.DefaultFileLockManager] Waiting to acquire shared lock on daemon addresses registry.
15:35:43.995 [DEBUG] [org.gradle.cache.internal.DefaultFileLockManager] Lock acquired on daemon addresses registry.
15:35:43.995 [DEBUG] [org.gradle.cache.internal.DefaultFileLockManager] Releasing lock on daemon addresses registry.
15:35:46.098 [DEBUG] [org.gradle.process.internal.health.memory.MemoryManager] Emitting OS memory status event {Total: 16440082432, Free: 12310953984}
15:35:46.098 [DEBUG] [org.gradle.launcher.daemon.server.health.LowMemoryDaemonExpirationStrategy] Received memory status update: {Total: 16440082432, Free: 12310953984}
15:35:46.098 [DEBUG] [org.gradle.process.internal.health.memory.MemoryManager] Emitting JVM memory status event {Maximum: 1073741824, Committed: 260046848}
15:35:51.098 [DEBUG] [org.gradle.process.internal.health.memory.MemoryManager] Emitting OS memory status event {Total: 16440082432, Free: 12310036480}
15:35:51.098 [DEBUG] [org.gradle.launcher.daemon.server.health.LowMemoryDaemonExpirationStrategy] Received memory status update: {Total: 16440082432, Free: 12310036480}
15:35:51.098 [DEBUG] [org.gradle.process.internal.health.memory.MemoryManager] Emitting JVM memory status event {Maximum: 1073741824, Committed: 260046848}
15:35:53.995 [DEBUG] [org.gradle.launcher.daemon.server.Daemon] DaemonExpirationPeriodicCheck running
15:35:53.995 [DEBUG] [org.gradle.cache.internal.DefaultFileLockManager] Waiting to acquire shared lock on daemon addresses registry.
15:35:53.995 [DEBUG] [org.gradle.cache.internal.DefaultFileLockManager] Lock acquired on daemon addresses registry.
15:35:53.995 [DEBUG] [org.gradle.cache.internal.DefaultFileLockManager] Releasing lock on daemon addresses registry.
15:35:53.995 [DEBUG] [org.gradle.cache.internal.DefaultFileLockManager] Waiting to acquire shared lock on daemon addresses registry.
15:35:53.995 [DEBUG] [org.gradle.cache.internal.DefaultFileLockManager] Lock acquired on daemon addresses registry.
15:35:53.995 [DEBUG] [org.gradle.cache.internal.DefaultFileLockManager] Releasing lock on daemon addresses registry.
15:35:53.995 [DEBUG] [org.gradle.cache.internal.DefaultFileLockManager] Waiting to acquire shared lock on daemon addresses registry.
15:35:53.995 [DEBUG] [org.gradle.cache.internal.DefaultFileLockManager] Lock acquired on daemon addresses registry.
15:35:53.995 [DEBUG] [org.gradle.cache.internal.DefaultFileLockManager] Releasing lock on daemon addresses registry.
15:35:56.098 [DEBUG] [org.gradle.process.internal.health.memory.MemoryManager] Emitting OS memory status event {Total: 16440082432, Free: 13082845184}
15:35:56.098 [DEBUG] [org.gradle.launcher.daemon.server.health.LowMemoryDaemonExpirationStrategy] Received memory status update: {Total: 16440082432, Free: 13082845184}
15:35:56.098 [DEBUG] [org.gradle.process.internal.health.memory.MemoryManager] Emitting JVM memory status event {Maximum: 1073741824, Committed: 260046848}
15:36:01.098 [DEBUG] [org.gradle.process.internal.health.memory.MemoryManager] Emitting OS memory status event {Total: 16440082432, Free: 13083496448}
15:36:01.098 [DEBUG] [org.gradle.launcher.daemon.server.health.LowMemoryDaemonExpirationStrategy] Received memory status update: {Total: 16440082432, Free: 13083496448}
15:36:01.098 [DEBUG] [org.gradle.process.internal.health.memory.MemoryManager] Emitting JVM memory status event {Maximum: 1073741824, Committed: 260046848}
15:36:03.995 [DEBUG] [org.gradle.launcher.daemon.server.Daemon] DaemonExpirationPeriodicCheck running
15:36:03.995 [DEBUG] [org.gradle.cache.internal.DefaultFileLockManager] Waiting to acquire shared lock on daemon addresses registry.
15:36:03.995 [DEBUG] [org.gradle.cache.internal.DefaultFileLockManager] Lock acquired on daemon addresses registry.
15:36:03.995 [DEBUG] [org.gradle.cache.internal.DefaultFileLockManager] Releasing lock on daemon addresses registry.
15:36:03.995 [DEBUG] [org.gradle.cache.internal.DefaultFileLockManager] Waiting to acquire shared lock on daemon addresses registry.
15:36:03.995 [DEBUG] [org.gradle.cache.internal.DefaultFileLockManager] Lock acquired on daemon addresses registry.
15:36:03.995 [DEBUG] [org.gradle.cache.internal.DefaultFileLockManager] Releasing lock on daemon addresses registry.
15:36:03.995 [DEBUG] [org.gradle.cache.internal.DefaultFileLockManager] Waiting to acquire shared lock on daemon addresses registry.
15:36:03.995 [DEBUG] [org.gradle.cache.internal.DefaultFileLockManager] Lock acquired on daemon addresses registry.
15:36:03.995 [DEBUG] [org.gradle.cache.internal.DefaultFileLockManager] Releasing lock on daemon addresses registry.
15:36:06.098 [DEBUG] [org.gradle.process.internal.health.memory.MemoryManager] Emitting OS memory status event {Total: 16440082432, Free: 13076426752}
15:36:06.098 [DEBUG] [org.gradle.launcher.daemon.server.health.LowMemoryDaemonExpirationStrategy] Received memory status update: {Total: 16440082432, Free: 13076426752}
15:36:06.098 [DEBUG] [org.gradle.process.internal.health.memory.MemoryManager] Emitting JVM memory status event {Maximum: 1073741824, Committed: 260046848}
15:36:11.098 [DEBUG] [org.gradle.process.internal.health.memory.MemoryManager] Emitting OS memory status event {Total: 16440082432, Free: 13082742784}
15:36:11.098 [DEBUG] [org.gradle.launcher.daemon.server.health.LowMemoryDaemonExpirationStrategy] Received memory status update: {Total: 16440082432, Free: 13082742784}
15:36:11.098 [DEBUG] [org.gradle.process.internal.health.memory.MemoryManager] Emitting JVM memory status event {Maximum: 1073741824, Committed: 260046848}
15:36:13.995 [DEBUG] [org.gradle.launcher.daemon.server.Daemon] DaemonExpirationPeriodicCheck running
15:36:13.995 [DEBUG] [org.gradle.cache.internal.DefaultFileLockManager] Waiting to acquire shared lock on daemon addresses registry.
15:36:13.995 [DEBUG] [org.gradle.cache.internal.DefaultFileLockManager] Lock acquired on daemon addresses registry.
15:36:13.995 [DEBUG] [org.gradle.cache.internal.DefaultFileLockManager] Releasing lock on daemon addresses registry.
15:36:13.995 [DEBUG] [org.gradle.cache.internal.DefaultFileLockManager] Waiting to acquire shared lock on daemon addresses registry.
15:36:13.995 [DEBUG] [org.gradle.cache.internal.DefaultFileLockManager] Lock acquired on daemon addresses registry.
15:36:13.995 [DEBUG] [org.gradle.cache.internal.DefaultFileLockManager] Releasing lock on daemon addresses registry.
15:36:13.995 [DEBUG] [org.gradle.cache.internal.DefaultFileLockManager] Waiting to acquire shared lock on daemon addresses registry.
15:36:13.995 [DEBUG] [org.gradle.cache.internal.DefaultFileLockManager] Lock acquired on daemon addresses registry.
15:36:13.995 [DEBUG] [org.gradle.cache.internal.DefaultFileLockManager] Releasing lock on daemon addresses registry.
15:36:16.098 [DEBUG] [org.gradle.process.internal.health.memory.MemoryManager] Emitting OS memory status event {Total: 16440082432, Free: 13083365376}
15:36:16.098 [DEBUG] [org.gradle.launcher.daemon.server.health.LowMemoryDaemonExpirationStrategy] Received memory status update: {Total: 16440082432, Free: 13083365376}
15:36:16.098 [DEBUG] [org.gradle.process.internal.health.memory.MemoryManager] Emitting JVM memory status event {Maximum: 1073741824, Committed: 260046848}
15:36:21.098 [DEBUG] [org.gradle.process.internal.health.memory.MemoryManager] Emitting OS memory status event {Total: 16440082432, Free: 13073752064}
15:36:21.098 [DEBUG] [org.gradle.launcher.daemon.server.health.LowMemoryDaemonExpirationStrategy] Received memory status update: {Total: 16440082432, Free: 13073752064}
15:36:21.098 [DEBUG] [org.gradle.process.internal.health.memory.MemoryManager] Emitting JVM memory status event {Maximum: 1073741824, Committed: 260046848}
15:36:23.995 [DEBUG] [org.gradle.launcher.daemon.server.Daemon] DaemonExpirationPeriodicCheck running
15:36:23.995 [DEBUG] [org.gradle.cache.internal.DefaultFileLockManager] Waiting to acquire shared lock on daemon addresses registry.
15:36:23.996 [DEBUG] [org.gradle.cache.internal.DefaultFileLockManager] Lock acquired on daemon addresses registry.
15:36:23.996 [DEBUG] [org.gradle.cache.internal.DefaultFileLockManager] Releasing lock on daemon addresses registry.
15:36:23.996 [DEBUG] [org.gradle.cache.internal.DefaultFileLockManager] Waiting to acquire shared lock on daemon addresses registry.
15:36:23.996 [DEBUG] [org.gradle.cache.internal.DefaultFileLockManager] Lock acquired on daemon addresses registry.
15:36:23.996 [DEBUG] [org.gradle.cache.internal.DefaultFileLockManager] Releasing lock on daemon addresses registry.
15:36:23.996 [DEBUG] [org.gradle.cache.internal.DefaultFileLockManager] Waiting to acquire shared lock on daemon addresses registry.
15:36:23.996 [DEBUG] [org.gradle.cache.internal.DefaultFileLockManager] Lock acquired on daemon addresses registry.
15:36:23.996 [DEBUG] [org.gradle.cache.internal.DefaultFileLockManager] Releasing lock on daemon addresses registry.
15:36:26.098 [DEBUG] [org.gradle.process.internal.health.memory.MemoryManager] Emitting OS memory status event {Total: 16440082432, Free: 13075845120}
15:36:26.098 [DEBUG] [org.gradle.launcher.daemon.server.health.LowMemoryDaemonExpirationStrategy] Received memory status update: {Total: 16440082432, Free: 13075845120}
15:36:26.098 [DEBUG] [org.gradle.process.internal.health.memory.MemoryManager] Emitting JVM memory status event {Maximum: 1073741824, Committed: 260046848}
15:36:31.098 [DEBUG] [org.gradle.process.internal.health.memory.MemoryManager] Emitting OS memory status event {Total: 16440082432, Free: 13061021696}
15:36:31.098 [DEBUG] [org.gradle.launcher.daemon.server.health.LowMemoryDaemonExpirationStrategy] Received memory status update: {Total: 16440082432, Free: 13061021696}
15:36:31.098 [DEBUG] [org.gradle.process.internal.health.memory.MemoryManager] Emitting JVM memory status event {Maximum: 1073741824, Committed: 260046848}
15:36:33.995 [DEBUG] [org.gradle.launcher.daemon.server.Daemon] DaemonExpirationPeriodicCheck running
15:36:33.995 [DEBUG] [org.gradle.cache.internal.DefaultFileLockManager] Waiting to acquire shared lock on daemon addresses registry.
15:36:33.995 [DEBUG] [org.gradle.cache.internal.DefaultFileLockManager] Lock acquired on daemon addresses registry.
15:36:33.995 [DEBUG] [org.gradle.cache.internal.DefaultFileLockManager] Releasing lock on daemon addresses registry.
15:36:33.995 [DEBUG] [org.gradle.cache.internal.DefaultFileLockManager] Waiting to acquire shared lock on daemon addresses registry.
15:36:33.995 [DEBUG] [org.gradle.cache.internal.DefaultFileLockManager] Lock acquired on daemon addresses registry.
15:36:33.995 [DEBUG] [org.gradle.cache.internal.DefaultFileLockManager] Releasing lock on daemon addresses registry.
15:36:33.995 [DEBUG] [org.gradle.cache.internal.DefaultFileLockManager] Waiting to acquire shared lock on daemon addresses registry.
15:36:33.995 [DEBUG] [org.gradle.cache.internal.DefaultFileLockManager] Lock acquired on daemon addresses registry.
15:36:33.995 [DEBUG] [org.gradle.cache.internal.DefaultFileLockManager] Releasing lock on daemon addresses registry.
15:36:36.098 [DEBUG] [org.gradle.process.internal.health.memory.MemoryManager] Emitting OS memory status event {Total: 16440082432, Free: 13072703488}
15:36:36.098 [DEBUG] [org.gradle.launcher.daemon.server.health.LowMemoryDaemonExpirationStrategy] Received memory status update: {Total: 16440082432, Free: 13072703488}
15:36:36.098 [DEBUG] [org.gradle.process.internal.health.memory.MemoryManager] Emitting JVM memory status event {Maximum: 1073741824, Committed: 260046848}
15:36:41.098 [DEBUG] [org.gradle.process.internal.health.memory.MemoryManager] Emitting OS memory status event {Total: 16440082432, Free: 12989988864}
15:36:41.098 [DEBUG] [org.gradle.launcher.daemon.server.health.LowMemoryDaemonExpirationStrategy] Received memory status update: {Total: 16440082432, Free: 12989988864}
15:36:41.098 [DEBUG] [org.gradle.process.internal.health.memory.MemoryManager] Emitting JVM memory status event {Maximum: 1073741824, Committed: 260046848}
15:36:43.994 [DEBUG] [org.gradle.launcher.daemon.server.Daemon] DaemonExpirationPeriodicCheck running
15:36:43.995 [DEBUG] [org.gradle.cache.internal.DefaultFileLockManager] Waiting to acquire shared lock on daemon addresses registry.
15:36:43.995 [DEBUG] [org.gradle.cache.internal.DefaultFileLockManager] Lock acquired on daemon addresses registry.
15:36:43.995 [DEBUG] [org.gradle.cache.internal.DefaultFileLockManager] Releasing lock on daemon addresses registry.
15:36:43.995 [DEBUG] [org.gradle.cache.internal.DefaultFileLockManager] Waiting to acquire shared lock on daemon addresses registry.
15:36:43.995 [DEBUG] [org.gradle.cache.internal.DefaultFileLockManager] Lock acquired on daemon addresses registry.
15:36:43.995 [DEBUG] [org.gradle.cache.internal.DefaultFileLockManager] Releasing lock on daemon addresses registry.
15:36:43.995 [DEBUG] [org.gradle.cache.internal.DefaultFileLockManager] Waiting to acquire shared lock on daemon addresses registry.
15:36:43.995 [DEBUG] [org.gradle.cache.internal.DefaultFileLockManager] Lock acquired on daemon addresses registry.
15:36:43.995 [DEBUG] [org.gradle.cache.internal.DefaultFileLockManager] Releasing lock on daemon addresses registry.
15:36:46.098 [DEBUG] [org.gradle.process.internal.health.memory.MemoryManager] Emitting OS memory status event {Total: 16440082432, Free: 13011185664}
15:36:46.098 [DEBUG] [org.gradle.launcher.daemon.server.health.LowMemoryDaemonExpirationStrategy] Received memory status update: {Total: 16440082432, Free: 13011185664}
15:36:46.098 [DEBUG] [org.gradle.process.internal.health.memory.MemoryManager] Emitting JVM memory status event {Maximum: 1073741824, Committed: 260046848}
15:36:51.098 [DEBUG] [org.gradle.process.internal.health.memory.MemoryManager] Emitting OS memory status event {Total: 16440082432, Free: 12971429888}
15:36:51.098 [DEBUG] [org.gradle.launcher.daemon.server.health.LowMemoryDaemonExpirationStrategy] Received memory status update: {Total: 16440082432, Free: 12971429888}
15:36:51.098 [DEBUG] [org.gradle.process.internal.health.memory.MemoryManager] Emitting JVM memory status event {Maximum: 1073741824, Committed: 260046848}
15:36:53.995 [DEBUG] [org.gradle.launcher.daemon.server.Daemon] DaemonExpirationPeriodicCheck running
15:36:53.995 [DEBUG] [org.gradle.cache.internal.DefaultFileLockManager] Waiting to acquire shared lock on daemon addresses registry.
15:36:53.995 [DEBUG] [org.gradle.cache.internal.DefaultFileLockManager] Lock acquired on daemon addresses registry.
15:36:53.995 [DEBUG] [org.gradle.cache.internal.DefaultFileLockManager] Releasing lock on daemon addresses registry.
15:36:53.995 [DEBUG] [org.gradle.cache.internal.DefaultFileLockManager] Waiting to acquire shared lock on daemon addresses registry.
15:36:53.995 [DEBUG] [org.gradle.cache.internal.DefaultFileLockManager] Lock acquired on daemon addresses registry.
15:36:53.995 [DEBUG] [org.gradle.cache.internal.DefaultFileLockManager] Releasing lock on daemon addresses registry.
15:36:53.995 [DEBUG] [org.gradle.cache.internal.DefaultFileLockManager] Waiting to acquire shared lock on daemon addresses registry.
15:36:53.995 [DEBUG] [org.gradle.cache.internal.DefaultFileLockManager] Lock acquired on daemon addresses registry.
15:36:53.995 [DEBUG] [org.gradle.cache.internal.DefaultFileLockManager] Releasing lock on daemon addresses registry.
15:36:56.098 [DEBUG] [org.gradle.process.internal.health.memory.MemoryManager] Emitting OS memory status event {Total: 16440082432, Free: 13000429568}
15:36:56.098 [DEBUG] [org.gradle.launcher.daemon.server.health.LowMemoryDaemonExpirationStrategy] Received memory status update: {Total: 16440082432, Free: 13000429568}
15:36:56.098 [DEBUG] [org.gradle.process.internal.health.memory.MemoryManager] Emitting JVM memory status event {Maximum: 1073741824, Committed: 260046848}
15:37:01.098 [DEBUG] [org.gradle.process.internal.health.memory.MemoryManager] Emitting OS memory status event {Total: 16440082432, Free: 12979646464}
15:37:01.098 [DEBUG] [org.gradle.launcher.daemon.server.health.LowMemoryDaemonExpirationStrategy] Received memory status update: {Total: 16440082432, Free: 12979646464}
15:37:01.098 [DEBUG] [org.gradle.process.internal.health.memory.MemoryManager] Emitting JVM memory status event {Maximum: 1073741824, Committed: 260046848}
15:37:03.994 [DEBUG] [org.gradle.launcher.daemon.server.Daemon] DaemonExpirationPeriodicCheck running
15:37:03.995 [DEBUG] [org.gradle.cache.internal.DefaultFileLockManager] Waiting to acquire shared lock on daemon addresses registry.
15:37:03.995 [DEBUG] [org.gradle.cache.internal.DefaultFileLockManager] Lock acquired on daemon addresses registry.
15:37:03.995 [DEBUG] [org.gradle.cache.internal.DefaultFileLockManager] Releasing lock on daemon addresses registry.
15:37:03.995 [DEBUG] [org.gradle.cache.internal.DefaultFileLockManager] Waiting to acquire shared lock on daemon addresses registry.
15:37:03.995 [DEBUG] [org.gradle.cache.internal.DefaultFileLockManager] Lock acquired on daemon addresses registry.
15:37:03.995 [DEBUG] [org.gradle.cache.internal.DefaultFileLockManager] Releasing lock on daemon addresses registry.
15:37:03.995 [DEBUG] [org.gradle.cache.internal.DefaultFileLockManager] Waiting to acquire shared lock on daemon addresses registry.
15:37:03.995 [DEBUG] [org.gradle.cache.internal.DefaultFileLockManager] Lock acquired on daemon addresses registry.
15:37:03.995 [DEBUG] [org.gradle.cache.internal.DefaultFileLockManager] Releasing lock on daemon addresses registry.
15:37:06.098 [DEBUG] [org.gradle.process.internal.health.memory.MemoryManager] Emitting OS memory status event {Total: 16440082432, Free: 12965998592}
15:37:06.098 [DEBUG] [org.gradle.launcher.daemon.server.health.LowMemoryDaemonExpirationStrategy] Received memory status update: {Total: 16440082432, Free: 12965998592}
15:37:06.098 [DEBUG] [org.gradle.process.internal.health.memory.MemoryManager] Emitting JVM memory status event {Maximum: 1073741824, Committed: 260046848}
15:37:11.098 [DEBUG] [org.gradle.process.internal.health.memory.MemoryManager] Emitting OS memory status event {Total: 16440082432, Free: 12985802752}
15:37:11.098 [DEBUG] [org.gradle.launcher.daemon.server.health.LowMemoryDaemonExpirationStrategy] Received memory status update: {Total: 16440082432, Free: 12985802752}
15:37:11.098 [DEBUG] [org.gradle.process.internal.health.memory.MemoryManager] Emitting JVM memory status event {Maximum: 1073741824, Committed: 260046848}
15:37:13.994 [DEBUG] [org.gradle.launcher.daemon.server.Daemon] DaemonExpirationPeriodicCheck running
15:37:13.995 [DEBUG] [org.gradle.cache.internal.DefaultFileLockManager] Waiting to acquire shared lock on daemon addresses registry.
15:37:13.995 [DEBUG] [org.gradle.cache.internal.DefaultFileLockManager] Lock acquired on daemon addresses registry.
15:37:13.995 [DEBUG] [org.gradle.cache.internal.DefaultFileLockManager] Releasing lock on daemon addresses registry.
15:37:13.995 [DEBUG] [org.gradle.cache.internal.DefaultFileLockManager] Waiting to acquire shared lock on daemon addresses registry.
15:37:13.995 [DEBUG] [org.gradle.cache.internal.DefaultFileLockManager] Lock acquired on daemon addresses registry.
15:37:13.995 [DEBUG] [org.gradle.cache.internal.DefaultFileLockManager] Releasing lock on daemon addresses registry.
15:37:13.995 [DEBUG] [org.gradle.cache.internal.DefaultFileLockManager] Waiting to acquire shared lock on daemon addresses registry.
15:37:13.995 [DEBUG] [org.gradle.cache.internal.DefaultFileLockManager] Lock acquired on daemon addresses registry.
15:37:13.995 [DEBUG] [org.gradle.cache.internal.DefaultFileLockManager] Releasing lock on daemon addresses registry.
15:37:16.098 [DEBUG] [org.gradle.process.internal.health.memory.MemoryManager] Emitting OS memory status event {Total: 16440082432, Free: 12988198912}
15:37:16.098 [DEBUG] [org.gradle.launcher.daemon.server.health.LowMemoryDaemonExpirationStrategy] Received memory status update: {Total: 16440082432, Free: 12988198912}
15:37:16.098 [DEBUG] [org.gradle.process.internal.health.memory.MemoryManager] Emitting JVM memory status event {Maximum: 1073741824, Committed: 260046848}
15:37:21.098 [DEBUG] [org.gradle.process.internal.health.memory.MemoryManager] Emitting OS memory status event {Total: 16440082432, Free: 12987740160}
15:37:21.098 [DEBUG] [org.gradle.launcher.daemon.server.health.LowMemoryDaemonExpirationStrategy] Received memory status update: {Total: 16440082432, Free: 12987740160}
15:37:21.098 [DEBUG] [org.gradle.process.internal.health.memory.MemoryManager] Emitting JVM memory status event {Maximum: 1073741824, Committed: 260046848}
15:37:23.995 [DEBUG] [org.gradle.launcher.daemon.server.Daemon] DaemonExpirationPeriodicCheck running
15:37:23.995 [DEBUG] [org.gradle.cache.internal.DefaultFileLockManager] Waiting to acquire shared lock on daemon addresses registry.
15:37:23.995 [DEBUG] [org.gradle.cache.internal.DefaultFileLockManager] Lock acquired on daemon addresses registry.
15:37:23.995 [DEBUG] [org.gradle.cache.internal.DefaultFileLockManager] Releasing lock on daemon addresses registry.
15:37:23.995 [DEBUG] [org.gradle.cache.internal.DefaultFileLockManager] Waiting to acquire shared lock on daemon addresses registry.
15:37:23.995 [DEBUG] [org.gradle.cache.internal.DefaultFileLockManager] Lock acquired on daemon addresses registry.
15:37:23.995 [DEBUG] [org.gradle.cache.internal.DefaultFileLockManager] Releasing lock on daemon addresses registry.
15:37:23.995 [DEBUG] [org.gradle.cache.internal.DefaultFileLockManager] Waiting to acquire shared lock on daemon addresses registry.
15:37:23.995 [DEBUG] [org.gradle.cache.internal.DefaultFileLockManager] Lock acquired on daemon addresses registry.
15:37:23.995 [DEBUG] [org.gradle.cache.internal.DefaultFileLockManager] Releasing lock on daemon addresses registry.
15:37:26.098 [DEBUG] [org.gradle.process.internal.health.memory.MemoryManager] Emitting OS memory status event {Total: 16440082432, Free: 12982546432}
15:37:26.098 [DEBUG] [org.gradle.launcher.daemon.server.health.LowMemoryDaemonExpirationStrategy] Received memory status update: {Total: 16440082432, Free: 12982546432}
15:37:26.098 [DEBUG] [org.gradle.process.internal.health.memory.MemoryManager] Emitting JVM memory status event {Maximum: 1073741824, Committed: 260046848}
15:37:31.098 [DEBUG] [org.gradle.process.internal.health.memory.MemoryManager] Emitting OS memory status event {Total: 16440082432, Free: 12975693824}
15:37:31.098 [DEBUG] [org.gradle.launcher.daemon.server.health.LowMemoryDaemonExpirationStrategy] Received memory status update: {Total: 16440082432, Free: 12975693824}
15:37:31.098 [DEBUG] [org.gradle.process.internal.health.memory.MemoryManager] Emitting JVM memory status event {Maximum: 1073741824, Committed: 260046848}
15:37:33.995 [DEBUG] [org.gradle.launcher.daemon.server.Daemon] DaemonExpirationPeriodicCheck running
15:37:33.995 [DEBUG] [org.gradle.cache.internal.DefaultFileLockManager] Waiting to acquire shared lock on daemon addresses registry.
15:37:33.995 [DEBUG] [org.gradle.cache.internal.DefaultFileLockManager] Lock acquired on daemon addresses registry.
15:37:33.995 [DEBUG] [org.gradle.cache.internal.DefaultFileLockManager] Releasing lock on daemon addresses registry.
15:37:33.995 [DEBUG] [org.gradle.cache.internal.DefaultFileLockManager] Waiting to acquire shared lock on daemon addresses registry.
15:37:33.995 [DEBUG] [org.gradle.cache.internal.DefaultFileLockManager] Lock acquired on daemon addresses registry.
15:37:33.995 [DEBUG] [org.gradle.cache.internal.DefaultFileLockManager] Releasing lock on daemon addresses registry.
15:37:33.995 [DEBUG] [org.gradle.cache.internal.DefaultFileLockManager] Waiting to acquire shared lock on daemon addresses registry.
15:37:33.995 [DEBUG] [org.gradle.cache.internal.DefaultFileLockManager] Lock acquired on daemon addresses registry.
15:37:33.995 [DEBUG] [org.gradle.cache.internal.DefaultFileLockManager] Releasing lock on daemon addresses registry.
15:37:36.098 [DEBUG] [org.gradle.process.internal.health.memory.MemoryManager] Emitting OS memory status event {Total: 16440082432, Free: 12973359104}
15:37:36.098 [DEBUG] [org.gradle.launcher.daemon.server.health.LowMemoryDaemonExpirationStrategy] Received memory status update: {Total: 16440082432, Free: 12973359104}
15:37:36.098 [DEBUG] [org.gradle.process.internal.health.memory.MemoryManager] Emitting JVM memory status event {Maximum: 1073741824, Committed: 260046848}
15:37:41.098 [DEBUG] [org.gradle.process.internal.health.memory.MemoryManager] Emitting OS memory status event {Total: 16440082432, Free: 12978302976}
15:37:41.098 [DEBUG] [org.gradle.launcher.daemon.server.health.LowMemoryDaemonExpirationStrategy] Received memory status update: {Total: 16440082432, Free: 12978302976}
15:37:41.098 [DEBUG] [org.gradle.process.internal.health.memory.MemoryManager] Emitting JVM memory status event {Maximum: 1073741824, Committed: 260046848}
15:37:43.995 [DEBUG] [org.gradle.launcher.daemon.server.Daemon] DaemonExpirationPeriodicCheck running
15:37:43.995 [DEBUG] [org.gradle.cache.internal.DefaultFileLockManager] Waiting to acquire shared lock on daemon addresses registry.
15:37:43.995 [DEBUG] [org.gradle.cache.internal.DefaultFileLockManager] Lock acquired on daemon addresses registry.
15:37:43.995 [DEBUG] [org.gradle.cache.internal.DefaultFileLockManager] Releasing lock on daemon addresses registry.
15:37:43.995 [DEBUG] [org.gradle.cache.internal.DefaultFileLockManager] Waiting to acquire shared lock on daemon addresses registry.
15:37:43.995 [DEBUG] [org.gradle.cache.internal.DefaultFileLockManager] Lock acquired on daemon addresses registry.
15:37:43.995 [DEBUG] [org.gradle.cache.internal.DefaultFileLockManager] Releasing lock on daemon addresses registry.
15:37:43.995 [DEBUG] [org.gradle.cache.internal.DefaultFileLockManager] Waiting to acquire shared lock on daemon addresses registry.
15:37:43.995 [DEBUG] [org.gradle.cache.internal.DefaultFileLockManager] Lock acquired on daemon addresses registry.
15:37:43.995 [DEBUG] [org.gradle.cache.internal.DefaultFileLockManager] Releasing lock on daemon addresses registry.
15:37:46.098 [DEBUG] [org.gradle.process.internal.health.memory.MemoryManager] Emitting OS memory status event {Total: 16440082432, Free: 12933496832}
15:37:46.098 [DEBUG] [org.gradle.launcher.daemon.server.health.LowMemoryDaemonExpirationStrategy] Received memory status update: {Total: 16440082432, Free: 12933496832}
15:37:46.098 [DEBUG] [org.gradle.process.internal.health.memory.MemoryManager] Emitting JVM memory status event {Maximum: 1073741824, Committed: 260046848}
15:37:51.098 [DEBUG] [org.gradle.process.internal.health.memory.MemoryManager] Emitting OS memory status event {Total: 16440082432, Free: 12954873856}
15:37:51.098 [DEBUG] [org.gradle.launcher.daemon.server.health.LowMemoryDaemonExpirationStrategy] Received memory status update: {Total: 16440082432, Free: 12954873856}
15:37:51.098 [DEBUG] [org.gradle.process.internal.health.memory.MemoryManager] Emitting JVM memory status event {Maximum: 1073741824, Committed: 260046848}
15:37:53.995 [DEBUG] [org.gradle.launcher.daemon.server.Daemon] DaemonExpirationPeriodicCheck running
15:37:53.995 [DEBUG] [org.gradle.cache.internal.DefaultFileLockManager] Waiting to acquire shared lock on daemon addresses registry.
15:37:53.995 [DEBUG] [org.gradle.cache.internal.DefaultFileLockManager] Lock acquired on daemon addresses registry.
15:37:53.995 [DEBUG] [org.gradle.cache.internal.DefaultFileLockManager] Releasing lock on daemon addresses registry.
15:37:53.995 [DEBUG] [org.gradle.cache.internal.DefaultFileLockManager] Waiting to acquire shared lock on daemon addresses registry.
15:37:53.995 [DEBUG] [org.gradle.cache.internal.DefaultFileLockManager] Lock acquired on daemon addresses registry.
15:37:53.995 [DEBUG] [org.gradle.cache.internal.DefaultFileLockManager] Releasing lock on daemon addresses registry.
15:37:53.995 [DEBUG] [org.gradle.cache.internal.DefaultFileLockManager] Waiting to acquire shared lock on daemon addresses registry.
15:37:53.995 [DEBUG] [org.gradle.cache.internal.DefaultFileLockManager] Lock acquired on daemon addresses registry.
15:37:53.995 [DEBUG] [org.gradle.cache.internal.DefaultFileLockManager] Releasing lock on daemon addresses registry.
15:37:56.098 [DEBUG] [org.gradle.process.internal.health.memory.MemoryManager] Emitting OS memory status event {Total: 16440082432, Free: 12968939520}
15:37:56.098 [DEBUG] [org.gradle.launcher.daemon.server.health.LowMemoryDaemonExpirationStrategy] Received memory status update: {Total: 16440082432, Free: 12968939520}
15:37:56.098 [DEBUG] [org.gradle.process.internal.health.memory.MemoryManager] Emitting JVM memory status event {Maximum: 1073741824, Committed: 260046848}
15:38:01.098 [DEBUG] [org.gradle.process.internal.health.memory.MemoryManager] Emitting OS memory status event {Total: 16440082432, Free: 12954439680}
15:38:01.098 [DEBUG] [org.gradle.launcher.daemon.server.health.LowMemoryDaemonExpirationStrategy] Received memory status update: {Total: 16440082432, Free: 12954439680}
15:38:01.098 [DEBUG] [org.gradle.process.internal.health.memory.MemoryManager] Emitting JVM memory status event {Maximum: 1073741824, Committed: 260046848}
15:38:03.995 [DEBUG] [org.gradle.launcher.daemon.server.Daemon] DaemonExpirationPeriodicCheck running
15:38:03.995 [DEBUG] [org.gradle.cache.internal.DefaultFileLockManager] Waiting to acquire shared lock on daemon addresses registry.
15:38:03.995 [DEBUG] [org.gradle.cache.internal.DefaultFileLockManager] Lock acquired on daemon addresses registry.
15:38:03.995 [DEBUG] [org.gradle.cache.internal.DefaultFileLockManager] Releasing lock on daemon addresses registry.
15:38:03.995 [DEBUG] [org.gradle.cache.internal.DefaultFileLockManager] Waiting to acquire shared lock on daemon addresses registry.
15:38:03.995 [DEBUG] [org.gradle.cache.internal.DefaultFileLockManager] Lock acquired on daemon addresses registry.
15:38:03.995 [DEBUG] [org.gradle.cache.internal.DefaultFileLockManager] Releasing lock on daemon addresses registry.
15:38:03.995 [DEBUG] [org.gradle.cache.internal.DefaultFileLockManager] Waiting to acquire shared lock on daemon addresses registry.
15:38:03.995 [DEBUG] [org.gradle.cache.internal.DefaultFileLockManager] Lock acquired on daemon addresses registry.
15:38:03.995 [DEBUG] [org.gradle.cache.internal.DefaultFileLockManager] Releasing lock on daemon addresses registry.
15:38:06.098 [DEBUG] [org.gradle.process.internal.health.memory.MemoryManager] Emitting OS memory status event {Total: 16440082432, Free: 12944674816}
15:38:06.098 [DEBUG] [org.gradle.launcher.daemon.server.health.LowMemoryDaemonExpirationStrategy] Received memory status update: {Total: 16440082432, Free: 12944674816}
15:38:06.098 [DEBUG] [org.gradle.process.internal.health.memory.MemoryManager] Emitting JVM memory status event {Maximum: 1073741824, Committed: 260046848}
15:38:11.098 [DEBUG] [org.gradle.process.internal.health.memory.MemoryManager] Emitting OS memory status event {Total: 16440082432, Free: 12889366528}
15:38:11.098 [DEBUG] [org.gradle.launcher.daemon.server.health.LowMemoryDaemonExpirationStrategy] Received memory status update: {Total: 16440082432, Free: 12889366528}
15:38:11.098 [DEBUG] [org.gradle.process.internal.health.memory.MemoryManager] Emitting JVM memory status event {Maximum: 1073741824, Committed: 260046848}
15:38:13.995 [DEBUG] [org.gradle.launcher.daemon.server.Daemon] DaemonExpirationPeriodicCheck running
15:38:13.995 [DEBUG] [org.gradle.cache.internal.DefaultFileLockManager] Waiting to acquire shared lock on daemon addresses registry.
15:38:13.995 [DEBUG] [org.gradle.cache.internal.DefaultFileLockManager] Lock acquired on daemon addresses registry.
15:38:13.995 [DEBUG] [org.gradle.cache.internal.DefaultFileLockManager] Releasing lock on daemon addresses registry.
15:38:13.995 [DEBUG] [org.gradle.cache.internal.DefaultFileLockManager] Waiting to acquire shared lock on daemon addresses registry.
15:38:13.995 [DEBUG] [org.gradle.cache.internal.DefaultFileLockManager] Lock acquired on daemon addresses registry.
15:38:13.995 [DEBUG] [org.gradle.cache.internal.DefaultFileLockManager] Releasing lock on daemon addresses registry.
15:38:13.995 [DEBUG] [org.gradle.cache.internal.DefaultFileLockManager] Waiting to acquire shared lock on daemon addresses registry.
15:38:13.995 [DEBUG] [org.gradle.cache.internal.DefaultFileLockManager] Lock acquired on daemon addresses registry.
15:38:13.995 [DEBUG] [org.gradle.cache.internal.DefaultFileLockManager] Releasing lock on daemon addresses registry.
15:38:16.098 [DEBUG] [org.gradle.process.internal.health.memory.MemoryManager] Emitting OS memory status event {Total: 16440082432, Free: 12918763520}
15:38:16.098 [DEBUG] [org.gradle.launcher.daemon.server.health.LowMemoryDaemonExpirationStrategy] Received memory status update: {Total: 16440082432, Free: 12918763520}
15:38:16.098 [DEBUG] [org.gradle.process.internal.health.memory.MemoryManager] Emitting JVM memory status event {Maximum: 1073741824, Committed: 260046848}
15:38:21.098 [DEBUG] [org.gradle.process.internal.health.memory.MemoryManager] Emitting OS memory status event {Total: 16440082432, Free: 12931706880}
15:38:21.098 [DEBUG] [org.gradle.launcher.daemon.server.health.LowMemoryDaemonExpirationStrategy] Received memory status update: {Total: 16440082432, Free: 12931706880}
15:38:21.098 [DEBUG] [org.gradle.process.internal.health.memory.MemoryManager] Emitting JVM memory status event {Maximum: 1073741824, Committed: 260046848}
15:38:23.995 [DEBUG] [org.gradle.launcher.daemon.server.Daemon] DaemonExpirationPeriodicCheck running
15:38:23.995 [DEBUG] [org.gradle.cache.internal.DefaultFileLockManager] Waiting to acquire shared lock on daemon addresses registry.
15:38:23.995 [DEBUG] [org.gradle.cache.internal.DefaultFileLockManager] Lock acquired on daemon addresses registry.
15:38:23.995 [DEBUG] [org.gradle.cache.internal.DefaultFileLockManager] Releasing lock on daemon addresses registry.
15:38:23.995 [DEBUG] [org.gradle.cache.internal.DefaultFileLockManager] Waiting to acquire shared lock on daemon addresses registry.
15:38:23.995 [DEBUG] [org.gradle.cache.internal.DefaultFileLockManager] Lock acquired on daemon addresses registry.
15:38:23.995 [DEBUG] [org.gradle.cache.internal.DefaultFileLockManager] Releasing lock on daemon addresses registry.
15:38:23.995 [DEBUG] [org.gradle.cache.internal.DefaultFileLockManager] Waiting to acquire shared lock on daemon addresses registry.
15:38:23.995 [DEBUG] [org.gradle.cache.internal.DefaultFileLockManager] Lock acquired on daemon addresses registry.
15:38:23.995 [DEBUG] [org.gradle.cache.internal.DefaultFileLockManager] Releasing lock on daemon addresses registry.
15:38:26.098 [DEBUG] [org.gradle.process.internal.health.memory.MemoryManager] Emitting OS memory status event {Total: 16440082432, Free: 12956639232}
15:38:26.098 [DEBUG] [org.gradle.launcher.daemon.server.health.LowMemoryDaemonExpirationStrategy] Received memory status update: {Total: 16440082432, Free: 12956639232}
15:38:26.098 [DEBUG] [org.gradle.process.internal.health.memory.MemoryManager] Emitting JVM memory status event {Maximum: 1073741824, Committed: 260046848}
15:38:31.098 [DEBUG] [org.gradle.process.internal.health.memory.MemoryManager] Emitting OS memory status event {Total: 16440082432, Free: 12956397568}
15:38:31.098 [DEBUG] [org.gradle.launcher.daemon.server.health.LowMemoryDaemonExpirationStrategy] Received memory status update: {Total: 16440082432, Free: 12956397568}
15:38:31.098 [DEBUG] [org.gradle.process.internal.health.memory.MemoryManager] Emitting JVM memory status event {Maximum: 1073741824, Committed: 260046848}
15:38:33.994 [DEBUG] [org.gradle.launcher.daemon.server.Daemon] DaemonExpirationPeriodicCheck running
15:38:33.995 [DEBUG] [org.gradle.cache.internal.DefaultFileLockManager] Waiting to acquire shared lock on daemon addresses registry.
15:38:33.995 [DEBUG] [org.gradle.cache.internal.DefaultFileLockManager] Lock acquired on daemon addresses registry.
15:38:33.995 [DEBUG] [org.gradle.cache.internal.DefaultFileLockManager] Releasing lock on daemon addresses registry.
15:38:33.995 [DEBUG] [org.gradle.cache.internal.DefaultFileLockManager] Waiting to acquire shared lock on daemon addresses registry.
15:38:33.995 [DEBUG] [org.gradle.cache.internal.DefaultFileLockManager] Lock acquired on daemon addresses registry.
15:38:33.995 [DEBUG] [org.gradle.cache.internal.DefaultFileLockManager] Releasing lock on daemon addresses registry.
15:38:33.995 [DEBUG] [org.gradle.cache.internal.DefaultFileLockManager] Waiting to acquire shared lock on daemon addresses registry.
15:38:33.995 [DEBUG] [org.gradle.cache.internal.DefaultFileLockManager] Lock acquired on daemon addresses registry.
15:38:33.995 [DEBUG] [org.gradle.cache.internal.DefaultFileLockManager] Releasing lock on daemon addresses registry.
15:38:36.098 [DEBUG] [org.gradle.process.internal.health.memory.MemoryManager] Emitting OS memory status event {Total: 16440082432, Free: 12924203008}
15:38:36.098 [DEBUG] [org.gradle.launcher.daemon.server.health.LowMemoryDaemonExpirationStrategy] Received memory status update: {Total: 16440082432, Free: 12924203008}
15:38:36.098 [DEBUG] [org.gradle.process.internal.health.memory.MemoryManager] Emitting JVM memory status event {Maximum: 1073741824, Committed: 260046848}
15:38:41.098 [DEBUG] [org.gradle.process.internal.health.memory.MemoryManager] Emitting OS memory status event {Total: 16440082432, Free: 12598865920}
15:38:41.098 [DEBUG] [org.gradle.launcher.daemon.server.health.LowMemoryDaemonExpirationStrategy] Received memory status update: {Total: 16440082432, Free: 12598865920}
15:38:41.098 [DEBUG] [org.gradle.process.internal.health.memory.MemoryManager] Emitting JVM memory status event {Maximum: 1073741824, Committed: 260046848}
15:38:43.994 [DEBUG] [org.gradle.launcher.daemon.server.Daemon] DaemonExpirationPeriodicCheck running
15:38:43.994 [DEBUG] [org.gradle.cache.internal.DefaultFileLockManager] Waiting to acquire shared lock on daemon addresses registry.
15:38:43.994 [DEBUG] [org.gradle.cache.internal.DefaultFileLockManager] Lock acquired on daemon addresses registry.
15:38:43.995 [DEBUG] [org.gradle.cache.internal.DefaultFileLockManager] Releasing lock on daemon addresses registry.
15:38:43.995 [DEBUG] [org.gradle.cache.internal.DefaultFileLockManager] Waiting to acquire shared lock on daemon addresses registry.
15:38:43.995 [DEBUG] [org.gradle.cache.internal.DefaultFileLockManager] Lock acquired on daemon addresses registry.
15:38:43.995 [DEBUG] [org.gradle.cache.internal.DefaultFileLockManager] Releasing lock on daemon addresses registry.
15:38:43.995 [DEBUG] [org.gradle.cache.internal.DefaultFileLockManager] Waiting to acquire shared lock on daemon addresses registry.
15:38:43.995 [DEBUG] [org.gradle.cache.internal.DefaultFileLockManager] Lock acquired on daemon addresses registry.
15:38:43.995 [DEBUG] [org.gradle.cache.internal.DefaultFileLockManager] Releasing lock on daemon addresses registry.
15:38:46.098 [DEBUG] [org.gradle.process.internal.health.memory.MemoryManager] Emitting OS memory status event {Total: 16440082432, Free: 11947278336}
15:38:46.098 [DEBUG] [org.gradle.launcher.daemon.server.health.LowMemoryDaemonExpirationStrategy] Received memory status update: {Total: 16440082432, Free: 11947278336}
15:38:46.098 [DEBUG] [org.gradle.process.internal.health.memory.MemoryManager] Emitting JVM memory status event {Maximum: 1073741824, Committed: 260046848}
15:38:51.098 [DEBUG] [org.gradle.process.internal.health.memory.MemoryManager] Emitting OS memory status event {Total: 16440082432, Free: 11961704448}
15:38:51.098 [DEBUG] [org.gradle.launcher.daemon.server.health.LowMemoryDaemonExpirationStrategy] Received memory status update: {Total: 16440082432, Free: 11961704448}
15:38:51.098 [DEBUG] [org.gradle.process.internal.health.memory.MemoryManager] Emitting JVM memory status event {Maximum: 1073741824, Committed: 260046848}
15:38:53.995 [DEBUG] [org.gradle.launcher.daemon.server.Daemon] DaemonExpirationPeriodicCheck running
15:38:53.995 [DEBUG] [org.gradle.cache.internal.DefaultFileLockManager] Waiting to acquire shared lock on daemon addresses registry.
15:38:53.995 [DEBUG] [org.gradle.cache.internal.DefaultFileLockManager] Lock acquired on daemon addresses registry.
15:38:53.995 [DEBUG] [org.gradle.cache.internal.DefaultFileLockManager] Releasing lock on daemon addresses registry.
15:38:53.995 [DEBUG] [org.gradle.cache.internal.DefaultFileLockManager] Waiting to acquire shared lock on daemon addresses registry.
15:38:53.995 [DEBUG] [org.gradle.cache.internal.DefaultFileLockManager] Lock acquired on daemon addresses registry.
15:38:53.995 [DEBUG] [org.gradle.cache.internal.DefaultFileLockManager] Releasing lock on daemon addresses registry.
15:38:53.995 [DEBUG] [org.gradle.cache.internal.DefaultFileLockManager] Waiting to acquire shared lock on daemon addresses registry.
15:38:53.995 [DEBUG] [org.gradle.cache.internal.DefaultFileLockManager] Lock acquired on daemon addresses registry.
15:38:53.995 [DEBUG] [org.gradle.cache.internal.DefaultFileLockManager] Releasing lock on daemon addresses registry.
15:38:56.098 [DEBUG] [org.gradle.process.internal.health.memory.MemoryManager] Emitting OS memory status event {Total: 16440082432, Free: 11979022336}
15:38:56.098 [DEBUG] [org.gradle.launcher.daemon.server.health.LowMemoryDaemonExpirationStrategy] Received memory status update: {Total: 16440082432, Free: 11979022336}
15:38:56.098 [DEBUG] [org.gradle.process.internal.health.memory.MemoryManager] Emitting JVM memory status event {Maximum: 1073741824, Committed: 260046848}
15:39:01.098 [DEBUG] [org.gradle.process.internal.health.memory.MemoryManager] Emitting OS memory status event {Total: 16440082432, Free: 11994632192}
15:39:01.098 [DEBUG] [org.gradle.launcher.daemon.server.health.LowMemoryDaemonExpirationStrategy] Received memory status update: {Total: 16440082432, Free: 11994632192}
15:39:01.098 [DEBUG] [org.gradle.process.internal.health.memory.MemoryManager] Emitting JVM memory status event {Maximum: 1073741824, Committed: 260046848}
15:39:03.994 [DEBUG] [org.gradle.launcher.daemon.server.Daemon] DaemonExpirationPeriodicCheck running
15:39:03.995 [DEBUG] [org.gradle.cache.internal.DefaultFileLockManager] Waiting to acquire shared lock on daemon addresses registry.
15:39:03.995 [DEBUG] [org.gradle.cache.internal.DefaultFileLockManager] Lock acquired on daemon addresses registry.
15:39:03.995 [DEBUG] [org.gradle.cache.internal.DefaultFileLockManager] Releasing lock on daemon addresses registry.
15:39:03.995 [DEBUG] [org.gradle.cache.internal.DefaultFileLockManager] Waiting to acquire shared lock on daemon addresses registry.
15:39:03.995 [DEBUG] [org.gradle.cache.internal.DefaultFileLockManager] Lock acquired on daemon addresses registry.
15:39:03.995 [DEBUG] [org.gradle.cache.internal.DefaultFileLockManager] Releasing lock on daemon addresses registry.
15:39:03.995 [DEBUG] [org.gradle.cache.internal.DefaultFileLockManager] Waiting to acquire shared lock on daemon addresses registry.
15:39:03.995 [DEBUG] [org.gradle.cache.internal.DefaultFileLockManager] Lock acquired on daemon addresses registry.
15:39:03.995 [DEBUG] [org.gradle.cache.internal.DefaultFileLockManager] Releasing lock on daemon addresses registry.
15:39:06.098 [DEBUG] [org.gradle.process.internal.health.memory.MemoryManager] Emitting OS memory status event {Total: 16440082432, Free: 12000993280}
15:39:06.098 [DEBUG] [org.gradle.launcher.daemon.server.health.LowMemoryDaemonExpirationStrategy] Received memory status update: {Total: 16440082432, Free: 12000993280}
15:39:06.098 [DEBUG] [org.gradle.process.internal.health.memory.MemoryManager] Emitting JVM memory status event {Maximum: 1073741824, Committed: 260046848}
15:39:11.098 [DEBUG] [org.gradle.process.internal.health.memory.MemoryManager] Emitting OS memory status event {Total: 16440082432, Free: 12003442688}
15:39:11.098 [DEBUG] [org.gradle.launcher.daemon.server.health.LowMemoryDaemonExpirationStrategy] Received memory status update: {Total: 16440082432, Free: 12003442688}
15:39:11.098 [DEBUG] [org.gradle.process.internal.health.memory.MemoryManager] Emitting JVM memory status event {Maximum: 1073741824, Committed: 260046848}
15:39:13.994 [DEBUG] [org.gradle.launcher.daemon.server.Daemon] DaemonExpirationPeriodicCheck running
15:39:13.995 [DEBUG] [org.gradle.cache.internal.DefaultFileLockManager] Waiting to acquire shared lock on daemon addresses registry.
15:39:13.996 [DEBUG] [org.gradle.cache.internal.DefaultFileLockManager] Lock acquired on daemon addresses registry.
15:39:13.996 [DEBUG] [org.gradle.cache.internal.DefaultFileLockManager] Releasing lock on daemon addresses registry.
15:39:13.996 [DEBUG] [org.gradle.cache.internal.DefaultFileLockManager] Waiting to acquire shared lock on daemon addresses registry.
15:39:13.996 [DEBUG] [org.gradle.cache.internal.DefaultFileLockManager] Lock acquired on daemon addresses registry.
15:39:13.996 [DEBUG] [org.gradle.cache.internal.DefaultFileLockManager] Releasing lock on daemon addresses registry.
15:39:13.996 [DEBUG] [org.gradle.cache.internal.DefaultFileLockManager] Waiting to acquire shared lock on daemon addresses registry.
15:39:13.996 [DEBUG] [org.gradle.cache.internal.DefaultFileLockManager] Lock acquired on daemon addresses registry.
15:39:13.996 [DEBUG] [org.gradle.cache.internal.DefaultFileLockManager] Releasing lock on daemon addresses registry.
15:39:16.098 [DEBUG] [org.gradle.process.internal.health.memory.MemoryManager] Emitting OS memory status event {Total: 16440082432, Free: 12010733568}
15:39:16.098 [DEBUG] [org.gradle.launcher.daemon.server.health.LowMemoryDaemonExpirationStrategy] Received memory status update: {Total: 16440082432, Free: 12010733568}
15:39:16.098 [DEBUG] [org.gradle.process.internal.health.memory.MemoryManager] Emitting JVM memory status event {Maximum: 1073741824, Committed: 260046848}
15:39:21.098 [DEBUG] [org.gradle.process.internal.health.memory.MemoryManager] Emitting OS memory status event {Total: 16440082432, Free: 12012564480}
15:39:21.098 [DEBUG] [org.gradle.launcher.daemon.server.health.LowMemoryDaemonExpirationStrategy] Received memory status update: {Total: 16440082432, Free: 12012564480}
15:39:21.098 [DEBUG] [org.gradle.process.internal.health.memory.MemoryManager] Emitting JVM memory status event {Maximum: 1073741824, Committed: 260046848}
15:39:23.994 [DEBUG] [org.gradle.launcher.daemon.server.Daemon] DaemonExpirationPeriodicCheck running
15:39:23.995 [DEBUG] [org.gradle.cache.internal.DefaultFileLockManager] Waiting to acquire shared lock on daemon addresses registry.
15:39:23.995 [DEBUG] [org.gradle.cache.internal.DefaultFileLockManager] Lock acquired on daemon addresses registry.
15:39:23.995 [DEBUG] [org.gradle.cache.internal.DefaultFileLockManager] Releasing lock on daemon addresses registry.
15:39:23.995 [DEBUG] [org.gradle.cache.internal.DefaultFileLockManager] Waiting to acquire shared lock on daemon addresses registry.
15:39:23.995 [DEBUG] [org.gradle.cache.internal.DefaultFileLockManager] Lock acquired on daemon addresses registry.
15:39:23.995 [DEBUG] [org.gradle.cache.internal.DefaultFileLockManager] Releasing lock on daemon addresses registry.
15:39:23.995 [DEBUG] [org.gradle.cache.internal.DefaultFileLockManager] Waiting to acquire shared lock on daemon addresses registry.
15:39:23.995 [DEBUG] [org.gradle.cache.internal.DefaultFileLockManager] Lock acquired on daemon addresses registry.
15:39:23.995 [DEBUG] [org.gradle.cache.internal.DefaultFileLockManager] Releasing lock on daemon addresses registry.
15:39:26.098 [DEBUG] [org.gradle.process.internal.health.memory.MemoryManager] Emitting OS memory status event {Total: 16440082432, Free: 12012212224}
15:39:26.098 [DEBUG] [org.gradle.launcher.daemon.server.health.LowMemoryDaemonExpirationStrategy] Received memory status update: {Total: 16440082432, Free: 12012212224}
15:39:26.098 [DEBUG] [org.gradle.process.internal.health.memory.MemoryManager] Emitting JVM memory status event {Maximum: 1073741824, Committed: 260046848}
15:39:31.098 [DEBUG] [org.gradle.process.internal.health.memory.MemoryManager] Emitting OS memory status event {Total: 16440082432, Free: 12012355584}
15:39:31.098 [DEBUG] [org.gradle.launcher.daemon.server.health.LowMemoryDaemonExpirationStrategy] Received memory status update: {Total: 16440082432, Free: 12012355584}
15:39:31.098 [DEBUG] [org.gradle.process.internal.health.memory.MemoryManager] Emitting JVM memory status event {Maximum: 1073741824, Committed: 260046848}
15:39:33.995 [DEBUG] [org.gradle.launcher.daemon.server.Daemon] DaemonExpirationPeriodicCheck running
15:39:33.995 [DEBUG] [org.gradle.cache.internal.DefaultFileLockManager] Waiting to acquire shared lock on daemon addresses registry.
15:39:33.995 [DEBUG] [org.gradle.cache.internal.DefaultFileLockManager] Lock acquired on daemon addresses registry.
15:39:33.995 [DEBUG] [org.gradle.cache.internal.DefaultFileLockManager] Releasing lock on daemon addresses registry.
15:39:33.995 [DEBUG] [org.gradle.cache.internal.DefaultFileLockManager] Waiting to acquire shared lock on daemon addresses registry.
15:39:33.995 [DEBUG] [org.gradle.cache.internal.DefaultFileLockManager] Lock acquired on daemon addresses registry.
15:39:33.995 [DEBUG] [org.gradle.cache.internal.DefaultFileLockManager] Releasing lock on daemon addresses registry.
15:39:33.995 [DEBUG] [org.gradle.cache.internal.DefaultFileLockManager] Waiting to acquire shared lock on daemon addresses registry.
15:39:33.995 [DEBUG] [org.gradle.cache.internal.DefaultFileLockManager] Lock acquired on daemon addresses registry.
15:39:33.995 [DEBUG] [org.gradle.cache.internal.DefaultFileLockManager] Releasing lock on daemon addresses registry.
15:39:36.098 [DEBUG] [org.gradle.process.internal.health.memory.MemoryManager] Emitting OS memory status event {Total: 16440082432, Free: 12012347392}
15:39:36.098 [DEBUG] [org.gradle.launcher.daemon.server.health.LowMemoryDaemonExpirationStrategy] Received memory status update: {Total: 16440082432, Free: 12012347392}
15:39:36.098 [DEBUG] [org.gradle.process.internal.health.memory.MemoryManager] Emitting JVM memory status event {Maximum: 1073741824, Committed: 260046848}
15:39:41.098 [DEBUG] [org.gradle.process.internal.health.memory.MemoryManager] Emitting OS memory status event {Total: 16440082432, Free: 12012343296}
15:39:41.098 [DEBUG] [org.gradle.launcher.daemon.server.health.LowMemoryDaemonExpirationStrategy] Received memory status update: {Total: 16440082432, Free: 12012343296}
15:39:41.098 [DEBUG] [org.gradle.process.internal.health.memory.MemoryManager] Emitting JVM memory status event {Maximum: 1073741824, Committed: 260046848}
15:39:43.995 [DEBUG] [org.gradle.launcher.daemon.server.Daemon] DaemonExpirationPeriodicCheck running
15:39:43.995 [DEBUG] [org.gradle.cache.internal.DefaultFileLockManager] Waiting to acquire shared lock on daemon addresses registry.
15:39:43.995 [DEBUG] [org.gradle.cache.internal.DefaultFileLockManager] Lock acquired on daemon addresses registry.
15:39:43.995 [DEBUG] [org.gradle.cache.internal.DefaultFileLockManager] Releasing lock on daemon addresses registry.
15:39:43.995 [DEBUG] [org.gradle.cache.internal.DefaultFileLockManager] Waiting to acquire shared lock on daemon addresses registry.
15:39:43.995 [DEBUG] [org.gradle.cache.internal.DefaultFileLockManager] Lock acquired on daemon addresses registry.
15:39:43.995 [DEBUG] [org.gradle.cache.internal.DefaultFileLockManager] Releasing lock on daemon addresses registry.
15:39:43.995 [DEBUG] [org.gradle.cache.internal.DefaultFileLockManager] Waiting to acquire shared lock on daemon addresses registry.
15:39:43.995 [DEBUG] [org.gradle.cache.internal.DefaultFileLockManager] Lock acquired on daemon addresses registry.
15:39:43.995 [DEBUG] [org.gradle.cache.internal.DefaultFileLockManager] Releasing lock on daemon addresses registry.
15:39:46.098 [DEBUG] [org.gradle.process.internal.health.memory.MemoryManager] Emitting OS memory status event {Total: 16440082432, Free: 12018851840}
15:39:46.098 [DEBUG] [org.gradle.launcher.daemon.server.health.LowMemoryDaemonExpirationStrategy] Received memory status update: {Total: 16440082432, Free: 12018851840}
15:39:46.098 [DEBUG] [org.gradle.process.internal.health.memory.MemoryManager] Emitting JVM memory status event {Maximum: 1073741824, Committed: 260046848}
15:39:51.098 [DEBUG] [org.gradle.process.internal.health.memory.MemoryManager] Emitting OS memory status event {Total: 16440082432, Free: 12018876416}
15:39:51.098 [DEBUG] [org.gradle.launcher.daemon.server.health.LowMemoryDaemonExpirationStrategy] Received memory status update: {Total: 16440082432, Free: 12018876416}
15:39:51.098 [DEBUG] [org.gradle.process.internal.health.memory.MemoryManager] Emitting JVM memory status event {Maximum: 1073741824, Committed: 260046848}
15:39:53.995 [DEBUG] [org.gradle.launcher.daemon.server.Daemon] DaemonExpirationPeriodicCheck running
15:39:53.995 [DEBUG] [org.gradle.cache.internal.DefaultFileLockManager] Waiting to acquire shared lock on daemon addresses registry.
15:39:53.995 [DEBUG] [org.gradle.cache.internal.DefaultFileLockManager] Lock acquired on daemon addresses registry.
15:39:53.995 [DEBUG] [org.gradle.cache.internal.DefaultFileLockManager] Releasing lock on daemon addresses registry.
15:39:53.995 [DEBUG] [org.gradle.cache.internal.DefaultFileLockManager] Waiting to acquire shared lock on daemon addresses registry.
15:39:53.995 [DEBUG] [org.gradle.cache.internal.DefaultFileLockManager] Lock acquired on daemon addresses registry.
15:39:53.995 [DEBUG] [org.gradle.cache.internal.DefaultFileLockManager] Releasing lock on daemon addresses registry.
15:39:53.995 [DEBUG] [org.gradle.cache.internal.DefaultFileLockManager] Waiting to acquire shared lock on daemon addresses registry.
15:39:53.995 [DEBUG] [org.gradle.cache.internal.DefaultFileLockManager] Lock acquired on daemon addresses registry.
15:39:53.995 [DEBUG] [org.gradle.cache.internal.DefaultFileLockManager] Releasing lock on daemon addresses registry.
15:39:56.098 [DEBUG] [org.gradle.process.internal.health.memory.MemoryManager] Emitting OS memory status event {Total: 16440082432, Free: 12018372608}
15:39:56.098 [DEBUG] [org.gradle.launcher.daemon.server.health.LowMemoryDaemonExpirationStrategy] Received memory status update: {Total: 16440082432, Free: 12018372608}
15:39:56.098 [DEBUG] [org.gradle.process.internal.health.memory.MemoryManager] Emitting JVM memory status event {Maximum: 1073741824, Committed: 260046848}
15:40:01.098 [DEBUG] [org.gradle.process.internal.health.memory.MemoryManager] Emitting OS memory status event {Total: 16440082432, Free: 12018458624}
15:40:01.098 [DEBUG] [org.gradle.launcher.daemon.server.health.LowMemoryDaemonExpirationStrategy] Received memory status update: {Total: 16440082432, Free: 12018458624}
15:40:01.098 [DEBUG] [org.gradle.process.internal.health.memory.MemoryManager] Emitting JVM memory status event {Maximum: 1073741824, Committed: 260046848}
15:40:03.995 [DEBUG] [org.gradle.launcher.daemon.server.Daemon] DaemonExpirationPeriodicCheck running
15:40:03.995 [DEBUG] [org.gradle.cache.internal.DefaultFileLockManager] Waiting to acquire shared lock on daemon addresses registry.
15:40:03.995 [DEBUG] [org.gradle.cache.internal.DefaultFileLockManager] Lock acquired on daemon addresses registry.
15:40:03.995 [DEBUG] [org.gradle.cache.internal.DefaultFileLockManager] Releasing lock on daemon addresses registry.
15:40:03.995 [DEBUG] [org.gradle.cache.internal.DefaultFileLockManager] Waiting to acquire shared lock on daemon addresses registry.
15:40:03.995 [DEBUG] [org.gradle.cache.internal.DefaultFileLockManager] Lock acquired on daemon addresses registry.
15:40:03.995 [DEBUG] [org.gradle.cache.internal.DefaultFileLockManager] Releasing lock on daemon addresses registry.
15:40:03.995 [DEBUG] [org.gradle.cache.internal.DefaultFileLockManager] Waiting to acquire shared lock on daemon addresses registry.
15:40:03.995 [DEBUG] [org.gradle.cache.internal.DefaultFileLockManager] Lock acquired on daemon addresses registry.
15:40:03.995 [DEBUG] [org.gradle.cache.internal.DefaultFileLockManager] Releasing lock on daemon addresses registry.
15:40:06.098 [DEBUG] [org.gradle.process.internal.health.memory.MemoryManager] Emitting OS memory status event {Total: 16440082432, Free: 12018466816}
15:40:06.098 [DEBUG] [org.gradle.launcher.daemon.server.health.LowMemoryDaemonExpirationStrategy] Received memory status update: {Total: 16440082432, Free: 12018466816}
15:40:06.098 [DEBUG] [org.gradle.process.internal.health.memory.MemoryManager] Emitting JVM memory status event {Maximum: 1073741824, Committed: 260046848}
15:40:11.098 [DEBUG] [org.gradle.process.internal.health.memory.MemoryManager] Emitting OS memory status event {Total: 16440082432, Free: 12018483200}
15:40:11.098 [DEBUG] [org.gradle.launcher.daemon.server.health.LowMemoryDaemonExpirationStrategy] Received memory status update: {Total: 16440082432, Free: 12018483200}
15:40:11.098 [DEBUG] [org.gradle.process.internal.health.memory.MemoryManager] Emitting JVM memory status event {Maximum: 1073741824, Committed: 260046848}
15:40:13.995 [DEBUG] [org.gradle.launcher.daemon.server.Daemon] DaemonExpirationPeriodicCheck running
15:40:13.995 [DEBUG] [org.gradle.cache.internal.DefaultFileLockManager] Waiting to acquire shared lock on daemon addresses registry.
15:40:13.995 [DEBUG] [org.gradle.cache.internal.DefaultFileLockManager] Lock acquired on daemon addresses registry.
15:40:13.995 [DEBUG] [org.gradle.cache.internal.DefaultFileLockManager] Releasing lock on daemon addresses registry.
15:40:13.995 [DEBUG] [org.gradle.cache.internal.DefaultFileLockManager] Waiting to acquire shared lock on daemon addresses registry.
15:40:13.995 [DEBUG] [org.gradle.cache.internal.DefaultFileLockManager] Lock acquired on daemon addresses registry.
15:40:13.995 [DEBUG] [org.gradle.cache.internal.DefaultFileLockManager] Releasing lock on daemon addresses registry.
15:40:13.995 [DEBUG] [org.gradle.cache.internal.DefaultFileLockManager] Waiting to acquire shared lock on daemon addresses registry.
15:40:13.995 [DEBUG] [org.gradle.cache.internal.DefaultFileLockManager] Lock acquired on daemon addresses registry.
15:40:13.995 [DEBUG] [org.gradle.cache.internal.DefaultFileLockManager] Releasing lock on daemon addresses registry.
15:40:16.098 [DEBUG] [org.gradle.process.internal.health.memory.MemoryManager] Emitting OS memory status event {Total: 16440082432, Free: 12018294784}
15:40:16.098 [DEBUG] [org.gradle.launcher.daemon.server.health.LowMemoryDaemonExpirationStrategy] Received memory status update: {Total: 16440082432, Free: 12018294784}
15:40:16.098 [DEBUG] [org.gradle.process.internal.health.memory.MemoryManager] Emitting JVM memory status event {Maximum: 1073741824, Committed: 260046848}
15:40:21.098 [DEBUG] [org.gradle.process.internal.health.memory.MemoryManager] Emitting OS memory status event {Total: 16440082432, Free: 12018302976}
15:40:21.098 [DEBUG] [org.gradle.launcher.daemon.server.health.LowMemoryDaemonExpirationStrategy] Received memory status update: {Total: 16440082432, Free: 12018302976}
15:40:21.098 [DEBUG] [org.gradle.process.internal.health.memory.MemoryManager] Emitting JVM memory status event {Maximum: 1073741824, Committed: 260046848}
15:40:23.995 [DEBUG] [org.gradle.launcher.daemon.server.Daemon] DaemonExpirationPeriodicCheck running
15:40:23.995 [DEBUG] [org.gradle.cache.internal.DefaultFileLockManager] Waiting to acquire shared lock on daemon addresses registry.
15:40:23.995 [DEBUG] [org.gradle.cache.internal.DefaultFileLockManager] Lock acquired on daemon addresses registry.
15:40:23.995 [DEBUG] [org.gradle.cache.internal.DefaultFileLockManager] Releasing lock on daemon addresses registry.
15:40:23.995 [DEBUG] [org.gradle.cache.internal.DefaultFileLockManager] Waiting to acquire shared lock on daemon addresses registry.
15:40:23.995 [DEBUG] [org.gradle.cache.internal.DefaultFileLockManager] Lock acquired on daemon addresses registry.
15:40:23.995 [DEBUG] [org.gradle.cache.internal.DefaultFileLockManager] Releasing lock on daemon addresses registry.
15:40:23.995 [DEBUG] [org.gradle.cache.internal.DefaultFileLockManager] Waiting to acquire shared lock on daemon addresses registry.
15:40:23.995 [DEBUG] [org.gradle.cache.internal.DefaultFileLockManager] Lock acquired on daemon addresses registry.
15:40:23.995 [DEBUG] [org.gradle.cache.internal.DefaultFileLockManager] Releasing lock on daemon addresses registry.
15:40:26.098 [DEBUG] [org.gradle.process.internal.health.memory.MemoryManager] Emitting OS memory status event {Total: 16440082432, Free: 12017815552}
15:40:26.098 [DEBUG] [org.gradle.launcher.daemon.server.health.LowMemoryDaemonExpirationStrategy] Received memory status update: {Total: 16440082432, Free: 12017815552}
15:40:26.098 [DEBUG] [org.gradle.process.internal.health.memory.MemoryManager] Emitting JVM memory status event {Maximum: 1073741824, Committed: 260046848}
15:40:31.098 [DEBUG] [org.gradle.process.internal.health.memory.MemoryManager] Emitting OS memory status event {Total: 16440082432, Free: 12017823744}
15:40:31.098 [DEBUG] [org.gradle.launcher.daemon.server.health.LowMemoryDaemonExpirationStrategy] Received memory status update: {Total: 16440082432, Free: 12017823744}
15:40:31.098 [DEBUG] [org.gradle.process.internal.health.memory.MemoryManager] Emitting JVM memory status event {Maximum: 1073741824, Committed: 260046848}
15:40:33.995 [DEBUG] [org.gradle.launcher.daemon.server.Daemon] DaemonExpirationPeriodicCheck running
15:40:33.995 [DEBUG] [org.gradle.cache.internal.DefaultFileLockManager] Waiting to acquire shared lock on daemon addresses registry.
15:40:33.995 [DEBUG] [org.gradle.cache.internal.DefaultFileLockManager] Lock acquired on daemon addresses registry.
15:40:33.995 [DEBUG] [org.gradle.cache.internal.DefaultFileLockManager] Releasing lock on daemon addresses registry.
15:40:33.995 [DEBUG] [org.gradle.cache.internal.DefaultFileLockManager] Waiting to acquire shared lock on daemon addresses registry.
15:40:33.995 [DEBUG] [org.gradle.cache.internal.DefaultFileLockManager] Lock acquired on daemon addresses registry.
15:40:33.995 [DEBUG] [org.gradle.cache.internal.DefaultFileLockManager] Releasing lock on daemon addresses registry.
15:40:33.995 [DEBUG] [org.gradle.cache.internal.DefaultFileLockManager] Waiting to acquire shared lock on daemon addresses registry.
15:40:33.995 [DEBUG] [org.gradle.cache.internal.DefaultFileLockManager] Lock acquired on daemon addresses registry.
15:40:33.995 [DEBUG] [org.gradle.cache.internal.DefaultFileLockManager] Releasing lock on daemon addresses registry.
15:40:36.098 [DEBUG] [org.gradle.process.internal.health.memory.MemoryManager] Emitting OS memory status event {Total: 16440082432, Free: 12017852416}
15:40:36.098 [DEBUG] [org.gradle.launcher.daemon.server.health.LowMemoryDaemonExpirationStrategy] Received memory status update: {Total: 16440082432, Free: 12017852416}
15:40:36.098 [DEBUG] [org.gradle.process.internal.health.memory.MemoryManager] Emitting JVM memory status event {Maximum: 1073741824, Committed: 260046848}
15:40:41.098 [DEBUG] [org.gradle.process.internal.health.memory.MemoryManager] Emitting OS memory status event {Total: 16440082432, Free: 12017856512}
15:40:41.098 [DEBUG] [org.gradle.launcher.daemon.server.health.LowMemoryDaemonExpirationStrategy] Received memory status update: {Total: 16440082432, Free: 12017856512}
15:40:41.098 [DEBUG] [org.gradle.process.internal.health.memory.MemoryManager] Emitting JVM memory status event {Maximum: 1073741824, Committed: 260046848}
15:40:43.995 [DEBUG] [org.gradle.launcher.daemon.server.Daemon] DaemonExpirationPeriodicCheck running
15:40:43.995 [DEBUG] [org.gradle.cache.internal.DefaultFileLockManager] Waiting to acquire shared lock on daemon addresses registry.
15:40:43.995 [DEBUG] [org.gradle.cache.internal.DefaultFileLockManager] Lock acquired on daemon addresses registry.
15:40:43.995 [DEBUG] [org.gradle.cache.internal.DefaultFileLockManager] Releasing lock on daemon addresses registry.
15:40:43.995 [DEBUG] [org.gradle.cache.internal.DefaultFileLockManager] Waiting to acquire shared lock on daemon addresses registry.
15:40:43.995 [DEBUG] [org.gradle.cache.internal.DefaultFileLockManager] Lock acquired on daemon addresses registry.
15:40:43.995 [DEBUG] [org.gradle.cache.internal.DefaultFileLockManager] Releasing lock on daemon addresses registry.
15:40:43.995 [DEBUG] [org.gradle.cache.internal.DefaultFileLockManager] Waiting to acquire shared lock on daemon addresses registry.
15:40:43.995 [DEBUG] [org.gradle.cache.internal.DefaultFileLockManager] Lock acquired on daemon addresses registry.
15:40:43.995 [DEBUG] [org.gradle.cache.internal.DefaultFileLockManager] Releasing lock on daemon addresses registry.
15:40:46.098 [DEBUG] [org.gradle.process.internal.health.memory.MemoryManager] Emitting OS memory status event {Total: 16440082432, Free: 12017889280}
15:40:46.098 [DEBUG] [org.gradle.launcher.daemon.server.health.LowMemoryDaemonExpirationStrategy] Received memory status update: {Total: 16440082432, Free: 12017889280}
15:40:46.098 [DEBUG] [org.gradle.process.internal.health.memory.MemoryManager] Emitting JVM memory status event {Maximum: 1073741824, Committed: 260046848}
15:40:51.098 [DEBUG] [org.gradle.process.internal.health.memory.MemoryManager] Emitting OS memory status event {Total: 16440082432, Free: 12018147328}
15:40:51.098 [DEBUG] [org.gradle.launcher.daemon.server.health.LowMemoryDaemonExpirationStrategy] Received memory status update: {Total: 16440082432, Free: 12018147328}
15:40:51.098 [DEBUG] [org.gradle.process.internal.health.memory.MemoryManager] Emitting JVM memory status event {Maximum: 1073741824, Committed: 260046848}
15:40:53.995 [DEBUG] [org.gradle.launcher.daemon.server.Daemon] DaemonExpirationPeriodicCheck running
15:40:53.995 [DEBUG] [org.gradle.cache.internal.DefaultFileLockManager] Waiting to acquire shared lock on daemon addresses registry.
15:40:53.995 [DEBUG] [org.gradle.cache.internal.DefaultFileLockManager] Lock acquired on daemon addresses registry.
15:40:53.995 [DEBUG] [org.gradle.cache.internal.DefaultFileLockManager] Releasing lock on daemon addresses registry.
15:40:53.995 [DEBUG] [org.gradle.cache.internal.DefaultFileLockManager] Waiting to acquire shared lock on daemon addresses registry.
15:40:53.995 [DEBUG] [org.gradle.cache.internal.DefaultFileLockManager] Lock acquired on daemon addresses registry.
15:40:54.000 [DEBUG] [org.gradle.cache.internal.DefaultFileLockManager] Releasing lock on daemon addresses registry.
15:40:54.000 [DEBUG] [org.gradle.cache.internal.DefaultFileLockManager] Waiting to acquire shared lock on daemon addresses registry.
15:40:54.000 [DEBUG] [org.gradle.cache.internal.DefaultFileLockManager] Lock acquired on daemon addresses registry.
15:40:54.000 [DEBUG] [org.gradle.cache.internal.DefaultFileLockManager] Releasing lock on daemon addresses registry.
15:40:56.098 [DEBUG] [org.gradle.process.internal.health.memory.MemoryManager] Emitting OS memory status event {Total: 16440082432, Free: 12020080640}
15:40:56.098 [DEBUG] [org.gradle.launcher.daemon.server.health.LowMemoryDaemonExpirationStrategy] Received memory status update: {Total: 16440082432, Free: 12020080640}
15:40:56.098 [DEBUG] [org.gradle.process.internal.health.memory.MemoryManager] Emitting JVM memory status event {Maximum: 1073741824, Committed: 260046848}
15:41:01.098 [DEBUG] [org.gradle.process.internal.health.memory.MemoryManager] Emitting OS memory status event {Total: 16440082432, Free: 12013260800}
15:41:01.098 [DEBUG] [org.gradle.launcher.daemon.server.health.LowMemoryDaemonExpirationStrategy] Received memory status update: {Total: 16440082432, Free: 12013260800}
15:41:01.098 [DEBUG] [org.gradle.process.internal.health.memory.MemoryManager] Emitting JVM memory status event {Maximum: 1073741824, Committed: 260046848}
15:41:03.995 [DEBUG] [org.gradle.launcher.daemon.server.Daemon] DaemonExpirationPeriodicCheck running
15:41:03.995 [DEBUG] [org.gradle.cache.internal.DefaultFileLockManager] Waiting to acquire shared lock on daemon addresses registry.
15:41:03.995 [DEBUG] [org.gradle.cache.internal.DefaultFileLockManager] Lock acquired on daemon addresses registry.
15:41:03.995 [DEBUG] [org.gradle.cache.internal.DefaultFileLockManager] Releasing lock on daemon addresses registry.
15:41:03.995 [DEBUG] [org.gradle.cache.internal.DefaultFileLockManager] Waiting to acquire shared lock on daemon addresses registry.
15:41:03.995 [DEBUG] [org.gradle.cache.internal.DefaultFileLockManager] Lock acquired on daemon addresses registry.
15:41:03.995 [DEBUG] [org.gradle.cache.internal.DefaultFileLockManager] Releasing lock on daemon addresses registry.
15:41:03.995 [DEBUG] [org.gradle.cache.internal.DefaultFileLockManager] Waiting to acquire shared lock on daemon addresses registry.
15:41:03.995 [DEBUG] [org.gradle.cache.internal.DefaultFileLockManager] Lock acquired on daemon addresses registry.
15:41:03.995 [DEBUG] [org.gradle.cache.internal.DefaultFileLockManager] Releasing lock on daemon addresses registry.
15:41:06.098 [DEBUG] [org.gradle.process.internal.health.memory.MemoryManager] Emitting OS memory status event {Total: 16440082432, Free: 12026245120}
15:41:06.098 [DEBUG] [org.gradle.launcher.daemon.server.health.LowMemoryDaemonExpirationStrategy] Received memory status update: {Total: 16440082432, Free: 12026245120}
15:41:06.098 [DEBUG] [org.gradle.process.internal.health.memory.MemoryManager] Emitting JVM memory status event {Maximum: 1073741824, Committed: 260046848}
15:41:11.098 [DEBUG] [org.gradle.process.internal.health.memory.MemoryManager] Emitting OS memory status event {Total: 16440082432, Free: 12026003456}
15:41:11.098 [DEBUG] [org.gradle.launcher.daemon.server.health.LowMemoryDaemonExpirationStrategy] Received memory status update: {Total: 16440082432, Free: 12026003456}
15:41:11.098 [DEBUG] [org.gradle.process.internal.health.memory.MemoryManager] Emitting JVM memory status event {Maximum: 1073741824, Committed: 260046848}
15:41:13.994 [DEBUG] [org.gradle.launcher.daemon.server.Daemon] DaemonExpirationPeriodicCheck running
15:41:13.995 [DEBUG] [org.gradle.cache.internal.DefaultFileLockManager] Waiting to acquire shared lock on daemon addresses registry.
15:41:13.995 [DEBUG] [org.gradle.cache.internal.DefaultFileLockManager] Lock acquired on daemon addresses registry.
15:41:13.995 [DEBUG] [org.gradle.cache.internal.DefaultFileLockManager] Releasing lock on daemon addresses registry.
15:41:13.995 [DEBUG] [org.gradle.cache.internal.DefaultFileLockManager] Waiting to acquire shared lock on daemon addresses registry.
15:41:13.995 [DEBUG] [org.gradle.cache.internal.DefaultFileLockManager] Lock acquired on daemon addresses registry.
15:41:13.995 [DEBUG] [org.gradle.cache.internal.DefaultFileLockManager] Releasing lock on daemon addresses registry.
15:41:13.995 [DEBUG] [org.gradle.cache.internal.DefaultFileLockManager] Waiting to acquire shared lock on daemon addresses registry.
15:41:13.995 [DEBUG] [org.gradle.cache.internal.DefaultFileLockManager] Lock acquired on daemon addresses registry.
15:41:13.995 [DEBUG] [org.gradle.cache.internal.DefaultFileLockManager] Releasing lock on daemon addresses registry.
15:41:16.098 [DEBUG] [org.gradle.process.internal.health.memory.MemoryManager] Emitting OS memory status event {Total: 16440082432, Free: 12025856000}
15:41:16.098 [DEBUG] [org.gradle.launcher.daemon.server.health.LowMemoryDaemonExpirationStrategy] Received memory status update: {Total: 16440082432, Free: 12025856000}
15:41:16.098 [DEBUG] [org.gradle.process.internal.health.memory.MemoryManager] Emitting JVM memory status event {Maximum: 1073741824, Committed: 260046848}
15:41:21.098 [DEBUG] [org.gradle.process.internal.health.memory.MemoryManager] Emitting OS memory status event {Total: 16440082432, Free: 12025630720}
15:41:21.098 [DEBUG] [org.gradle.launcher.daemon.server.health.LowMemoryDaemonExpirationStrategy] Received memory status update: {Total: 16440082432, Free: 12025630720}
15:41:21.098 [DEBUG] [org.gradle.process.internal.health.memory.MemoryManager] Emitting JVM memory status event {Maximum: 1073741824, Committed: 260046848}
15:41:23.994 [DEBUG] [org.gradle.launcher.daemon.server.Daemon] DaemonExpirationPeriodicCheck running
15:41:23.995 [DEBUG] [org.gradle.cache.internal.DefaultFileLockManager] Waiting to acquire shared lock on daemon addresses registry.
15:41:23.995 [DEBUG] [org.gradle.cache.internal.DefaultFileLockManager] Lock acquired on daemon addresses registry.
15:41:23.995 [DEBUG] [org.gradle.cache.internal.DefaultFileLockManager] Releasing lock on daemon addresses registry.
15:41:23.995 [DEBUG] [org.gradle.cache.internal.DefaultFileLockManager] Waiting to acquire shared lock on daemon addresses registry.
15:41:23.995 [DEBUG] [org.gradle.cache.internal.DefaultFileLockManager] Lock acquired on daemon addresses registry.
15:41:23.995 [DEBUG] [org.gradle.cache.internal.DefaultFileLockManager] Releasing lock on daemon addresses registry.
15:41:23.995 [DEBUG] [org.gradle.cache.internal.DefaultFileLockManager] Waiting to acquire shared lock on daemon addresses registry.
15:41:23.995 [DEBUG] [org.gradle.cache.internal.DefaultFileLockManager] Lock acquired on daemon addresses registry.
15:41:23.995 [DEBUG] [org.gradle.cache.internal.DefaultFileLockManager] Releasing lock on daemon addresses registry.
15:41:26.098 [DEBUG] [org.gradle.process.internal.health.memory.MemoryManager] Emitting OS memory status event {Total: 16440082432, Free: 12024926208}
15:41:26.098 [DEBUG] [org.gradle.launcher.daemon.server.health.LowMemoryDaemonExpirationStrategy] Received memory status update: {Total: 16440082432, Free: 12024926208}
15:41:26.098 [DEBUG] [org.gradle.process.internal.health.memory.MemoryManager] Emitting JVM memory status event {Maximum: 1073741824, Committed: 260046848}
15:41:31.098 [DEBUG] [org.gradle.process.internal.health.memory.MemoryManager] Emitting OS memory status event {Total: 16440082432, Free: 12024721408}
15:41:31.098 [DEBUG] [org.gradle.launcher.daemon.server.health.LowMemoryDaemonExpirationStrategy] Received memory status update: {Total: 16440082432, Free: 12024721408}
15:41:31.098 [DEBUG] [org.gradle.process.internal.health.memory.MemoryManager] Emitting JVM memory status event {Maximum: 1073741824, Committed: 260046848}
15:41:33.995 [DEBUG] [org.gradle.launcher.daemon.server.Daemon] DaemonExpirationPeriodicCheck running
15:41:33.995 [DEBUG] [org.gradle.cache.internal.DefaultFileLockManager] Waiting to acquire shared lock on daemon addresses registry.
15:41:33.995 [DEBUG] [org.gradle.cache.internal.DefaultFileLockManager] Lock acquired on daemon addresses registry.
15:41:33.995 [DEBUG] [org.gradle.cache.internal.DefaultFileLockManager] Releasing lock on daemon addresses registry.
15:41:33.995 [DEBUG] [org.gradle.cache.internal.DefaultFileLockManager] Waiting to acquire shared lock on daemon addresses registry.
15:41:33.995 [DEBUG] [org.gradle.cache.internal.DefaultFileLockManager] Lock acquired on daemon addresses registry.
15:41:33.995 [DEBUG] [org.gradle.cache.internal.DefaultFileLockManager] Releasing lock on daemon addresses registry.
15:41:33.995 [DEBUG] [org.gradle.cache.internal.DefaultFileLockManager] Waiting to acquire shared lock on daemon addresses registry.
15:41:33.995 [DEBUG] [org.gradle.cache.internal.DefaultFileLockManager] Lock acquired on daemon addresses registry.
15:41:33.995 [DEBUG] [org.gradle.cache.internal.DefaultFileLockManager] Releasing lock on daemon addresses registry.
15:41:36.098 [DEBUG] [org.gradle.process.internal.health.memory.MemoryManager] Emitting OS memory status event {Total: 16440082432, Free: 12024754176}
15:41:36.098 [DEBUG] [org.gradle.launcher.daemon.server.health.LowMemoryDaemonExpirationStrategy] Received memory status update: {Total: 16440082432, Free: 12024754176}
15:41:36.098 [DEBUG] [org.gradle.process.internal.health.memory.MemoryManager] Emitting JVM memory status event {Maximum: 1073741824, Committed: 260046848}
15:41:41.098 [DEBUG] [org.gradle.process.internal.health.memory.MemoryManager] Emitting OS memory status event {Total: 16440082432, Free: 12024508416}
15:41:41.098 [DEBUG] [org.gradle.launcher.daemon.server.health.LowMemoryDaemonExpirationStrategy] Received memory status update: {Total: 16440082432, Free: 12024508416}
15:41:41.098 [DEBUG] [org.gradle.process.internal.health.memory.MemoryManager] Emitting JVM memory status event {Maximum: 1073741824, Committed: 260046848}
15:41:43.995 [DEBUG] [org.gradle.launcher.daemon.server.Daemon] DaemonExpirationPeriodicCheck running
15:41:43.995 [DEBUG] [org.gradle.cache.internal.DefaultFileLockManager] Waiting to acquire shared lock on daemon addresses registry.
15:41:43.995 [DEBUG] [org.gradle.cache.internal.DefaultFileLockManager] Lock acquired on daemon addresses registry.
15:41:43.995 [DEBUG] [org.gradle.cache.internal.DefaultFileLockManager] Releasing lock on daemon addresses registry.
15:41:43.995 [DEBUG] [org.gradle.cache.internal.DefaultFileLockManager] Waiting to acquire shared lock on daemon addresses registry.
15:41:43.995 [DEBUG] [org.gradle.cache.internal.DefaultFileLockManager] Lock acquired on daemon addresses registry.
15:41:43.995 [DEBUG] [org.gradle.cache.internal.DefaultFileLockManager] Releasing lock on daemon addresses registry.
15:41:43.995 [DEBUG] [org.gradle.cache.internal.DefaultFileLockManager] Waiting to acquire shared lock on daemon addresses registry.
15:41:43.995 [DEBUG] [org.gradle.cache.internal.DefaultFileLockManager] Lock acquired on daemon addresses registry.
15:41:43.995 [DEBUG] [org.gradle.cache.internal.DefaultFileLockManager] Releasing lock on daemon addresses registry.
15:41:46.098 [DEBUG] [org.gradle.process.internal.health.memory.MemoryManager] Emitting OS memory status event {Total: 16440082432, Free: 12024516608}
15:41:46.098 [DEBUG] [org.gradle.launcher.daemon.server.health.LowMemoryDaemonExpirationStrategy] Received memory status update: {Total: 16440082432, Free: 12024516608}
15:41:46.098 [DEBUG] [org.gradle.process.internal.health.memory.MemoryManager] Emitting JVM memory status event {Maximum: 1073741824, Committed: 260046848}
15:41:51.098 [DEBUG] [org.gradle.process.internal.health.memory.MemoryManager] Emitting OS memory status event {Total: 16440082432, Free: 12025421824}
15:41:51.098 [DEBUG] [org.gradle.launcher.daemon.server.health.LowMemoryDaemonExpirationStrategy] Received memory status update: {Total: 16440082432, Free: 12025421824}
15:41:51.098 [DEBUG] [org.gradle.process.internal.health.memory.MemoryManager] Emitting JVM memory status event {Maximum: 1073741824, Committed: 260046848}
15:41:53.995 [DEBUG] [org.gradle.launcher.daemon.server.Daemon] DaemonExpirationPeriodicCheck running
15:41:53.995 [DEBUG] [org.gradle.cache.internal.DefaultFileLockManager] Waiting to acquire shared lock on daemon addresses registry.
15:41:53.995 [DEBUG] [org.gradle.cache.internal.DefaultFileLockManager] Lock acquired on daemon addresses registry.
15:41:53.995 [DEBUG] [org.gradle.cache.internal.DefaultFileLockManager] Releasing lock on daemon addresses registry.
15:41:53.995 [DEBUG] [org.gradle.cache.internal.DefaultFileLockManager] Waiting to acquire shared lock on daemon addresses registry.
15:41:53.995 [DEBUG] [org.gradle.cache.internal.DefaultFileLockManager] Lock acquired on daemon addresses registry.
15:41:53.995 [DEBUG] [org.gradle.cache.internal.DefaultFileLockManager] Releasing lock on daemon addresses registry.
15:41:53.995 [DEBUG] [org.gradle.cache.internal.DefaultFileLockManager] Waiting to acquire shared lock on daemon addresses registry.
15:41:53.995 [DEBUG] [org.gradle.cache.internal.DefaultFileLockManager] Lock acquired on daemon addresses registry.
15:41:53.995 [DEBUG] [org.gradle.cache.internal.DefaultFileLockManager] Releasing lock on daemon addresses registry.
15:41:56.098 [DEBUG] [org.gradle.process.internal.health.memory.MemoryManager] Emitting OS memory status event {Total: 16440082432, Free: 12025446400}
15:41:56.098 [DEBUG] [org.gradle.launcher.daemon.server.health.LowMemoryDaemonExpirationStrategy] Received memory status update: {Total: 16440082432, Free: 12025446400}
15:41:56.098 [DEBUG] [org.gradle.process.internal.health.memory.MemoryManager] Emitting JVM memory status event {Maximum: 1073741824, Committed: 260046848}
15:42:01.098 [DEBUG] [org.gradle.process.internal.health.memory.MemoryManager] Emitting OS memory status event {Total: 16440082432, Free: 12025741312}
15:42:01.098 [DEBUG] [org.gradle.launcher.daemon.server.health.LowMemoryDaemonExpirationStrategy] Received memory status update: {Total: 16440082432, Free: 12025741312}
15:42:01.098 [DEBUG] [org.gradle.process.internal.health.memory.MemoryManager] Emitting JVM memory status event {Maximum: 1073741824, Committed: 260046848}
15:42:03.995 [DEBUG] [org.gradle.launcher.daemon.server.Daemon] DaemonExpirationPeriodicCheck running
15:42:03.995 [DEBUG] [org.gradle.cache.internal.DefaultFileLockManager] Waiting to acquire shared lock on daemon addresses registry.
15:42:03.995 [DEBUG] [org.gradle.cache.internal.DefaultFileLockManager] Lock acquired on daemon addresses registry.
15:42:03.995 [DEBUG] [org.gradle.cache.internal.DefaultFileLockManager] Releasing lock on daemon addresses registry.
15:42:03.995 [DEBUG] [org.gradle.cache.internal.DefaultFileLockManager] Waiting to acquire shared lock on daemon addresses registry.
15:42:03.995 [DEBUG] [org.gradle.cache.internal.DefaultFileLockManager] Lock acquired on daemon addresses registry.
15:42:03.995 [DEBUG] [org.gradle.cache.internal.DefaultFileLockManager] Releasing lock on daemon addresses registry.
15:42:03.995 [DEBUG] [org.gradle.cache.internal.DefaultFileLockManager] Waiting to acquire shared lock on daemon addresses registry.
15:42:03.995 [DEBUG] [org.gradle.cache.internal.DefaultFileLockManager] Lock acquired on daemon addresses registry.
15:42:03.995 [DEBUG] [org.gradle.cache.internal.DefaultFileLockManager] Releasing lock on daemon addresses registry.
15:42:06.098 [DEBUG] [org.gradle.process.internal.health.memory.MemoryManager] Emitting OS memory status event {Total: 16440082432, Free: 12025524224}
15:42:06.098 [DEBUG] [org.gradle.launcher.daemon.server.health.LowMemoryDaemonExpirationStrategy] Received memory status update: {Total: 16440082432, Free: 12025524224}
15:42:06.098 [DEBUG] [org.gradle.process.internal.health.memory.MemoryManager] Emitting JVM memory status event {Maximum: 1073741824, Committed: 260046848}
15:42:11.098 [DEBUG] [org.gradle.process.internal.health.memory.MemoryManager] Emitting OS memory status event {Total: 16440082432, Free: 12025524224}
15:42:11.098 [DEBUG] [org.gradle.launcher.daemon.server.health.LowMemoryDaemonExpirationStrategy] Received memory status update: {Total: 16440082432, Free: 12025524224}
15:42:11.098 [DEBUG] [org.gradle.process.internal.health.memory.MemoryManager] Emitting JVM memory status event {Maximum: 1073741824, Committed: 260046848}
15:42:13.995 [DEBUG] [org.gradle.launcher.daemon.server.Daemon] DaemonExpirationPeriodicCheck running
15:42:13.995 [DEBUG] [org.gradle.cache.internal.DefaultFileLockManager] Waiting to acquire shared lock on daemon addresses registry.
15:42:13.995 [DEBUG] [org.gradle.cache.internal.DefaultFileLockManager] Lock acquired on daemon addresses registry.
15:42:13.995 [DEBUG] [org.gradle.cache.internal.DefaultFileLockManager] Releasing lock on daemon addresses registry.
15:42:13.995 [DEBUG] [org.gradle.cache.internal.DefaultFileLockManager] Waiting to acquire shared lock on daemon addresses registry.
15:42:13.995 [DEBUG] [org.gradle.cache.internal.DefaultFileLockManager] Lock acquired on daemon addresses registry.
15:42:13.995 [DEBUG] [org.gradle.cache.internal.DefaultFileLockManager] Releasing lock on daemon addresses registry.
15:42:13.995 [DEBUG] [org.gradle.cache.internal.DefaultFileLockManager] Waiting to acquire shared lock on daemon addresses registry.
15:42:13.995 [DEBUG] [org.gradle.cache.internal.DefaultFileLockManager] Lock acquired on daemon addresses registry.
15:42:13.995 [DEBUG] [org.gradle.cache.internal.DefaultFileLockManager] Releasing lock on daemon addresses registry.
15:42:16.098 [DEBUG] [org.gradle.process.internal.health.memory.MemoryManager] Emitting OS memory status event {Total: 16440082432, Free: 12025511936}
15:42:16.098 [DEBUG] [org.gradle.launcher.daemon.server.health.LowMemoryDaemonExpirationStrategy] Received memory status update: {Total: 16440082432, Free: 12025511936}
15:42:16.098 [DEBUG] [org.gradle.process.internal.health.memory.MemoryManager] Emitting JVM memory status event {Maximum: 1073741824, Committed: 260046848}
15:42:21.098 [DEBUG] [org.gradle.process.internal.health.memory.MemoryManager] Emitting OS memory status event {Total: 16440082432, Free: 12025511936}
15:42:21.098 [DEBUG] [org.gradle.launcher.daemon.server.health.LowMemoryDaemonExpirationStrategy] Received memory status update: {Total: 16440082432, Free: 12025511936}
15:42:21.098 [DEBUG] [org.gradle.process.internal.health.memory.MemoryManager] Emitting JVM memory status event {Maximum: 1073741824, Committed: 260046848}
15:42:23.995 [DEBUG] [org.gradle.launcher.daemon.server.Daemon] DaemonExpirationPeriodicCheck running
15:42:23.995 [DEBUG] [org.gradle.cache.internal.DefaultFileLockManager] Waiting to acquire shared lock on daemon addresses registry.
15:42:23.995 [DEBUG] [org.gradle.cache.internal.DefaultFileLockManager] Lock acquired on daemon addresses registry.
15:42:23.995 [DEBUG] [org.gradle.cache.internal.DefaultFileLockManager] Releasing lock on daemon addresses registry.
15:42:23.995 [DEBUG] [org.gradle.cache.internal.DefaultFileLockManager] Waiting to acquire shared lock on daemon addresses registry.
15:42:23.995 [DEBUG] [org.gradle.cache.internal.DefaultFileLockManager] Lock acquired on daemon addresses registry.
15:42:23.995 [DEBUG] [org.gradle.cache.internal.DefaultFileLockManager] Releasing lock on daemon addresses registry.
15:42:23.995 [DEBUG] [org.gradle.cache.internal.DefaultFileLockManager] Waiting to acquire shared lock on daemon addresses registry.
15:42:23.995 [DEBUG] [org.gradle.cache.internal.DefaultFileLockManager] Lock acquired on daemon addresses registry.
15:42:23.995 [DEBUG] [org.gradle.cache.internal.DefaultFileLockManager] Releasing lock on daemon addresses registry.
15:42:26.098 [DEBUG] [org.gradle.process.internal.health.memory.MemoryManager] Emitting OS memory status event {Total: 16440082432, Free: 12024573952}
15:42:26.098 [DEBUG] [org.gradle.launcher.daemon.server.health.LowMemoryDaemonExpirationStrategy] Received memory status update: {Total: 16440082432, Free: 12024573952}
15:42:26.098 [DEBUG] [org.gradle.process.internal.health.memory.MemoryManager] Emitting JVM memory status event {Maximum: 1073741824, Committed: 260046848}
15:42:31.098 [DEBUG] [org.gradle.process.internal.health.memory.MemoryManager] Emitting OS memory status event {Total: 16440082432, Free: 12023607296}
15:42:31.098 [DEBUG] [org.gradle.launcher.daemon.server.health.LowMemoryDaemonExpirationStrategy] Received memory status update: {Total: 16440082432, Free: 12023607296}
15:42:31.098 [DEBUG] [org.gradle.process.internal.health.memory.MemoryManager] Emitting JVM memory status event {Maximum: 1073741824, Committed: 260046848}
15:42:33.995 [DEBUG] [org.gradle.launcher.daemon.server.Daemon] DaemonExpirationPeriodicCheck running
15:42:33.995 [DEBUG] [org.gradle.cache.internal.DefaultFileLockManager] Waiting to acquire shared lock on daemon addresses registry.
15:42:33.995 [DEBUG] [org.gradle.cache.internal.DefaultFileLockManager] Lock acquired on daemon addresses registry.
15:42:33.995 [DEBUG] [org.gradle.cache.internal.DefaultFileLockManager] Releasing lock on daemon addresses registry.
15:42:33.995 [DEBUG] [org.gradle.cache.internal.DefaultFileLockManager] Waiting to acquire shared lock on daemon addresses registry.
15:42:33.995 [DEBUG] [org.gradle.cache.internal.DefaultFileLockManager] Lock acquired on daemon addresses registry.
15:42:33.995 [DEBUG] [org.gradle.cache.internal.DefaultFileLockManager] Releasing lock on daemon addresses registry.
15:42:33.995 [DEBUG] [org.gradle.cache.internal.DefaultFileLockManager] Waiting to acquire shared lock on daemon addresses registry.
15:42:33.995 [DEBUG] [org.gradle.cache.internal.DefaultFileLockManager] Lock acquired on daemon addresses registry.
15:42:33.995 [DEBUG] [org.gradle.cache.internal.DefaultFileLockManager] Releasing lock on daemon addresses registry.
15:42:36.098 [DEBUG] [org.gradle.process.internal.health.memory.MemoryManager] Emitting OS memory status event {Total: 16440082432, Free: 12023779328}
15:42:36.098 [DEBUG] [org.gradle.launcher.daemon.server.health.LowMemoryDaemonExpirationStrategy] Received memory status update: {Total: 16440082432, Free: 12023779328}
15:42:36.098 [DEBUG] [org.gradle.process.internal.health.memory.MemoryManager] Emitting JVM memory status event {Maximum: 1073741824, Committed: 260046848}
15:42:41.098 [DEBUG] [org.gradle.process.internal.health.memory.MemoryManager] Emitting OS memory status event {Total: 16440082432, Free: 12023795712}
15:42:41.098 [DEBUG] [org.gradle.launcher.daemon.server.health.LowMemoryDaemonExpirationStrategy] Received memory status update: {Total: 16440082432, Free: 12023795712}
15:42:41.098 [DEBUG] [org.gradle.process.internal.health.memory.MemoryManager] Emitting JVM memory status event {Maximum: 1073741824, Committed: 260046848}
15:42:43.995 [DEBUG] [org.gradle.launcher.daemon.server.Daemon] DaemonExpirationPeriodicCheck running
15:42:43.995 [DEBUG] [org.gradle.cache.internal.DefaultFileLockManager] Waiting to acquire shared lock on daemon addresses registry.
15:42:43.995 [DEBUG] [org.gradle.cache.internal.DefaultFileLockManager] Lock acquired on daemon addresses registry.
15:42:43.995 [DEBUG] [org.gradle.cache.internal.DefaultFileLockManager] Releasing lock on daemon addresses registry.
15:42:43.995 [DEBUG] [org.gradle.cache.internal.DefaultFileLockManager] Waiting to acquire shared lock on daemon addresses registry.
15:42:43.995 [DEBUG] [org.gradle.cache.internal.DefaultFileLockManager] Lock acquired on daemon addresses registry.
15:42:43.995 [DEBUG] [org.gradle.cache.internal.DefaultFileLockManager] Releasing lock on daemon addresses registry.
15:42:43.995 [DEBUG] [org.gradle.cache.internal.DefaultFileLockManager] Waiting to acquire shared lock on daemon addresses registry.
15:42:43.995 [DEBUG] [org.gradle.cache.internal.DefaultFileLockManager] Lock acquired on daemon addresses registry.
15:42:43.995 [DEBUG] [org.gradle.cache.internal.DefaultFileLockManager] Releasing lock on daemon addresses registry.
15:42:46.098 [DEBUG] [org.gradle.process.internal.health.memory.MemoryManager] Emitting OS memory status event {Total: 16440082432, Free: 12023795712}
15:42:46.098 [DEBUG] [org.gradle.launcher.daemon.server.health.LowMemoryDaemonExpirationStrategy] Received memory status update: {Total: 16440082432, Free: 12023795712}
15:42:46.098 [DEBUG] [org.gradle.process.internal.health.memory.MemoryManager] Emitting JVM memory status event {Maximum: 1073741824, Committed: 260046848}
15:42:51.098 [DEBUG] [org.gradle.process.internal.health.memory.MemoryManager] Emitting OS memory status event {Total: 16440082432, Free: 12023889920}
15:42:51.098 [DEBUG] [org.gradle.launcher.daemon.server.health.LowMemoryDaemonExpirationStrategy] Received memory status update: {Total: 16440082432, Free: 12023889920}
15:42:51.098 [DEBUG] [org.gradle.process.internal.health.memory.MemoryManager] Emitting JVM memory status event {Maximum: 1073741824, Committed: 260046848}
15:42:53.995 [DEBUG] [org.gradle.launcher.daemon.server.Daemon] DaemonExpirationPeriodicCheck running
15:42:53.995 [DEBUG] [org.gradle.cache.internal.DefaultFileLockManager] Waiting to acquire shared lock on daemon addresses registry.
15:42:53.995 [DEBUG] [org.gradle.cache.internal.DefaultFileLockManager] Lock acquired on daemon addresses registry.
15:42:53.995 [DEBUG] [org.gradle.cache.internal.DefaultFileLockManager] Releasing lock on daemon addresses registry.
15:42:53.995 [DEBUG] [org.gradle.cache.internal.DefaultFileLockManager] Waiting to acquire shared lock on daemon addresses registry.
15:42:53.995 [DEBUG] [org.gradle.cache.internal.DefaultFileLockManager] Lock acquired on daemon addresses registry.
15:42:53.995 [DEBUG] [org.gradle.cache.internal.DefaultFileLockManager] Releasing lock on daemon addresses registry.
15:42:53.995 [DEBUG] [org.gradle.cache.internal.DefaultFileLockManager] Waiting to acquire shared lock on daemon addresses registry.
15:42:53.995 [DEBUG] [org.gradle.cache.internal.DefaultFileLockManager] Lock acquired on daemon addresses registry.
15:42:53.995 [DEBUG] [org.gradle.cache.internal.DefaultFileLockManager] Releasing lock on daemon addresses registry.
15:42:56.098 [DEBUG] [org.gradle.process.internal.health.memory.MemoryManager] Emitting OS memory status event {Total: 16440082432, Free: 12023889920}
15:42:56.098 [DEBUG] [org.gradle.launcher.daemon.server.health.LowMemoryDaemonExpirationStrategy] Received memory status update: {Total: 16440082432, Free: 12023889920}
15:42:56.098 [DEBUG] [org.gradle.process.internal.health.memory.MemoryManager] Emitting JVM memory status event {Maximum: 1073741824, Committed: 260046848}
15:43:01.098 [DEBUG] [org.gradle.process.internal.health.memory.MemoryManager] Emitting OS memory status event {Total: 16440082432, Free: 12023889920}
15:43:01.098 [DEBUG] [org.gradle.launcher.daemon.server.health.LowMemoryDaemonExpirationStrategy] Received memory status update: {Total: 16440082432, Free: 12023889920}
15:43:01.098 [DEBUG] [org.gradle.process.internal.health.memory.MemoryManager] Emitting JVM memory status event {Maximum: 1073741824, Committed: 260046848}
15:43:03.995 [DEBUG] [org.gradle.launcher.daemon.server.Daemon] DaemonExpirationPeriodicCheck running
15:43:03.995 [DEBUG] [org.gradle.cache.internal.DefaultFileLockManager] Waiting to acquire shared lock on daemon addresses registry.
15:43:03.995 [DEBUG] [org.gradle.cache.internal.DefaultFileLockManager] Lock acquired on daemon addresses registry.
15:43:03.995 [DEBUG] [org.gradle.cache.internal.DefaultFileLockManager] Releasing lock on daemon addresses registry.
15:43:03.995 [DEBUG] [org.gradle.cache.internal.DefaultFileLockManager] Waiting to acquire shared lock on daemon addresses registry.
15:43:03.995 [DEBUG] [org.gradle.cache.internal.DefaultFileLockManager] Lock acquired on daemon addresses registry.
15:43:03.995 [DEBUG] [org.gradle.cache.internal.DefaultFileLockManager] Releasing lock on daemon addresses registry.
15:43:03.995 [DEBUG] [org.gradle.cache.internal.DefaultFileLockManager] Waiting to acquire shared lock on daemon addresses registry.
15:43:03.995 [DEBUG] [org.gradle.cache.internal.DefaultFileLockManager] Lock acquired on daemon addresses registry.
15:43:03.995 [DEBUG] [org.gradle.cache.internal.DefaultFileLockManager] Releasing lock on daemon addresses registry.
15:43:06.098 [DEBUG] [org.gradle.process.internal.health.memory.MemoryManager] Emitting OS memory status event {Total: 16440082432, Free: 12023922688}
15:43:06.098 [DEBUG] [org.gradle.launcher.daemon.server.health.LowMemoryDaemonExpirationStrategy] Received memory status update: {Total: 16440082432, Free: 12023922688}
15:43:06.098 [DEBUG] [org.gradle.process.internal.health.memory.MemoryManager] Emitting JVM memory status event {Maximum: 1073741824, Committed: 260046848}
15:43:11.098 [DEBUG] [org.gradle.process.internal.health.memory.MemoryManager] Emitting OS memory status event {Total: 16440082432, Free: 12023984128}
15:43:11.098 [DEBUG] [org.gradle.launcher.daemon.server.health.LowMemoryDaemonExpirationStrategy] Received memory status update: {Total: 16440082432, Free: 12023984128}
15:43:11.098 [DEBUG] [org.gradle.process.internal.health.memory.MemoryManager] Emitting JVM memory status event {Maximum: 1073741824, Committed: 260046848}
15:43:13.995 [DEBUG] [org.gradle.launcher.daemon.server.Daemon] DaemonExpirationPeriodicCheck running
15:43:13.995 [DEBUG] [org.gradle.cache.internal.DefaultFileLockManager] Waiting to acquire shared lock on daemon addresses registry.
15:43:13.995 [DEBUG] [org.gradle.cache.internal.DefaultFileLockManager] Lock acquired on daemon addresses registry.
15:43:13.995 [DEBUG] [org.gradle.cache.internal.DefaultFileLockManager] Releasing lock on daemon addresses registry.
15:43:13.995 [DEBUG] [org.gradle.cache.internal.DefaultFileLockManager] Waiting to acquire shared lock on daemon addresses registry.
15:43:13.995 [DEBUG] [org.gradle.cache.internal.DefaultFileLockManager] Lock acquired on daemon addresses registry.
15:43:13.995 [DEBUG] [org.gradle.cache.internal.DefaultFileLockManager] Releasing lock on daemon addresses registry.
15:43:13.995 [DEBUG] [org.gradle.cache.internal.DefaultFileLockManager] Waiting to acquire shared lock on daemon addresses registry.
15:43:13.995 [DEBUG] [org.gradle.cache.internal.DefaultFileLockManager] Lock acquired on daemon addresses registry.
15:43:13.995 [DEBUG] [org.gradle.cache.internal.DefaultFileLockManager] Releasing lock on daemon addresses registry.
15:43:16.098 [DEBUG] [org.gradle.process.internal.health.memory.MemoryManager] Emitting OS memory status event {Total: 16440082432, Free: 12024008704}
15:43:16.098 [DEBUG] [org.gradle.launcher.daemon.server.health.LowMemoryDaemonExpirationStrategy] Received memory status update: {Total: 16440082432, Free: 12024008704}
15:43:16.098 [DEBUG] [org.gradle.process.internal.health.memory.MemoryManager] Emitting JVM memory status event {Maximum: 1073741824, Committed: 260046848}
15:43:21.098 [DEBUG] [org.gradle.process.internal.health.memory.MemoryManager] Emitting OS memory status event {Total: 16440082432, Free: 12024029184}
15:43:21.098 [DEBUG] [org.gradle.launcher.daemon.server.health.LowMemoryDaemonExpirationStrategy] Received memory status update: {Total: 16440082432, Free: 12024029184}
15:43:21.098 [DEBUG] [org.gradle.process.internal.health.memory.MemoryManager] Emitting JVM memory status event {Maximum: 1073741824, Committed: 260046848}
15:43:23.995 [DEBUG] [org.gradle.launcher.daemon.server.Daemon] DaemonExpirationPeriodicCheck running
15:43:23.995 [DEBUG] [org.gradle.cache.internal.DefaultFileLockManager] Waiting to acquire shared lock on daemon addresses registry.
15:43:23.995 [DEBUG] [org.gradle.cache.internal.DefaultFileLockManager] Lock acquired on daemon addresses registry.
15:43:23.995 [DEBUG] [org.gradle.cache.internal.DefaultFileLockManager] Releasing lock on daemon addresses registry.
15:43:23.995 [DEBUG] [org.gradle.cache.internal.DefaultFileLockManager] Waiting to acquire shared lock on daemon addresses registry.
15:43:23.995 [DEBUG] [org.gradle.cache.internal.DefaultFileLockManager] Lock acquired on daemon addresses registry.
15:43:23.995 [DEBUG] [org.gradle.cache.internal.DefaultFileLockManager] Releasing lock on daemon addresses registry.
15:43:23.995 [DEBUG] [org.gradle.cache.internal.DefaultFileLockManager] Waiting to acquire shared lock on daemon addresses registry.
15:43:23.995 [DEBUG] [org.gradle.cache.internal.DefaultFileLockManager] Lock acquired on daemon addresses registry.
15:43:23.995 [DEBUG] [org.gradle.cache.internal.DefaultFileLockManager] Releasing lock on daemon addresses registry.
15:43:26.098 [DEBUG] [org.gradle.process.internal.health.memory.MemoryManager] Emitting OS memory status event {Total: 16440082432, Free: 12024053760}
15:43:26.098 [DEBUG] [org.gradle.launcher.daemon.server.health.LowMemoryDaemonExpirationStrategy] Received memory status update: {Total: 16440082432, Free: 12024053760}
15:43:26.098 [DEBUG] [org.gradle.process.internal.health.memory.MemoryManager] Emitting JVM memory status event {Maximum: 1073741824, Committed: 260046848}
15:43:31.098 [DEBUG] [org.gradle.process.internal.health.memory.MemoryManager] Emitting OS memory status event {Total: 16440082432, Free: 12024176640}
15:43:31.098 [DEBUG] [org.gradle.launcher.daemon.server.health.LowMemoryDaemonExpirationStrategy] Received memory status update: {Total: 16440082432, Free: 12024176640}
15:43:31.098 [DEBUG] [org.gradle.process.internal.health.memory.MemoryManager] Emitting JVM memory status event {Maximum: 1073741824, Committed: 260046848}
15:43:33.994 [DEBUG] [org.gradle.launcher.daemon.server.Daemon] DaemonExpirationPeriodicCheck running
15:43:33.995 [DEBUG] [org.gradle.cache.internal.DefaultFileLockManager] Waiting to acquire shared lock on daemon addresses registry.
15:43:33.995 [DEBUG] [org.gradle.cache.internal.DefaultFileLockManager] Lock acquired on daemon addresses registry.
15:43:33.995 [DEBUG] [org.gradle.cache.internal.DefaultFileLockManager] Releasing lock on daemon addresses registry.
15:43:33.995 [DEBUG] [org.gradle.cache.internal.DefaultFileLockManager] Waiting to acquire shared lock on daemon addresses registry.
15:43:33.995 [DEBUG] [org.gradle.cache.internal.DefaultFileLockManager] Lock acquired on daemon addresses registry.
15:43:33.995 [DEBUG] [org.gradle.cache.internal.DefaultFileLockManager] Releasing lock on daemon addresses registry.
15:43:33.995 [DEBUG] [org.gradle.cache.internal.DefaultFileLockManager] Waiting to acquire shared lock on daemon addresses registry.
15:43:33.995 [DEBUG] [org.gradle.cache.internal.DefaultFileLockManager] Lock acquired on daemon addresses registry.
15:43:33.995 [DEBUG] [org.gradle.cache.internal.DefaultFileLockManager] Releasing lock on daemon addresses registry.
15:43:36.098 [DEBUG] [org.gradle.process.internal.health.memory.MemoryManager] Emitting OS memory status event {Total: 16440082432, Free: 12024184832}
15:43:36.098 [DEBUG] [org.gradle.launcher.daemon.server.health.LowMemoryDaemonExpirationStrategy] Received memory status update: {Total: 16440082432, Free: 12024184832}
15:43:36.098 [DEBUG] [org.gradle.process.internal.health.memory.MemoryManager] Emitting JVM memory status event {Maximum: 1073741824, Committed: 260046848}
15:43:41.098 [DEBUG] [org.gradle.process.internal.health.memory.MemoryManager] Emitting OS memory status event {Total: 16440082432, Free: 12024193024}
15:43:41.098 [DEBUG] [org.gradle.launcher.daemon.server.health.LowMemoryDaemonExpirationStrategy] Received memory status update: {Total: 16440082432, Free: 12024193024}
15:43:41.098 [DEBUG] [org.gradle.process.internal.health.memory.MemoryManager] Emitting JVM memory status event {Maximum: 1073741824, Committed: 260046848}
15:43:43.995 [DEBUG] [org.gradle.launcher.daemon.server.Daemon] DaemonExpirationPeriodicCheck running
15:43:43.995 [DEBUG] [org.gradle.cache.internal.DefaultFileLockManager] Waiting to acquire shared lock on daemon addresses registry.
15:43:43.995 [DEBUG] [org.gradle.cache.internal.DefaultFileLockManager] Lock acquired on daemon addresses registry.
15:43:43.995 [DEBUG] [org.gradle.cache.internal.DefaultFileLockManager] Releasing lock on daemon addresses registry.
15:43:43.995 [DEBUG] [org.gradle.cache.internal.DefaultFileLockManager] Waiting to acquire shared lock on daemon addresses registry.
15:43:43.995 [DEBUG] [org.gradle.cache.internal.DefaultFileLockManager] Lock acquired on daemon addresses registry.
15:43:43.995 [DEBUG] [org.gradle.cache.internal.DefaultFileLockManager] Releasing lock on daemon addresses registry.
15:43:43.995 [DEBUG] [org.gradle.cache.internal.DefaultFileLockManager] Waiting to acquire shared lock on daemon addresses registry.
15:43:43.995 [DEBUG] [org.gradle.cache.internal.DefaultFileLockManager] Lock acquired on daemon addresses registry.
15:43:43.995 [DEBUG] [org.gradle.cache.internal.DefaultFileLockManager] Releasing lock on daemon addresses registry.
15:43:46.098 [DEBUG] [org.gradle.process.internal.health.memory.MemoryManager] Emitting OS memory status event {Total: 16440082432, Free: 12024229888}
15:43:46.098 [DEBUG] [org.gradle.launcher.daemon.server.health.LowMemoryDaemonExpirationStrategy] Received memory status update: {Total: 16440082432, Free: 12024229888}
15:43:46.098 [DEBUG] [org.gradle.process.internal.health.memory.MemoryManager] Emitting JVM memory status event {Maximum: 1073741824, Committed: 260046848}
15:43:51.098 [DEBUG] [org.gradle.process.internal.health.memory.MemoryManager] Emitting OS memory status event {Total: 16440082432, Free: 12059295744}
15:43:51.098 [DEBUG] [org.gradle.launcher.daemon.server.health.LowMemoryDaemonExpirationStrategy] Received memory status update: {Total: 16440082432, Free: 12059295744}
15:43:51.098 [DEBUG] [org.gradle.process.internal.health.memory.MemoryManager] Emitting JVM memory status event {Maximum: 1073741824, Committed: 260046848}
15:43:53.995 [DEBUG] [org.gradle.launcher.daemon.server.Daemon] DaemonExpirationPeriodicCheck running
15:43:53.995 [DEBUG] [org.gradle.cache.internal.DefaultFileLockManager] Waiting to acquire shared lock on daemon addresses registry.
15:43:53.995 [DEBUG] [org.gradle.cache.internal.DefaultFileLockManager] Lock acquired on daemon addresses registry.
15:43:53.995 [DEBUG] [org.gradle.cache.internal.DefaultFileLockManager] Releasing lock on daemon addresses registry.
15:43:53.995 [DEBUG] [org.gradle.cache.internal.DefaultFileLockManager] Waiting to acquire shared lock on daemon addresses registry.
15:43:53.995 [DEBUG] [org.gradle.cache.internal.DefaultFileLockManager] Lock acquired on daemon addresses registry.
15:43:53.995 [DEBUG] [org.gradle.cache.internal.DefaultFileLockManager] Releasing lock on daemon addresses registry.
15:43:53.995 [DEBUG] [org.gradle.cache.internal.DefaultFileLockManager] Waiting to acquire shared lock on daemon addresses registry.
15:43:53.995 [DEBUG] [org.gradle.cache.internal.DefaultFileLockManager] Lock acquired on daemon addresses registry.
15:43:53.995 [DEBUG] [org.gradle.cache.internal.DefaultFileLockManager] Releasing lock on daemon addresses registry.
15:43:56.098 [DEBUG] [org.gradle.process.internal.health.memory.MemoryManager] Emitting OS memory status event {Total: 16440082432, Free: 12063924224}
15:43:56.098 [DEBUG] [org.gradle.launcher.daemon.server.health.LowMemoryDaemonExpirationStrategy] Received memory status update: {Total: 16440082432, Free: 12063924224}
15:43:56.098 [DEBUG] [org.gradle.process.internal.health.memory.MemoryManager] Emitting JVM memory status event {Maximum: 1073741824, Committed: 260046848}
15:44:01.098 [DEBUG] [org.gradle.process.internal.health.memory.MemoryManager] Emitting OS memory status event {Total: 16440082432, Free: 12063494144}
15:44:01.098 [DEBUG] [org.gradle.launcher.daemon.server.health.LowMemoryDaemonExpirationStrategy] Received memory status update: {Total: 16440082432, Free: 12063494144}
15:44:01.098 [DEBUG] [org.gradle.process.internal.health.memory.MemoryManager] Emitting JVM memory status event {Maximum: 1073741824, Committed: 260046848}
15:44:03.995 [DEBUG] [org.gradle.launcher.daemon.server.Daemon] DaemonExpirationPeriodicCheck running
15:44:03.995 [DEBUG] [org.gradle.cache.internal.DefaultFileLockManager] Waiting to acquire shared lock on daemon addresses registry.
15:44:03.995 [DEBUG] [org.gradle.cache.internal.DefaultFileLockManager] Lock acquired on daemon addresses registry.
15:44:03.995 [DEBUG] [org.gradle.cache.internal.DefaultFileLockManager] Releasing lock on daemon addresses registry.
15:44:03.995 [DEBUG] [org.gradle.cache.internal.DefaultFileLockManager] Waiting to acquire shared lock on daemon addresses registry.
15:44:03.995 [DEBUG] [org.gradle.cache.internal.DefaultFileLockManager] Lock acquired on daemon addresses registry.
15:44:03.995 [DEBUG] [org.gradle.cache.internal.DefaultFileLockManager] Releasing lock on daemon addresses registry.
15:44:03.995 [DEBUG] [org.gradle.cache.internal.DefaultFileLockManager] Waiting to acquire shared lock on daemon addresses registry.
15:44:03.995 [DEBUG] [org.gradle.cache.internal.DefaultFileLockManager] Lock acquired on daemon addresses registry.
15:44:03.995 [DEBUG] [org.gradle.cache.internal.DefaultFileLockManager] Releasing lock on daemon addresses registry.
15:44:06.098 [DEBUG] [org.gradle.process.internal.health.memory.MemoryManager] Emitting OS memory status event {Total: 16440082432, Free: 12063494144}
15:44:06.098 [DEBUG] [org.gradle.launcher.daemon.server.health.LowMemoryDaemonExpirationStrategy] Received memory status update: {Total: 16440082432, Free: 12063494144}
15:44:06.098 [DEBUG] [org.gradle.process.internal.health.memory.MemoryManager] Emitting JVM memory status event {Maximum: 1073741824, Committed: 260046848}
15:44:11.098 [DEBUG] [org.gradle.process.internal.health.memory.MemoryManager] Emitting OS memory status event {Total: 16440082432, Free: 12062785536}
15:44:11.098 [DEBUG] [org.gradle.launcher.daemon.server.health.LowMemoryDaemonExpirationStrategy] Received memory status update: {Total: 16440082432, Free: 12062785536}
15:44:11.098 [DEBUG] [org.gradle.process.internal.health.memory.MemoryManager] Emitting JVM memory status event {Maximum: 1073741824, Committed: 260046848}
15:44:13.995 [DEBUG] [org.gradle.launcher.daemon.server.Daemon] DaemonExpirationPeriodicCheck running
15:44:13.995 [DEBUG] [org.gradle.cache.internal.DefaultFileLockManager] Waiting to acquire shared lock on daemon addresses registry.
15:44:13.995 [DEBUG] [org.gradle.cache.internal.DefaultFileLockManager] Lock acquired on daemon addresses registry.
15:44:13.995 [DEBUG] [org.gradle.cache.internal.DefaultFileLockManager] Releasing lock on daemon addresses registry.
15:44:13.995 [DEBUG] [org.gradle.cache.internal.DefaultFileLockManager] Waiting to acquire shared lock on daemon addresses registry.
15:44:13.995 [DEBUG] [org.gradle.cache.internal.DefaultFileLockManager] Lock acquired on daemon addresses registry.
15:44:13.995 [DEBUG] [org.gradle.cache.internal.DefaultFileLockManager] Releasing lock on daemon addresses registry.
15:44:13.995 [DEBUG] [org.gradle.cache.internal.DefaultFileLockManager] Waiting to acquire shared lock on daemon addresses registry.
15:44:13.995 [DEBUG] [org.gradle.cache.internal.DefaultFileLockManager] Lock acquired on daemon addresses registry.
15:44:13.995 [DEBUG] [org.gradle.cache.internal.DefaultFileLockManager] Releasing lock on daemon addresses registry.
15:44:16.098 [DEBUG] [org.gradle.process.internal.health.memory.MemoryManager] Emitting OS memory status event {Total: 16440082432, Free: 12061511680}
15:44:16.098 [DEBUG] [org.gradle.launcher.daemon.server.health.LowMemoryDaemonExpirationStrategy] Received memory status update: {Total: 16440082432, Free: 12061511680}
15:44:16.098 [DEBUG] [org.gradle.process.internal.health.memory.MemoryManager] Emitting JVM memory status event {Maximum: 1073741824, Committed: 260046848}
15:44:21.098 [DEBUG] [org.gradle.process.internal.health.memory.MemoryManager] Emitting OS memory status event {Total: 16440082432, Free: 12213735424}
15:44:21.098 [DEBUG] [org.gradle.launcher.daemon.server.health.LowMemoryDaemonExpirationStrategy] Received memory status update: {Total: 16440082432, Free: 12213735424}
15:44:21.098 [DEBUG] [org.gradle.process.internal.health.memory.MemoryManager] Emitting JVM memory status event {Maximum: 1073741824, Committed: 260046848}
15:44:23.995 [DEBUG] [org.gradle.launcher.daemon.server.Daemon] DaemonExpirationPeriodicCheck running
15:44:23.995 [DEBUG] [org.gradle.cache.internal.DefaultFileLockManager] Waiting to acquire shared lock on daemon addresses registry.
15:44:23.995 [DEBUG] [org.gradle.cache.internal.DefaultFileLockManager] Lock acquired on daemon addresses registry.
15:44:23.995 [DEBUG] [org.gradle.cache.internal.DefaultFileLockManager] Releasing lock on daemon addresses registry.
15:44:23.995 [DEBUG] [org.gradle.cache.internal.DefaultFileLockManager] Waiting to acquire shared lock on daemon addresses registry.
15:44:23.995 [DEBUG] [org.gradle.cache.internal.DefaultFileLockManager] Lock acquired on daemon addresses registry.
15:44:23.995 [DEBUG] [org.gradle.cache.internal.DefaultFileLockManager] Releasing lock on daemon addresses registry.
15:44:23.995 [DEBUG] [org.gradle.cache.internal.DefaultFileLockManager] Waiting to acquire shared lock on daemon addresses registry.
15:44:23.995 [DEBUG] [org.gradle.cache.internal.DefaultFileLockManager] Lock acquired on daemon addresses registry.
15:44:23.995 [DEBUG] [org.gradle.cache.internal.DefaultFileLockManager] Releasing lock on daemon addresses registry.
15:44:26.098 [DEBUG] [org.gradle.process.internal.health.memory.MemoryManager] Emitting OS memory status event {Total: 16440082432, Free: 12216291328}
15:44:26.098 [DEBUG] [org.gradle.launcher.daemon.server.health.LowMemoryDaemonExpirationStrategy] Received memory status update: {Total: 16440082432, Free: 12216291328}
15:44:26.098 [DEBUG] [org.gradle.process.internal.health.memory.MemoryManager] Emitting JVM memory status event {Maximum: 1073741824, Committed: 260046848}
15:44:31.098 [DEBUG] [org.gradle.process.internal.health.memory.MemoryManager] Emitting OS memory status event {Total: 16440082432, Free: 12263985152}
15:44:31.098 [DEBUG] [org.gradle.launcher.daemon.server.health.LowMemoryDaemonExpirationStrategy] Received memory status update: {Total: 16440082432, Free: 12263985152}
15:44:31.098 [DEBUG] [org.gradle.process.internal.health.memory.MemoryManager] Emitting JVM memory status event {Maximum: 1073741824, Committed: 260046848}
15:44:33.995 [DEBUG] [org.gradle.launcher.daemon.server.Daemon] DaemonExpirationPeriodicCheck running
15:44:33.995 [DEBUG] [org.gradle.cache.internal.DefaultFileLockManager] Waiting to acquire shared lock on daemon addresses registry.
15:44:33.995 [DEBUG] [org.gradle.cache.internal.DefaultFileLockManager] Lock acquired on daemon addresses registry.
15:44:33.995 [DEBUG] [org.gradle.cache.internal.DefaultFileLockManager] Releasing lock on daemon addresses registry.
15:44:33.995 [DEBUG] [org.gradle.cache.internal.DefaultFileLockManager] Waiting to acquire shared lock on daemon addresses registry.
15:44:33.995 [DEBUG] [org.gradle.cache.internal.DefaultFileLockManager] Lock acquired on daemon addresses registry.
15:44:33.995 [DEBUG] [org.gradle.cache.internal.DefaultFileLockManager] Releasing lock on daemon addresses registry.
15:44:33.995 [DEBUG] [org.gradle.cache.internal.DefaultFileLockManager] Waiting to acquire shared lock on daemon addresses registry.
15:44:33.995 [DEBUG] [org.gradle.cache.internal.DefaultFileLockManager] Lock acquired on daemon addresses registry.
15:44:33.995 [DEBUG] [org.gradle.cache.internal.DefaultFileLockManager] Releasing lock on daemon addresses registry.
15:44:36.098 [DEBUG] [org.gradle.process.internal.health.memory.MemoryManager] Emitting OS memory status event {Total: 16440082432, Free: 12253929472}
15:44:36.098 [DEBUG] [org.gradle.launcher.daemon.server.health.LowMemoryDaemonExpirationStrategy] Received memory status update: {Total: 16440082432, Free: 12253929472}
15:44:36.098 [DEBUG] [org.gradle.process.internal.health.memory.MemoryManager] Emitting JVM memory status event {Maximum: 1073741824, Committed: 260046848}
15:44:41.098 [DEBUG] [org.gradle.process.internal.health.memory.MemoryManager] Emitting OS memory status event {Total: 16440082432, Free: 12253323264}
15:44:41.098 [DEBUG] [org.gradle.launcher.daemon.server.health.LowMemoryDaemonExpirationStrategy] Received memory status update: {Total: 16440082432, Free: 12253323264}
15:44:41.098 [DEBUG] [org.gradle.process.internal.health.memory.MemoryManager] Emitting JVM memory status event {Maximum: 1073741824, Committed: 260046848}
15:44:43.994 [DEBUG] [org.gradle.launcher.daemon.server.Daemon] DaemonExpirationPeriodicCheck running
15:44:43.994 [DEBUG] [org.gradle.cache.internal.DefaultFileLockManager] Waiting to acquire shared lock on daemon addresses registry.
15:44:43.995 [DEBUG] [org.gradle.cache.internal.DefaultFileLockManager] Lock acquired on daemon addresses registry.
15:44:43.995 [DEBUG] [org.gradle.cache.internal.DefaultFileLockManager] Releasing lock on daemon addresses registry.
15:44:43.995 [DEBUG] [org.gradle.cache.internal.DefaultFileLockManager] Waiting to acquire shared lock on daemon addresses registry.
15:44:43.995 [DEBUG] [org.gradle.cache.internal.DefaultFileLockManager] Lock acquired on daemon addresses registry.
15:44:43.995 [DEBUG] [org.gradle.cache.internal.DefaultFileLockManager] Releasing lock on daemon addresses registry.
15:44:43.995 [DEBUG] [org.gradle.cache.internal.DefaultFileLockManager] Waiting to acquire shared lock on daemon addresses registry.
15:44:43.995 [DEBUG] [org.gradle.cache.internal.DefaultFileLockManager] Lock acquired on daemon addresses registry.
15:44:43.995 [DEBUG] [org.gradle.cache.internal.DefaultFileLockManager] Releasing lock on daemon addresses registry.
15:44:46.098 [DEBUG] [org.gradle.process.internal.health.memory.MemoryManager] Emitting OS memory status event {Total: 16440082432, Free: 12253323264}
15:44:46.098 [DEBUG] [org.gradle.launcher.daemon.server.health.LowMemoryDaemonExpirationStrategy] Received memory status update: {Total: 16440082432, Free: 12253323264}
15:44:46.098 [DEBUG] [org.gradle.process.internal.health.memory.MemoryManager] Emitting JVM memory status event {Maximum: 1073741824, Committed: 260046848}
15:44:51.098 [DEBUG] [org.gradle.process.internal.health.memory.MemoryManager] Emitting OS memory status event {Total: 16440082432, Free: 12253376512}
15:44:51.098 [DEBUG] [org.gradle.launcher.daemon.server.health.LowMemoryDaemonExpirationStrategy] Received memory status update: {Total: 16440082432, Free: 12253376512}
15:44:51.098 [DEBUG] [org.gradle.process.internal.health.memory.MemoryManager] Emitting JVM memory status event {Maximum: 1073741824, Committed: 260046848}
15:44:53.994 [DEBUG] [org.gradle.launcher.daemon.server.Daemon] DaemonExpirationPeriodicCheck running
15:44:53.995 [DEBUG] [org.gradle.cache.internal.DefaultFileLockManager] Waiting to acquire shared lock on daemon addresses registry.
15:44:53.995 [DEBUG] [org.gradle.cache.internal.DefaultFileLockManager] Lock acquired on daemon addresses registry.
15:44:53.995 [DEBUG] [org.gradle.cache.internal.DefaultFileLockManager] Releasing lock on daemon addresses registry.
15:44:53.995 [DEBUG] [org.gradle.cache.internal.DefaultFileLockManager] Waiting to acquire shared lock on daemon addresses registry.
15:44:53.995 [DEBUG] [org.gradle.cache.internal.DefaultFileLockManager] Lock acquired on daemon addresses registry.
15:44:53.995 [DEBUG] [org.gradle.cache.internal.DefaultFileLockManager] Releasing lock on daemon addresses registry.
15:44:53.995 [DEBUG] [org.gradle.cache.internal.DefaultFileLockManager] Waiting to acquire shared lock on daemon addresses registry.
15:44:53.995 [DEBUG] [org.gradle.cache.internal.DefaultFileLockManager] Lock acquired on daemon addresses registry.
15:44:53.995 [DEBUG] [org.gradle.cache.internal.DefaultFileLockManager] Releasing lock on daemon addresses registry.
15:44:56.098 [DEBUG] [org.gradle.process.internal.health.memory.MemoryManager] Emitting OS memory status event {Total: 16440082432, Free: 12253650944}
15:44:56.098 [DEBUG] [org.gradle.launcher.daemon.server.health.LowMemoryDaemonExpirationStrategy] Received memory status update: {Total: 16440082432, Free: 12253650944}
15:44:56.098 [DEBUG] [org.gradle.process.internal.health.memory.MemoryManager] Emitting JVM memory status event {Maximum: 1073741824, Committed: 260046848}
15:45:01.098 [DEBUG] [org.gradle.process.internal.health.memory.MemoryManager] Emitting OS memory status event {Total: 16440082432, Free: 12253171712}
15:45:01.098 [DEBUG] [org.gradle.launcher.daemon.server.health.LowMemoryDaemonExpirationStrategy] Received memory status update: {Total: 16440082432, Free: 12253171712}
15:45:01.098 [DEBUG] [org.gradle.process.internal.health.memory.MemoryManager] Emitting JVM memory status event {Maximum: 1073741824, Committed: 260046848}
15:45:03.995 [DEBUG] [org.gradle.launcher.daemon.server.Daemon] DaemonExpirationPeriodicCheck running
15:45:03.995 [DEBUG] [org.gradle.cache.internal.DefaultFileLockManager] Waiting to acquire shared lock on daemon addresses registry.
15:45:03.995 [DEBUG] [org.gradle.cache.internal.DefaultFileLockManager] Lock acquired on daemon addresses registry.
15:45:03.995 [DEBUG] [org.gradle.cache.internal.DefaultFileLockManager] Releasing lock on daemon addresses registry.
15:45:03.995 [DEBUG] [org.gradle.cache.internal.DefaultFileLockManager] Waiting to acquire shared lock on daemon addresses registry.
15:45:03.995 [DEBUG] [org.gradle.cache.internal.DefaultFileLockManager] Lock acquired on daemon addresses registry.
15:45:03.995 [DEBUG] [org.gradle.cache.internal.DefaultFileLockManager] Releasing lock on daemon addresses registry.
15:45:03.995 [DEBUG] [org.gradle.cache.internal.DefaultFileLockManager] Waiting to acquire shared lock on daemon addresses registry.
15:45:03.995 [DEBUG] [org.gradle.cache.internal.DefaultFileLockManager] Lock acquired on daemon addresses registry.
15:45:03.995 [DEBUG] [org.gradle.cache.internal.DefaultFileLockManager] Releasing lock on daemon addresses registry.
15:45:06.098 [DEBUG] [org.gradle.process.internal.health.memory.MemoryManager] Emitting OS memory status event {Total: 16440082432, Free: 12253192192}
15:45:06.098 [DEBUG] [org.gradle.launcher.daemon.server.health.LowMemoryDaemonExpirationStrategy] Received memory status update: {Total: 16440082432, Free: 12253192192}
15:45:06.098 [DEBUG] [org.gradle.process.internal.health.memory.MemoryManager] Emitting JVM memory status event {Maximum: 1073741824, Committed: 260046848}
15:45:11.098 [DEBUG] [org.gradle.process.internal.health.memory.MemoryManager] Emitting OS memory status event {Total: 16440082432, Free: 12253192192}
15:45:11.098 [DEBUG] [org.gradle.launcher.daemon.server.health.LowMemoryDaemonExpirationStrategy] Received memory status update: {Total: 16440082432, Free: 12253192192}
15:45:11.098 [DEBUG] [org.gradle.process.internal.health.memory.MemoryManager] Emitting JVM memory status event {Maximum: 1073741824, Committed: 260046848}
15:45:13.995 [DEBUG] [org.gradle.launcher.daemon.server.Daemon] DaemonExpirationPeriodicCheck running
15:45:13.995 [DEBUG] [org.gradle.cache.internal.DefaultFileLockManager] Waiting to acquire shared lock on daemon addresses registry.
15:45:13.995 [DEBUG] [org.gradle.cache.internal.DefaultFileLockManager] Lock acquired on daemon addresses registry.
15:45:13.995 [DEBUG] [org.gradle.cache.internal.DefaultFileLockManager] Releasing lock on daemon addresses registry.
15:45:13.995 [DEBUG] [org.gradle.cache.internal.DefaultFileLockManager] Waiting to acquire shared lock on daemon addresses registry.
15:45:13.995 [DEBUG] [org.gradle.cache.internal.DefaultFileLockManager] Lock acquired on daemon addresses registry.
15:45:13.995 [DEBUG] [org.gradle.cache.internal.DefaultFileLockManager] Releasing lock on daemon addresses registry.
15:45:13.995 [DEBUG] [org.gradle.cache.internal.DefaultFileLockManager] Waiting to acquire shared lock on daemon addresses registry.
15:45:13.995 [DEBUG] [org.gradle.cache.internal.DefaultFileLockManager] Lock acquired on daemon addresses registry.
15:45:13.995 [DEBUG] [org.gradle.cache.internal.DefaultFileLockManager] Releasing lock on daemon addresses registry.
15:45:16.098 [DEBUG] [org.gradle.process.internal.health.memory.MemoryManager] Emitting OS memory status event {Total: 16440082432, Free: 12253216768}
15:45:16.098 [DEBUG] [org.gradle.launcher.daemon.server.health.LowMemoryDaemonExpirationStrategy] Received memory status update: {Total: 16440082432, Free: 12253216768}
15:45:16.098 [DEBUG] [org.gradle.process.internal.health.memory.MemoryManager] Emitting JVM memory status event {Maximum: 1073741824, Committed: 260046848}
15:45:21.098 [DEBUG] [org.gradle.process.internal.health.memory.MemoryManager] Emitting OS memory status event {Total: 16440082432, Free: 12253216768}
15:45:21.098 [DEBUG] [org.gradle.launcher.daemon.server.health.LowMemoryDaemonExpirationStrategy] Received memory status update: {Total: 16440082432, Free: 12253216768}
15:45:21.098 [DEBUG] [org.gradle.process.internal.health.memory.MemoryManager] Emitting JVM memory status event {Maximum: 1073741824, Committed: 260046848}
15:45:23.995 [DEBUG] [org.gradle.launcher.daemon.server.Daemon] DaemonExpirationPeriodicCheck running
15:45:23.995 [DEBUG] [org.gradle.cache.internal.DefaultFileLockManager] Waiting to acquire shared lock on daemon addresses registry.
15:45:23.995 [DEBUG] [org.gradle.cache.internal.DefaultFileLockManager] Lock acquired on daemon addresses registry.
15:45:23.995 [DEBUG] [org.gradle.cache.internal.DefaultFileLockManager] Releasing lock on daemon addresses registry.
15:45:23.995 [DEBUG] [org.gradle.cache.internal.DefaultFileLockManager] Waiting to acquire shared lock on daemon addresses registry.
15:45:23.995 [DEBUG] [org.gradle.cache.internal.DefaultFileLockManager] Lock acquired on daemon addresses registry.
15:45:23.995 [DEBUG] [org.gradle.cache.internal.DefaultFileLockManager] Releasing lock on daemon addresses registry.
15:45:23.995 [DEBUG] [org.gradle.cache.internal.DefaultFileLockManager] Waiting to acquire shared lock on daemon addresses registry.
15:45:23.995 [DEBUG] [org.gradle.cache.internal.DefaultFileLockManager] Lock acquired on daemon addresses registry.
15:45:23.995 [DEBUG] [org.gradle.cache.internal.DefaultFileLockManager] Releasing lock on daemon addresses registry.
15:45:26.098 [DEBUG] [org.gradle.process.internal.health.memory.MemoryManager] Emitting OS memory status event {Total: 16440082432, Free: 12253216768}
15:45:26.098 [DEBUG] [org.gradle.launcher.daemon.server.health.LowMemoryDaemonExpirationStrategy] Received memory status update: {Total: 16440082432, Free: 12253216768}
15:45:26.098 [DEBUG] [org.gradle.process.internal.health.memory.MemoryManager] Emitting JVM memory status event {Maximum: 1073741824, Committed: 260046848}
15:45:31.098 [DEBUG] [org.gradle.process.internal.health.memory.MemoryManager] Emitting OS memory status event {Total: 16440082432, Free: 12252499968}
15:45:31.098 [DEBUG] [org.gradle.launcher.daemon.server.health.LowMemoryDaemonExpirationStrategy] Received memory status update: {Total: 16440082432, Free: 12252499968}
15:45:31.098 [DEBUG] [org.gradle.process.internal.health.memory.MemoryManager] Emitting JVM memory status event {Maximum: 1073741824, Committed: 260046848}
15:45:33.995 [DEBUG] [org.gradle.launcher.daemon.server.Daemon] DaemonExpirationPeriodicCheck running
15:45:33.995 [DEBUG] [org.gradle.cache.internal.DefaultFileLockManager] Waiting to acquire shared lock on daemon addresses registry.
15:45:33.995 [DEBUG] [org.gradle.cache.internal.DefaultFileLockManager] Lock acquired on daemon addresses registry.
15:45:33.995 [DEBUG] [org.gradle.cache.internal.DefaultFileLockManager] Releasing lock on daemon addresses registry.
15:45:33.995 [DEBUG] [org.gradle.cache.internal.DefaultFileLockManager] Waiting to acquire shared lock on daemon addresses registry.
15:45:33.995 [DEBUG] [org.gradle.cache.internal.DefaultFileLockManager] Lock acquired on daemon addresses registry.
15:45:33.995 [DEBUG] [org.gradle.cache.internal.DefaultFileLockManager] Releasing lock on daemon addresses registry.
15:45:33.995 [DEBUG] [org.gradle.cache.internal.DefaultFileLockManager] Waiting to acquire shared lock on daemon addresses registry.
15:45:33.995 [DEBUG] [org.gradle.cache.internal.DefaultFileLockManager] Lock acquired on daemon addresses registry.
15:45:33.995 [DEBUG] [org.gradle.cache.internal.DefaultFileLockManager] Releasing lock on daemon addresses registry.
15:45:36.098 [DEBUG] [org.gradle.process.internal.health.memory.MemoryManager] Emitting OS memory status event {Total: 16440082432, Free: 12252508160}
15:45:36.098 [DEBUG] [org.gradle.launcher.daemon.server.health.LowMemoryDaemonExpirationStrategy] Received memory status update: {Total: 16440082432, Free: 12252508160}
15:45:36.098 [DEBUG] [org.gradle.process.internal.health.memory.MemoryManager] Emitting JVM memory status event {Maximum: 1073741824, Committed: 260046848}
15:45:41.098 [DEBUG] [org.gradle.process.internal.health.memory.MemoryManager] Emitting OS memory status event {Total: 16440082432, Free: 12252508160}
15:45:41.098 [DEBUG] [org.gradle.launcher.daemon.server.health.LowMemoryDaemonExpirationStrategy] Received memory status update: {Total: 16440082432, Free: 12252508160}
15:45:41.098 [DEBUG] [org.gradle.process.internal.health.memory.MemoryManager] Emitting JVM memory status event {Maximum: 1073741824, Committed: 260046848}
15:45:43.995 [DEBUG] [org.gradle.launcher.daemon.server.Daemon] DaemonExpirationPeriodicCheck running
15:45:43.995 [DEBUG] [org.gradle.cache.internal.DefaultFileLockManager] Waiting to acquire shared lock on daemon addresses registry.
15:45:43.995 [DEBUG] [org.gradle.cache.internal.DefaultFileLockManager] Lock acquired on daemon addresses registry.
15:45:43.995 [DEBUG] [org.gradle.cache.internal.DefaultFileLockManager] Releasing lock on daemon addresses registry.
15:45:43.995 [DEBUG] [org.gradle.cache.internal.DefaultFileLockManager] Waiting to acquire shared lock on daemon addresses registry.
15:45:43.995 [DEBUG] [org.gradle.cache.internal.DefaultFileLockManager] Lock acquired on daemon addresses registry.
15:45:43.995 [DEBUG] [org.gradle.cache.internal.DefaultFileLockManager] Releasing lock on daemon addresses registry.
15:45:43.995 [DEBUG] [org.gradle.cache.internal.DefaultFileLockManager] Waiting to acquire shared lock on daemon addresses registry.
15:45:43.995 [DEBUG] [org.gradle.cache.internal.DefaultFileLockManager] Lock acquired on daemon addresses registry.
15:45:43.995 [DEBUG] [org.gradle.cache.internal.DefaultFileLockManager] Releasing lock on daemon addresses registry.
15:45:46.098 [DEBUG] [org.gradle.process.internal.health.memory.MemoryManager] Emitting OS memory status event {Total: 16440082432, Free: 12252516352}
15:45:46.098 [DEBUG] [org.gradle.launcher.daemon.server.health.LowMemoryDaemonExpirationStrategy] Received memory status update: {Total: 16440082432, Free: 12252516352}
15:45:46.098 [DEBUG] [org.gradle.process.internal.health.memory.MemoryManager] Emitting JVM memory status event {Maximum: 1073741824, Committed: 260046848}
15:45:51.098 [DEBUG] [org.gradle.process.internal.health.memory.MemoryManager] Emitting OS memory status event {Total: 16440082432, Free: 12252524544}
15:45:51.098 [DEBUG] [org.gradle.launcher.daemon.server.health.LowMemoryDaemonExpirationStrategy] Received memory status update: {Total: 16440082432, Free: 12252524544}
15:45:51.098 [DEBUG] [org.gradle.process.internal.health.memory.MemoryManager] Emitting JVM memory status event {Maximum: 1073741824, Committed: 260046848}
15:45:53.995 [DEBUG] [org.gradle.launcher.daemon.server.Daemon] DaemonExpirationPeriodicCheck running
15:45:53.995 [DEBUG] [org.gradle.cache.internal.DefaultFileLockManager] Waiting to acquire shared lock on daemon addresses registry.
15:45:53.995 [DEBUG] [org.gradle.cache.internal.DefaultFileLockManager] Lock acquired on daemon addresses registry.
15:45:53.995 [DEBUG] [org.gradle.cache.internal.DefaultFileLockManager] Releasing lock on daemon addresses registry.
15:45:53.995 [DEBUG] [org.gradle.cache.internal.DefaultFileLockManager] Waiting to acquire shared lock on daemon addresses registry.
15:45:53.995 [DEBUG] [org.gradle.cache.internal.DefaultFileLockManager] Lock acquired on daemon addresses registry.
15:45:53.995 [DEBUG] [org.gradle.cache.internal.DefaultFileLockManager] Releasing lock on daemon addresses registry.
15:45:53.995 [DEBUG] [org.gradle.cache.internal.DefaultFileLockManager] Waiting to acquire shared lock on daemon addresses registry.
15:45:53.995 [DEBUG] [org.gradle.cache.internal.DefaultFileLockManager] Lock acquired on daemon addresses registry.
15:45:53.995 [DEBUG] [org.gradle.cache.internal.DefaultFileLockManager] Releasing lock on daemon addresses registry.
15:45:56.098 [DEBUG] [org.gradle.process.internal.health.memory.MemoryManager] Emitting OS memory status event {Total: 16440082432, Free: 12252532736}
15:45:56.098 [DEBUG] [org.gradle.launcher.daemon.server.health.LowMemoryDaemonExpirationStrategy] Received memory status update: {Total: 16440082432, Free: 12252532736}
15:45:56.098 [DEBUG] [org.gradle.process.internal.health.memory.MemoryManager] Emitting JVM memory status event {Maximum: 1073741824, Committed: 260046848}
15:46:01.098 [DEBUG] [org.gradle.process.internal.health.memory.MemoryManager] Emitting OS memory status event {Total: 16440082432, Free: 12252573696}
15:46:01.098 [DEBUG] [org.gradle.launcher.daemon.server.health.LowMemoryDaemonExpirationStrategy] Received memory status update: {Total: 16440082432, Free: 12252573696}
15:46:01.098 [DEBUG] [org.gradle.process.internal.health.memory.MemoryManager] Emitting JVM memory status event {Maximum: 1073741824, Committed: 260046848}
15:46:03.995 [DEBUG] [org.gradle.launcher.daemon.server.Daemon] DaemonExpirationPeriodicCheck running
15:46:03.995 [DEBUG] [org.gradle.cache.internal.DefaultFileLockManager] Waiting to acquire shared lock on daemon addresses registry.
15:46:03.995 [DEBUG] [org.gradle.cache.internal.DefaultFileLockManager] Lock acquired on daemon addresses registry.
15:46:03.995 [DEBUG] [org.gradle.cache.internal.DefaultFileLockManager] Releasing lock on daemon addresses registry.
15:46:03.995 [DEBUG] [org.gradle.cache.internal.DefaultFileLockManager] Waiting to acquire shared lock on daemon addresses registry.
15:46:03.995 [DEBUG] [org.gradle.cache.internal.DefaultFileLockManager] Lock acquired on daemon addresses registry.
15:46:03.995 [DEBUG] [org.gradle.cache.internal.DefaultFileLockManager] Releasing lock on daemon addresses registry.
15:46:03.995 [DEBUG] [org.gradle.cache.internal.DefaultFileLockManager] Waiting to acquire shared lock on daemon addresses registry.
15:46:03.995 [DEBUG] [org.gradle.cache.internal.DefaultFileLockManager] Lock acquired on daemon addresses registry.
15:46:03.995 [DEBUG] [org.gradle.cache.internal.DefaultFileLockManager] Releasing lock on daemon addresses registry.
15:46:06.098 [DEBUG] [org.gradle.process.internal.health.memory.MemoryManager] Emitting OS memory status event {Total: 16440082432, Free: 12252618752}
15:46:06.098 [DEBUG] [org.gradle.launcher.daemon.server.health.LowMemoryDaemonExpirationStrategy] Received memory status update: {Total: 16440082432, Free: 12252618752}
15:46:06.098 [DEBUG] [org.gradle.process.internal.health.memory.MemoryManager] Emitting JVM memory status event {Maximum: 1073741824, Committed: 260046848}
15:46:11.098 [DEBUG] [org.gradle.process.internal.health.memory.MemoryManager] Emitting OS memory status event {Total: 16440082432, Free: 12252626944}
15:46:11.098 [DEBUG] [org.gradle.launcher.daemon.server.health.LowMemoryDaemonExpirationStrategy] Received memory status update: {Total: 16440082432, Free: 12252626944}
15:46:11.098 [DEBUG] [org.gradle.process.internal.health.memory.MemoryManager] Emitting JVM memory status event {Maximum: 1073741824, Committed: 260046848}
15:46:13.995 [DEBUG] [org.gradle.launcher.daemon.server.Daemon] DaemonExpirationPeriodicCheck running
15:46:13.995 [DEBUG] [org.gradle.cache.internal.DefaultFileLockManager] Waiting to acquire shared lock on daemon addresses registry.
15:46:13.995 [DEBUG] [org.gradle.cache.internal.DefaultFileLockManager] Lock acquired on daemon addresses registry.
15:46:13.995 [DEBUG] [org.gradle.cache.internal.DefaultFileLockManager] Releasing lock on daemon addresses registry.
15:46:13.995 [DEBUG] [org.gradle.cache.internal.DefaultFileLockManager] Waiting to acquire shared lock on daemon addresses registry.
15:46:13.995 [DEBUG] [org.gradle.cache.internal.DefaultFileLockManager] Lock acquired on daemon addresses registry.
15:46:13.995 [DEBUG] [org.gradle.cache.internal.DefaultFileLockManager] Releasing lock on daemon addresses registry.
15:46:13.995 [DEBUG] [org.gradle.cache.internal.DefaultFileLockManager] Waiting to acquire shared lock on daemon addresses registry.
15:46:13.995 [DEBUG] [org.gradle.cache.internal.DefaultFileLockManager] Lock acquired on daemon addresses registry.
15:46:13.995 [DEBUG] [org.gradle.cache.internal.DefaultFileLockManager] Releasing lock on daemon addresses registry.
15:46:16.098 [DEBUG] [org.gradle.process.internal.health.memory.MemoryManager] Emitting OS memory status event {Total: 16440082432, Free: 12252659712}
15:46:16.098 [DEBUG] [org.gradle.launcher.daemon.server.health.LowMemoryDaemonExpirationStrategy] Received memory status update: {Total: 16440082432, Free: 12252659712}
15:46:16.098 [DEBUG] [org.gradle.process.internal.health.memory.MemoryManager] Emitting JVM memory status event {Maximum: 1073741824, Committed: 260046848}
15:46:21.098 [DEBUG] [org.gradle.process.internal.health.memory.MemoryManager] Emitting OS memory status event {Total: 16440082432, Free: 12252667904}
15:46:21.098 [DEBUG] [org.gradle.launcher.daemon.server.health.LowMemoryDaemonExpirationStrategy] Received memory status update: {Total: 16440082432, Free: 12252667904}
15:46:21.098 [DEBUG] [org.gradle.process.internal.health.memory.MemoryManager] Emitting JVM memory status event {Maximum: 1073741824, Committed: 260046848}
15:46:23.995 [DEBUG] [org.gradle.launcher.daemon.server.Daemon] DaemonExpirationPeriodicCheck running
15:46:23.995 [DEBUG] [org.gradle.cache.internal.DefaultFileLockManager] Waiting to acquire shared lock on daemon addresses registry.
15:46:23.995 [DEBUG] [org.gradle.cache.internal.DefaultFileLockManager] Lock acquired on daemon addresses registry.
15:46:23.995 [DEBUG] [org.gradle.cache.internal.DefaultFileLockManager] Releasing lock on daemon addresses registry.
15:46:23.995 [DEBUG] [org.gradle.cache.internal.DefaultFileLockManager] Waiting to acquire shared lock on daemon addresses registry.
15:46:23.995 [DEBUG] [org.gradle.cache.internal.DefaultFileLockManager] Lock acquired on daemon addresses registry.
15:46:23.995 [DEBUG] [org.gradle.cache.internal.DefaultFileLockManager] Releasing lock on daemon addresses registry.
15:46:23.995 [DEBUG] [org.gradle.cache.internal.DefaultFileLockManager] Waiting to acquire shared lock on daemon addresses registry.
15:46:23.995 [DEBUG] [org.gradle.cache.internal.DefaultFileLockManager] Lock acquired on daemon addresses registry.
15:46:23.995 [DEBUG] [org.gradle.cache.internal.DefaultFileLockManager] Releasing lock on daemon addresses registry.
15:46:26.098 [DEBUG] [org.gradle.process.internal.health.memory.MemoryManager] Emitting OS memory status event {Total: 16440082432, Free: 12252733440}
15:46:26.098 [DEBUG] [org.gradle.launcher.daemon.server.health.LowMemoryDaemonExpirationStrategy] Received memory status update: {Total: 16440082432, Free: 12252733440}
15:46:26.098 [DEBUG] [org.gradle.process.internal.health.memory.MemoryManager] Emitting JVM memory status event {Maximum: 1073741824, Committed: 260046848}
15:46:31.098 [DEBUG] [org.gradle.process.internal.health.memory.MemoryManager] Emitting OS memory status event {Total: 16440082432, Free: 12252733440}
15:46:31.098 [DEBUG] [org.gradle.launcher.daemon.server.health.LowMemoryDaemonExpirationStrategy] Received memory status update: {Total: 16440082432, Free: 12252733440}
15:46:31.098 [DEBUG] [org.gradle.process.internal.health.memory.MemoryManager] Emitting JVM memory status event {Maximum: 1073741824, Committed: 260046848}
15:46:33.995 [DEBUG] [org.gradle.launcher.daemon.server.Daemon] DaemonExpirationPeriodicCheck running
15:46:33.995 [DEBUG] [org.gradle.cache.internal.DefaultFileLockManager] Waiting to acquire shared lock on daemon addresses registry.
15:46:33.995 [DEBUG] [org.gradle.cache.internal.DefaultFileLockManager] Lock acquired on daemon addresses registry.
15:46:33.995 [DEBUG] [org.gradle.cache.internal.DefaultFileLockManager] Releasing lock on daemon addresses registry.
15:46:33.995 [DEBUG] [org.gradle.cache.internal.DefaultFileLockManager] Waiting to acquire shared lock on daemon addresses registry.
15:46:33.995 [DEBUG] [org.gradle.cache.internal.DefaultFileLockManager] Lock acquired on daemon addresses registry.
15:46:33.995 [DEBUG] [org.gradle.cache.internal.DefaultFileLockManager] Releasing lock on daemon addresses registry.
15:46:33.995 [DEBUG] [org.gradle.cache.internal.DefaultFileLockManager] Waiting to acquire shared lock on daemon addresses registry.
15:46:33.995 [DEBUG] [org.gradle.cache.internal.DefaultFileLockManager] Lock acquired on daemon addresses registry.
15:46:33.995 [DEBUG] [org.gradle.cache.internal.DefaultFileLockManager] Releasing lock on daemon addresses registry.
15:46:36.098 [DEBUG] [org.gradle.process.internal.health.memory.MemoryManager] Emitting OS memory status event {Total: 16440082432, Free: 12252770304}
15:46:36.098 [DEBUG] [org.gradle.launcher.daemon.server.health.LowMemoryDaemonExpirationStrategy] Received memory status update: {Total: 16440082432, Free: 12252770304}
15:46:36.098 [DEBUG] [org.gradle.process.internal.health.memory.MemoryManager] Emitting JVM memory status event {Maximum: 1073741824, Committed: 260046848}
15:46:41.098 [DEBUG] [org.gradle.process.internal.health.memory.MemoryManager] Emitting OS memory status event {Total: 16440082432, Free: 12252786688}
15:46:41.098 [DEBUG] [org.gradle.launcher.daemon.server.health.LowMemoryDaemonExpirationStrategy] Received memory status update: {Total: 16440082432, Free: 12252786688}
15:46:41.098 [DEBUG] [org.gradle.process.internal.health.memory.MemoryManager] Emitting JVM memory status event {Maximum: 1073741824, Committed: 260046848}
15:46:43.995 [DEBUG] [org.gradle.launcher.daemon.server.Daemon] DaemonExpirationPeriodicCheck running
15:46:43.995 [DEBUG] [org.gradle.cache.internal.DefaultFileLockManager] Waiting to acquire shared lock on daemon addresses registry.
15:46:43.995 [DEBUG] [org.gradle.cache.internal.DefaultFileLockManager] Lock acquired on daemon addresses registry.
15:46:43.995 [DEBUG] [org.gradle.cache.internal.DefaultFileLockManager] Releasing lock on daemon addresses registry.
15:46:43.995 [DEBUG] [org.gradle.cache.internal.DefaultFileLockManager] Waiting to acquire shared lock on daemon addresses registry.
15:46:43.995 [DEBUG] [org.gradle.cache.internal.DefaultFileLockManager] Lock acquired on daemon addresses registry.
15:46:43.995 [DEBUG] [org.gradle.cache.internal.DefaultFileLockManager] Releasing lock on daemon addresses registry.
15:46:43.995 [DEBUG] [org.gradle.cache.internal.DefaultFileLockManager] Waiting to acquire shared lock on daemon addresses registry.
15:46:43.995 [DEBUG] [org.gradle.cache.internal.DefaultFileLockManager] Lock acquired on daemon addresses registry.
15:46:43.995 [DEBUG] [org.gradle.cache.internal.DefaultFileLockManager] Releasing lock on daemon addresses registry.
15:46:46.098 [DEBUG] [org.gradle.process.internal.health.memory.MemoryManager] Emitting OS memory status event {Total: 16440082432, Free: 12252803072}
15:46:46.098 [DEBUG] [org.gradle.launcher.daemon.server.health.LowMemoryDaemonExpirationStrategy] Received memory status update: {Total: 16440082432, Free: 12252803072}
15:46:46.098 [DEBUG] [org.gradle.process.internal.health.memory.MemoryManager] Emitting JVM memory status event {Maximum: 1073741824, Committed: 260046848}
15:46:51.098 [DEBUG] [org.gradle.process.internal.health.memory.MemoryManager] Emitting OS memory status event {Total: 16440082432, Free: 12252811264}
15:46:51.098 [DEBUG] [org.gradle.launcher.daemon.server.health.LowMemoryDaemonExpirationStrategy] Received memory status update: {Total: 16440082432, Free: 12252811264}
15:46:51.098 [DEBUG] [org.gradle.process.internal.health.memory.MemoryManager] Emitting JVM memory status event {Maximum: 1073741824, Committed: 260046848}
15:46:53.995 [DEBUG] [org.gradle.launcher.daemon.server.Daemon] DaemonExpirationPeriodicCheck running
15:46:53.995 [DEBUG] [org.gradle.cache.internal.DefaultFileLockManager] Waiting to acquire shared lock on daemon addresses registry.
15:46:53.995 [DEBUG] [org.gradle.cache.internal.DefaultFileLockManager] Lock acquired on daemon addresses registry.
15:46:53.995 [DEBUG] [org.gradle.cache.internal.DefaultFileLockManager] Releasing lock on daemon addresses registry.
15:46:53.995 [DEBUG] [org.gradle.cache.internal.DefaultFileLockManager] Waiting to acquire shared lock on daemon addresses registry.
15:46:53.995 [DEBUG] [org.gradle.cache.internal.DefaultFileLockManager] Lock acquired on daemon addresses registry.
15:46:53.995 [DEBUG] [org.gradle.cache.internal.DefaultFileLockManager] Releasing lock on daemon addresses registry.
15:46:53.995 [DEBUG] [org.gradle.cache.internal.DefaultFileLockManager] Waiting to acquire shared lock on daemon addresses registry.
15:46:53.995 [DEBUG] [org.gradle.cache.internal.DefaultFileLockManager] Lock acquired on daemon addresses registry.
15:46:53.995 [DEBUG] [org.gradle.cache.internal.DefaultFileLockManager] Releasing lock on daemon addresses registry.
15:46:56.098 [DEBUG] [org.gradle.process.internal.health.memory.MemoryManager] Emitting OS memory status event {Total: 16440082432, Free: 12245315584}
15:46:56.098 [DEBUG] [org.gradle.launcher.daemon.server.health.LowMemoryDaemonExpirationStrategy] Received memory status update: {Total: 16440082432, Free: 12245315584}
15:46:56.098 [DEBUG] [org.gradle.process.internal.health.memory.MemoryManager] Emitting JVM memory status event {Maximum: 1073741824, Committed: 260046848}
15:47:01.098 [DEBUG] [org.gradle.process.internal.health.memory.MemoryManager] Emitting OS memory status event {Total: 16440082432, Free: 12245561344}
15:47:01.098 [DEBUG] [org.gradle.launcher.daemon.server.health.LowMemoryDaemonExpirationStrategy] Received memory status update: {Total: 16440082432, Free: 12245561344}
15:47:01.098 [DEBUG] [org.gradle.process.internal.health.memory.MemoryManager] Emitting JVM memory status event {Maximum: 1073741824, Committed: 260046848}
15:47:03.995 [DEBUG] [org.gradle.launcher.daemon.server.Daemon] DaemonExpirationPeriodicCheck running
15:47:03.995 [DEBUG] [org.gradle.cache.internal.DefaultFileLockManager] Waiting to acquire shared lock on daemon addresses registry.
15:47:03.995 [DEBUG] [org.gradle.cache.internal.DefaultFileLockManager] Lock acquired on daemon addresses registry.
15:47:03.995 [DEBUG] [org.gradle.cache.internal.DefaultFileLockManager] Releasing lock on daemon addresses registry.
15:47:03.995 [DEBUG] [org.gradle.cache.internal.DefaultFileLockManager] Waiting to acquire shared lock on daemon addresses registry.
15:47:03.995 [DEBUG] [org.gradle.cache.internal.DefaultFileLockManager] Lock acquired on daemon addresses registry.
15:47:03.995 [DEBUG] [org.gradle.cache.internal.DefaultFileLockManager] Releasing lock on daemon addresses registry.
15:47:03.995 [DEBUG] [org.gradle.cache.internal.DefaultFileLockManager] Waiting to acquire shared lock on daemon addresses registry.
15:47:03.995 [DEBUG] [org.gradle.cache.internal.DefaultFileLockManager] Lock acquired on daemon addresses registry.
15:47:03.995 [DEBUG] [org.gradle.cache.internal.DefaultFileLockManager] Releasing lock on daemon addresses registry.
15:47:06.098 [DEBUG] [org.gradle.process.internal.health.memory.MemoryManager] Emitting OS memory status event {Total: 16440082432, Free: 12245585920}
15:47:06.098 [DEBUG] [org.gradle.launcher.daemon.server.health.LowMemoryDaemonExpirationStrategy] Received memory status update: {Total: 16440082432, Free: 12245585920}
15:47:06.098 [DEBUG] [org.gradle.process.internal.health.memory.MemoryManager] Emitting JVM memory status event {Maximum: 1073741824, Committed: 260046848}
15:47:11.098 [DEBUG] [org.gradle.process.internal.health.memory.MemoryManager] Emitting OS memory status event {Total: 16440082432, Free: 12245602304}
15:47:11.098 [DEBUG] [org.gradle.launcher.daemon.server.health.LowMemoryDaemonExpirationStrategy] Received memory status update: {Total: 16440082432, Free: 12245602304}
15:47:11.098 [DEBUG] [org.gradle.process.internal.health.memory.MemoryManager] Emitting JVM memory status event {Maximum: 1073741824, Committed: 260046848}
15:47:13.995 [DEBUG] [org.gradle.launcher.daemon.server.Daemon] DaemonExpirationPeriodicCheck running
15:47:13.995 [DEBUG] [org.gradle.cache.internal.DefaultFileLockManager] Waiting to acquire shared lock on daemon addresses registry.
15:47:13.995 [DEBUG] [org.gradle.cache.internal.DefaultFileLockManager] Lock acquired on daemon addresses registry.
15:47:13.995 [DEBUG] [org.gradle.cache.internal.DefaultFileLockManager] Releasing lock on daemon addresses registry.
15:47:13.995 [DEBUG] [org.gradle.cache.internal.DefaultFileLockManager] Waiting to acquire shared lock on daemon addresses registry.
15:47:13.995 [DEBUG] [org.gradle.cache.internal.DefaultFileLockManager] Lock acquired on daemon addresses registry.
15:47:13.995 [DEBUG] [org.gradle.cache.internal.DefaultFileLockManager] Releasing lock on daemon addresses registry.
15:47:13.995 [DEBUG] [org.gradle.cache.internal.DefaultFileLockManager] Waiting to acquire shared lock on daemon addresses registry.
15:47:13.995 [DEBUG] [org.gradle.cache.internal.DefaultFileLockManager] Lock acquired on daemon addresses registry.
15:47:13.995 [DEBUG] [org.gradle.cache.internal.DefaultFileLockManager] Releasing lock on daemon addresses registry.
15:47:16.098 [DEBUG] [org.gradle.process.internal.health.memory.MemoryManager] Emitting OS memory status event {Total: 16440082432, Free: 12247216128}
15:47:16.098 [DEBUG] [org.gradle.launcher.daemon.server.health.LowMemoryDaemonExpirationStrategy] Received memory status update: {Total: 16440082432, Free: 12247216128}
15:47:16.098 [DEBUG] [org.gradle.process.internal.health.memory.MemoryManager] Emitting JVM memory status event {Maximum: 1073741824, Committed: 260046848}
15:47:21.098 [DEBUG] [org.gradle.process.internal.health.memory.MemoryManager] Emitting OS memory status event {Total: 16440082432, Free: 12246962176}
15:47:21.098 [DEBUG] [org.gradle.launcher.daemon.server.health.LowMemoryDaemonExpirationStrategy] Received memory status update: {Total: 16440082432, Free: 12246962176}
15:47:21.098 [DEBUG] [org.gradle.process.internal.health.memory.MemoryManager] Emitting JVM memory status event {Maximum: 1073741824, Committed: 260046848}
15:47:23.995 [DEBUG] [org.gradle.launcher.daemon.server.Daemon] DaemonExpirationPeriodicCheck running
15:47:23.995 [DEBUG] [org.gradle.cache.internal.DefaultFileLockManager] Waiting to acquire shared lock on daemon addresses registry.
15:47:23.995 [DEBUG] [org.gradle.cache.internal.DefaultFileLockManager] Lock acquired on daemon addresses registry.
15:47:23.995 [DEBUG] [org.gradle.cache.internal.DefaultFileLockManager] Releasing lock on daemon addresses registry.
15:47:23.995 [DEBUG] [org.gradle.cache.internal.DefaultFileLockManager] Waiting to acquire shared lock on daemon addresses registry.
15:47:23.995 [DEBUG] [org.gradle.cache.internal.DefaultFileLockManager] Lock acquired on daemon addresses registry.
15:47:23.995 [DEBUG] [org.gradle.cache.internal.DefaultFileLockManager] Releasing lock on daemon addresses registry.
15:47:23.995 [DEBUG] [org.gradle.cache.internal.DefaultFileLockManager] Waiting to acquire shared lock on daemon addresses registry.
15:47:23.995 [DEBUG] [org.gradle.cache.internal.DefaultFileLockManager] Lock acquired on daemon addresses registry.
15:47:23.995 [DEBUG] [org.gradle.cache.internal.DefaultFileLockManager] Releasing lock on daemon addresses registry.
15:47:26.098 [DEBUG] [org.gradle.process.internal.health.memory.MemoryManager] Emitting OS memory status event {Total: 16440082432, Free: 12241174528}
15:47:26.098 [DEBUG] [org.gradle.launcher.daemon.server.health.LowMemoryDaemonExpirationStrategy] Received memory status update: {Total: 16440082432, Free: 12241174528}
15:47:26.098 [DEBUG] [org.gradle.process.internal.health.memory.MemoryManager] Emitting JVM memory status event {Maximum: 1073741824, Committed: 260046848}
15:47:31.098 [DEBUG] [org.gradle.process.internal.health.memory.MemoryManager] Emitting OS memory status event {Total: 16440082432, Free: 12219772928}
15:47:31.098 [DEBUG] [org.gradle.launcher.daemon.server.health.LowMemoryDaemonExpirationStrategy] Received memory status update: {Total: 16440082432, Free: 12219772928}
15:47:31.098 [DEBUG] [org.gradle.process.internal.health.memory.MemoryManager] Emitting JVM memory status event {Maximum: 1073741824, Committed: 260046848}
15:47:33.995 [DEBUG] [org.gradle.launcher.daemon.server.Daemon] DaemonExpirationPeriodicCheck running
15:47:33.995 [DEBUG] [org.gradle.cache.internal.DefaultFileLockManager] Waiting to acquire shared lock on daemon addresses registry.
15:47:33.995 [DEBUG] [org.gradle.cache.internal.DefaultFileLockManager] Lock acquired on daemon addresses registry.
15:47:33.995 [DEBUG] [org.gradle.cache.internal.DefaultFileLockManager] Releasing lock on daemon addresses registry.
15:47:33.995 [DEBUG] [org.gradle.cache.internal.DefaultFileLockManager] Waiting to acquire shared lock on daemon addresses registry.
15:47:33.995 [DEBUG] [org.gradle.cache.internal.DefaultFileLockManager] Lock acquired on daemon addresses registry.
15:47:33.995 [DEBUG] [org.gradle.cache.internal.DefaultFileLockManager] Releasing lock on daemon addresses registry.
15:47:33.995 [DEBUG] [org.gradle.cache.internal.DefaultFileLockManager] Waiting to acquire shared lock on daemon addresses registry.
15:47:33.995 [DEBUG] [org.gradle.cache.internal.DefaultFileLockManager] Lock acquired on daemon addresses registry.
15:47:33.995 [DEBUG] [org.gradle.cache.internal.DefaultFileLockManager] Releasing lock on daemon addresses registry.
15:47:36.098 [DEBUG] [org.gradle.process.internal.health.memory.MemoryManager] Emitting OS memory status event {Total: 16440082432, Free: 12160983040}
15:47:36.098 [DEBUG] [org.gradle.launcher.daemon.server.health.LowMemoryDaemonExpirationStrategy] Received memory status update: {Total: 16440082432, Free: 12160983040}
15:47:36.098 [DEBUG] [org.gradle.process.internal.health.memory.MemoryManager] Emitting JVM memory status event {Maximum: 1073741824, Committed: 260046848}
15:47:41.098 [DEBUG] [org.gradle.process.internal.health.memory.MemoryManager] Emitting OS memory status event {Total: 16440082432, Free: 12173840384}
15:47:41.098 [DEBUG] [org.gradle.launcher.daemon.server.health.LowMemoryDaemonExpirationStrategy] Received memory status update: {Total: 16440082432, Free: 12173840384}
15:47:41.098 [DEBUG] [org.gradle.process.internal.health.memory.MemoryManager] Emitting JVM memory status event {Maximum: 1073741824, Committed: 260046848}
15:47:43.995 [DEBUG] [org.gradle.launcher.daemon.server.Daemon] DaemonExpirationPeriodicCheck running
15:47:43.995 [DEBUG] [org.gradle.cache.internal.DefaultFileLockManager] Waiting to acquire shared lock on daemon addresses registry.
15:47:43.995 [DEBUG] [org.gradle.cache.internal.DefaultFileLockManager] Lock acquired on daemon addresses registry.
15:47:43.995 [DEBUG] [org.gradle.cache.internal.DefaultFileLockManager] Releasing lock on daemon addresses registry.
15:47:43.995 [DEBUG] [org.gradle.cache.internal.DefaultFileLockManager] Waiting to acquire shared lock on daemon addresses registry.
15:47:43.995 [DEBUG] [org.gradle.cache.internal.DefaultFileLockManager] Lock acquired on daemon addresses registry.
15:47:43.995 [DEBUG] [org.gradle.cache.internal.DefaultFileLockManager] Releasing lock on daemon addresses registry.
15:47:43.995 [DEBUG] [org.gradle.cache.internal.DefaultFileLockManager] Waiting to acquire shared lock on daemon addresses registry.
15:47:43.995 [DEBUG] [org.gradle.cache.internal.DefaultFileLockManager] Lock acquired on daemon addresses registry.
15:47:43.995 [DEBUG] [org.gradle.cache.internal.DefaultFileLockManager] Releasing lock on daemon addresses registry.
15:47:46.098 [DEBUG] [org.gradle.process.internal.health.memory.MemoryManager] Emitting OS memory status event {Total: 16440082432, Free: 12219166720}
15:47:46.098 [DEBUG] [org.gradle.launcher.daemon.server.health.LowMemoryDaemonExpirationStrategy] Received memory status update: {Total: 16440082432, Free: 12219166720}
15:47:46.098 [DEBUG] [org.gradle.process.internal.health.memory.MemoryManager] Emitting JVM memory status event {Maximum: 1073741824, Committed: 260046848}
15:47:51.098 [DEBUG] [org.gradle.process.internal.health.memory.MemoryManager] Emitting OS memory status event {Total: 16440082432, Free: 12214677504}
15:47:51.098 [DEBUG] [org.gradle.launcher.daemon.server.health.LowMemoryDaemonExpirationStrategy] Received memory status update: {Total: 16440082432, Free: 12214677504}
15:47:51.098 [DEBUG] [org.gradle.process.internal.health.memory.MemoryManager] Emitting JVM memory status event {Maximum: 1073741824, Committed: 260046848}
15:47:53.995 [DEBUG] [org.gradle.launcher.daemon.server.Daemon] DaemonExpirationPeriodicCheck running
15:47:53.995 [DEBUG] [org.gradle.cache.internal.DefaultFileLockManager] Waiting to acquire shared lock on daemon addresses registry.
15:47:53.995 [DEBUG] [org.gradle.cache.internal.DefaultFileLockManager] Lock acquired on daemon addresses registry.
15:47:53.995 [DEBUG] [org.gradle.cache.internal.DefaultFileLockManager] Releasing lock on daemon addresses registry.
15:47:53.995 [DEBUG] [org.gradle.cache.internal.DefaultFileLockManager] Waiting to acquire shared lock on daemon addresses registry.
15:47:53.995 [DEBUG] [org.gradle.cache.internal.DefaultFileLockManager] Lock acquired on daemon addresses registry.
15:47:53.995 [DEBUG] [org.gradle.cache.internal.DefaultFileLockManager] Releasing lock on daemon addresses registry.
15:47:53.995 [DEBUG] [org.gradle.cache.internal.DefaultFileLockManager] Waiting to acquire shared lock on daemon addresses registry.
15:47:53.995 [DEBUG] [org.gradle.cache.internal.DefaultFileLockManager] Lock acquired on daemon addresses registry.
15:47:53.995 [DEBUG] [org.gradle.cache.internal.DefaultFileLockManager] Releasing lock on daemon addresses registry.
15:47:56.098 [DEBUG] [org.gradle.process.internal.health.memory.MemoryManager] Emitting OS memory status event {Total: 16440082432, Free: 12242219008}
15:47:56.098 [DEBUG] [org.gradle.launcher.daemon.server.health.LowMemoryDaemonExpirationStrategy] Received memory status update: {Total: 16440082432, Free: 12242219008}
15:47:56.098 [DEBUG] [org.gradle.process.internal.health.memory.MemoryManager] Emitting JVM memory status event {Maximum: 1073741824, Committed: 260046848}
15:48:01.098 [DEBUG] [org.gradle.process.internal.health.memory.MemoryManager] Emitting OS memory status event {Total: 16440082432, Free: 12215259136}
15:48:01.098 [DEBUG] [org.gradle.launcher.daemon.server.health.LowMemoryDaemonExpirationStrategy] Received memory status update: {Total: 16440082432, Free: 12215259136}
15:48:01.098 [DEBUG] [org.gradle.process.internal.health.memory.MemoryManager] Emitting JVM memory status event {Maximum: 1073741824, Committed: 260046848}
15:48:03.995 [DEBUG] [org.gradle.launcher.daemon.server.Daemon] DaemonExpirationPeriodicCheck running
15:48:03.995 [DEBUG] [org.gradle.cache.internal.DefaultFileLockManager] Waiting to acquire shared lock on daemon addresses registry.
15:48:03.995 [DEBUG] [org.gradle.cache.internal.DefaultFileLockManager] Lock acquired on daemon addresses registry.
15:48:03.995 [DEBUG] [org.gradle.cache.internal.DefaultFileLockManager] Releasing lock on daemon addresses registry.
15:48:03.995 [DEBUG] [org.gradle.cache.internal.DefaultFileLockManager] Waiting to acquire shared lock on daemon addresses registry.
15:48:03.995 [DEBUG] [org.gradle.cache.internal.DefaultFileLockManager] Lock acquired on daemon addresses registry.
15:48:03.995 [DEBUG] [org.gradle.cache.internal.DefaultFileLockManager] Releasing lock on daemon addresses registry.
15:48:03.995 [DEBUG] [org.gradle.cache.internal.DefaultFileLockManager] Waiting to acquire shared lock on daemon addresses registry.
15:48:03.995 [DEBUG] [org.gradle.cache.internal.DefaultFileLockManager] Lock acquired on daemon addresses registry.
15:48:03.995 [DEBUG] [org.gradle.cache.internal.DefaultFileLockManager] Releasing lock on daemon addresses registry.
15:48:06.098 [DEBUG] [org.gradle.process.internal.health.memory.MemoryManager] Emitting OS memory status event {Total: 16440082432, Free: 12257722368}
15:48:06.098 [DEBUG] [org.gradle.launcher.daemon.server.health.LowMemoryDaemonExpirationStrategy] Received memory status update: {Total: 16440082432, Free: 12257722368}
15:48:06.098 [DEBUG] [org.gradle.process.internal.health.memory.MemoryManager] Emitting JVM memory status event {Maximum: 1073741824, Committed: 260046848}
15:48:11.098 [DEBUG] [org.gradle.process.internal.health.memory.MemoryManager] Emitting OS memory status event {Total: 16440082432, Free: 12308242432}
15:48:11.098 [DEBUG] [org.gradle.launcher.daemon.server.health.LowMemoryDaemonExpirationStrategy] Received memory status update: {Total: 16440082432, Free: 12308242432}
15:48:11.098 [DEBUG] [org.gradle.process.internal.health.memory.MemoryManager] Emitting JVM memory status event {Maximum: 1073741824, Committed: 260046848}
15:48:13.995 [DEBUG] [org.gradle.launcher.daemon.server.Daemon] DaemonExpirationPeriodicCheck running
15:48:13.995 [DEBUG] [org.gradle.cache.internal.DefaultFileLockManager] Waiting to acquire shared lock on daemon addresses registry.
15:48:13.995 [DEBUG] [org.gradle.cache.internal.DefaultFileLockManager] Lock acquired on daemon addresses registry.
15:48:13.995 [DEBUG] [org.gradle.cache.internal.DefaultFileLockManager] Releasing lock on daemon addresses registry.
15:48:13.995 [DEBUG] [org.gradle.cache.internal.DefaultFileLockManager] Waiting to acquire shared lock on daemon addresses registry.
15:48:13.995 [DEBUG] [org.gradle.cache.internal.DefaultFileLockManager] Lock acquired on daemon addresses registry.
15:48:13.995 [DEBUG] [org.gradle.cache.internal.DefaultFileLockManager] Releasing lock on daemon addresses registry.
15:48:13.995 [DEBUG] [org.gradle.cache.internal.DefaultFileLockManager] Waiting to acquire shared lock on daemon addresses registry.
15:48:13.995 [DEBUG] [org.gradle.cache.internal.DefaultFileLockManager] Lock acquired on daemon addresses registry.
15:48:13.995 [DEBUG] [org.gradle.cache.internal.DefaultFileLockManager] Releasing lock on daemon addresses registry.
15:48:16.098 [DEBUG] [org.gradle.process.internal.health.memory.MemoryManager] Emitting OS memory status event {Total: 16440082432, Free: 13163577344}
15:48:16.098 [DEBUG] [org.gradle.launcher.daemon.server.health.LowMemoryDaemonExpirationStrategy] Received memory status update: {Total: 16440082432, Free: 13163577344}
15:48:16.098 [DEBUG] [org.gradle.process.internal.health.memory.MemoryManager] Emitting JVM memory status event {Maximum: 1073741824, Committed: 260046848}
15:48:21.098 [DEBUG] [org.gradle.process.internal.health.memory.MemoryManager] Emitting OS memory status event {Total: 16440082432, Free: 13171003392}
15:48:21.098 [DEBUG] [org.gradle.launcher.daemon.server.health.LowMemoryDaemonExpirationStrategy] Received memory status update: {Total: 16440082432, Free: 13171003392}
15:48:21.098 [DEBUG] [org.gradle.process.internal.health.memory.MemoryManager] Emitting JVM memory status event {Maximum: 1073741824, Committed: 260046848}
15:48:23.995 [DEBUG] [org.gradle.launcher.daemon.server.Daemon] DaemonExpirationPeriodicCheck running
15:48:23.995 [DEBUG] [org.gradle.cache.internal.DefaultFileLockManager] Waiting to acquire shared lock on daemon addresses registry.
15:48:23.995 [DEBUG] [org.gradle.cache.internal.DefaultFileLockManager] Lock acquired on daemon addresses registry.
15:48:23.995 [DEBUG] [org.gradle.cache.internal.DefaultFileLockManager] Releasing lock on daemon addresses registry.
15:48:23.995 [DEBUG] [org.gradle.cache.internal.DefaultFileLockManager] Waiting to acquire shared lock on daemon addresses registry.
15:48:23.995 [DEBUG] [org.gradle.cache.internal.DefaultFileLockManager] Lock acquired on daemon addresses registry.
15:48:23.995 [DEBUG] [org.gradle.cache.internal.DefaultFileLockManager] Releasing lock on daemon addresses registry.
15:48:23.995 [DEBUG] [org.gradle.cache.internal.DefaultFileLockManager] Waiting to acquire shared lock on daemon addresses registry.
15:48:23.995 [DEBUG] [org.gradle.cache.internal.DefaultFileLockManager] Lock acquired on daemon addresses registry.
15:48:23.995 [DEBUG] [org.gradle.cache.internal.DefaultFileLockManager] Releasing lock on daemon addresses registry.
15:48:26.098 [DEBUG] [org.gradle.process.internal.health.memory.MemoryManager] Emitting OS memory status event {Total: 16440082432, Free: 14111948800}
15:48:26.098 [DEBUG] [org.gradle.launcher.daemon.server.health.LowMemoryDaemonExpirationStrategy] Received memory status update: {Total: 16440082432, Free: 14111948800}
15:48:26.098 [DEBUG] [org.gradle.process.internal.health.memory.MemoryManager] Emitting JVM memory status event {Maximum: 1073741824, Committed: 260046848}
