11:00:35.704 [DEBUG] [org.gradle.launcher.daemon.bootstrap.DaemonMain] Assuming the daemon was started with following jvm opts: [-XX:+HeapDumpOnOutOfMemoryError, -Xmx1024m, -Dfile.encoding=UTF-8, -Duser.country=IN, -Duser.language=en, -Duser.variant]
11:00:35.727 [INFO] [org.gradle.launcher.daemon.server.health.gc.GarbageCollectionMonitor] Unable to determine a garbage collection monitoring strategy for JVMStrategy{Ubuntu version 11.0.30}
11:00:35.744 [INFO] [org.gradle.launcher.daemon.server.Daemon] start() called on daemon - DefaultDaemonContext[uid=6097f117-ad2a-4ee3-92ec-fb117d27c418,javaHome=/usr/lib/jvm/java-11-openjdk-amd64,daemonRegistryDir=/home/student/.gradle/daemon,pid=3563,idleTimeout=10800000,daemonOpts=-XX:+HeapDumpOnOutOfMemoryError,-Xmx1024m,-Dfile.encoding=UTF-8,-Duser.country=IN,-Duser.language=en,-Duser.variant]
11:00:35.754 [DEBUG] [org.gradle.internal.remote.internal.inet.InetAddresses] Adding IP addresses for network interface wlp2s0
11:00:35.754 [DEBUG] [org.gradle.internal.remote.internal.inet.InetAddresses] Is this a loopback interface? false
11:00:35.754 [DEBUG] [org.gradle.internal.remote.internal.inet.InetAddresses] Is this a multicast interface? true
11:00:35.755 [DEBUG] [org.gradle.internal.remote.internal.inet.InetAddresses] Adding remote address /2401:4900:94f5:9bd9:b745:7a09:50af:9b9b%wlp2s0
11:00:35.755 [DEBUG] [org.gradle.internal.remote.internal.inet.InetAddresses] Adding remote address /2401:4900:94f5:9bd9:c717:ea15:c2d6:748a%wlp2s0
11:00:35.755 [DEBUG] [org.gradle.internal.remote.internal.inet.InetAddresses] Adding remote address /fe80:0:0:0:e8f3:7c56:ec49:c5d9%wlp2s0
11:00:35.755 [DEBUG] [org.gradle.internal.remote.internal.inet.InetAddresses] Adding remote address /10.168.181.4
11:00:35.755 [DEBUG] [org.gradle.internal.remote.internal.inet.InetAddresses] Adding remote multicast interface wlp2s0
11:00:35.755 [DEBUG] [org.gradle.internal.remote.internal.inet.InetAddresses] Adding IP addresses for network interface enp1s0
11:00:35.756 [DEBUG] [org.gradle.internal.remote.internal.inet.InetAddresses] Is this a loopback interface? false
11:00:35.756 [DEBUG] [org.gradle.internal.remote.internal.inet.InetAddresses] Is this a multicast interface? true
11:00:35.756 [DEBUG] [org.gradle.internal.remote.internal.inet.InetAddresses] Adding remote address /fe80:0:0:0:96f0:c311:a665:ba6%enp1s0
11:00:35.756 [DEBUG] [org.gradle.internal.remote.internal.inet.InetAddresses] Adding remote address /10.201.113.31
11:00:35.756 [DEBUG] [org.gradle.internal.remote.internal.inet.InetAddresses] Adding remote multicast interface enp1s0
11:00:35.756 [DEBUG] [org.gradle.internal.remote.internal.inet.InetAddresses] Adding IP addresses for network interface lo
11:00:35.756 [DEBUG] [org.gradle.internal.remote.internal.inet.InetAddresses] Is this a loopback interface? true
11:00:35.756 [DEBUG] [org.gradle.internal.remote.internal.inet.InetAddresses] Is this a multicast interface? false
11:00:35.756 [DEBUG] [org.gradle.internal.remote.internal.inet.InetAddresses] Adding loopback address /0:0:0:0:0:0:0:1%lo
11:00:35.756 [DEBUG] [org.gradle.internal.remote.internal.inet.InetAddresses] Adding loopback address /127.0.0.1
11:00:35.757 [DEBUG] [org.gradle.internal.remote.internal.inet.TcpIncomingConnector] Listening on [c5abe67c-4535-46a6-8549-8ed66c8be0f4 port:42395, addresses:[/0:0:0:0:0:0:0:1%lo, /127.0.0.1]].
11:00:35.764 [DEBUG] [org.gradle.launcher.daemon.server.Daemon] Daemon starting at: Thu Mar 12 11:00:35 IST 2026, with address: [c5abe67c-4535-46a6-8549-8ed66c8be0f4 port:42395, addresses:[/0:0:0:0:0:0:0:1%lo, /127.0.0.1]]
11:00:35.764 [INFO] [org.gradle.launcher.daemon.server.DaemonRegistryUpdater] Advertising the daemon address to the clients: [c5abe67c-4535-46a6-8549-8ed66c8be0f4 port:42395, addresses:[/0:0:0:0:0:0:0:1%lo, /127.0.0.1]]
11:00:35.764 [DEBUG] [org.gradle.launcher.daemon.server.DaemonRegistryUpdater] Advertised daemon context: DefaultDaemonContext[uid=6097f117-ad2a-4ee3-92ec-fb117d27c418,javaHome=/usr/lib/jvm/java-11-openjdk-amd64,daemonRegistryDir=/home/student/.gradle/daemon,pid=3563,idleTimeout=10800000,daemonOpts=-XX:+HeapDumpOnOutOfMemoryError,-Xmx1024m,-Dfile.encoding=UTF-8,-Duser.country=IN,-Duser.language=en,-Duser.variant]
11:00:35.765 [DEBUG] [org.gradle.launcher.daemon.registry.PersistentDaemonRegistry] Storing daemon address: [c5abe67c-4535-46a6-8549-8ed66c8be0f4 port:42395, addresses:[/0:0:0:0:0:0:0:1%lo, /127.0.0.1]], context: DefaultDaemonContext[uid=6097f117-ad2a-4ee3-92ec-fb117d27c418,javaHome=/usr/lib/jvm/java-11-openjdk-amd64,daemonRegistryDir=/home/student/.gradle/daemon,pid=3563,idleTimeout=10800000,daemonOpts=-XX:+HeapDumpOnOutOfMemoryError,-Xmx1024m,-Dfile.encoding=UTF-8,-Duser.country=IN,-Duser.language=en,-Duser.variant]
11:00:35.768 [DEBUG] [org.gradle.cache.internal.DefaultFileLockManager] Waiting to acquire exclusive lock on daemon addresses registry.
11:00:35.769 [DEBUG] [org.gradle.cache.internal.DefaultFileLockManager] Lock acquired on daemon addresses registry.
11:00:35.771 [DEBUG] [org.gradle.cache.internal.DefaultFileLockManager] Releasing lock on daemon addresses registry.
11:00:35.771 [LIFECYCLE] [org.gradle.launcher.daemon.server.Daemon] Daemon server started.
11:00:35.772 [DEBUG] [org.gradle.launcher.daemon.bootstrap.DaemonStartupCommunication] Completed writing the daemon greeting. Closing streams...
11:00:35.773 [DEBUG] [org.gradle.launcher.daemon.server.Daemon] stopOnExpiration() called on daemon
11:00:35.774 [DEBUG] [org.gradle.launcher.daemon.server.Daemon] awaitExpiration() called on daemon
11:00:35.774 [DEBUG] [org.gradle.launcher.daemon.server.DaemonStateCoordinator] daemon is running. Sleeping until state changes.
11:00:35.775 [DEBUG] [org.gradle.internal.remote.internal.inet.TcpIncomingConnector] Accepted connection from /0:0:0:0:0:0:0:1:53622 to /0:0:0:0:0:0:0:1:42395.
11:00:35.813 [DEBUG] [org.gradle.launcher.daemon.server.SynchronizedDispatchConnection] thread 17: received class org.gradle.launcher.daemon.protocol.Build
11:00:35.814 [DEBUG] [org.gradle.launcher.daemon.server.DefaultDaemonConnection] thread 17: Received non-IO message from client: Build{id=accca26d-1cc3-4da3-a309-f99ff4cc88d2.1, currentDir=/home/student/gradleapp}
11:00:35.814 [INFO] [org.gradle.launcher.daemon.server.DefaultIncomingConnectionHandler] Received command: Build{id=accca26d-1cc3-4da3-a309-f99ff4cc88d2.1, currentDir=/home/student/gradleapp}.
11:00:35.814 [DEBUG] [org.gradle.launcher.daemon.server.DefaultIncomingConnectionHandler] Starting executing command: Build{id=accca26d-1cc3-4da3-a309-f99ff4cc88d2.1, currentDir=/home/student/gradleapp} with connection: socket connection from /0:0:0:0:0:0:0:1:42395 to /0:0:0:0:0:0:0:1:53622.
11:00:35.816 [ERROR] [org.gradle.launcher.daemon.server.DaemonStateCoordinator] Command execution: started DaemonCommandExecution[command = Build{id=accca26d-1cc3-4da3-a309-f99ff4cc88d2.1, currentDir=/home/student/gradleapp}, connection = DefaultDaemonConnection: socket connection from /0:0:0:0:0:0:0:1:42395 to /0:0:0:0:0:0:0:1:53622] after 0.0 minutes of idle
11:00:35.816 [INFO] [org.gradle.launcher.daemon.server.DaemonRegistryUpdater] Marking the daemon as busy, address: [c5abe67c-4535-46a6-8549-8ed66c8be0f4 port:42395, addresses:[/0:0:0:0:0:0:0:1%lo, /127.0.0.1]]
11:00:35.816 [DEBUG] [org.gradle.launcher.daemon.registry.PersistentDaemonRegistry] Marking busy by address: [c5abe67c-4535-46a6-8549-8ed66c8be0f4 port:42395, addresses:[/0:0:0:0:0:0:0:1%lo, /127.0.0.1]]
11:00:35.816 [DEBUG] [org.gradle.cache.internal.DefaultFileLockManager] Waiting to acquire exclusive lock on daemon addresses registry.
11:00:35.816 [DEBUG] [org.gradle.cache.internal.DefaultFileLockManager] Lock acquired on daemon addresses registry.
11:00:35.817 [DEBUG] [org.gradle.cache.internal.DefaultFileLockManager] Releasing lock on daemon addresses registry.
11:00:35.817 [DEBUG] [org.gradle.launcher.daemon.server.DaemonStateCoordinator] resetting idle timer
11:00:35.817 [DEBUG] [org.gradle.launcher.daemon.server.DaemonStateCoordinator] daemon is running. Sleeping until state changes.
11:00:35.817 [INFO] [org.gradle.launcher.daemon.server.exec.StartBuildOrRespondWithBusy] Daemon is about to start building Build{id=accca26d-1cc3-4da3-a309-f99ff4cc88d2.1, currentDir=/home/student/gradleapp}. Dispatching build started information...
11:00:35.817 [DEBUG] [org.gradle.launcher.daemon.server.SynchronizedDispatchConnection] thread 19: dispatching class org.gradle.launcher.daemon.protocol.BuildStarted
11:00:35.819 [DEBUG] [org.gradle.launcher.daemon.server.exec.EstablishBuildEnvironment] Configuring env variables: {PATH=/usr/local/sbin:/usr/local/bin:/usr/sbin:/usr/bin:/sbin:/bin:/usr/games:/usr/local/games:/snap/bin:/snap/bin, XAUTHORITY=/run/user/1001/.mutter-Xwaylandauth.IN53L3, LESSCLOSE=/usr/bin/lesspipe %s %s, XMODIFIERS=@im=ibus, XDG_DATA_DIRS=/usr/share/ubuntu:/usr/local/share/:/usr/share/:/var/lib/snapd/desktop, GDMSESSION=ubuntu, QT_IM_MODULE=ibus, TERM=xterm-256color, XDG_CONFIG_DIRS=/etc/xdg/xdg-ubuntu:/etc/xdg, GNOME_TERMINAL_SERVICE=:1.99, LANG=en_IN, DBUS_SESSION_BUS_ADDRESS=unix:path=/run/user/1001/bus, XDG_SESSION_TYPE=wayland, XDG_CURRENT_DESKTOP=ubuntu:GNOME, DISPLAY=:0, WAYLAND_DISPLAY=wayland-0, COLORTERM=truecolor, SESSION_MANAGER=local/aimll501pc12-HP-Pro-Tower-280-G9-PCI-Desktop-PC:@/tmp/.ICE-unix/1728,unix/aimll501pc12-HP-Pro-Tower-280-G9-PCI-Desktop-PC:/tmp/.ICE-unix/1728, USERNAME=student, LOGNAME=student, PWD=/home/student/gradleapp, IM_CONFIG_PHASE=1, XDG_SESSION_CLASS=user, _=/usr/bin/gradle, LANGUAGE=en_IN:en, SHELL=/bin/bash, LESSOPEN=| /usr/bin/lesspipe %s, DESKTOP_SESSION=ubuntu, OLDPWD=/usr/share/gradle, USER=student, XDG_MENU_PREFIX=gnome-, VTE_VERSION=6800, QT_ACCESSIBILITY=1, GNOME_DESKTOP_SESSION_ID=this-is-deprecated, SSH_AUTH_SOCK=/run/user/1001/keyring/ssh, GNOME_TERMINAL_SCREEN=/org/gnome/Terminal/screen/00451b6d_34b3_4201_9694_13d3c98f1d31, GTK_MODULES=gail:atk-bridge, GNOME_SHELL_SESSION_MODE=ubuntu, SYSTEMD_EXEC_PID=1759, LS_COLORS=rs=0:di=01;34:ln=01;36:mh=00:pi=40;33:so=01;35:do=01;35:bd=40;33;01:cd=40;33;01:or=40;31;01:mi=00:su=37;41:sg=30;43:ca=30;41:tw=30;42:ow=34;42:st=37;44:ex=01;32:*.tar=01;31:*.tgz=01;31:*.arc=01;31:*.arj=01;31:*.taz=01;31:*.lha=01;31:*.lz4=01;31:*.lzh=01;31:*.lzma=01;31:*.tlz=01;31:*.txz=01;31:*.tzo=01;31:*.t7z=01;31:*.zip=01;31:*.z=01;31:*.dz=01;31:*.gz=01;31:*.lrz=01;31:*.lz=01;31:*.lzo=01;31:*.xz=01;31:*.zst=01;31:*.tzst=01;31:*.bz2=01;31:*.bz=01;31:*.tbz=01;31:*.tbz2=01;31:*.tz=01;31:*.deb=01;31:*.rpm=01;31:*.jar=01;31:*.war=01;31:*.ear=01;31:*.sar=01;31:*.rar=01;31:*.alz=01;31:*.ace=01;31:*.zoo=01;31:*.cpio=01;31:*.7z=01;31:*.rz=01;31:*.cab=01;31:*.wim=01;31:*.swm=01;31:*.dwm=01;31:*.esd=01;31:*.jpg=01;35:*.jpeg=01;35:*.mjpg=01;35:*.mjpeg=01;35:*.gif=01;35:*.bmp=01;35:*.pbm=01;35:*.pgm=01;35:*.ppm=01;35:*.tga=01;35:*.xbm=01;35:*.xpm=01;35:*.tif=01;35:*.tiff=01;35:*.png=01;35:*.svg=01;35:*.svgz=01;35:*.mng=01;35:*.pcx=01;35:*.mov=01;35:*.mpg=01;35:*.mpeg=01;35:*.m2v=01;35:*.mkv=01;35:*.webm=01;35:*.webp=01;35:*.ogm=01;35:*.mp4=01;35:*.m4v=01;35:*.mp4v=01;35:*.vob=01;35:*.qt=01;35:*.nuv=01;35:*.wmv=01;35:*.asf=01;35:*.rm=01;35:*.rmvb=01;35:*.flc=01;35:*.avi=01;35:*.fli=01;35:*.flv=01;35:*.gl=01;35:*.dl=01;35:*.xcf=01;35:*.xwd=01;35:*.yuv=01;35:*.cgm=01;35:*.emf=01;35:*.ogv=01;35:*.ogx=01;35:*.aac=00;36:*.au=00;36:*.flac=00;36:*.m4a=00;36:*.mid=00;36:*.midi=00;36:*.mka=00;36:*.mp3=00;36:*.mpc=00;36:*.ogg=00;36:*.ra=00;36:*.wav=00;36:*.oga=00;36:*.opus=00;36:*.spx=00;36:*.xspf=00;36:, XDG_SESSION_DESKTOP=ubuntu, XDG_RUNTIME_DIR=/run/user/1001, GNOME_SETUP_DISPLAY=:1, SSH_AGENT_LAUNCHER=gnome-keyring, HOME=/home/student, SHLVL=1}
11:00:35.820 [WARN] [org.gradle.launcher.daemon.server.exec.EstablishBuildEnvironment] Warning: Unable able to set daemon's environment variables to match the client because: 
  Java 9 does not support modifying environment variables.
  If the daemon was started with a significantly different environment from the client, and your build 
  relies on environment variables, you may experience unexpected behavior.
11:00:35.821 [DEBUG] [org.gradle.launcher.daemon.server.exec.LogToClient] About to start relaying all logs to the client via the connection.
11:00:35.821 [INFO] [org.gradle.launcher.daemon.server.exec.LogToClient] The client will now receive all logging from the daemon (pid: 3563). The daemon log file: /home/student/.gradle/daemon/4.4.1/daemon-3563.out.log
11:00:35.822 [INFO] [org.gradle.launcher.daemon.server.exec.LogAndCheckHealth] Starting build in new daemon [memory: 1.1 GB]
11:00:35.824 [DEBUG] [org.gradle.launcher.daemon.server.exec.ExecuteBuild] The daemon has started executing the build.
11:00:35.824 [DEBUG] [org.gradle.launcher.daemon.server.exec.ExecuteBuild] Executing build with daemon context: DefaultDaemonContext[uid=6097f117-ad2a-4ee3-92ec-fb117d27c418,javaHome=/usr/lib/jvm/java-11-openjdk-amd64,daemonRegistryDir=/home/student/.gradle/daemon,pid=3563,idleTimeout=10800000,daemonOpts=-XX:+HeapDumpOnOutOfMemoryError,-Xmx1024m,-Dfile.encoding=UTF-8,-Duser.country=IN,-Duser.language=en,-Duser.variant]

FAILURE: Build failed with an exception.

* What went wrong:
Task 'application' not found in root project 'gradleapp'.

* Try:
Run gradle tasks to get a list of available tasks. Run with --stacktrace option to get the stack trace. Run with --info or --debug option to get more log output. Run with --scan to get full insights.

* Get more help at https://help.gradle.org

BUILD FAILED in 1s
11:00:36.315 [DEBUG] [org.gradle.launcher.daemon.server.exec.ExecuteBuild] The daemon has finished executing the build.
11:00:36.326 [DEBUG] [org.gradle.launcher.daemon.server.DaemonStateCoordinator] daemon is running. Sleeping until state changes.
11:00:36.327 [DEBUG] [org.gradle.launcher.daemon.server.DaemonStateCoordinator] Command execution: finished waiting for DaemonCommandExecution[command = Build{id=accca26d-1cc3-4da3-a309-f99ff4cc88d2.1, currentDir=/home/student/gradleapp}, connection = DefaultDaemonConnection: socket connection from /0:0:0:0:0:0:0:1:42395 to /0:0:0:0:0:0:0:1:53622]. Result org.gradle.launcher.daemon.server.DaemonStateCoordinator@423d1111 with state Busy
11:00:36.327 [DEBUG] [org.gradle.launcher.daemon.server.DaemonStateCoordinator] Command execution: completed DaemonCommandExecution[command = Build{id=accca26d-1cc3-4da3-a309-f99ff4cc88d2.1, currentDir=/home/student/gradleapp}, connection = DefaultDaemonConnection: socket connection from /0:0:0:0:0:0:0:1:42395 to /0:0:0:0:0:0:0:1:53622]
11:00:36.327 [DEBUG] [org.gradle.launcher.daemon.server.DaemonStateCoordinator] resetting idle timer
11:00:36.327 [INFO] [org.gradle.launcher.daemon.server.DaemonRegistryUpdater] Marking the daemon as idle, address: [c5abe67c-4535-46a6-8549-8ed66c8be0f4 port:42395, addresses:[/0:0:0:0:0:0:0:1%lo, /127.0.0.1]]
11:00:36.327 [DEBUG] [org.gradle.launcher.daemon.registry.PersistentDaemonRegistry] Marking busy by address: [c5abe67c-4535-46a6-8549-8ed66c8be0f4 port:42395, addresses:[/0:0:0:0:0:0:0:1%lo, /127.0.0.1]]
11:00:36.327 [DEBUG] [org.gradle.cache.internal.DefaultFileLockManager] Waiting to acquire exclusive lock on daemon addresses registry.
11:00:36.327 [DEBUG] [org.gradle.cache.internal.DefaultFileLockManager] Lock acquired on daemon addresses registry.
11:00:36.328 [DEBUG] [org.gradle.cache.internal.DefaultFileLockManager] Releasing lock on daemon addresses registry.
11:00:36.328 [DEBUG] [org.gradle.launcher.daemon.server.DaemonStateCoordinator] daemon is running. Sleeping until state changes.
11:00:36.328 [DEBUG] [org.gradle.launcher.daemon.server.exec.ReturnResult] Daemon is dispatching the build result: Failure[value=org.gradle.initialization.ReportedException: org.gradle.internal.exceptions.LocationAwareException: Task 'application' not found in root project 'gradleapp'.]
11:00:36.328 [DEBUG] [org.gradle.launcher.daemon.server.SynchronizedDispatchConnection] thread 16: dispatching class org.gradle.launcher.daemon.protocol.Failure
11:00:36.337 [DEBUG] [org.gradle.launcher.daemon.server.DefaultIncomingConnectionHandler] Finishing executing command: Build{id=accca26d-1cc3-4da3-a309-f99ff4cc88d2.1, currentDir=/home/student/gradleapp}
11:00:36.349 [DEBUG] [org.gradle.launcher.daemon.server.SynchronizedDispatchConnection] thread 17: received class org.gradle.launcher.daemon.protocol.CloseInput
11:00:36.349 [DEBUG] [org.gradle.launcher.daemon.server.DefaultDaemonConnection] thread 17: Received IO message from client: org.gradle.launcher.daemon.protocol.CloseInput@45ae2859
11:00:36.350 [DEBUG] [org.gradle.launcher.daemon.server.SynchronizedDispatchConnection] thread 17: received class org.gradle.launcher.daemon.protocol.Finished
11:00:36.350 [DEBUG] [org.gradle.launcher.daemon.server.DefaultDaemonConnection] thread 17: Received non-IO message from client: org.gradle.launcher.daemon.protocol.Finished@8c1f170
11:00:36.350 [DEBUG] [org.gradle.launcher.daemon.server.DefaultIncomingConnectionHandler] Received finished message: org.gradle.launcher.daemon.protocol.Finished@8c1f170
11:00:36.350 [DEBUG] [org.gradle.internal.remote.internal.inet.SocketConnection] Discarding EOFException: java.io.EOFException
11:00:36.351 [DEBUG] [org.gradle.launcher.daemon.server.SynchronizedDispatchConnection] thread 16: stopping connection
11:00:36.351 [DEBUG] [org.gradle.launcher.daemon.server.SynchronizedDispatchConnection] thread 17: received null
11:00:36.351 [DEBUG] [org.gradle.launcher.daemon.server.DefaultDaemonConnection] thread 17: Received end-of-input from client.
11:00:36.351 [DEBUG] [org.gradle.launcher.daemon.server.SynchronizedDispatchConnection] thread 16: stopping connection
11:00:45.775 [DEBUG] [org.gradle.launcher.daemon.server.Daemon] DaemonExpirationPeriodicCheck running
11:00:45.776 [DEBUG] [org.gradle.cache.internal.DefaultFileLockManager] Waiting to acquire shared lock on daemon addresses registry.
11:00:45.776 [DEBUG] [org.gradle.cache.internal.DefaultFileLockManager] Lock acquired on daemon addresses registry.
11:00:45.776 [DEBUG] [org.gradle.cache.internal.DefaultFileLockManager] Releasing lock on daemon addresses registry.
11:00:45.776 [DEBUG] [org.gradle.cache.internal.DefaultFileLockManager] Waiting to acquire shared lock on daemon addresses registry.
11:00:45.776 [DEBUG] [org.gradle.cache.internal.DefaultFileLockManager] Lock acquired on daemon addresses registry.
11:00:45.776 [DEBUG] [org.gradle.cache.internal.DefaultFileLockManager] Releasing lock on daemon addresses registry.
11:00:55.774 [DEBUG] [org.gradle.launcher.daemon.server.Daemon] DaemonExpirationPeriodicCheck running
11:00:55.774 [DEBUG] [org.gradle.cache.internal.DefaultFileLockManager] Waiting to acquire shared lock on daemon addresses registry.
11:00:55.774 [DEBUG] [org.gradle.cache.internal.DefaultFileLockManager] Lock acquired on daemon addresses registry.
11:00:55.774 [DEBUG] [org.gradle.cache.internal.DefaultFileLockManager] Releasing lock on daemon addresses registry.
11:00:55.774 [DEBUG] [org.gradle.cache.internal.DefaultFileLockManager] Waiting to acquire shared lock on daemon addresses registry.
11:00:55.774 [DEBUG] [org.gradle.cache.internal.DefaultFileLockManager] Lock acquired on daemon addresses registry.
11:00:55.774 [DEBUG] [org.gradle.cache.internal.DefaultFileLockManager] Releasing lock on daemon addresses registry.
11:00:55.774 [DEBUG] [org.gradle.cache.internal.DefaultFileLockManager] Waiting to acquire shared lock on daemon addresses registry.
11:00:55.774 [DEBUG] [org.gradle.cache.internal.DefaultFileLockManager] Lock acquired on daemon addresses registry.
11:00:55.774 [DEBUG] [org.gradle.cache.internal.DefaultFileLockManager] Releasing lock on daemon addresses registry.
11:01:05.774 [DEBUG] [org.gradle.launcher.daemon.server.Daemon] DaemonExpirationPeriodicCheck running
11:01:05.774 [DEBUG] [org.gradle.cache.internal.DefaultFileLockManager] Waiting to acquire shared lock on daemon addresses registry.
11:01:05.775 [DEBUG] [org.gradle.cache.internal.DefaultFileLockManager] Lock acquired on daemon addresses registry.
11:01:05.775 [DEBUG] [org.gradle.cache.internal.DefaultFileLockManager] Releasing lock on daemon addresses registry.
11:01:05.775 [DEBUG] [org.gradle.cache.internal.DefaultFileLockManager] Waiting to acquire shared lock on daemon addresses registry.
11:01:05.775 [DEBUG] [org.gradle.cache.internal.DefaultFileLockManager] Lock acquired on daemon addresses registry.
11:01:05.776 [DEBUG] [org.gradle.cache.internal.DefaultFileLockManager] Releasing lock on daemon addresses registry.
11:01:05.776 [DEBUG] [org.gradle.cache.internal.DefaultFileLockManager] Waiting to acquire shared lock on daemon addresses registry.
11:01:05.776 [DEBUG] [org.gradle.cache.internal.DefaultFileLockManager] Lock acquired on daemon addresses registry.
11:01:05.776 [DEBUG] [org.gradle.cache.internal.DefaultFileLockManager] Releasing lock on daemon addresses registry.
11:01:15.774 [DEBUG] [org.gradle.launcher.daemon.server.Daemon] DaemonExpirationPeriodicCheck running
11:01:15.774 [DEBUG] [org.gradle.cache.internal.DefaultFileLockManager] Waiting to acquire shared lock on daemon addresses registry.
11:01:15.774 [DEBUG] [org.gradle.cache.internal.DefaultFileLockManager] Lock acquired on daemon addresses registry.
11:01:15.774 [DEBUG] [org.gradle.cache.internal.DefaultFileLockManager] Releasing lock on daemon addresses registry.
11:01:15.774 [DEBUG] [org.gradle.cache.internal.DefaultFileLockManager] Waiting to acquire shared lock on daemon addresses registry.
11:01:15.774 [DEBUG] [org.gradle.cache.internal.DefaultFileLockManager] Lock acquired on daemon addresses registry.
11:01:15.774 [DEBUG] [org.gradle.cache.internal.DefaultFileLockManager] Releasing lock on daemon addresses registry.
11:01:15.774 [DEBUG] [org.gradle.cache.internal.DefaultFileLockManager] Waiting to acquire shared lock on daemon addresses registry.
11:01:15.774 [DEBUG] [org.gradle.cache.internal.DefaultFileLockManager] Lock acquired on daemon addresses registry.
11:01:15.774 [DEBUG] [org.gradle.cache.internal.DefaultFileLockManager] Releasing lock on daemon addresses registry.
11:01:25.774 [DEBUG] [org.gradle.launcher.daemon.server.Daemon] DaemonExpirationPeriodicCheck running
11:01:25.774 [DEBUG] [org.gradle.cache.internal.DefaultFileLockManager] Waiting to acquire shared lock on daemon addresses registry.
11:01:25.774 [DEBUG] [org.gradle.cache.internal.DefaultFileLockManager] Lock acquired on daemon addresses registry.
11:01:25.774 [DEBUG] [org.gradle.cache.internal.DefaultFileLockManager] Releasing lock on daemon addresses registry.
11:01:25.774 [DEBUG] [org.gradle.cache.internal.DefaultFileLockManager] Waiting to acquire shared lock on daemon addresses registry.
11:01:25.774 [DEBUG] [org.gradle.cache.internal.DefaultFileLockManager] Lock acquired on daemon addresses registry.
11:01:25.774 [DEBUG] [org.gradle.cache.internal.DefaultFileLockManager] Releasing lock on daemon addresses registry.
11:01:25.774 [DEBUG] [org.gradle.cache.internal.DefaultFileLockManager] Waiting to acquire shared lock on daemon addresses registry.
11:01:25.774 [DEBUG] [org.gradle.cache.internal.DefaultFileLockManager] Lock acquired on daemon addresses registry.
11:01:25.774 [DEBUG] [org.gradle.cache.internal.DefaultFileLockManager] Releasing lock on daemon addresses registry.
11:01:26.382 [DEBUG] [org.gradle.internal.remote.internal.inet.TcpIncomingConnector] Accepted connection from /0:0:0:0:0:0:0:1:46566 to /0:0:0:0:0:0:0:1:42395.
11:01:26.408 [DEBUG] [org.gradle.launcher.daemon.server.SynchronizedDispatchConnection] thread 26: received class org.gradle.launcher.daemon.protocol.Build
11:01:26.408 [DEBUG] [org.gradle.launcher.daemon.server.DefaultDaemonConnection] thread 26: Received non-IO message from client: Build{id=a51f399d-88ff-4b9d-99fe-9ce0c7ab45ee.1, currentDir=/home/student}
11:01:26.408 [INFO] [org.gradle.launcher.daemon.server.DefaultIncomingConnectionHandler] Received command: Build{id=a51f399d-88ff-4b9d-99fe-9ce0c7ab45ee.1, currentDir=/home/student}.
11:01:26.408 [DEBUG] [org.gradle.launcher.daemon.server.DefaultIncomingConnectionHandler] Starting executing command: Build{id=a51f399d-88ff-4b9d-99fe-9ce0c7ab45ee.1, currentDir=/home/student} with connection: socket connection from /0:0:0:0:0:0:0:1:42395 to /0:0:0:0:0:0:0:1:46566.
11:01:26.408 [ERROR] [org.gradle.launcher.daemon.server.DaemonStateCoordinator] Command execution: started DaemonCommandExecution[command = Build{id=a51f399d-88ff-4b9d-99fe-9ce0c7ab45ee.1, currentDir=/home/student}, connection = DefaultDaemonConnection: socket connection from /0:0:0:0:0:0:0:1:42395 to /0:0:0:0:0:0:0:1:46566] after 0.0 minutes of idle
11:01:26.408 [INFO] [org.gradle.launcher.daemon.server.DaemonRegistryUpdater] Marking the daemon as busy, address: [c5abe67c-4535-46a6-8549-8ed66c8be0f4 port:42395, addresses:[/0:0:0:0:0:0:0:1%lo, /127.0.0.1]]
11:01:26.408 [DEBUG] [org.gradle.launcher.daemon.registry.PersistentDaemonRegistry] Marking busy by address: [c5abe67c-4535-46a6-8549-8ed66c8be0f4 port:42395, addresses:[/0:0:0:0:0:0:0:1%lo, /127.0.0.1]]
11:01:26.408 [DEBUG] [org.gradle.cache.internal.DefaultFileLockManager] Waiting to acquire exclusive lock on daemon addresses registry.
11:01:26.409 [DEBUG] [org.gradle.cache.internal.DefaultFileLockManager] Lock acquired on daemon addresses registry.
11:01:26.409 [DEBUG] [org.gradle.cache.internal.DefaultFileLockManager] Releasing lock on daemon addresses registry.
11:01:26.409 [DEBUG] [org.gradle.launcher.daemon.server.DaemonStateCoordinator] resetting idle timer
11:01:26.409 [DEBUG] [org.gradle.launcher.daemon.server.DaemonStateCoordinator] daemon is running. Sleeping until state changes.
11:01:26.409 [INFO] [org.gradle.launcher.daemon.server.exec.StartBuildOrRespondWithBusy] Daemon is about to start building Build{id=a51f399d-88ff-4b9d-99fe-9ce0c7ab45ee.1, currentDir=/home/student}. Dispatching build started information...
11:01:26.409 [DEBUG] [org.gradle.launcher.daemon.server.SynchronizedDispatchConnection] thread 19: dispatching class org.gradle.launcher.daemon.protocol.BuildStarted
11:01:26.409 [DEBUG] [org.gradle.launcher.daemon.server.exec.EstablishBuildEnvironment] Configuring env variables: {PATH=/usr/local/sbin:/usr/local/bin:/usr/sbin:/usr/bin:/sbin:/bin:/usr/games:/usr/local/games:/snap/bin:/snap/bin, XAUTHORITY=/run/user/1001/.mutter-Xwaylandauth.IN53L3, LESSCLOSE=/usr/bin/lesspipe %s %s, XMODIFIERS=@im=ibus, XDG_DATA_DIRS=/usr/share/ubuntu:/usr/local/share/:/usr/share/:/var/lib/snapd/desktop, GDMSESSION=ubuntu, QT_IM_MODULE=ibus, TERM=xterm-256color, XDG_CONFIG_DIRS=/etc/xdg/xdg-ubuntu:/etc/xdg, GNOME_TERMINAL_SERVICE=:1.99, LANG=en_IN, DBUS_SESSION_BUS_ADDRESS=unix:path=/run/user/1001/bus, XDG_SESSION_TYPE=wayland, XDG_CURRENT_DESKTOP=ubuntu:GNOME, DISPLAY=:0, WAYLAND_DISPLAY=wayland-0, COLORTERM=truecolor, SESSION_MANAGER=local/aimll501pc12-HP-Pro-Tower-280-G9-PCI-Desktop-PC:@/tmp/.ICE-unix/1728,unix/aimll501pc12-HP-Pro-Tower-280-G9-PCI-Desktop-PC:/tmp/.ICE-unix/1728, USERNAME=student, LOGNAME=student, PWD=/home/student, IM_CONFIG_PHASE=1, XDG_SESSION_CLASS=user, _=/usr/bin/gradle, LANGUAGE=en_IN:en, SHELL=/bin/bash, LESSOPEN=| /usr/bin/lesspipe %s, DESKTOP_SESSION=ubuntu, OLDPWD=/usr/share/gradle, USER=student, XDG_MENU_PREFIX=gnome-, VTE_VERSION=6800, QT_ACCESSIBILITY=1, GNOME_DESKTOP_SESSION_ID=this-is-deprecated, SSH_AUTH_SOCK=/run/user/1001/keyring/ssh, GNOME_TERMINAL_SCREEN=/org/gnome/Terminal/screen/00451b6d_34b3_4201_9694_13d3c98f1d31, GTK_MODULES=gail:atk-bridge, GNOME_SHELL_SESSION_MODE=ubuntu, SYSTEMD_EXEC_PID=1759, LS_COLORS=rs=0:di=01;34:ln=01;36:mh=00:pi=40;33:so=01;35:do=01;35:bd=40;33;01:cd=40;33;01:or=40;31;01:mi=00:su=37;41:sg=30;43:ca=30;41:tw=30;42:ow=34;42:st=37;44:ex=01;32:*.tar=01;31:*.tgz=01;31:*.arc=01;31:*.arj=01;31:*.taz=01;31:*.lha=01;31:*.lz4=01;31:*.lzh=01;31:*.lzma=01;31:*.tlz=01;31:*.txz=01;31:*.tzo=01;31:*.t7z=01;31:*.zip=01;31:*.z=01;31:*.dz=01;31:*.gz=01;31:*.lrz=01;31:*.lz=01;31:*.lzo=01;31:*.xz=01;31:*.zst=01;31:*.tzst=01;31:*.bz2=01;31:*.bz=01;31:*.tbz=01;31:*.tbz2=01;31:*.tz=01;31:*.deb=01;31:*.rpm=01;31:*.jar=01;31:*.war=01;31:*.ear=01;31:*.sar=01;31:*.rar=01;31:*.alz=01;31:*.ace=01;31:*.zoo=01;31:*.cpio=01;31:*.7z=01;31:*.rz=01;31:*.cab=01;31:*.wim=01;31:*.swm=01;31:*.dwm=01;31:*.esd=01;31:*.jpg=01;35:*.jpeg=01;35:*.mjpg=01;35:*.mjpeg=01;35:*.gif=01;35:*.bmp=01;35:*.pbm=01;35:*.pgm=01;35:*.ppm=01;35:*.tga=01;35:*.xbm=01;35:*.xpm=01;35:*.tif=01;35:*.tiff=01;35:*.png=01;35:*.svg=01;35:*.svgz=01;35:*.mng=01;35:*.pcx=01;35:*.mov=01;35:*.mpg=01;35:*.mpeg=01;35:*.m2v=01;35:*.mkv=01;35:*.webm=01;35:*.webp=01;35:*.ogm=01;35:*.mp4=01;35:*.m4v=01;35:*.mp4v=01;35:*.vob=01;35:*.qt=01;35:*.nuv=01;35:*.wmv=01;35:*.asf=01;35:*.rm=01;35:*.rmvb=01;35:*.flc=01;35:*.avi=01;35:*.fli=01;35:*.flv=01;35:*.gl=01;35:*.dl=01;35:*.xcf=01;35:*.xwd=01;35:*.yuv=01;35:*.cgm=01;35:*.emf=01;35:*.ogv=01;35:*.ogx=01;35:*.aac=00;36:*.au=00;36:*.flac=00;36:*.m4a=00;36:*.mid=00;36:*.midi=00;36:*.mka=00;36:*.mp3=00;36:*.mpc=00;36:*.ogg=00;36:*.ra=00;36:*.wav=00;36:*.oga=00;36:*.opus=00;36:*.spx=00;36:*.xspf=00;36:, XDG_SESSION_DESKTOP=ubuntu, XDG_RUNTIME_DIR=/run/user/1001, GNOME_SETUP_DISPLAY=:1, SSH_AGENT_LAUNCHER=gnome-keyring, HOME=/home/student, SHLVL=1}
11:01:26.409 [WARN] [org.gradle.launcher.daemon.server.exec.EstablishBuildEnvironment] Warning: Unable able to set daemon's environment variables to match the client because: 
  Java 9 does not support modifying environment variables.
  If the daemon was started with a significantly different environment from the client, and your build 
  relies on environment variables, you may experience unexpected behavior.
11:01:26.409 [DEBUG] [org.gradle.launcher.daemon.server.exec.LogToClient] About to start relaying all logs to the client via the connection.
11:01:26.409 [INFO] [org.gradle.launcher.daemon.server.exec.LogToClient] The client will now receive all logging from the daemon (pid: 3563). The daemon log file: /home/student/.gradle/daemon/4.4.1/daemon-3563.out.log
11:01:26.410 [INFO] [org.gradle.launcher.daemon.server.exec.LogAndCheckHealth] Starting 2nd build in daemon [uptime: 50.697 secs, performance: 99%]
11:01:26.410 [DEBUG] [org.gradle.launcher.daemon.server.exec.ExecuteBuild] The daemon has started executing the build.
11:01:26.410 [DEBUG] [org.gradle.launcher.daemon.server.exec.ExecuteBuild] Executing build with daemon context: DefaultDaemonContext[uid=6097f117-ad2a-4ee3-92ec-fb117d27c418,javaHome=/usr/lib/jvm/java-11-openjdk-amd64,daemonRegistryDir=/home/student/.gradle/daemon,pid=3563,idleTimeout=10800000,daemonOpts=-XX:+HeapDumpOnOutOfMemoryError,-Xmx1024m,-Dfile.encoding=UTF-8,-Duser.country=IN,-Duser.language=en,-Duser.variant]

FAILURE: Build failed with an exception.

* What went wrong:
Task 'application' not found in root project 'student'.

* Try:
Run gradle tasks to get a list of available tasks. Run with --stacktrace option to get the stack trace. Run with --info or --debug option to get more log output. Run with --scan to get full insights.

* Get more help at https://help.gradle.org

BUILD FAILED in 0s
11:01:26.423 [DEBUG] [org.gradle.launcher.daemon.server.exec.ExecuteBuild] The daemon has finished executing the build.
11:01:26.431 [DEBUG] [org.gradle.launcher.daemon.server.DaemonStateCoordinator] Command execution: finished waiting for DaemonCommandExecution[command = Build{id=a51f399d-88ff-4b9d-99fe-9ce0c7ab45ee.1, currentDir=/home/student}, connection = DefaultDaemonConnection: socket connection from /0:0:0:0:0:0:0:1:42395 to /0:0:0:0:0:0:0:1:46566]. Result org.gradle.launcher.daemon.server.DaemonStateCoordinator@423d1111 with state Busy
11:01:26.431 [DEBUG] [org.gradle.launcher.daemon.server.DaemonStateCoordinator] Command execution: completed DaemonCommandExecution[command = Build{id=a51f399d-88ff-4b9d-99fe-9ce0c7ab45ee.1, currentDir=/home/student}, connection = DefaultDaemonConnection: socket connection from /0:0:0:0:0:0:0:1:42395 to /0:0:0:0:0:0:0:1:46566]
11:01:26.431 [DEBUG] [org.gradle.launcher.daemon.server.DaemonStateCoordinator] resetting idle timer
11:01:26.431 [INFO] [org.gradle.launcher.daemon.server.DaemonRegistryUpdater] Marking the daemon as idle, address: [c5abe67c-4535-46a6-8549-8ed66c8be0f4 port:42395, addresses:[/0:0:0:0:0:0:0:1%lo, /127.0.0.1]]
11:01:26.431 [DEBUG] [org.gradle.launcher.daemon.registry.PersistentDaemonRegistry] Marking busy by address: [c5abe67c-4535-46a6-8549-8ed66c8be0f4 port:42395, addresses:[/0:0:0:0:0:0:0:1%lo, /127.0.0.1]]
11:01:26.431 [DEBUG] [org.gradle.cache.internal.DefaultFileLockManager] Waiting to acquire exclusive lock on daemon addresses registry.
11:01:26.431 [DEBUG] [org.gradle.cache.internal.DefaultFileLockManager] Lock acquired on daemon addresses registry.
11:01:26.431 [DEBUG] [org.gradle.cache.internal.DefaultFileLockManager] Releasing lock on daemon addresses registry.
11:01:26.431 [DEBUG] [org.gradle.launcher.daemon.server.exec.ReturnResult] Daemon is dispatching the build result: Failure[value=org.gradle.initialization.ReportedException: org.gradle.internal.exceptions.LocationAwareException: Task 'application' not found in root project 'student'.]
11:01:26.431 [DEBUG] [org.gradle.launcher.daemon.server.DaemonStateCoordinator] daemon is running. Sleeping until state changes.
11:01:26.432 [DEBUG] [org.gradle.launcher.daemon.server.SynchronizedDispatchConnection] thread 16: dispatching class org.gradle.launcher.daemon.protocol.Failure
11:01:26.434 [DEBUG] [org.gradle.launcher.daemon.server.DefaultIncomingConnectionHandler] Finishing executing command: Build{id=a51f399d-88ff-4b9d-99fe-9ce0c7ab45ee.1, currentDir=/home/student}
11:01:26.445 [DEBUG] [org.gradle.launcher.daemon.server.SynchronizedDispatchConnection] thread 26: received class org.gradle.launcher.daemon.protocol.CloseInput
11:01:26.445 [DEBUG] [org.gradle.launcher.daemon.server.DefaultDaemonConnection] thread 26: Received IO message from client: org.gradle.launcher.daemon.protocol.CloseInput@e823035
11:01:26.446 [DEBUG] [org.gradle.launcher.daemon.server.SynchronizedDispatchConnection] thread 26: received class org.gradle.launcher.daemon.protocol.Finished
11:01:26.446 [DEBUG] [org.gradle.launcher.daemon.server.DefaultDaemonConnection] thread 26: Received non-IO message from client: org.gradle.launcher.daemon.protocol.Finished@45df95
11:01:26.446 [DEBUG] [org.gradle.launcher.daemon.server.DefaultIncomingConnectionHandler] Received finished message: org.gradle.launcher.daemon.protocol.Finished@45df95
11:01:26.446 [DEBUG] [org.gradle.internal.remote.internal.inet.SocketConnection] Discarding EOFException: java.io.EOFException
11:01:26.446 [DEBUG] [org.gradle.launcher.daemon.server.SynchronizedDispatchConnection] thread 16: stopping connection
11:01:26.446 [DEBUG] [org.gradle.launcher.daemon.server.SynchronizedDispatchConnection] thread 26: received null
11:01:26.446 [DEBUG] [org.gradle.launcher.daemon.server.DefaultDaemonConnection] thread 26: Received end-of-input from client.
11:01:26.446 [DEBUG] [org.gradle.launcher.daemon.server.SynchronizedDispatchConnection] thread 16: stopping connection
11:01:35.774 [DEBUG] [org.gradle.launcher.daemon.server.Daemon] DaemonExpirationPeriodicCheck running
11:01:35.774 [DEBUG] [org.gradle.cache.internal.DefaultFileLockManager] Waiting to acquire shared lock on daemon addresses registry.
11:01:35.775 [DEBUG] [org.gradle.cache.internal.DefaultFileLockManager] Lock acquired on daemon addresses registry.
11:01:35.775 [DEBUG] [org.gradle.cache.internal.DefaultFileLockManager] Releasing lock on daemon addresses registry.
11:01:35.776 [DEBUG] [org.gradle.cache.internal.DefaultFileLockManager] Waiting to acquire shared lock on daemon addresses registry.
11:01:35.776 [DEBUG] [org.gradle.cache.internal.DefaultFileLockManager] Lock acquired on daemon addresses registry.
11:01:35.776 [DEBUG] [org.gradle.cache.internal.DefaultFileLockManager] Releasing lock on daemon addresses registry.
11:01:45.774 [DEBUG] [org.gradle.launcher.daemon.server.Daemon] DaemonExpirationPeriodicCheck running
11:01:45.774 [DEBUG] [org.gradle.cache.internal.DefaultFileLockManager] Waiting to acquire shared lock on daemon addresses registry.
11:01:45.774 [DEBUG] [org.gradle.cache.internal.DefaultFileLockManager] Lock acquired on daemon addresses registry.
11:01:45.774 [DEBUG] [org.gradle.cache.internal.DefaultFileLockManager] Releasing lock on daemon addresses registry.
11:01:45.774 [DEBUG] [org.gradle.cache.internal.DefaultFileLockManager] Waiting to acquire shared lock on daemon addresses registry.
11:01:45.774 [DEBUG] [org.gradle.cache.internal.DefaultFileLockManager] Lock acquired on daemon addresses registry.
11:01:45.774 [DEBUG] [org.gradle.cache.internal.DefaultFileLockManager] Releasing lock on daemon addresses registry.
11:01:45.774 [DEBUG] [org.gradle.cache.internal.DefaultFileLockManager] Waiting to acquire shared lock on daemon addresses registry.
11:01:45.774 [DEBUG] [org.gradle.cache.internal.DefaultFileLockManager] Lock acquired on daemon addresses registry.
11:01:45.774 [DEBUG] [org.gradle.cache.internal.DefaultFileLockManager] Releasing lock on daemon addresses registry.
11:01:55.774 [DEBUG] [org.gradle.launcher.daemon.server.Daemon] DaemonExpirationPeriodicCheck running
11:01:55.774 [DEBUG] [org.gradle.cache.internal.DefaultFileLockManager] Waiting to acquire shared lock on daemon addresses registry.
11:01:55.774 [DEBUG] [org.gradle.cache.internal.DefaultFileLockManager] Lock acquired on daemon addresses registry.
11:01:55.774 [DEBUG] [org.gradle.cache.internal.DefaultFileLockManager] Releasing lock on daemon addresses registry.
11:01:55.774 [DEBUG] [org.gradle.cache.internal.DefaultFileLockManager] Waiting to acquire shared lock on daemon addresses registry.
11:01:55.774 [DEBUG] [org.gradle.cache.internal.DefaultFileLockManager] Lock acquired on daemon addresses registry.
11:01:55.774 [DEBUG] [org.gradle.cache.internal.DefaultFileLockManager] Releasing lock on daemon addresses registry.
11:01:55.774 [DEBUG] [org.gradle.cache.internal.DefaultFileLockManager] Waiting to acquire shared lock on daemon addresses registry.
11:01:55.774 [DEBUG] [org.gradle.cache.internal.DefaultFileLockManager] Lock acquired on daemon addresses registry.
11:01:55.774 [DEBUG] [org.gradle.cache.internal.DefaultFileLockManager] Releasing lock on daemon addresses registry.
11:02:05.774 [DEBUG] [org.gradle.launcher.daemon.server.Daemon] DaemonExpirationPeriodicCheck running
11:02:05.774 [DEBUG] [org.gradle.cache.internal.DefaultFileLockManager] Waiting to acquire shared lock on daemon addresses registry.
11:02:05.775 [DEBUG] [org.gradle.cache.internal.DefaultFileLockManager] Lock acquired on daemon addresses registry.
11:02:05.775 [DEBUG] [org.gradle.cache.internal.DefaultFileLockManager] Releasing lock on daemon addresses registry.
11:02:05.776 [DEBUG] [org.gradle.cache.internal.DefaultFileLockManager] Waiting to acquire shared lock on daemon addresses registry.
11:02:05.776 [DEBUG] [org.gradle.cache.internal.DefaultFileLockManager] Lock acquired on daemon addresses registry.
11:02:05.776 [DEBUG] [org.gradle.cache.internal.DefaultFileLockManager] Releasing lock on daemon addresses registry.
11:02:05.776 [DEBUG] [org.gradle.cache.internal.DefaultFileLockManager] Waiting to acquire shared lock on daemon addresses registry.
11:02:05.776 [DEBUG] [org.gradle.cache.internal.DefaultFileLockManager] Lock acquired on daemon addresses registry.
11:02:05.776 [DEBUG] [org.gradle.cache.internal.DefaultFileLockManager] Releasing lock on daemon addresses registry.
11:02:12.199 [DEBUG] [org.gradle.internal.remote.internal.inet.TcpIncomingConnector] Accepted connection from /0:0:0:0:0:0:0:1:56486 to /0:0:0:0:0:0:0:1:42395.
11:02:12.225 [DEBUG] [org.gradle.launcher.daemon.server.SynchronizedDispatchConnection] thread 32: received class org.gradle.launcher.daemon.protocol.Build
11:02:12.225 [DEBUG] [org.gradle.launcher.daemon.server.DefaultDaemonConnection] thread 32: Received non-IO message from client: Build{id=e2b47190-ac59-42b7-b486-4e885cc69092.1, currentDir=/home/student/gradleapp}
11:02:12.225 [INFO] [org.gradle.launcher.daemon.server.DefaultIncomingConnectionHandler] Received command: Build{id=e2b47190-ac59-42b7-b486-4e885cc69092.1, currentDir=/home/student/gradleapp}.
11:02:12.225 [DEBUG] [org.gradle.launcher.daemon.server.DefaultIncomingConnectionHandler] Starting executing command: Build{id=e2b47190-ac59-42b7-b486-4e885cc69092.1, currentDir=/home/student/gradleapp} with connection: socket connection from /0:0:0:0:0:0:0:1:42395 to /0:0:0:0:0:0:0:1:56486.
11:02:12.226 [ERROR] [org.gradle.launcher.daemon.server.DaemonStateCoordinator] Command execution: started DaemonCommandExecution[command = Build{id=e2b47190-ac59-42b7-b486-4e885cc69092.1, currentDir=/home/student/gradleapp}, connection = DefaultDaemonConnection: socket connection from /0:0:0:0:0:0:0:1:42395 to /0:0:0:0:0:0:0:1:56486] after 0.0 minutes of idle
11:02:12.226 [INFO] [org.gradle.launcher.daemon.server.DaemonRegistryUpdater] Marking the daemon as busy, address: [c5abe67c-4535-46a6-8549-8ed66c8be0f4 port:42395, addresses:[/0:0:0:0:0:0:0:1%lo, /127.0.0.1]]
11:02:12.226 [DEBUG] [org.gradle.launcher.daemon.registry.PersistentDaemonRegistry] Marking busy by address: [c5abe67c-4535-46a6-8549-8ed66c8be0f4 port:42395, addresses:[/0:0:0:0:0:0:0:1%lo, /127.0.0.1]]
11:02:12.226 [DEBUG] [org.gradle.cache.internal.DefaultFileLockManager] Waiting to acquire exclusive lock on daemon addresses registry.
11:02:12.226 [DEBUG] [org.gradle.cache.internal.DefaultFileLockManager] Lock acquired on daemon addresses registry.
11:02:12.226 [DEBUG] [org.gradle.cache.internal.DefaultFileLockManager] Releasing lock on daemon addresses registry.
11:02:12.226 [DEBUG] [org.gradle.launcher.daemon.server.DaemonStateCoordinator] resetting idle timer
11:02:12.226 [DEBUG] [org.gradle.launcher.daemon.server.DaemonStateCoordinator] daemon is running. Sleeping until state changes.
11:02:12.226 [INFO] [org.gradle.launcher.daemon.server.exec.StartBuildOrRespondWithBusy] Daemon is about to start building Build{id=e2b47190-ac59-42b7-b486-4e885cc69092.1, currentDir=/home/student/gradleapp}. Dispatching build started information...
11:02:12.226 [DEBUG] [org.gradle.launcher.daemon.server.SynchronizedDispatchConnection] thread 19: dispatching class org.gradle.launcher.daemon.protocol.BuildStarted
11:02:12.227 [DEBUG] [org.gradle.launcher.daemon.server.exec.EstablishBuildEnvironment] Configuring env variables: {PATH=/usr/local/sbin:/usr/local/bin:/usr/sbin:/usr/bin:/sbin:/bin:/usr/games:/usr/local/games:/snap/bin:/snap/bin, XAUTHORITY=/run/user/1001/.mutter-Xwaylandauth.IN53L3, LESSCLOSE=/usr/bin/lesspipe %s %s, XMODIFIERS=@im=ibus, XDG_DATA_DIRS=/usr/share/ubuntu:/usr/local/share/:/usr/share/:/var/lib/snapd/desktop, GDMSESSION=ubuntu, QT_IM_MODULE=ibus, TERM=xterm-256color, XDG_CONFIG_DIRS=/etc/xdg/xdg-ubuntu:/etc/xdg, GNOME_TERMINAL_SERVICE=:1.99, LANG=en_IN, DBUS_SESSION_BUS_ADDRESS=unix:path=/run/user/1001/bus, XDG_SESSION_TYPE=wayland, XDG_CURRENT_DESKTOP=ubuntu:GNOME, DISPLAY=:0, WAYLAND_DISPLAY=wayland-0, COLORTERM=truecolor, SESSION_MANAGER=local/aimll501pc12-HP-Pro-Tower-280-G9-PCI-Desktop-PC:@/tmp/.ICE-unix/1728,unix/aimll501pc12-HP-Pro-Tower-280-G9-PCI-Desktop-PC:/tmp/.ICE-unix/1728, USERNAME=student, LOGNAME=student, PWD=/home/student/gradleapp, IM_CONFIG_PHASE=1, XDG_SESSION_CLASS=user, _=/usr/bin/gradle, LANGUAGE=en_IN:en, SHELL=/bin/bash, LESSOPEN=| /usr/bin/lesspipe %s, DESKTOP_SESSION=ubuntu, OLDPWD=/usr/share/gradle, USER=student, XDG_MENU_PREFIX=gnome-, VTE_VERSION=6800, QT_ACCESSIBILITY=1, GNOME_DESKTOP_SESSION_ID=this-is-deprecated, SSH_AUTH_SOCK=/run/user/1001/keyring/ssh, GNOME_TERMINAL_SCREEN=/org/gnome/Terminal/screen/00451b6d_34b3_4201_9694_13d3c98f1d31, GTK_MODULES=gail:atk-bridge, GNOME_SHELL_SESSION_MODE=ubuntu, SYSTEMD_EXEC_PID=1759, LS_COLORS=rs=0:di=01;34:ln=01;36:mh=00:pi=40;33:so=01;35:do=01;35:bd=40;33;01:cd=40;33;01:or=40;31;01:mi=00:su=37;41:sg=30;43:ca=30;41:tw=30;42:ow=34;42:st=37;44:ex=01;32:*.tar=01;31:*.tgz=01;31:*.arc=01;31:*.arj=01;31:*.taz=01;31:*.lha=01;31:*.lz4=01;31:*.lzh=01;31:*.lzma=01;31:*.tlz=01;31:*.txz=01;31:*.tzo=01;31:*.t7z=01;31:*.zip=01;31:*.z=01;31:*.dz=01;31:*.gz=01;31:*.lrz=01;31:*.lz=01;31:*.lzo=01;31:*.xz=01;31:*.zst=01;31:*.tzst=01;31:*.bz2=01;31:*.bz=01;31:*.tbz=01;31:*.tbz2=01;31:*.tz=01;31:*.deb=01;31:*.rpm=01;31:*.jar=01;31:*.war=01;31:*.ear=01;31:*.sar=01;31:*.rar=01;31:*.alz=01;31:*.ace=01;31:*.zoo=01;31:*.cpio=01;31:*.7z=01;31:*.rz=01;31:*.cab=01;31:*.wim=01;31:*.swm=01;31:*.dwm=01;31:*.esd=01;31:*.jpg=01;35:*.jpeg=01;35:*.mjpg=01;35:*.mjpeg=01;35:*.gif=01;35:*.bmp=01;35:*.pbm=01;35:*.pgm=01;35:*.ppm=01;35:*.tga=01;35:*.xbm=01;35:*.xpm=01;35:*.tif=01;35:*.tiff=01;35:*.png=01;35:*.svg=01;35:*.svgz=01;35:*.mng=01;35:*.pcx=01;35:*.mov=01;35:*.mpg=01;35:*.mpeg=01;35:*.m2v=01;35:*.mkv=01;35:*.webm=01;35:*.webp=01;35:*.ogm=01;35:*.mp4=01;35:*.m4v=01;35:*.mp4v=01;35:*.vob=01;35:*.qt=01;35:*.nuv=01;35:*.wmv=01;35:*.asf=01;35:*.rm=01;35:*.rmvb=01;35:*.flc=01;35:*.avi=01;35:*.fli=01;35:*.flv=01;35:*.gl=01;35:*.dl=01;35:*.xcf=01;35:*.xwd=01;35:*.yuv=01;35:*.cgm=01;35:*.emf=01;35:*.ogv=01;35:*.ogx=01;35:*.aac=00;36:*.au=00;36:*.flac=00;36:*.m4a=00;36:*.mid=00;36:*.midi=00;36:*.mka=00;36:*.mp3=00;36:*.mpc=00;36:*.ogg=00;36:*.ra=00;36:*.wav=00;36:*.oga=00;36:*.opus=00;36:*.spx=00;36:*.xspf=00;36:, XDG_SESSION_DESKTOP=ubuntu, XDG_RUNTIME_DIR=/run/user/1001, GNOME_SETUP_DISPLAY=:1, SSH_AGENT_LAUNCHER=gnome-keyring, HOME=/home/student, SHLVL=1}
11:02:12.227 [WARN] [org.gradle.launcher.daemon.server.exec.EstablishBuildEnvironment] Warning: Unable able to set daemon's environment variables to match the client because: 
  Java 9 does not support modifying environment variables.
  If the daemon was started with a significantly different environment from the client, and your build 
  relies on environment variables, you may experience unexpected behavior.
11:02:12.227 [DEBUG] [org.gradle.launcher.daemon.server.exec.LogToClient] About to start relaying all logs to the client via the connection.
11:02:12.227 [INFO] [org.gradle.launcher.daemon.server.exec.LogToClient] The client will now receive all logging from the daemon (pid: 3563). The daemon log file: /home/student/.gradle/daemon/4.4.1/daemon-3563.out.log
11:02:12.227 [INFO] [org.gradle.launcher.daemon.server.exec.LogAndCheckHealth] Starting 3rd build in daemon [uptime: 1 mins 36.513 secs, performance: 99%]
11:02:12.227 [DEBUG] [org.gradle.launcher.daemon.server.exec.ExecuteBuild] The daemon has started executing the build.
11:02:12.227 [DEBUG] [org.gradle.launcher.daemon.server.exec.ExecuteBuild] Executing build with daemon context: DefaultDaemonContext[uid=6097f117-ad2a-4ee3-92ec-fb117d27c418,javaHome=/usr/lib/jvm/java-11-openjdk-amd64,daemonRegistryDir=/home/student/.gradle/daemon,pid=3563,idleTimeout=10800000,daemonOpts=-XX:+HeapDumpOnOutOfMemoryError,-Xmx1024m,-Dfile.encoding=UTF-8,-Duser.country=IN,-Duser.language=en,-Duser.variant]

FAILURE: Build failed with an exception.

* What went wrong:
Task 'gradleapp' not found in root project 'gradleapp'.

* Try:
Run gradle tasks to get a list of available tasks. Run with --stacktrace option to get the stack trace. Run with --info or --debug option to get more log output. Run with --scan to get full insights.

* Get more help at https://help.gradle.org

BUILD FAILED in 0s
11:02:12.237 [DEBUG] [org.gradle.launcher.daemon.server.exec.ExecuteBuild] The daemon has finished executing the build.
11:02:12.248 [DEBUG] [org.gradle.launcher.daemon.server.DaemonStateCoordinator] Command execution: finished waiting for DaemonCommandExecution[command = Build{id=e2b47190-ac59-42b7-b486-4e885cc69092.1, currentDir=/home/student/gradleapp}, connection = DefaultDaemonConnection: socket connection from /0:0:0:0:0:0:0:1:42395 to /0:0:0:0:0:0:0:1:56486]. Result org.gradle.launcher.daemon.server.DaemonStateCoordinator@423d1111 with state Busy
11:02:12.248 [DEBUG] [org.gradle.launcher.daemon.server.DaemonStateCoordinator] Command execution: completed DaemonCommandExecution[command = Build{id=e2b47190-ac59-42b7-b486-4e885cc69092.1, currentDir=/home/student/gradleapp}, connection = DefaultDaemonConnection: socket connection from /0:0:0:0:0:0:0:1:42395 to /0:0:0:0:0:0:0:1:56486]
11:02:12.248 [DEBUG] [org.gradle.launcher.daemon.server.DaemonStateCoordinator] resetting idle timer
11:02:12.248 [INFO] [org.gradle.launcher.daemon.server.DaemonRegistryUpdater] Marking the daemon as idle, address: [c5abe67c-4535-46a6-8549-8ed66c8be0f4 port:42395, addresses:[/0:0:0:0:0:0:0:1%lo, /127.0.0.1]]
11:02:12.248 [DEBUG] [org.gradle.launcher.daemon.registry.PersistentDaemonRegistry] Marking busy by address: [c5abe67c-4535-46a6-8549-8ed66c8be0f4 port:42395, addresses:[/0:0:0:0:0:0:0:1%lo, /127.0.0.1]]
11:02:12.248 [DEBUG] [org.gradle.cache.internal.DefaultFileLockManager] Waiting to acquire exclusive lock on daemon addresses registry.
11:02:12.248 [DEBUG] [org.gradle.cache.internal.DefaultFileLockManager] Lock acquired on daemon addresses registry.
11:02:12.248 [DEBUG] [org.gradle.cache.internal.DefaultFileLockManager] Releasing lock on daemon addresses registry.
11:02:12.249 [DEBUG] [org.gradle.launcher.daemon.server.DaemonStateCoordinator] daemon is running. Sleeping until state changes.
11:02:12.249 [DEBUG] [org.gradle.launcher.daemon.server.exec.ReturnResult] Daemon is dispatching the build result: Failure[value=org.gradle.initialization.ReportedException: org.gradle.internal.exceptions.LocationAwareException: Task 'gradleapp' not found in root project 'gradleapp'.]
11:02:12.249 [DEBUG] [org.gradle.launcher.daemon.server.SynchronizedDispatchConnection] thread 16: dispatching class org.gradle.launcher.daemon.protocol.Failure
11:02:12.250 [DEBUG] [org.gradle.launcher.daemon.server.DefaultIncomingConnectionHandler] Finishing executing command: Build{id=e2b47190-ac59-42b7-b486-4e885cc69092.1, currentDir=/home/student/gradleapp}
11:02:12.261 [DEBUG] [org.gradle.launcher.daemon.server.SynchronizedDispatchConnection] thread 32: received class org.gradle.launcher.daemon.protocol.CloseInput
11:02:12.261 [DEBUG] [org.gradle.launcher.daemon.server.DefaultDaemonConnection] thread 32: Received IO message from client: org.gradle.launcher.daemon.protocol.CloseInput@56df8c23
11:02:12.262 [DEBUG] [org.gradle.launcher.daemon.server.SynchronizedDispatchConnection] thread 32: received class org.gradle.launcher.daemon.protocol.Finished
11:02:12.262 [DEBUG] [org.gradle.launcher.daemon.server.DefaultDaemonConnection] thread 32: Received non-IO message from client: org.gradle.launcher.daemon.protocol.Finished@58186888
11:02:12.262 [DEBUG] [org.gradle.launcher.daemon.server.DefaultIncomingConnectionHandler] Received finished message: org.gradle.launcher.daemon.protocol.Finished@58186888
11:02:12.262 [DEBUG] [org.gradle.internal.remote.internal.inet.SocketConnection] Discarding EOFException: java.io.EOFException
11:02:12.262 [DEBUG] [org.gradle.launcher.daemon.server.SynchronizedDispatchConnection] thread 16: stopping connection
11:02:12.262 [DEBUG] [org.gradle.launcher.daemon.server.SynchronizedDispatchConnection] thread 32: received null
11:02:12.262 [DEBUG] [org.gradle.launcher.daemon.server.DefaultDaemonConnection] thread 32: Received end-of-input from client.
11:02:12.262 [DEBUG] [org.gradle.launcher.daemon.server.SynchronizedDispatchConnection] thread 16: stopping connection
11:02:15.774 [DEBUG] [org.gradle.launcher.daemon.server.Daemon] DaemonExpirationPeriodicCheck running
11:02:15.774 [DEBUG] [org.gradle.cache.internal.DefaultFileLockManager] Waiting to acquire shared lock on daemon addresses registry.
11:02:15.774 [DEBUG] [org.gradle.cache.internal.DefaultFileLockManager] Lock acquired on daemon addresses registry.
11:02:15.774 [DEBUG] [org.gradle.cache.internal.DefaultFileLockManager] Releasing lock on daemon addresses registry.
11:02:15.774 [DEBUG] [org.gradle.cache.internal.DefaultFileLockManager] Waiting to acquire shared lock on daemon addresses registry.
11:02:15.774 [DEBUG] [org.gradle.cache.internal.DefaultFileLockManager] Lock acquired on daemon addresses registry.
11:02:15.774 [DEBUG] [org.gradle.cache.internal.DefaultFileLockManager] Releasing lock on daemon addresses registry.
11:02:20.514 [DEBUG] [org.gradle.internal.remote.internal.inet.TcpIncomingConnector] Accepted connection from /0:0:0:0:0:0:0:1:55526 to /0:0:0:0:0:0:0:1:42395.
11:02:20.539 [DEBUG] [org.gradle.launcher.daemon.server.SynchronizedDispatchConnection] thread 38: received class org.gradle.launcher.daemon.protocol.Build
11:02:20.539 [DEBUG] [org.gradle.launcher.daemon.server.DefaultDaemonConnection] thread 38: Received non-IO message from client: Build{id=d339b87a-b41a-4741-8e48-5b73fb7f7408.1, currentDir=/home/student/gradleapp}
11:02:20.539 [INFO] [org.gradle.launcher.daemon.server.DefaultIncomingConnectionHandler] Received command: Build{id=d339b87a-b41a-4741-8e48-5b73fb7f7408.1, currentDir=/home/student/gradleapp}.
11:02:20.539 [DEBUG] [org.gradle.launcher.daemon.server.DefaultIncomingConnectionHandler] Starting executing command: Build{id=d339b87a-b41a-4741-8e48-5b73fb7f7408.1, currentDir=/home/student/gradleapp} with connection: socket connection from /0:0:0:0:0:0:0:1:42395 to /0:0:0:0:0:0:0:1:55526.
11:02:20.540 [ERROR] [org.gradle.launcher.daemon.server.DaemonStateCoordinator] Command execution: started DaemonCommandExecution[command = Build{id=d339b87a-b41a-4741-8e48-5b73fb7f7408.1, currentDir=/home/student/gradleapp}, connection = DefaultDaemonConnection: socket connection from /0:0:0:0:0:0:0:1:42395 to /0:0:0:0:0:0:0:1:55526] after 0.0 minutes of idle
11:02:20.540 [INFO] [org.gradle.launcher.daemon.server.DaemonRegistryUpdater] Marking the daemon as busy, address: [c5abe67c-4535-46a6-8549-8ed66c8be0f4 port:42395, addresses:[/0:0:0:0:0:0:0:1%lo, /127.0.0.1]]
11:02:20.540 [DEBUG] [org.gradle.launcher.daemon.registry.PersistentDaemonRegistry] Marking busy by address: [c5abe67c-4535-46a6-8549-8ed66c8be0f4 port:42395, addresses:[/0:0:0:0:0:0:0:1%lo, /127.0.0.1]]
11:02:20.540 [DEBUG] [org.gradle.cache.internal.DefaultFileLockManager] Waiting to acquire exclusive lock on daemon addresses registry.
11:02:20.540 [DEBUG] [org.gradle.cache.internal.DefaultFileLockManager] Lock acquired on daemon addresses registry.
11:02:20.540 [DEBUG] [org.gradle.cache.internal.DefaultFileLockManager] Releasing lock on daemon addresses registry.
11:02:20.540 [DEBUG] [org.gradle.launcher.daemon.server.DaemonStateCoordinator] resetting idle timer
11:02:20.540 [DEBUG] [org.gradle.launcher.daemon.server.DaemonStateCoordinator] daemon is running. Sleeping until state changes.
11:02:20.540 [INFO] [org.gradle.launcher.daemon.server.exec.StartBuildOrRespondWithBusy] Daemon is about to start building Build{id=d339b87a-b41a-4741-8e48-5b73fb7f7408.1, currentDir=/home/student/gradleapp}. Dispatching build started information...
11:02:20.540 [DEBUG] [org.gradle.launcher.daemon.server.SynchronizedDispatchConnection] thread 19: dispatching class org.gradle.launcher.daemon.protocol.BuildStarted
11:02:20.541 [DEBUG] [org.gradle.launcher.daemon.server.exec.EstablishBuildEnvironment] Configuring env variables: {PATH=/usr/local/sbin:/usr/local/bin:/usr/sbin:/usr/bin:/sbin:/bin:/usr/games:/usr/local/games:/snap/bin:/snap/bin, XAUTHORITY=/run/user/1001/.mutter-Xwaylandauth.IN53L3, LESSCLOSE=/usr/bin/lesspipe %s %s, XMODIFIERS=@im=ibus, XDG_DATA_DIRS=/usr/share/ubuntu:/usr/local/share/:/usr/share/:/var/lib/snapd/desktop, GDMSESSION=ubuntu, QT_IM_MODULE=ibus, TERM=xterm-256color, XDG_CONFIG_DIRS=/etc/xdg/xdg-ubuntu:/etc/xdg, GNOME_TERMINAL_SERVICE=:1.99, LANG=en_IN, DBUS_SESSION_BUS_ADDRESS=unix:path=/run/user/1001/bus, XDG_SESSION_TYPE=wayland, XDG_CURRENT_DESKTOP=ubuntu:GNOME, DISPLAY=:0, WAYLAND_DISPLAY=wayland-0, COLORTERM=truecolor, SESSION_MANAGER=local/aimll501pc12-HP-Pro-Tower-280-G9-PCI-Desktop-PC:@/tmp/.ICE-unix/1728,unix/aimll501pc12-HP-Pro-Tower-280-G9-PCI-Desktop-PC:/tmp/.ICE-unix/1728, USERNAME=student, LOGNAME=student, PWD=/home/student/gradleapp, IM_CONFIG_PHASE=1, XDG_SESSION_CLASS=user, _=/usr/bin/gradle, LANGUAGE=en_IN:en, SHELL=/bin/bash, LESSOPEN=| /usr/bin/lesspipe %s, DESKTOP_SESSION=ubuntu, OLDPWD=/usr/share/gradle, USER=student, XDG_MENU_PREFIX=gnome-, VTE_VERSION=6800, QT_ACCESSIBILITY=1, GNOME_DESKTOP_SESSION_ID=this-is-deprecated, SSH_AUTH_SOCK=/run/user/1001/keyring/ssh, GNOME_TERMINAL_SCREEN=/org/gnome/Terminal/screen/00451b6d_34b3_4201_9694_13d3c98f1d31, GTK_MODULES=gail:atk-bridge, GNOME_SHELL_SESSION_MODE=ubuntu, SYSTEMD_EXEC_PID=1759, LS_COLORS=rs=0:di=01;34:ln=01;36:mh=00:pi=40;33:so=01;35:do=01;35:bd=40;33;01:cd=40;33;01:or=40;31;01:mi=00:su=37;41:sg=30;43:ca=30;41:tw=30;42:ow=34;42:st=37;44:ex=01;32:*.tar=01;31:*.tgz=01;31:*.arc=01;31:*.arj=01;31:*.taz=01;31:*.lha=01;31:*.lz4=01;31:*.lzh=01;31:*.lzma=01;31:*.tlz=01;31:*.txz=01;31:*.tzo=01;31:*.t7z=01;31:*.zip=01;31:*.z=01;31:*.dz=01;31:*.gz=01;31:*.lrz=01;31:*.lz=01;31:*.lzo=01;31:*.xz=01;31:*.zst=01;31:*.tzst=01;31:*.bz2=01;31:*.bz=01;31:*.tbz=01;31:*.tbz2=01;31:*.tz=01;31:*.deb=01;31:*.rpm=01;31:*.jar=01;31:*.war=01;31:*.ear=01;31:*.sar=01;31:*.rar=01;31:*.alz=01;31:*.ace=01;31:*.zoo=01;31:*.cpio=01;31:*.7z=01;31:*.rz=01;31:*.cab=01;31:*.wim=01;31:*.swm=01;31:*.dwm=01;31:*.esd=01;31:*.jpg=01;35:*.jpeg=01;35:*.mjpg=01;35:*.mjpeg=01;35:*.gif=01;35:*.bmp=01;35:*.pbm=01;35:*.pgm=01;35:*.ppm=01;35:*.tga=01;35:*.xbm=01;35:*.xpm=01;35:*.tif=01;35:*.tiff=01;35:*.png=01;35:*.svg=01;35:*.svgz=01;35:*.mng=01;35:*.pcx=01;35:*.mov=01;35:*.mpg=01;35:*.mpeg=01;35:*.m2v=01;35:*.mkv=01;35:*.webm=01;35:*.webp=01;35:*.ogm=01;35:*.mp4=01;35:*.m4v=01;35:*.mp4v=01;35:*.vob=01;35:*.qt=01;35:*.nuv=01;35:*.wmv=01;35:*.asf=01;35:*.rm=01;35:*.rmvb=01;35:*.flc=01;35:*.avi=01;35:*.fli=01;35:*.flv=01;35:*.gl=01;35:*.dl=01;35:*.xcf=01;35:*.xwd=01;35:*.yuv=01;35:*.cgm=01;35:*.emf=01;35:*.ogv=01;35:*.ogx=01;35:*.aac=00;36:*.au=00;36:*.flac=00;36:*.m4a=00;36:*.mid=00;36:*.midi=00;36:*.mka=00;36:*.mp3=00;36:*.mpc=00;36:*.ogg=00;36:*.ra=00;36:*.wav=00;36:*.oga=00;36:*.opus=00;36:*.spx=00;36:*.xspf=00;36:, XDG_SESSION_DESKTOP=ubuntu, XDG_RUNTIME_DIR=/run/user/1001, GNOME_SETUP_DISPLAY=:1, SSH_AGENT_LAUNCHER=gnome-keyring, HOME=/home/student, SHLVL=1}
11:02:20.541 [WARN] [org.gradle.launcher.daemon.server.exec.EstablishBuildEnvironment] Warning: Unable able to set daemon's environment variables to match the client because: 
  Java 9 does not support modifying environment variables.
  If the daemon was started with a significantly different environment from the client, and your build 
  relies on environment variables, you may experience unexpected behavior.
11:02:20.541 [DEBUG] [org.gradle.launcher.daemon.server.exec.LogToClient] About to start relaying all logs to the client via the connection.
11:02:20.541 [INFO] [org.gradle.launcher.daemon.server.exec.LogToClient] The client will now receive all logging from the daemon (pid: 3563). The daemon log file: /home/student/.gradle/daemon/4.4.1/daemon-3563.out.log
11:02:20.541 [INFO] [org.gradle.launcher.daemon.server.exec.LogAndCheckHealth] Starting 4th build in daemon [uptime: 1 mins 44.828 secs, performance: 99%]
11:02:20.541 [DEBUG] [org.gradle.launcher.daemon.server.exec.ExecuteBuild] The daemon has started executing the build.
11:02:20.541 [DEBUG] [org.gradle.launcher.daemon.server.exec.ExecuteBuild] Executing build with daemon context: DefaultDaemonContext[uid=6097f117-ad2a-4ee3-92ec-fb117d27c418,javaHome=/usr/lib/jvm/java-11-openjdk-amd64,daemonRegistryDir=/home/student/.gradle/daemon,pid=3563,idleTimeout=10800000,daemonOpts=-XX:+HeapDumpOnOutOfMemoryError,-Xmx1024m,-Dfile.encoding=UTF-8,-Duser.country=IN,-Duser.language=en,-Duser.variant]

FAILURE: Build failed with an exception.

* What went wrong:
Task 'application' not found in root project 'gradleapp'.

* Try:
Run gradle tasks to get a list of available tasks. Run with --stacktrace option to get the stack trace. Run with --info or --debug option to get more log output. Run with --scan to get full insights.

* Get more help at https://help.gradle.org

BUILD FAILED in 0s
11:02:20.551 [DEBUG] [org.gradle.launcher.daemon.server.exec.ExecuteBuild] The daemon has finished executing the build.
11:02:20.551 [DEBUG] [org.gradle.launcher.daemon.server.DaemonStateCoordinator] Command execution: finished waiting for DaemonCommandExecution[command = Build{id=d339b87a-b41a-4741-8e48-5b73fb7f7408.1, currentDir=/home/student/gradleapp}, connection = DefaultDaemonConnection: socket connection from /0:0:0:0:0:0:0:1:42395 to /0:0:0:0:0:0:0:1:55526]. Result org.gradle.launcher.daemon.server.DaemonStateCoordinator@423d1111 with state Busy
11:02:20.552 [DEBUG] [org.gradle.launcher.daemon.server.DaemonStateCoordinator] Command execution: completed DaemonCommandExecution[command = Build{id=d339b87a-b41a-4741-8e48-5b73fb7f7408.1, currentDir=/home/student/gradleapp}, connection = DefaultDaemonConnection: socket connection from /0:0:0:0:0:0:0:1:42395 to /0:0:0:0:0:0:0:1:55526]
11:02:20.552 [DEBUG] [org.gradle.launcher.daemon.server.DaemonStateCoordinator] resetting idle timer
11:02:20.552 [INFO] [org.gradle.launcher.daemon.server.DaemonRegistryUpdater] Marking the daemon as idle, address: [c5abe67c-4535-46a6-8549-8ed66c8be0f4 port:42395, addresses:[/0:0:0:0:0:0:0:1%lo, /127.0.0.1]]
11:02:20.552 [DEBUG] [org.gradle.launcher.daemon.registry.PersistentDaemonRegistry] Marking busy by address: [c5abe67c-4535-46a6-8549-8ed66c8be0f4 port:42395, addresses:[/0:0:0:0:0:0:0:1%lo, /127.0.0.1]]
11:02:20.552 [DEBUG] [org.gradle.cache.internal.DefaultFileLockManager] Waiting to acquire exclusive lock on daemon addresses registry.
11:02:20.552 [DEBUG] [org.gradle.cache.internal.DefaultFileLockManager] Lock acquired on daemon addresses registry.
11:02:20.581 [DEBUG] [org.gradle.cache.internal.DefaultFileLockManager] Releasing lock on daemon addresses registry.
11:02:20.582 [DEBUG] [org.gradle.launcher.daemon.server.exec.ReturnResult] Daemon is dispatching the build result: Failure[value=org.gradle.initialization.ReportedException: org.gradle.internal.exceptions.LocationAwareException: Task 'application' not found in root project 'gradleapp'.]
11:02:20.582 [DEBUG] [org.gradle.launcher.daemon.server.DaemonStateCoordinator] daemon is running. Sleeping until state changes.
11:02:20.582 [DEBUG] [org.gradle.launcher.daemon.server.SynchronizedDispatchConnection] thread 16: dispatching class org.gradle.launcher.daemon.protocol.Failure
11:02:20.583 [DEBUG] [org.gradle.launcher.daemon.server.DefaultIncomingConnectionHandler] Finishing executing command: Build{id=d339b87a-b41a-4741-8e48-5b73fb7f7408.1, currentDir=/home/student/gradleapp}
11:02:20.593 [DEBUG] [org.gradle.launcher.daemon.server.SynchronizedDispatchConnection] thread 38: received class org.gradle.launcher.daemon.protocol.CloseInput
11:02:20.593 [DEBUG] [org.gradle.launcher.daemon.server.DefaultDaemonConnection] thread 38: Received IO message from client: org.gradle.launcher.daemon.protocol.CloseInput@5297679c
11:02:20.594 [DEBUG] [org.gradle.launcher.daemon.server.SynchronizedDispatchConnection] thread 38: received class org.gradle.launcher.daemon.protocol.Finished
11:02:20.594 [DEBUG] [org.gradle.launcher.daemon.server.DefaultDaemonConnection] thread 38: Received non-IO message from client: org.gradle.launcher.daemon.protocol.Finished@f9df277
11:02:20.594 [DEBUG] [org.gradle.launcher.daemon.server.DefaultIncomingConnectionHandler] Received finished message: org.gradle.launcher.daemon.protocol.Finished@f9df277
11:02:20.594 [DEBUG] [org.gradle.internal.remote.internal.inet.SocketConnection] Discarding EOFException: java.io.EOFException
11:02:20.594 [DEBUG] [org.gradle.launcher.daemon.server.SynchronizedDispatchConnection] thread 16: stopping connection
11:02:20.594 [DEBUG] [org.gradle.launcher.daemon.server.SynchronizedDispatchConnection] thread 38: received null
11:02:20.594 [DEBUG] [org.gradle.launcher.daemon.server.DefaultDaemonConnection] thread 38: Received end-of-input from client.
11:02:20.595 [DEBUG] [org.gradle.launcher.daemon.server.SynchronizedDispatchConnection] thread 16: stopping connection
11:02:25.774 [DEBUG] [org.gradle.launcher.daemon.server.Daemon] DaemonExpirationPeriodicCheck running
11:02:25.774 [DEBUG] [org.gradle.cache.internal.DefaultFileLockManager] Waiting to acquire shared lock on daemon addresses registry.
11:02:25.774 [DEBUG] [org.gradle.cache.internal.DefaultFileLockManager] Lock acquired on daemon addresses registry.
11:02:25.774 [DEBUG] [org.gradle.cache.internal.DefaultFileLockManager] Releasing lock on daemon addresses registry.
11:02:25.774 [DEBUG] [org.gradle.cache.internal.DefaultFileLockManager] Waiting to acquire shared lock on daemon addresses registry.
11:02:25.774 [DEBUG] [org.gradle.cache.internal.DefaultFileLockManager] Lock acquired on daemon addresses registry.
11:02:25.774 [DEBUG] [org.gradle.cache.internal.DefaultFileLockManager] Releasing lock on daemon addresses registry.
11:02:35.774 [DEBUG] [org.gradle.launcher.daemon.server.Daemon] DaemonExpirationPeriodicCheck running
11:02:35.774 [DEBUG] [org.gradle.cache.internal.DefaultFileLockManager] Waiting to acquire shared lock on daemon addresses registry.
11:02:35.775 [DEBUG] [org.gradle.cache.internal.DefaultFileLockManager] Lock acquired on daemon addresses registry.
11:02:35.775 [DEBUG] [org.gradle.cache.internal.DefaultFileLockManager] Releasing lock on daemon addresses registry.
11:02:35.775 [DEBUG] [org.gradle.cache.internal.DefaultFileLockManager] Waiting to acquire shared lock on daemon addresses registry.
11:02:35.776 [DEBUG] [org.gradle.cache.internal.DefaultFileLockManager] Lock acquired on daemon addresses registry.
11:02:35.776 [DEBUG] [org.gradle.cache.internal.DefaultFileLockManager] Releasing lock on daemon addresses registry.
11:02:35.776 [DEBUG] [org.gradle.cache.internal.DefaultFileLockManager] Waiting to acquire shared lock on daemon addresses registry.
11:02:35.776 [DEBUG] [org.gradle.cache.internal.DefaultFileLockManager] Lock acquired on daemon addresses registry.
11:02:35.776 [DEBUG] [org.gradle.cache.internal.DefaultFileLockManager] Releasing lock on daemon addresses registry.
11:02:45.774 [DEBUG] [org.gradle.launcher.daemon.server.Daemon] DaemonExpirationPeriodicCheck running
11:02:45.774 [DEBUG] [org.gradle.cache.internal.DefaultFileLockManager] Waiting to acquire shared lock on daemon addresses registry.
11:02:45.774 [DEBUG] [org.gradle.cache.internal.DefaultFileLockManager] Lock acquired on daemon addresses registry.
11:02:45.774 [DEBUG] [org.gradle.cache.internal.DefaultFileLockManager] Releasing lock on daemon addresses registry.
11:02:45.774 [DEBUG] [org.gradle.cache.internal.DefaultFileLockManager] Waiting to acquire shared lock on daemon addresses registry.
11:02:45.774 [DEBUG] [org.gradle.cache.internal.DefaultFileLockManager] Lock acquired on daemon addresses registry.
11:02:45.774 [DEBUG] [org.gradle.cache.internal.DefaultFileLockManager] Releasing lock on daemon addresses registry.
11:02:45.774 [DEBUG] [org.gradle.cache.internal.DefaultFileLockManager] Waiting to acquire shared lock on daemon addresses registry.
11:02:45.774 [DEBUG] [org.gradle.cache.internal.DefaultFileLockManager] Lock acquired on daemon addresses registry.
11:02:45.774 [DEBUG] [org.gradle.cache.internal.DefaultFileLockManager] Releasing lock on daemon addresses registry.
11:02:55.774 [DEBUG] [org.gradle.launcher.daemon.server.Daemon] DaemonExpirationPeriodicCheck running
11:02:55.774 [DEBUG] [org.gradle.cache.internal.DefaultFileLockManager] Waiting to acquire shared lock on daemon addresses registry.
11:02:55.774 [DEBUG] [org.gradle.cache.internal.DefaultFileLockManager] Lock acquired on daemon addresses registry.
11:02:55.774 [DEBUG] [org.gradle.cache.internal.DefaultFileLockManager] Releasing lock on daemon addresses registry.
11:02:55.774 [DEBUG] [org.gradle.cache.internal.DefaultFileLockManager] Waiting to acquire shared lock on daemon addresses registry.
11:02:55.774 [DEBUG] [org.gradle.cache.internal.DefaultFileLockManager] Lock acquired on daemon addresses registry.
11:02:55.774 [DEBUG] [org.gradle.cache.internal.DefaultFileLockManager] Releasing lock on daemon addresses registry.
11:02:55.774 [DEBUG] [org.gradle.cache.internal.DefaultFileLockManager] Waiting to acquire shared lock on daemon addresses registry.
11:02:55.774 [DEBUG] [org.gradle.cache.internal.DefaultFileLockManager] Lock acquired on daemon addresses registry.
11:02:55.774 [DEBUG] [org.gradle.cache.internal.DefaultFileLockManager] Releasing lock on daemon addresses registry.
11:03:05.774 [DEBUG] [org.gradle.launcher.daemon.server.Daemon] DaemonExpirationPeriodicCheck running
11:03:05.774 [DEBUG] [org.gradle.cache.internal.DefaultFileLockManager] Waiting to acquire shared lock on daemon addresses registry.
11:03:05.774 [DEBUG] [org.gradle.cache.internal.DefaultFileLockManager] Lock acquired on daemon addresses registry.
11:03:05.774 [DEBUG] [org.gradle.cache.internal.DefaultFileLockManager] Releasing lock on daemon addresses registry.
11:03:05.774 [DEBUG] [org.gradle.cache.internal.DefaultFileLockManager] Waiting to acquire shared lock on daemon addresses registry.
11:03:05.774 [DEBUG] [org.gradle.cache.internal.DefaultFileLockManager] Lock acquired on daemon addresses registry.
11:03:05.774 [DEBUG] [org.gradle.cache.internal.DefaultFileLockManager] Releasing lock on daemon addresses registry.
11:03:05.774 [DEBUG] [org.gradle.cache.internal.DefaultFileLockManager] Waiting to acquire shared lock on daemon addresses registry.
11:03:05.774 [DEBUG] [org.gradle.cache.internal.DefaultFileLockManager] Lock acquired on daemon addresses registry.
11:03:05.774 [DEBUG] [org.gradle.cache.internal.DefaultFileLockManager] Releasing lock on daemon addresses registry.
11:03:15.774 [DEBUG] [org.gradle.launcher.daemon.server.Daemon] DaemonExpirationPeriodicCheck running
11:03:15.774 [DEBUG] [org.gradle.cache.internal.DefaultFileLockManager] Waiting to acquire shared lock on daemon addresses registry.
11:03:15.774 [DEBUG] [org.gradle.cache.internal.DefaultFileLockManager] Lock acquired on daemon addresses registry.
11:03:15.774 [DEBUG] [org.gradle.cache.internal.DefaultFileLockManager] Releasing lock on daemon addresses registry.
11:03:15.774 [DEBUG] [org.gradle.cache.internal.DefaultFileLockManager] Waiting to acquire shared lock on daemon addresses registry.
11:03:15.774 [DEBUG] [org.gradle.cache.internal.DefaultFileLockManager] Lock acquired on daemon addresses registry.
11:03:15.774 [DEBUG] [org.gradle.cache.internal.DefaultFileLockManager] Releasing lock on daemon addresses registry.
11:03:15.774 [DEBUG] [org.gradle.cache.internal.DefaultFileLockManager] Waiting to acquire shared lock on daemon addresses registry.
11:03:15.774 [DEBUG] [org.gradle.cache.internal.DefaultFileLockManager] Lock acquired on daemon addresses registry.
11:03:15.774 [DEBUG] [org.gradle.cache.internal.DefaultFileLockManager] Releasing lock on daemon addresses registry.
11:03:25.774 [DEBUG] [org.gradle.launcher.daemon.server.Daemon] DaemonExpirationPeriodicCheck running
11:03:25.774 [DEBUG] [org.gradle.cache.internal.DefaultFileLockManager] Waiting to acquire shared lock on daemon addresses registry.
11:03:25.774 [DEBUG] [org.gradle.cache.internal.DefaultFileLockManager] Lock acquired on daemon addresses registry.
11:03:25.774 [DEBUG] [org.gradle.cache.internal.DefaultFileLockManager] Releasing lock on daemon addresses registry.
11:03:25.774 [DEBUG] [org.gradle.cache.internal.DefaultFileLockManager] Waiting to acquire shared lock on daemon addresses registry.
11:03:25.774 [DEBUG] [org.gradle.cache.internal.DefaultFileLockManager] Lock acquired on daemon addresses registry.
11:03:25.774 [DEBUG] [org.gradle.cache.internal.DefaultFileLockManager] Releasing lock on daemon addresses registry.
11:03:25.774 [DEBUG] [org.gradle.cache.internal.DefaultFileLockManager] Waiting to acquire shared lock on daemon addresses registry.
11:03:25.774 [DEBUG] [org.gradle.cache.internal.DefaultFileLockManager] Lock acquired on daemon addresses registry.
11:03:25.774 [DEBUG] [org.gradle.cache.internal.DefaultFileLockManager] Releasing lock on daemon addresses registry.
11:03:35.774 [DEBUG] [org.gradle.launcher.daemon.server.Daemon] DaemonExpirationPeriodicCheck running
11:03:35.774 [DEBUG] [org.gradle.cache.internal.DefaultFileLockManager] Waiting to acquire shared lock on daemon addresses registry.
11:03:35.774 [DEBUG] [org.gradle.cache.internal.DefaultFileLockManager] Lock acquired on daemon addresses registry.
11:03:35.774 [DEBUG] [org.gradle.cache.internal.DefaultFileLockManager] Releasing lock on daemon addresses registry.
11:03:35.774 [DEBUG] [org.gradle.cache.internal.DefaultFileLockManager] Waiting to acquire shared lock on daemon addresses registry.
11:03:35.774 [DEBUG] [org.gradle.cache.internal.DefaultFileLockManager] Lock acquired on daemon addresses registry.
11:03:35.774 [DEBUG] [org.gradle.cache.internal.DefaultFileLockManager] Releasing lock on daemon addresses registry.
11:03:35.774 [DEBUG] [org.gradle.cache.internal.DefaultFileLockManager] Waiting to acquire shared lock on daemon addresses registry.
11:03:35.774 [DEBUG] [org.gradle.cache.internal.DefaultFileLockManager] Lock acquired on daemon addresses registry.
11:03:35.774 [DEBUG] [org.gradle.cache.internal.DefaultFileLockManager] Releasing lock on daemon addresses registry.
11:03:45.774 [DEBUG] [org.gradle.launcher.daemon.server.Daemon] DaemonExpirationPeriodicCheck running
11:03:45.774 [DEBUG] [org.gradle.cache.internal.DefaultFileLockManager] Waiting to acquire shared lock on daemon addresses registry.
11:03:45.774 [DEBUG] [org.gradle.cache.internal.DefaultFileLockManager] Lock acquired on daemon addresses registry.
11:03:45.774 [DEBUG] [org.gradle.cache.internal.DefaultFileLockManager] Releasing lock on daemon addresses registry.
11:03:45.774 [DEBUG] [org.gradle.cache.internal.DefaultFileLockManager] Waiting to acquire shared lock on daemon addresses registry.
11:03:45.774 [DEBUG] [org.gradle.cache.internal.DefaultFileLockManager] Lock acquired on daemon addresses registry.
11:03:45.774 [DEBUG] [org.gradle.cache.internal.DefaultFileLockManager] Releasing lock on daemon addresses registry.
11:03:45.774 [DEBUG] [org.gradle.cache.internal.DefaultFileLockManager] Waiting to acquire shared lock on daemon addresses registry.
11:03:45.774 [DEBUG] [org.gradle.cache.internal.DefaultFileLockManager] Lock acquired on daemon addresses registry.
11:03:45.774 [DEBUG] [org.gradle.cache.internal.DefaultFileLockManager] Releasing lock on daemon addresses registry.
11:03:55.774 [DEBUG] [org.gradle.launcher.daemon.server.Daemon] DaemonExpirationPeriodicCheck running
11:03:55.774 [DEBUG] [org.gradle.cache.internal.DefaultFileLockManager] Waiting to acquire shared lock on daemon addresses registry.
11:03:55.774 [DEBUG] [org.gradle.cache.internal.DefaultFileLockManager] Lock acquired on daemon addresses registry.
11:03:55.774 [DEBUG] [org.gradle.cache.internal.DefaultFileLockManager] Releasing lock on daemon addresses registry.
11:03:55.774 [DEBUG] [org.gradle.cache.internal.DefaultFileLockManager] Waiting to acquire shared lock on daemon addresses registry.
11:03:55.774 [DEBUG] [org.gradle.cache.internal.DefaultFileLockManager] Lock acquired on daemon addresses registry.
11:03:55.774 [DEBUG] [org.gradle.cache.internal.DefaultFileLockManager] Releasing lock on daemon addresses registry.
11:03:55.774 [DEBUG] [org.gradle.cache.internal.DefaultFileLockManager] Waiting to acquire shared lock on daemon addresses registry.
11:03:55.774 [DEBUG] [org.gradle.cache.internal.DefaultFileLockManager] Lock acquired on daemon addresses registry.
11:03:55.774 [DEBUG] [org.gradle.cache.internal.DefaultFileLockManager] Releasing lock on daemon addresses registry.
11:04:05.774 [DEBUG] [org.gradle.launcher.daemon.server.Daemon] DaemonExpirationPeriodicCheck running
11:04:05.774 [DEBUG] [org.gradle.cache.internal.DefaultFileLockManager] Waiting to acquire shared lock on daemon addresses registry.
11:04:05.774 [DEBUG] [org.gradle.cache.internal.DefaultFileLockManager] Lock acquired on daemon addresses registry.
11:04:05.774 [DEBUG] [org.gradle.cache.internal.DefaultFileLockManager] Releasing lock on daemon addresses registry.
11:04:05.774 [DEBUG] [org.gradle.cache.internal.DefaultFileLockManager] Waiting to acquire shared lock on daemon addresses registry.
11:04:05.774 [DEBUG] [org.gradle.cache.internal.DefaultFileLockManager] Lock acquired on daemon addresses registry.
11:04:05.774 [DEBUG] [org.gradle.cache.internal.DefaultFileLockManager] Releasing lock on daemon addresses registry.
11:04:05.774 [DEBUG] [org.gradle.cache.internal.DefaultFileLockManager] Waiting to acquire shared lock on daemon addresses registry.
11:04:05.774 [DEBUG] [org.gradle.cache.internal.DefaultFileLockManager] Lock acquired on daemon addresses registry.
11:04:05.774 [DEBUG] [org.gradle.cache.internal.DefaultFileLockManager] Releasing lock on daemon addresses registry.
11:04:15.774 [DEBUG] [org.gradle.launcher.daemon.server.Daemon] DaemonExpirationPeriodicCheck running
11:04:15.774 [DEBUG] [org.gradle.cache.internal.DefaultFileLockManager] Waiting to acquire shared lock on daemon addresses registry.
11:04:15.774 [DEBUG] [org.gradle.cache.internal.DefaultFileLockManager] Lock acquired on daemon addresses registry.
11:04:15.774 [DEBUG] [org.gradle.cache.internal.DefaultFileLockManager] Releasing lock on daemon addresses registry.
11:04:15.774 [DEBUG] [org.gradle.cache.internal.DefaultFileLockManager] Waiting to acquire shared lock on daemon addresses registry.
11:04:15.774 [DEBUG] [org.gradle.cache.internal.DefaultFileLockManager] Lock acquired on daemon addresses registry.
11:04:15.774 [DEBUG] [org.gradle.cache.internal.DefaultFileLockManager] Releasing lock on daemon addresses registry.
11:04:15.774 [DEBUG] [org.gradle.cache.internal.DefaultFileLockManager] Waiting to acquire shared lock on daemon addresses registry.
11:04:15.774 [DEBUG] [org.gradle.cache.internal.DefaultFileLockManager] Lock acquired on daemon addresses registry.
11:04:15.774 [DEBUG] [org.gradle.cache.internal.DefaultFileLockManager] Releasing lock on daemon addresses registry.
11:04:25.774 [DEBUG] [org.gradle.launcher.daemon.server.Daemon] DaemonExpirationPeriodicCheck running
11:04:25.774 [DEBUG] [org.gradle.cache.internal.DefaultFileLockManager] Waiting to acquire shared lock on daemon addresses registry.
11:04:25.774 [DEBUG] [org.gradle.cache.internal.DefaultFileLockManager] Lock acquired on daemon addresses registry.
11:04:25.774 [DEBUG] [org.gradle.cache.internal.DefaultFileLockManager] Releasing lock on daemon addresses registry.
11:04:25.774 [DEBUG] [org.gradle.cache.internal.DefaultFileLockManager] Waiting to acquire shared lock on daemon addresses registry.
11:04:25.774 [DEBUG] [org.gradle.cache.internal.DefaultFileLockManager] Lock acquired on daemon addresses registry.
11:04:25.774 [DEBUG] [org.gradle.cache.internal.DefaultFileLockManager] Releasing lock on daemon addresses registry.
11:04:25.774 [DEBUG] [org.gradle.cache.internal.DefaultFileLockManager] Waiting to acquire shared lock on daemon addresses registry.
11:04:25.774 [DEBUG] [org.gradle.cache.internal.DefaultFileLockManager] Lock acquired on daemon addresses registry.
11:04:25.774 [DEBUG] [org.gradle.cache.internal.DefaultFileLockManager] Releasing lock on daemon addresses registry.
11:04:35.774 [DEBUG] [org.gradle.launcher.daemon.server.Daemon] DaemonExpirationPeriodicCheck running
11:04:35.774 [DEBUG] [org.gradle.cache.internal.DefaultFileLockManager] Waiting to acquire shared lock on daemon addresses registry.
11:04:35.774 [DEBUG] [org.gradle.cache.internal.DefaultFileLockManager] Lock acquired on daemon addresses registry.
11:04:35.774 [DEBUG] [org.gradle.cache.internal.DefaultFileLockManager] Releasing lock on daemon addresses registry.
11:04:35.774 [DEBUG] [org.gradle.cache.internal.DefaultFileLockManager] Waiting to acquire shared lock on daemon addresses registry.
11:04:35.774 [DEBUG] [org.gradle.cache.internal.DefaultFileLockManager] Lock acquired on daemon addresses registry.
11:04:35.774 [DEBUG] [org.gradle.cache.internal.DefaultFileLockManager] Releasing lock on daemon addresses registry.
11:04:35.774 [DEBUG] [org.gradle.cache.internal.DefaultFileLockManager] Waiting to acquire shared lock on daemon addresses registry.
11:04:35.774 [DEBUG] [org.gradle.cache.internal.DefaultFileLockManager] Lock acquired on daemon addresses registry.
11:04:35.774 [DEBUG] [org.gradle.cache.internal.DefaultFileLockManager] Releasing lock on daemon addresses registry.
11:04:45.774 [DEBUG] [org.gradle.launcher.daemon.server.Daemon] DaemonExpirationPeriodicCheck running
11:04:45.774 [DEBUG] [org.gradle.cache.internal.DefaultFileLockManager] Waiting to acquire shared lock on daemon addresses registry.
11:04:45.774 [DEBUG] [org.gradle.cache.internal.DefaultFileLockManager] Lock acquired on daemon addresses registry.
11:04:45.774 [DEBUG] [org.gradle.cache.internal.DefaultFileLockManager] Releasing lock on daemon addresses registry.
11:04:45.774 [DEBUG] [org.gradle.cache.internal.DefaultFileLockManager] Waiting to acquire shared lock on daemon addresses registry.
11:04:45.774 [DEBUG] [org.gradle.cache.internal.DefaultFileLockManager] Lock acquired on daemon addresses registry.
11:04:45.774 [DEBUG] [org.gradle.cache.internal.DefaultFileLockManager] Releasing lock on daemon addresses registry.
11:04:45.774 [DEBUG] [org.gradle.cache.internal.DefaultFileLockManager] Waiting to acquire shared lock on daemon addresses registry.
11:04:45.774 [DEBUG] [org.gradle.cache.internal.DefaultFileLockManager] Lock acquired on daemon addresses registry.
11:04:45.774 [DEBUG] [org.gradle.cache.internal.DefaultFileLockManager] Releasing lock on daemon addresses registry.
11:04:55.774 [DEBUG] [org.gradle.launcher.daemon.server.Daemon] DaemonExpirationPeriodicCheck running
11:04:55.774 [DEBUG] [org.gradle.cache.internal.DefaultFileLockManager] Waiting to acquire shared lock on daemon addresses registry.
11:04:55.774 [DEBUG] [org.gradle.cache.internal.DefaultFileLockManager] Lock acquired on daemon addresses registry.
11:04:55.774 [DEBUG] [org.gradle.cache.internal.DefaultFileLockManager] Releasing lock on daemon addresses registry.
11:04:55.774 [DEBUG] [org.gradle.cache.internal.DefaultFileLockManager] Waiting to acquire shared lock on daemon addresses registry.
11:04:55.774 [DEBUG] [org.gradle.cache.internal.DefaultFileLockManager] Lock acquired on daemon addresses registry.
11:04:55.774 [DEBUG] [org.gradle.cache.internal.DefaultFileLockManager] Releasing lock on daemon addresses registry.
11:04:55.774 [DEBUG] [org.gradle.cache.internal.DefaultFileLockManager] Waiting to acquire shared lock on daemon addresses registry.
11:04:55.774 [DEBUG] [org.gradle.cache.internal.DefaultFileLockManager] Lock acquired on daemon addresses registry.
11:04:55.774 [DEBUG] [org.gradle.cache.internal.DefaultFileLockManager] Releasing lock on daemon addresses registry.
11:05:05.774 [DEBUG] [org.gradle.launcher.daemon.server.Daemon] DaemonExpirationPeriodicCheck running
11:05:05.774 [DEBUG] [org.gradle.cache.internal.DefaultFileLockManager] Waiting to acquire shared lock on daemon addresses registry.
11:05:05.774 [DEBUG] [org.gradle.cache.internal.DefaultFileLockManager] Lock acquired on daemon addresses registry.
11:05:05.774 [DEBUG] [org.gradle.cache.internal.DefaultFileLockManager] Releasing lock on daemon addresses registry.
11:05:05.774 [DEBUG] [org.gradle.cache.internal.DefaultFileLockManager] Waiting to acquire shared lock on daemon addresses registry.
11:05:05.774 [DEBUG] [org.gradle.cache.internal.DefaultFileLockManager] Lock acquired on daemon addresses registry.
11:05:05.774 [DEBUG] [org.gradle.cache.internal.DefaultFileLockManager] Releasing lock on daemon addresses registry.
11:05:05.774 [DEBUG] [org.gradle.cache.internal.DefaultFileLockManager] Waiting to acquire shared lock on daemon addresses registry.
11:05:05.774 [DEBUG] [org.gradle.cache.internal.DefaultFileLockManager] Lock acquired on daemon addresses registry.
11:05:05.774 [DEBUG] [org.gradle.cache.internal.DefaultFileLockManager] Releasing lock on daemon addresses registry.
11:05:15.774 [DEBUG] [org.gradle.launcher.daemon.server.Daemon] DaemonExpirationPeriodicCheck running
11:05:15.774 [DEBUG] [org.gradle.cache.internal.DefaultFileLockManager] Waiting to acquire shared lock on daemon addresses registry.
11:05:15.774 [DEBUG] [org.gradle.cache.internal.DefaultFileLockManager] Lock acquired on daemon addresses registry.
11:05:15.774 [DEBUG] [org.gradle.cache.internal.DefaultFileLockManager] Releasing lock on daemon addresses registry.
11:05:15.774 [DEBUG] [org.gradle.cache.internal.DefaultFileLockManager] Waiting to acquire shared lock on daemon addresses registry.
11:05:15.774 [DEBUG] [org.gradle.cache.internal.DefaultFileLockManager] Lock acquired on daemon addresses registry.
11:05:15.774 [DEBUG] [org.gradle.cache.internal.DefaultFileLockManager] Releasing lock on daemon addresses registry.
11:05:15.774 [DEBUG] [org.gradle.cache.internal.DefaultFileLockManager] Waiting to acquire shared lock on daemon addresses registry.
11:05:15.774 [DEBUG] [org.gradle.cache.internal.DefaultFileLockManager] Lock acquired on daemon addresses registry.
11:05:15.774 [DEBUG] [org.gradle.cache.internal.DefaultFileLockManager] Releasing lock on daemon addresses registry.
11:05:25.774 [DEBUG] [org.gradle.launcher.daemon.server.Daemon] DaemonExpirationPeriodicCheck running
11:05:25.774 [DEBUG] [org.gradle.cache.internal.DefaultFileLockManager] Waiting to acquire shared lock on daemon addresses registry.
11:05:25.774 [DEBUG] [org.gradle.cache.internal.DefaultFileLockManager] Lock acquired on daemon addresses registry.
11:05:25.774 [DEBUG] [org.gradle.cache.internal.DefaultFileLockManager] Releasing lock on daemon addresses registry.
11:05:25.774 [DEBUG] [org.gradle.cache.internal.DefaultFileLockManager] Waiting to acquire shared lock on daemon addresses registry.
11:05:25.774 [DEBUG] [org.gradle.cache.internal.DefaultFileLockManager] Lock acquired on daemon addresses registry.
11:05:25.774 [DEBUG] [org.gradle.cache.internal.DefaultFileLockManager] Releasing lock on daemon addresses registry.
11:05:25.774 [DEBUG] [org.gradle.cache.internal.DefaultFileLockManager] Waiting to acquire shared lock on daemon addresses registry.
11:05:25.774 [DEBUG] [org.gradle.cache.internal.DefaultFileLockManager] Lock acquired on daemon addresses registry.
11:05:25.774 [DEBUG] [org.gradle.cache.internal.DefaultFileLockManager] Releasing lock on daemon addresses registry.
11:05:35.774 [DEBUG] [org.gradle.launcher.daemon.server.Daemon] DaemonExpirationPeriodicCheck running
11:05:35.774 [DEBUG] [org.gradle.cache.internal.DefaultFileLockManager] Waiting to acquire shared lock on daemon addresses registry.
11:05:35.774 [DEBUG] [org.gradle.cache.internal.DefaultFileLockManager] Lock acquired on daemon addresses registry.
11:05:35.774 [DEBUG] [org.gradle.cache.internal.DefaultFileLockManager] Releasing lock on daemon addresses registry.
11:05:35.774 [DEBUG] [org.gradle.cache.internal.DefaultFileLockManager] Waiting to acquire shared lock on daemon addresses registry.
11:05:35.774 [DEBUG] [org.gradle.cache.internal.DefaultFileLockManager] Lock acquired on daemon addresses registry.
11:05:35.774 [DEBUG] [org.gradle.cache.internal.DefaultFileLockManager] Releasing lock on daemon addresses registry.
11:05:35.774 [DEBUG] [org.gradle.cache.internal.DefaultFileLockManager] Waiting to acquire shared lock on daemon addresses registry.
11:05:35.774 [DEBUG] [org.gradle.cache.internal.DefaultFileLockManager] Lock acquired on daemon addresses registry.
11:05:35.774 [DEBUG] [org.gradle.cache.internal.DefaultFileLockManager] Releasing lock on daemon addresses registry.
11:05:45.774 [DEBUG] [org.gradle.launcher.daemon.server.Daemon] DaemonExpirationPeriodicCheck running
11:05:45.774 [DEBUG] [org.gradle.cache.internal.DefaultFileLockManager] Waiting to acquire shared lock on daemon addresses registry.
11:05:45.774 [DEBUG] [org.gradle.cache.internal.DefaultFileLockManager] Lock acquired on daemon addresses registry.
11:05:45.774 [DEBUG] [org.gradle.cache.internal.DefaultFileLockManager] Releasing lock on daemon addresses registry.
11:05:45.774 [DEBUG] [org.gradle.cache.internal.DefaultFileLockManager] Waiting to acquire shared lock on daemon addresses registry.
11:05:45.774 [DEBUG] [org.gradle.cache.internal.DefaultFileLockManager] Lock acquired on daemon addresses registry.
11:05:45.774 [DEBUG] [org.gradle.cache.internal.DefaultFileLockManager] Releasing lock on daemon addresses registry.
11:05:45.774 [DEBUG] [org.gradle.cache.internal.DefaultFileLockManager] Waiting to acquire shared lock on daemon addresses registry.
11:05:45.774 [DEBUG] [org.gradle.cache.internal.DefaultFileLockManager] Lock acquired on daemon addresses registry.
11:05:45.774 [DEBUG] [org.gradle.cache.internal.DefaultFileLockManager] Releasing lock on daemon addresses registry.
11:05:55.642 [DEBUG] [org.gradle.internal.remote.internal.inet.TcpIncomingConnector] Accepted connection from /0:0:0:0:0:0:0:1:52332 to /0:0:0:0:0:0:0:1:42395.
11:05:55.667 [DEBUG] [org.gradle.launcher.daemon.server.SynchronizedDispatchConnection] thread 45: received class org.gradle.launcher.daemon.protocol.Build
11:05:55.667 [DEBUG] [org.gradle.launcher.daemon.server.DefaultDaemonConnection] thread 45: Received non-IO message from client: Build{id=677d79ae-5707-4a93-abb8-ab2fbc9a6b7e.1, currentDir=/home/student/gradleapp}
11:05:55.667 [INFO] [org.gradle.launcher.daemon.server.DefaultIncomingConnectionHandler] Received command: Build{id=677d79ae-5707-4a93-abb8-ab2fbc9a6b7e.1, currentDir=/home/student/gradleapp}.
11:05:55.667 [DEBUG] [org.gradle.launcher.daemon.server.DefaultIncomingConnectionHandler] Starting executing command: Build{id=677d79ae-5707-4a93-abb8-ab2fbc9a6b7e.1, currentDir=/home/student/gradleapp} with connection: socket connection from /0:0:0:0:0:0:0:1:42395 to /0:0:0:0:0:0:0:1:52332.
11:05:55.667 [ERROR] [org.gradle.launcher.daemon.server.DaemonStateCoordinator] Command execution: started DaemonCommandExecution[command = Build{id=677d79ae-5707-4a93-abb8-ab2fbc9a6b7e.1, currentDir=/home/student/gradleapp}, connection = DefaultDaemonConnection: socket connection from /0:0:0:0:0:0:0:1:42395 to /0:0:0:0:0:0:0:1:52332] after 3.0 minutes of idle
11:05:55.667 [INFO] [org.gradle.launcher.daemon.server.DaemonRegistryUpdater] Marking the daemon as busy, address: [c5abe67c-4535-46a6-8549-8ed66c8be0f4 port:42395, addresses:[/0:0:0:0:0:0:0:1%lo, /127.0.0.1]]
11:05:55.667 [DEBUG] [org.gradle.launcher.daemon.registry.PersistentDaemonRegistry] Marking busy by address: [c5abe67c-4535-46a6-8549-8ed66c8be0f4 port:42395, addresses:[/0:0:0:0:0:0:0:1%lo, /127.0.0.1]]
11:05:55.667 [DEBUG] [org.gradle.cache.internal.DefaultFileLockManager] Waiting to acquire exclusive lock on daemon addresses registry.
11:05:55.667 [DEBUG] [org.gradle.cache.internal.DefaultFileLockManager] Lock acquired on daemon addresses registry.
11:05:55.668 [DEBUG] [org.gradle.cache.internal.DefaultFileLockManager] Releasing lock on daemon addresses registry.
11:05:55.668 [DEBUG] [org.gradle.launcher.daemon.server.DaemonStateCoordinator] resetting idle timer
11:05:55.668 [DEBUG] [org.gradle.launcher.daemon.server.DaemonStateCoordinator] daemon is running. Sleeping until state changes.
11:05:55.668 [INFO] [org.gradle.launcher.daemon.server.exec.StartBuildOrRespondWithBusy] Daemon is about to start building Build{id=677d79ae-5707-4a93-abb8-ab2fbc9a6b7e.1, currentDir=/home/student/gradleapp}. Dispatching build started information...
11:05:55.668 [DEBUG] [org.gradle.launcher.daemon.server.SynchronizedDispatchConnection] thread 47: dispatching class org.gradle.launcher.daemon.protocol.BuildStarted
11:05:55.668 [DEBUG] [org.gradle.launcher.daemon.server.exec.EstablishBuildEnvironment] Configuring env variables: {PATH=/usr/local/sbin:/usr/local/bin:/usr/sbin:/usr/bin:/sbin:/bin:/usr/games:/usr/local/games:/snap/bin:/snap/bin, XAUTHORITY=/run/user/1001/.mutter-Xwaylandauth.IN53L3, LESSCLOSE=/usr/bin/lesspipe %s %s, XMODIFIERS=@im=ibus, XDG_DATA_DIRS=/usr/share/ubuntu:/usr/local/share/:/usr/share/:/var/lib/snapd/desktop, GDMSESSION=ubuntu, QT_IM_MODULE=ibus, TERM=xterm-256color, XDG_CONFIG_DIRS=/etc/xdg/xdg-ubuntu:/etc/xdg, GNOME_TERMINAL_SERVICE=:1.99, LANG=en_IN, DBUS_SESSION_BUS_ADDRESS=unix:path=/run/user/1001/bus, XDG_SESSION_TYPE=wayland, XDG_CURRENT_DESKTOP=ubuntu:GNOME, DISPLAY=:0, WAYLAND_DISPLAY=wayland-0, COLORTERM=truecolor, SESSION_MANAGER=local/aimll501pc12-HP-Pro-Tower-280-G9-PCI-Desktop-PC:@/tmp/.ICE-unix/1728,unix/aimll501pc12-HP-Pro-Tower-280-G9-PCI-Desktop-PC:/tmp/.ICE-unix/1728, USERNAME=student, LOGNAME=student, PWD=/home/student/gradleapp, IM_CONFIG_PHASE=1, XDG_SESSION_CLASS=user, _=/usr/bin/gradle, LANGUAGE=en_IN:en, SHELL=/bin/bash, LESSOPEN=| /usr/bin/lesspipe %s, DESKTOP_SESSION=ubuntu, OLDPWD=/usr/share/gradle, USER=student, XDG_MENU_PREFIX=gnome-, VTE_VERSION=6800, QT_ACCESSIBILITY=1, GNOME_DESKTOP_SESSION_ID=this-is-deprecated, SSH_AUTH_SOCK=/run/user/1001/keyring/ssh, GNOME_TERMINAL_SCREEN=/org/gnome/Terminal/screen/00451b6d_34b3_4201_9694_13d3c98f1d31, GTK_MODULES=gail:atk-bridge, GNOME_SHELL_SESSION_MODE=ubuntu, SYSTEMD_EXEC_PID=1759, LS_COLORS=rs=0:di=01;34:ln=01;36:mh=00:pi=40;33:so=01;35:do=01;35:bd=40;33;01:cd=40;33;01:or=40;31;01:mi=00:su=37;41:sg=30;43:ca=30;41:tw=30;42:ow=34;42:st=37;44:ex=01;32:*.tar=01;31:*.tgz=01;31:*.arc=01;31:*.arj=01;31:*.taz=01;31:*.lha=01;31:*.lz4=01;31:*.lzh=01;31:*.lzma=01;31:*.tlz=01;31:*.txz=01;31:*.tzo=01;31:*.t7z=01;31:*.zip=01;31:*.z=01;31:*.dz=01;31:*.gz=01;31:*.lrz=01;31:*.lz=01;31:*.lzo=01;31:*.xz=01;31:*.zst=01;31:*.tzst=01;31:*.bz2=01;31:*.bz=01;31:*.tbz=01;31:*.tbz2=01;31:*.tz=01;31:*.deb=01;31:*.rpm=01;31:*.jar=01;31:*.war=01;31:*.ear=01;31:*.sar=01;31:*.rar=01;31:*.alz=01;31:*.ace=01;31:*.zoo=01;31:*.cpio=01;31:*.7z=01;31:*.rz=01;31:*.cab=01;31:*.wim=01;31:*.swm=01;31:*.dwm=01;31:*.esd=01;31:*.jpg=01;35:*.jpeg=01;35:*.mjpg=01;35:*.mjpeg=01;35:*.gif=01;35:*.bmp=01;35:*.pbm=01;35:*.pgm=01;35:*.ppm=01;35:*.tga=01;35:*.xbm=01;35:*.xpm=01;35:*.tif=01;35:*.tiff=01;35:*.png=01;35:*.svg=01;35:*.svgz=01;35:*.mng=01;35:*.pcx=01;35:*.mov=01;35:*.mpg=01;35:*.mpeg=01;35:*.m2v=01;35:*.mkv=01;35:*.webm=01;35:*.webp=01;35:*.ogm=01;35:*.mp4=01;35:*.m4v=01;35:*.mp4v=01;35:*.vob=01;35:*.qt=01;35:*.nuv=01;35:*.wmv=01;35:*.asf=01;35:*.rm=01;35:*.rmvb=01;35:*.flc=01;35:*.avi=01;35:*.fli=01;35:*.flv=01;35:*.gl=01;35:*.dl=01;35:*.xcf=01;35:*.xwd=01;35:*.yuv=01;35:*.cgm=01;35:*.emf=01;35:*.ogv=01;35:*.ogx=01;35:*.aac=00;36:*.au=00;36:*.flac=00;36:*.m4a=00;36:*.mid=00;36:*.midi=00;36:*.mka=00;36:*.mp3=00;36:*.mpc=00;36:*.ogg=00;36:*.ra=00;36:*.wav=00;36:*.oga=00;36:*.opus=00;36:*.spx=00;36:*.xspf=00;36:, XDG_SESSION_DESKTOP=ubuntu, XDG_RUNTIME_DIR=/run/user/1001, GNOME_SETUP_DISPLAY=:1, SSH_AGENT_LAUNCHER=gnome-keyring, HOME=/home/student, SHLVL=1}
11:05:55.668 [WARN] [org.gradle.launcher.daemon.server.exec.EstablishBuildEnvironment] Warning: Unable able to set daemon's environment variables to match the client because: 
  Java 9 does not support modifying environment variables.
  If the daemon was started with a significantly different environment from the client, and your build 
  relies on environment variables, you may experience unexpected behavior.
11:05:55.668 [DEBUG] [org.gradle.launcher.daemon.server.exec.LogToClient] About to start relaying all logs to the client via the connection.
11:05:55.668 [INFO] [org.gradle.launcher.daemon.server.exec.LogToClient] The client will now receive all logging from the daemon (pid: 3563). The daemon log file: /home/student/.gradle/daemon/4.4.1/daemon-3563.out.log
11:05:55.669 [INFO] [org.gradle.launcher.daemon.server.exec.LogAndCheckHealth] Starting 5th build in daemon [uptime: 5 mins 19.956 secs, performance: 99%]
11:05:55.669 [DEBUG] [org.gradle.launcher.daemon.server.exec.ExecuteBuild] The daemon has started executing the build.
11:05:55.669 [DEBUG] [org.gradle.launcher.daemon.server.exec.ExecuteBuild] Executing build with daemon context: DefaultDaemonContext[uid=6097f117-ad2a-4ee3-92ec-fb117d27c418,javaHome=/usr/lib/jvm/java-11-openjdk-amd64,daemonRegistryDir=/home/student/.gradle/daemon,pid=3563,idleTimeout=10800000,daemonOpts=-XX:+HeapDumpOnOutOfMemoryError,-Xmx1024m,-Dfile.encoding=UTF-8,-Duser.country=IN,-Duser.language=en,-Duser.variant]

FAILURE: Build failed with an exception.

* What went wrong:
Task 'application' not found in root project 'gradleapp'.

* Try:
Run gradle tasks to get a list of available tasks. Run with --stacktrace option to get the stack trace. Run with --info or --debug option to get more log output. Run with --scan to get full insights.

* Get more help at https://help.gradle.org

BUILD FAILED in 0s
11:05:55.679 [DEBUG] [org.gradle.launcher.daemon.server.exec.ExecuteBuild] The daemon has finished executing the build.
11:05:55.689 [DEBUG] [org.gradle.launcher.daemon.server.DaemonStateCoordinator] daemon is running. Sleeping until state changes.
11:05:55.689 [DEBUG] [org.gradle.launcher.daemon.server.DaemonStateCoordinator] Command execution: finished waiting for DaemonCommandExecution[command = Build{id=677d79ae-5707-4a93-abb8-ab2fbc9a6b7e.1, currentDir=/home/student/gradleapp}, connection = DefaultDaemonConnection: socket connection from /0:0:0:0:0:0:0:1:42395 to /0:0:0:0:0:0:0:1:52332]. Result org.gradle.launcher.daemon.server.DaemonStateCoordinator@423d1111 with state Busy
11:05:55.689 [DEBUG] [org.gradle.launcher.daemon.server.DaemonStateCoordinator] Command execution: completed DaemonCommandExecution[command = Build{id=677d79ae-5707-4a93-abb8-ab2fbc9a6b7e.1, currentDir=/home/student/gradleapp}, connection = DefaultDaemonConnection: socket connection from /0:0:0:0:0:0:0:1:42395 to /0:0:0:0:0:0:0:1:52332]
11:05:55.689 [DEBUG] [org.gradle.launcher.daemon.server.DaemonStateCoordinator] resetting idle timer
11:05:55.689 [INFO] [org.gradle.launcher.daemon.server.DaemonRegistryUpdater] Marking the daemon as idle, address: [c5abe67c-4535-46a6-8549-8ed66c8be0f4 port:42395, addresses:[/0:0:0:0:0:0:0:1%lo, /127.0.0.1]]
11:05:55.689 [DEBUG] [org.gradle.launcher.daemon.registry.PersistentDaemonRegistry] Marking busy by address: [c5abe67c-4535-46a6-8549-8ed66c8be0f4 port:42395, addresses:[/0:0:0:0:0:0:0:1%lo, /127.0.0.1]]
11:05:55.689 [DEBUG] [org.gradle.cache.internal.DefaultFileLockManager] Waiting to acquire exclusive lock on daemon addresses registry.
11:05:55.690 [DEBUG] [org.gradle.cache.internal.DefaultFileLockManager] Lock acquired on daemon addresses registry.
11:05:55.690 [DEBUG] [org.gradle.cache.internal.DefaultFileLockManager] Releasing lock on daemon addresses registry.
11:05:55.690 [DEBUG] [org.gradle.launcher.daemon.server.exec.ReturnResult] Daemon is dispatching the build result: Failure[value=org.gradle.initialization.ReportedException: org.gradle.internal.exceptions.LocationAwareException: Task 'application' not found in root project 'gradleapp'.]
11:05:55.690 [DEBUG] [org.gradle.launcher.daemon.server.DaemonStateCoordinator] daemon is running. Sleeping until state changes.
11:05:55.690 [DEBUG] [org.gradle.launcher.daemon.server.SynchronizedDispatchConnection] thread 44: dispatching class org.gradle.launcher.daemon.protocol.Failure
11:05:55.691 [DEBUG] [org.gradle.launcher.daemon.server.DefaultIncomingConnectionHandler] Finishing executing command: Build{id=677d79ae-5707-4a93-abb8-ab2fbc9a6b7e.1, currentDir=/home/student/gradleapp}
11:05:55.701 [DEBUG] [org.gradle.launcher.daemon.server.SynchronizedDispatchConnection] thread 45: received class org.gradle.launcher.daemon.protocol.CloseInput
11:05:55.701 [DEBUG] [org.gradle.launcher.daemon.server.DefaultDaemonConnection] thread 45: Received IO message from client: org.gradle.launcher.daemon.protocol.CloseInput@6e7e827c
11:05:55.702 [DEBUG] [org.gradle.launcher.daemon.server.SynchronizedDispatchConnection] thread 45: received class org.gradle.launcher.daemon.protocol.Finished
11:05:55.702 [DEBUG] [org.gradle.launcher.daemon.server.DefaultDaemonConnection] thread 45: Received non-IO message from client: org.gradle.launcher.daemon.protocol.Finished@60b961c3
11:05:55.702 [DEBUG] [org.gradle.launcher.daemon.server.DefaultIncomingConnectionHandler] Received finished message: org.gradle.launcher.daemon.protocol.Finished@60b961c3
11:05:55.702 [DEBUG] [org.gradle.launcher.daemon.server.SynchronizedDispatchConnection] thread 44: stopping connection
11:05:55.702 [DEBUG] [org.gradle.internal.remote.internal.inet.SocketConnection] Discarding EOFException: java.io.EOFException
11:05:55.702 [DEBUG] [org.gradle.launcher.daemon.server.SynchronizedDispatchConnection] thread 45: received null
11:05:55.702 [DEBUG] [org.gradle.launcher.daemon.server.DefaultDaemonConnection] thread 45: Received end-of-input from client.
11:05:55.703 [DEBUG] [org.gradle.launcher.daemon.server.SynchronizedDispatchConnection] thread 44: stopping connection
11:05:55.773 [DEBUG] [org.gradle.launcher.daemon.server.Daemon] DaemonExpirationPeriodicCheck running
11:05:55.774 [DEBUG] [org.gradle.cache.internal.DefaultFileLockManager] Waiting to acquire shared lock on daemon addresses registry.
11:05:55.774 [DEBUG] [org.gradle.cache.internal.DefaultFileLockManager] Lock acquired on daemon addresses registry.
11:05:55.774 [DEBUG] [org.gradle.cache.internal.DefaultFileLockManager] Releasing lock on daemon addresses registry.
11:05:55.774 [DEBUG] [org.gradle.cache.internal.DefaultFileLockManager] Waiting to acquire shared lock on daemon addresses registry.
11:05:55.774 [DEBUG] [org.gradle.cache.internal.DefaultFileLockManager] Lock acquired on daemon addresses registry.
11:05:55.774 [DEBUG] [org.gradle.cache.internal.DefaultFileLockManager] Releasing lock on daemon addresses registry.
11:06:05.774 [DEBUG] [org.gradle.launcher.daemon.server.Daemon] DaemonExpirationPeriodicCheck running
11:06:05.774 [DEBUG] [org.gradle.cache.internal.DefaultFileLockManager] Waiting to acquire shared lock on daemon addresses registry.
11:06:05.774 [DEBUG] [org.gradle.cache.internal.DefaultFileLockManager] Lock acquired on daemon addresses registry.
11:06:05.774 [DEBUG] [org.gradle.cache.internal.DefaultFileLockManager] Releasing lock on daemon addresses registry.
11:06:05.774 [DEBUG] [org.gradle.cache.internal.DefaultFileLockManager] Waiting to acquire shared lock on daemon addresses registry.
11:06:05.774 [DEBUG] [org.gradle.cache.internal.DefaultFileLockManager] Lock acquired on daemon addresses registry.
11:06:05.774 [DEBUG] [org.gradle.cache.internal.DefaultFileLockManager] Releasing lock on daemon addresses registry.
11:06:05.774 [DEBUG] [org.gradle.cache.internal.DefaultFileLockManager] Waiting to acquire shared lock on daemon addresses registry.
11:06:05.774 [DEBUG] [org.gradle.cache.internal.DefaultFileLockManager] Lock acquired on daemon addresses registry.
11:06:05.774 [DEBUG] [org.gradle.cache.internal.DefaultFileLockManager] Releasing lock on daemon addresses registry.
11:06:14.657 [DEBUG] [org.gradle.internal.remote.internal.inet.TcpIncomingConnector] Accepted connection from /0:0:0:0:0:0:0:1:59764 to /0:0:0:0:0:0:0:1:42395.
11:06:14.682 [DEBUG] [org.gradle.launcher.daemon.server.SynchronizedDispatchConnection] thread 52: received class org.gradle.launcher.daemon.protocol.Build
11:06:14.682 [DEBUG] [org.gradle.launcher.daemon.server.DefaultDaemonConnection] thread 52: Received non-IO message from client: Build{id=71fbb912-ebfa-447f-bb5c-750f19dff826.1, currentDir=/home/student/gradleapp}
11:06:14.682 [INFO] [org.gradle.launcher.daemon.server.DefaultIncomingConnectionHandler] Received command: Build{id=71fbb912-ebfa-447f-bb5c-750f19dff826.1, currentDir=/home/student/gradleapp}.
11:06:14.682 [DEBUG] [org.gradle.launcher.daemon.server.DefaultIncomingConnectionHandler] Starting executing command: Build{id=71fbb912-ebfa-447f-bb5c-750f19dff826.1, currentDir=/home/student/gradleapp} with connection: socket connection from /0:0:0:0:0:0:0:1:42395 to /0:0:0:0:0:0:0:1:59764.
11:06:14.682 [ERROR] [org.gradle.launcher.daemon.server.DaemonStateCoordinator] Command execution: started DaemonCommandExecution[command = Build{id=71fbb912-ebfa-447f-bb5c-750f19dff826.1, currentDir=/home/student/gradleapp}, connection = DefaultDaemonConnection: socket connection from /0:0:0:0:0:0:0:1:42395 to /0:0:0:0:0:0:0:1:59764] after 0.0 minutes of idle
11:06:14.682 [INFO] [org.gradle.launcher.daemon.server.DaemonRegistryUpdater] Marking the daemon as busy, address: [c5abe67c-4535-46a6-8549-8ed66c8be0f4 port:42395, addresses:[/0:0:0:0:0:0:0:1%lo, /127.0.0.1]]
11:06:14.682 [DEBUG] [org.gradle.launcher.daemon.registry.PersistentDaemonRegistry] Marking busy by address: [c5abe67c-4535-46a6-8549-8ed66c8be0f4 port:42395, addresses:[/0:0:0:0:0:0:0:1%lo, /127.0.0.1]]
11:06:14.682 [DEBUG] [org.gradle.cache.internal.DefaultFileLockManager] Waiting to acquire exclusive lock on daemon addresses registry.
11:06:14.682 [DEBUG] [org.gradle.cache.internal.DefaultFileLockManager] Lock acquired on daemon addresses registry.
11:06:14.683 [DEBUG] [org.gradle.cache.internal.DefaultFileLockManager] Releasing lock on daemon addresses registry.
11:06:14.683 [DEBUG] [org.gradle.launcher.daemon.server.DaemonStateCoordinator] resetting idle timer
11:06:14.683 [DEBUG] [org.gradle.launcher.daemon.server.DaemonStateCoordinator] daemon is running. Sleeping until state changes.
11:06:14.683 [INFO] [org.gradle.launcher.daemon.server.exec.StartBuildOrRespondWithBusy] Daemon is about to start building Build{id=71fbb912-ebfa-447f-bb5c-750f19dff826.1, currentDir=/home/student/gradleapp}. Dispatching build started information...
11:06:14.683 [DEBUG] [org.gradle.launcher.daemon.server.SynchronizedDispatchConnection] thread 47: dispatching class org.gradle.launcher.daemon.protocol.BuildStarted
11:06:14.683 [DEBUG] [org.gradle.launcher.daemon.server.exec.EstablishBuildEnvironment] Configuring env variables: {PATH=/usr/local/sbin:/usr/local/bin:/usr/sbin:/usr/bin:/sbin:/bin:/usr/games:/usr/local/games:/snap/bin:/snap/bin, XAUTHORITY=/run/user/1001/.mutter-Xwaylandauth.IN53L3, LESSCLOSE=/usr/bin/lesspipe %s %s, XMODIFIERS=@im=ibus, XDG_DATA_DIRS=/usr/share/ubuntu:/usr/local/share/:/usr/share/:/var/lib/snapd/desktop, GDMSESSION=ubuntu, QT_IM_MODULE=ibus, TERM=xterm-256color, XDG_CONFIG_DIRS=/etc/xdg/xdg-ubuntu:/etc/xdg, GNOME_TERMINAL_SERVICE=:1.99, LANG=en_IN, DBUS_SESSION_BUS_ADDRESS=unix:path=/run/user/1001/bus, XDG_SESSION_TYPE=wayland, XDG_CURRENT_DESKTOP=ubuntu:GNOME, DISPLAY=:0, WAYLAND_DISPLAY=wayland-0, COLORTERM=truecolor, SESSION_MANAGER=local/aimll501pc12-HP-Pro-Tower-280-G9-PCI-Desktop-PC:@/tmp/.ICE-unix/1728,unix/aimll501pc12-HP-Pro-Tower-280-G9-PCI-Desktop-PC:/tmp/.ICE-unix/1728, USERNAME=student, LOGNAME=student, PWD=/home/student/gradleapp, IM_CONFIG_PHASE=1, XDG_SESSION_CLASS=user, _=/usr/bin/gradle, LANGUAGE=en_IN:en, SHELL=/bin/bash, LESSOPEN=| /usr/bin/lesspipe %s, DESKTOP_SESSION=ubuntu, OLDPWD=/usr/share/gradle, USER=student, XDG_MENU_PREFIX=gnome-, VTE_VERSION=6800, QT_ACCESSIBILITY=1, GNOME_DESKTOP_SESSION_ID=this-is-deprecated, SSH_AUTH_SOCK=/run/user/1001/keyring/ssh, GNOME_TERMINAL_SCREEN=/org/gnome/Terminal/screen/00451b6d_34b3_4201_9694_13d3c98f1d31, GTK_MODULES=gail:atk-bridge, GNOME_SHELL_SESSION_MODE=ubuntu, SYSTEMD_EXEC_PID=1759, LS_COLORS=rs=0:di=01;34:ln=01;36:mh=00:pi=40;33:so=01;35:do=01;35:bd=40;33;01:cd=40;33;01:or=40;31;01:mi=00:su=37;41:sg=30;43:ca=30;41:tw=30;42:ow=34;42:st=37;44:ex=01;32:*.tar=01;31:*.tgz=01;31:*.arc=01;31:*.arj=01;31:*.taz=01;31:*.lha=01;31:*.lz4=01;31:*.lzh=01;31:*.lzma=01;31:*.tlz=01;31:*.txz=01;31:*.tzo=01;31:*.t7z=01;31:*.zip=01;31:*.z=01;31:*.dz=01;31:*.gz=01;31:*.lrz=01;31:*.lz=01;31:*.lzo=01;31:*.xz=01;31:*.zst=01;31:*.tzst=01;31:*.bz2=01;31:*.bz=01;31:*.tbz=01;31:*.tbz2=01;31:*.tz=01;31:*.deb=01;31:*.rpm=01;31:*.jar=01;31:*.war=01;31:*.ear=01;31:*.sar=01;31:*.rar=01;31:*.alz=01;31:*.ace=01;31:*.zoo=01;31:*.cpio=01;31:*.7z=01;31:*.rz=01;31:*.cab=01;31:*.wim=01;31:*.swm=01;31:*.dwm=01;31:*.esd=01;31:*.jpg=01;35:*.jpeg=01;35:*.mjpg=01;35:*.mjpeg=01;35:*.gif=01;35:*.bmp=01;35:*.pbm=01;35:*.pgm=01;35:*.ppm=01;35:*.tga=01;35:*.xbm=01;35:*.xpm=01;35:*.tif=01;35:*.tiff=01;35:*.png=01;35:*.svg=01;35:*.svgz=01;35:*.mng=01;35:*.pcx=01;35:*.mov=01;35:*.mpg=01;35:*.mpeg=01;35:*.m2v=01;35:*.mkv=01;35:*.webm=01;35:*.webp=01;35:*.ogm=01;35:*.mp4=01;35:*.m4v=01;35:*.mp4v=01;35:*.vob=01;35:*.qt=01;35:*.nuv=01;35:*.wmv=01;35:*.asf=01;35:*.rm=01;35:*.rmvb=01;35:*.flc=01;35:*.avi=01;35:*.fli=01;35:*.flv=01;35:*.gl=01;35:*.dl=01;35:*.xcf=01;35:*.xwd=01;35:*.yuv=01;35:*.cgm=01;35:*.emf=01;35:*.ogv=01;35:*.ogx=01;35:*.aac=00;36:*.au=00;36:*.flac=00;36:*.m4a=00;36:*.mid=00;36:*.midi=00;36:*.mka=00;36:*.mp3=00;36:*.mpc=00;36:*.ogg=00;36:*.ra=00;36:*.wav=00;36:*.oga=00;36:*.opus=00;36:*.spx=00;36:*.xspf=00;36:, XDG_SESSION_DESKTOP=ubuntu, XDG_RUNTIME_DIR=/run/user/1001, GNOME_SETUP_DISPLAY=:1, SSH_AGENT_LAUNCHER=gnome-keyring, HOME=/home/student, SHLVL=1}
11:06:14.683 [WARN] [org.gradle.launcher.daemon.server.exec.EstablishBuildEnvironment] Warning: Unable able to set daemon's environment variables to match the client because: 
  Java 9 does not support modifying environment variables.
  If the daemon was started with a significantly different environment from the client, and your build 
  relies on environment variables, you may experience unexpected behavior.
11:06:14.683 [DEBUG] [org.gradle.launcher.daemon.server.exec.LogToClient] About to start relaying all logs to the client via the connection.
11:06:14.683 [INFO] [org.gradle.launcher.daemon.server.exec.LogToClient] The client will now receive all logging from the daemon (pid: 3563). The daemon log file: /home/student/.gradle/daemon/4.4.1/daemon-3563.out.log
11:06:14.684 [INFO] [org.gradle.launcher.daemon.server.exec.LogAndCheckHealth] Starting 6th build in daemon [uptime: 5 mins 38.971 secs, performance: 99%]
11:06:14.684 [DEBUG] [org.gradle.launcher.daemon.server.exec.ExecuteBuild] The daemon has started executing the build.
11:06:14.684 [DEBUG] [org.gradle.launcher.daemon.server.exec.ExecuteBuild] Executing build with daemon context: DefaultDaemonContext[uid=6097f117-ad2a-4ee3-92ec-fb117d27c418,javaHome=/usr/lib/jvm/java-11-openjdk-amd64,daemonRegistryDir=/home/student/.gradle/daemon,pid=3563,idleTimeout=10800000,daemonOpts=-XX:+HeapDumpOnOutOfMemoryError,-Xmx1024m,-Dfile.encoding=UTF-8,-Duser.country=IN,-Duser.language=en,-Duser.variant]
:wrapper
:init

BUILD SUCCESSFUL in 0s
2 actionable tasks: 2 executed
11:06:14.972 [DEBUG] [org.gradle.launcher.daemon.server.exec.ExecuteBuild] The daemon has finished executing the build.
11:06:14.977 [DEBUG] [org.gradle.launcher.daemon.server.DaemonStateCoordinator] Command execution: finished waiting for DaemonCommandExecution[command = Build{id=71fbb912-ebfa-447f-bb5c-750f19dff826.1, currentDir=/home/student/gradleapp}, connection = DefaultDaemonConnection: socket connection from /0:0:0:0:0:0:0:1:42395 to /0:0:0:0:0:0:0:1:59764]. Result org.gradle.launcher.daemon.server.DaemonStateCoordinator@423d1111 with state Busy
11:06:14.977 [DEBUG] [org.gradle.launcher.daemon.server.DaemonStateCoordinator] Command execution: completed DaemonCommandExecution[command = Build{id=71fbb912-ebfa-447f-bb5c-750f19dff826.1, currentDir=/home/student/gradleapp}, connection = DefaultDaemonConnection: socket connection from /0:0:0:0:0:0:0:1:42395 to /0:0:0:0:0:0:0:1:59764]
11:06:14.977 [DEBUG] [org.gradle.launcher.daemon.server.DaemonStateCoordinator] resetting idle timer
11:06:14.977 [INFO] [org.gradle.launcher.daemon.server.DaemonRegistryUpdater] Marking the daemon as idle, address: [c5abe67c-4535-46a6-8549-8ed66c8be0f4 port:42395, addresses:[/0:0:0:0:0:0:0:1%lo, /127.0.0.1]]
11:06:14.977 [DEBUG] [org.gradle.launcher.daemon.registry.PersistentDaemonRegistry] Marking busy by address: [c5abe67c-4535-46a6-8549-8ed66c8be0f4 port:42395, addresses:[/0:0:0:0:0:0:0:1%lo, /127.0.0.1]]
11:06:14.977 [DEBUG] [org.gradle.cache.internal.DefaultFileLockManager] Waiting to acquire exclusive lock on daemon addresses registry.
11:06:14.977 [DEBUG] [org.gradle.cache.internal.DefaultFileLockManager] Lock acquired on daemon addresses registry.
11:06:14.977 [DEBUG] [org.gradle.cache.internal.DefaultFileLockManager] Releasing lock on daemon addresses registry.
11:06:14.977 [DEBUG] [org.gradle.launcher.daemon.server.DaemonStateCoordinator] daemon is running. Sleeping until state changes.
11:06:14.977 [DEBUG] [org.gradle.launcher.daemon.server.exec.ReturnResult] Daemon is dispatching the build result: Success[value=null]
11:06:14.977 [DEBUG] [org.gradle.launcher.daemon.server.SynchronizedDispatchConnection] thread 44: dispatching class org.gradle.launcher.daemon.protocol.Success
11:06:14.978 [DEBUG] [org.gradle.launcher.daemon.server.DefaultIncomingConnectionHandler] Finishing executing command: Build{id=71fbb912-ebfa-447f-bb5c-750f19dff826.1, currentDir=/home/student/gradleapp}
11:06:14.979 [DEBUG] [org.gradle.launcher.daemon.server.SynchronizedDispatchConnection] thread 52: received class org.gradle.launcher.daemon.protocol.CloseInput
11:06:14.979 [DEBUG] [org.gradle.launcher.daemon.server.DefaultDaemonConnection] thread 52: Received IO message from client: org.gradle.launcher.daemon.protocol.CloseInput@681e74f9
11:06:14.981 [DEBUG] [org.gradle.launcher.daemon.server.SynchronizedDispatchConnection] thread 52: received class org.gradle.launcher.daemon.protocol.Finished
11:06:14.981 [DEBUG] [org.gradle.launcher.daemon.server.DefaultDaemonConnection] thread 52: Received non-IO message from client: org.gradle.launcher.daemon.protocol.Finished@2d1ce79e
11:06:14.981 [DEBUG] [org.gradle.internal.remote.internal.inet.SocketConnection] Discarding EOFException: java.io.EOFException
11:06:14.981 [DEBUG] [org.gradle.launcher.daemon.server.DefaultIncomingConnectionHandler] Received finished message: org.gradle.launcher.daemon.protocol.Finished@2d1ce79e
11:06:14.981 [DEBUG] [org.gradle.launcher.daemon.server.SynchronizedDispatchConnection] thread 52: received null
11:06:14.981 [DEBUG] [org.gradle.launcher.daemon.server.SynchronizedDispatchConnection] thread 44: stopping connection
11:06:14.981 [DEBUG] [org.gradle.launcher.daemon.server.DefaultDaemonConnection] thread 52: Received end-of-input from client.
11:06:14.981 [DEBUG] [org.gradle.launcher.daemon.server.SynchronizedDispatchConnection] thread 44: stopping connection
11:06:15.773 [DEBUG] [org.gradle.launcher.daemon.server.Daemon] DaemonExpirationPeriodicCheck running
11:06:15.773 [DEBUG] [org.gradle.cache.internal.DefaultFileLockManager] Waiting to acquire shared lock on daemon addresses registry.
11:06:15.774 [DEBUG] [org.gradle.cache.internal.DefaultFileLockManager] Lock acquired on daemon addresses registry.
11:06:15.774 [DEBUG] [org.gradle.cache.internal.DefaultFileLockManager] Releasing lock on daemon addresses registry.
11:06:15.774 [DEBUG] [org.gradle.cache.internal.DefaultFileLockManager] Waiting to acquire shared lock on daemon addresses registry.
11:06:15.774 [DEBUG] [org.gradle.cache.internal.DefaultFileLockManager] Lock acquired on daemon addresses registry.
11:06:15.774 [DEBUG] [org.gradle.cache.internal.DefaultFileLockManager] Releasing lock on daemon addresses registry.
11:06:25.774 [DEBUG] [org.gradle.launcher.daemon.server.Daemon] DaemonExpirationPeriodicCheck running
11:06:25.774 [DEBUG] [org.gradle.cache.internal.DefaultFileLockManager] Waiting to acquire shared lock on daemon addresses registry.
11:06:25.774 [DEBUG] [org.gradle.cache.internal.DefaultFileLockManager] Lock acquired on daemon addresses registry.
11:06:25.774 [DEBUG] [org.gradle.cache.internal.DefaultFileLockManager] Releasing lock on daemon addresses registry.
11:06:25.774 [DEBUG] [org.gradle.cache.internal.DefaultFileLockManager] Waiting to acquire shared lock on daemon addresses registry.
11:06:25.774 [DEBUG] [org.gradle.cache.internal.DefaultFileLockManager] Lock acquired on daemon addresses registry.
11:06:25.774 [DEBUG] [org.gradle.cache.internal.DefaultFileLockManager] Releasing lock on daemon addresses registry.
11:06:25.774 [DEBUG] [org.gradle.cache.internal.DefaultFileLockManager] Waiting to acquire shared lock on daemon addresses registry.
11:06:25.774 [DEBUG] [org.gradle.cache.internal.DefaultFileLockManager] Lock acquired on daemon addresses registry.
11:06:25.774 [DEBUG] [org.gradle.cache.internal.DefaultFileLockManager] Releasing lock on daemon addresses registry.
11:06:35.774 [DEBUG] [org.gradle.launcher.daemon.server.Daemon] DaemonExpirationPeriodicCheck running
11:06:35.774 [DEBUG] [org.gradle.cache.internal.DefaultFileLockManager] Waiting to acquire shared lock on daemon addresses registry.
11:06:35.774 [DEBUG] [org.gradle.cache.internal.DefaultFileLockManager] Lock acquired on daemon addresses registry.
11:06:35.774 [DEBUG] [org.gradle.cache.internal.DefaultFileLockManager] Releasing lock on daemon addresses registry.
11:06:35.774 [DEBUG] [org.gradle.cache.internal.DefaultFileLockManager] Waiting to acquire shared lock on daemon addresses registry.
11:06:35.774 [DEBUG] [org.gradle.cache.internal.DefaultFileLockManager] Lock acquired on daemon addresses registry.
11:06:35.774 [DEBUG] [org.gradle.cache.internal.DefaultFileLockManager] Releasing lock on daemon addresses registry.
11:06:35.774 [DEBUG] [org.gradle.cache.internal.DefaultFileLockManager] Waiting to acquire shared lock on daemon addresses registry.
11:06:35.774 [DEBUG] [org.gradle.cache.internal.DefaultFileLockManager] Lock acquired on daemon addresses registry.
11:06:35.774 [DEBUG] [org.gradle.cache.internal.DefaultFileLockManager] Releasing lock on daemon addresses registry.
11:06:45.774 [DEBUG] [org.gradle.launcher.daemon.server.Daemon] DaemonExpirationPeriodicCheck running
11:06:45.774 [DEBUG] [org.gradle.cache.internal.DefaultFileLockManager] Waiting to acquire shared lock on daemon addresses registry.
11:06:45.774 [DEBUG] [org.gradle.cache.internal.DefaultFileLockManager] Lock acquired on daemon addresses registry.
11:06:45.774 [DEBUG] [org.gradle.cache.internal.DefaultFileLockManager] Releasing lock on daemon addresses registry.
11:06:45.774 [DEBUG] [org.gradle.cache.internal.DefaultFileLockManager] Waiting to acquire shared lock on daemon addresses registry.
11:06:45.774 [DEBUG] [org.gradle.cache.internal.DefaultFileLockManager] Lock acquired on daemon addresses registry.
11:06:45.774 [DEBUG] [org.gradle.cache.internal.DefaultFileLockManager] Releasing lock on daemon addresses registry.
11:06:45.774 [DEBUG] [org.gradle.cache.internal.DefaultFileLockManager] Waiting to acquire shared lock on daemon addresses registry.
11:06:45.774 [DEBUG] [org.gradle.cache.internal.DefaultFileLockManager] Lock acquired on daemon addresses registry.
11:06:45.774 [DEBUG] [org.gradle.cache.internal.DefaultFileLockManager] Releasing lock on daemon addresses registry.
11:06:55.774 [DEBUG] [org.gradle.launcher.daemon.server.Daemon] DaemonExpirationPeriodicCheck running
11:06:55.774 [DEBUG] [org.gradle.cache.internal.DefaultFileLockManager] Waiting to acquire shared lock on daemon addresses registry.
11:06:55.774 [DEBUG] [org.gradle.cache.internal.DefaultFileLockManager] Lock acquired on daemon addresses registry.
11:06:55.774 [DEBUG] [org.gradle.cache.internal.DefaultFileLockManager] Releasing lock on daemon addresses registry.
11:06:55.774 [DEBUG] [org.gradle.cache.internal.DefaultFileLockManager] Waiting to acquire shared lock on daemon addresses registry.
11:06:55.774 [DEBUG] [org.gradle.cache.internal.DefaultFileLockManager] Lock acquired on daemon addresses registry.
11:06:55.774 [DEBUG] [org.gradle.cache.internal.DefaultFileLockManager] Releasing lock on daemon addresses registry.
11:06:55.774 [DEBUG] [org.gradle.cache.internal.DefaultFileLockManager] Waiting to acquire shared lock on daemon addresses registry.
11:06:55.774 [DEBUG] [org.gradle.cache.internal.DefaultFileLockManager] Lock acquired on daemon addresses registry.
11:06:55.774 [DEBUG] [org.gradle.cache.internal.DefaultFileLockManager] Releasing lock on daemon addresses registry.
11:07:05.774 [DEBUG] [org.gradle.launcher.daemon.server.Daemon] DaemonExpirationPeriodicCheck running
11:07:05.774 [DEBUG] [org.gradle.cache.internal.DefaultFileLockManager] Waiting to acquire shared lock on daemon addresses registry.
11:07:05.774 [DEBUG] [org.gradle.cache.internal.DefaultFileLockManager] Lock acquired on daemon addresses registry.
11:07:05.774 [DEBUG] [org.gradle.cache.internal.DefaultFileLockManager] Releasing lock on daemon addresses registry.
11:07:05.774 [DEBUG] [org.gradle.cache.internal.DefaultFileLockManager] Waiting to acquire shared lock on daemon addresses registry.
11:07:05.774 [DEBUG] [org.gradle.cache.internal.DefaultFileLockManager] Lock acquired on daemon addresses registry.
11:07:05.774 [DEBUG] [org.gradle.cache.internal.DefaultFileLockManager] Releasing lock on daemon addresses registry.
11:07:05.774 [DEBUG] [org.gradle.cache.internal.DefaultFileLockManager] Waiting to acquire shared lock on daemon addresses registry.
11:07:05.774 [DEBUG] [org.gradle.cache.internal.DefaultFileLockManager] Lock acquired on daemon addresses registry.
11:07:05.774 [DEBUG] [org.gradle.cache.internal.DefaultFileLockManager] Releasing lock on daemon addresses registry.
11:07:15.774 [DEBUG] [org.gradle.launcher.daemon.server.Daemon] DaemonExpirationPeriodicCheck running
11:07:15.774 [DEBUG] [org.gradle.cache.internal.DefaultFileLockManager] Waiting to acquire shared lock on daemon addresses registry.
11:07:15.774 [DEBUG] [org.gradle.cache.internal.DefaultFileLockManager] Lock acquired on daemon addresses registry.
11:07:15.774 [DEBUG] [org.gradle.cache.internal.DefaultFileLockManager] Releasing lock on daemon addresses registry.
11:07:15.774 [DEBUG] [org.gradle.cache.internal.DefaultFileLockManager] Waiting to acquire shared lock on daemon addresses registry.
11:07:15.774 [DEBUG] [org.gradle.cache.internal.DefaultFileLockManager] Lock acquired on daemon addresses registry.
11:07:15.774 [DEBUG] [org.gradle.cache.internal.DefaultFileLockManager] Releasing lock on daemon addresses registry.
11:07:15.774 [DEBUG] [org.gradle.cache.internal.DefaultFileLockManager] Waiting to acquire shared lock on daemon addresses registry.
11:07:15.774 [DEBUG] [org.gradle.cache.internal.DefaultFileLockManager] Lock acquired on daemon addresses registry.
11:07:15.774 [DEBUG] [org.gradle.cache.internal.DefaultFileLockManager] Releasing lock on daemon addresses registry.
11:07:25.774 [DEBUG] [org.gradle.launcher.daemon.server.Daemon] DaemonExpirationPeriodicCheck running
11:07:25.774 [DEBUG] [org.gradle.cache.internal.DefaultFileLockManager] Waiting to acquire shared lock on daemon addresses registry.
11:07:25.774 [DEBUG] [org.gradle.cache.internal.DefaultFileLockManager] Lock acquired on daemon addresses registry.
11:07:25.774 [DEBUG] [org.gradle.cache.internal.DefaultFileLockManager] Releasing lock on daemon addresses registry.
11:07:25.774 [DEBUG] [org.gradle.cache.internal.DefaultFileLockManager] Waiting to acquire shared lock on daemon addresses registry.
11:07:25.774 [DEBUG] [org.gradle.cache.internal.DefaultFileLockManager] Lock acquired on daemon addresses registry.
11:07:25.774 [DEBUG] [org.gradle.cache.internal.DefaultFileLockManager] Releasing lock on daemon addresses registry.
11:07:25.774 [DEBUG] [org.gradle.cache.internal.DefaultFileLockManager] Waiting to acquire shared lock on daemon addresses registry.
11:07:25.774 [DEBUG] [org.gradle.cache.internal.DefaultFileLockManager] Lock acquired on daemon addresses registry.
11:07:25.774 [DEBUG] [org.gradle.cache.internal.DefaultFileLockManager] Releasing lock on daemon addresses registry.
11:07:35.774 [DEBUG] [org.gradle.launcher.daemon.server.Daemon] DaemonExpirationPeriodicCheck running
11:07:35.774 [DEBUG] [org.gradle.cache.internal.DefaultFileLockManager] Waiting to acquire shared lock on daemon addresses registry.
11:07:35.774 [DEBUG] [org.gradle.cache.internal.DefaultFileLockManager] Lock acquired on daemon addresses registry.
11:07:35.774 [DEBUG] [org.gradle.cache.internal.DefaultFileLockManager] Releasing lock on daemon addresses registry.
11:07:35.774 [DEBUG] [org.gradle.cache.internal.DefaultFileLockManager] Waiting to acquire shared lock on daemon addresses registry.
11:07:35.774 [DEBUG] [org.gradle.cache.internal.DefaultFileLockManager] Lock acquired on daemon addresses registry.
11:07:35.774 [DEBUG] [org.gradle.cache.internal.DefaultFileLockManager] Releasing lock on daemon addresses registry.
11:07:35.774 [DEBUG] [org.gradle.cache.internal.DefaultFileLockManager] Waiting to acquire shared lock on daemon addresses registry.
11:07:35.774 [DEBUG] [org.gradle.cache.internal.DefaultFileLockManager] Lock acquired on daemon addresses registry.
11:07:35.774 [DEBUG] [org.gradle.cache.internal.DefaultFileLockManager] Releasing lock on daemon addresses registry.
11:07:45.774 [DEBUG] [org.gradle.launcher.daemon.server.Daemon] DaemonExpirationPeriodicCheck running
11:07:45.774 [DEBUG] [org.gradle.cache.internal.DefaultFileLockManager] Waiting to acquire shared lock on daemon addresses registry.
11:07:45.774 [DEBUG] [org.gradle.cache.internal.DefaultFileLockManager] Lock acquired on daemon addresses registry.
11:07:45.774 [DEBUG] [org.gradle.cache.internal.DefaultFileLockManager] Releasing lock on daemon addresses registry.
11:07:45.774 [DEBUG] [org.gradle.cache.internal.DefaultFileLockManager] Waiting to acquire shared lock on daemon addresses registry.
11:07:45.774 [DEBUG] [org.gradle.cache.internal.DefaultFileLockManager] Lock acquired on daemon addresses registry.
11:07:45.774 [DEBUG] [org.gradle.cache.internal.DefaultFileLockManager] Releasing lock on daemon addresses registry.
11:07:45.774 [DEBUG] [org.gradle.cache.internal.DefaultFileLockManager] Waiting to acquire shared lock on daemon addresses registry.
11:07:45.774 [DEBUG] [org.gradle.cache.internal.DefaultFileLockManager] Lock acquired on daemon addresses registry.
11:07:45.774 [DEBUG] [org.gradle.cache.internal.DefaultFileLockManager] Releasing lock on daemon addresses registry.
11:07:55.774 [DEBUG] [org.gradle.launcher.daemon.server.Daemon] DaemonExpirationPeriodicCheck running
11:07:55.774 [DEBUG] [org.gradle.cache.internal.DefaultFileLockManager] Waiting to acquire shared lock on daemon addresses registry.
11:07:55.774 [DEBUG] [org.gradle.cache.internal.DefaultFileLockManager] Lock acquired on daemon addresses registry.
11:07:55.774 [DEBUG] [org.gradle.cache.internal.DefaultFileLockManager] Releasing lock on daemon addresses registry.
11:07:55.774 [DEBUG] [org.gradle.cache.internal.DefaultFileLockManager] Waiting to acquire shared lock on daemon addresses registry.
11:07:55.774 [DEBUG] [org.gradle.cache.internal.DefaultFileLockManager] Lock acquired on daemon addresses registry.
11:07:55.774 [DEBUG] [org.gradle.cache.internal.DefaultFileLockManager] Releasing lock on daemon addresses registry.
11:07:55.774 [DEBUG] [org.gradle.cache.internal.DefaultFileLockManager] Waiting to acquire shared lock on daemon addresses registry.
11:07:55.774 [DEBUG] [org.gradle.cache.internal.DefaultFileLockManager] Lock acquired on daemon addresses registry.
11:07:55.774 [DEBUG] [org.gradle.cache.internal.DefaultFileLockManager] Releasing lock on daemon addresses registry.
11:08:05.774 [DEBUG] [org.gradle.launcher.daemon.server.Daemon] DaemonExpirationPeriodicCheck running
11:08:05.774 [DEBUG] [org.gradle.cache.internal.DefaultFileLockManager] Waiting to acquire shared lock on daemon addresses registry.
11:08:05.774 [DEBUG] [org.gradle.cache.internal.DefaultFileLockManager] Lock acquired on daemon addresses registry.
11:08:05.774 [DEBUG] [org.gradle.cache.internal.DefaultFileLockManager] Releasing lock on daemon addresses registry.
11:08:05.774 [DEBUG] [org.gradle.cache.internal.DefaultFileLockManager] Waiting to acquire shared lock on daemon addresses registry.
11:08:05.774 [DEBUG] [org.gradle.cache.internal.DefaultFileLockManager] Lock acquired on daemon addresses registry.
11:08:05.774 [DEBUG] [org.gradle.cache.internal.DefaultFileLockManager] Releasing lock on daemon addresses registry.
11:08:05.774 [DEBUG] [org.gradle.cache.internal.DefaultFileLockManager] Waiting to acquire shared lock on daemon addresses registry.
11:08:05.774 [DEBUG] [org.gradle.cache.internal.DefaultFileLockManager] Lock acquired on daemon addresses registry.
11:08:05.774 [DEBUG] [org.gradle.cache.internal.DefaultFileLockManager] Releasing lock on daemon addresses registry.
11:08:15.774 [DEBUG] [org.gradle.launcher.daemon.server.Daemon] DaemonExpirationPeriodicCheck running
11:08:15.774 [DEBUG] [org.gradle.cache.internal.DefaultFileLockManager] Waiting to acquire shared lock on daemon addresses registry.
11:08:15.774 [DEBUG] [org.gradle.cache.internal.DefaultFileLockManager] Lock acquired on daemon addresses registry.
11:08:15.774 [DEBUG] [org.gradle.cache.internal.DefaultFileLockManager] Releasing lock on daemon addresses registry.
11:08:15.774 [DEBUG] [org.gradle.cache.internal.DefaultFileLockManager] Waiting to acquire shared lock on daemon addresses registry.
11:08:15.774 [DEBUG] [org.gradle.cache.internal.DefaultFileLockManager] Lock acquired on daemon addresses registry.
11:08:15.774 [DEBUG] [org.gradle.cache.internal.DefaultFileLockManager] Releasing lock on daemon addresses registry.
11:08:15.774 [DEBUG] [org.gradle.cache.internal.DefaultFileLockManager] Waiting to acquire shared lock on daemon addresses registry.
11:08:15.774 [DEBUG] [org.gradle.cache.internal.DefaultFileLockManager] Lock acquired on daemon addresses registry.
11:08:15.774 [DEBUG] [org.gradle.cache.internal.DefaultFileLockManager] Releasing lock on daemon addresses registry.
11:08:25.774 [DEBUG] [org.gradle.launcher.daemon.server.Daemon] DaemonExpirationPeriodicCheck running
11:08:25.774 [DEBUG] [org.gradle.cache.internal.DefaultFileLockManager] Waiting to acquire shared lock on daemon addresses registry.
11:08:25.774 [DEBUG] [org.gradle.cache.internal.DefaultFileLockManager] Lock acquired on daemon addresses registry.
11:08:25.774 [DEBUG] [org.gradle.cache.internal.DefaultFileLockManager] Releasing lock on daemon addresses registry.
11:08:25.774 [DEBUG] [org.gradle.cache.internal.DefaultFileLockManager] Waiting to acquire shared lock on daemon addresses registry.
11:08:25.774 [DEBUG] [org.gradle.cache.internal.DefaultFileLockManager] Lock acquired on daemon addresses registry.
11:08:25.774 [DEBUG] [org.gradle.cache.internal.DefaultFileLockManager] Releasing lock on daemon addresses registry.
11:08:25.774 [DEBUG] [org.gradle.cache.internal.DefaultFileLockManager] Waiting to acquire shared lock on daemon addresses registry.
11:08:25.774 [DEBUG] [org.gradle.cache.internal.DefaultFileLockManager] Lock acquired on daemon addresses registry.
11:08:25.774 [DEBUG] [org.gradle.cache.internal.DefaultFileLockManager] Releasing lock on daemon addresses registry.
11:08:35.774 [DEBUG] [org.gradle.launcher.daemon.server.Daemon] DaemonExpirationPeriodicCheck running
11:08:35.774 [DEBUG] [org.gradle.cache.internal.DefaultFileLockManager] Waiting to acquire shared lock on daemon addresses registry.
11:08:35.774 [DEBUG] [org.gradle.cache.internal.DefaultFileLockManager] Lock acquired on daemon addresses registry.
11:08:35.774 [DEBUG] [org.gradle.cache.internal.DefaultFileLockManager] Releasing lock on daemon addresses registry.
11:08:35.774 [DEBUG] [org.gradle.cache.internal.DefaultFileLockManager] Waiting to acquire shared lock on daemon addresses registry.
11:08:35.774 [DEBUG] [org.gradle.cache.internal.DefaultFileLockManager] Lock acquired on daemon addresses registry.
11:08:35.774 [DEBUG] [org.gradle.cache.internal.DefaultFileLockManager] Releasing lock on daemon addresses registry.
11:08:35.774 [DEBUG] [org.gradle.cache.internal.DefaultFileLockManager] Waiting to acquire shared lock on daemon addresses registry.
11:08:35.774 [DEBUG] [org.gradle.cache.internal.DefaultFileLockManager] Lock acquired on daemon addresses registry.
11:08:35.774 [DEBUG] [org.gradle.cache.internal.DefaultFileLockManager] Releasing lock on daemon addresses registry.
11:08:45.774 [DEBUG] [org.gradle.launcher.daemon.server.Daemon] DaemonExpirationPeriodicCheck running
11:08:45.774 [DEBUG] [org.gradle.cache.internal.DefaultFileLockManager] Waiting to acquire shared lock on daemon addresses registry.
11:08:45.774 [DEBUG] [org.gradle.cache.internal.DefaultFileLockManager] Lock acquired on daemon addresses registry.
11:08:45.774 [DEBUG] [org.gradle.cache.internal.DefaultFileLockManager] Releasing lock on daemon addresses registry.
11:08:45.774 [DEBUG] [org.gradle.cache.internal.DefaultFileLockManager] Waiting to acquire shared lock on daemon addresses registry.
11:08:45.774 [DEBUG] [org.gradle.cache.internal.DefaultFileLockManager] Lock acquired on daemon addresses registry.
11:08:45.774 [DEBUG] [org.gradle.cache.internal.DefaultFileLockManager] Releasing lock on daemon addresses registry.
11:08:45.774 [DEBUG] [org.gradle.cache.internal.DefaultFileLockManager] Waiting to acquire shared lock on daemon addresses registry.
11:08:45.774 [DEBUG] [org.gradle.cache.internal.DefaultFileLockManager] Lock acquired on daemon addresses registry.
11:08:45.774 [DEBUG] [org.gradle.cache.internal.DefaultFileLockManager] Releasing lock on daemon addresses registry.
11:08:55.774 [DEBUG] [org.gradle.launcher.daemon.server.Daemon] DaemonExpirationPeriodicCheck running
11:08:55.774 [DEBUG] [org.gradle.cache.internal.DefaultFileLockManager] Waiting to acquire shared lock on daemon addresses registry.
11:08:55.774 [DEBUG] [org.gradle.cache.internal.DefaultFileLockManager] Lock acquired on daemon addresses registry.
11:08:55.774 [DEBUG] [org.gradle.cache.internal.DefaultFileLockManager] Releasing lock on daemon addresses registry.
11:08:55.774 [DEBUG] [org.gradle.cache.internal.DefaultFileLockManager] Waiting to acquire shared lock on daemon addresses registry.
11:08:55.774 [DEBUG] [org.gradle.cache.internal.DefaultFileLockManager] Lock acquired on daemon addresses registry.
11:08:55.774 [DEBUG] [org.gradle.cache.internal.DefaultFileLockManager] Releasing lock on daemon addresses registry.
11:08:55.774 [DEBUG] [org.gradle.cache.internal.DefaultFileLockManager] Waiting to acquire shared lock on daemon addresses registry.
11:08:55.774 [DEBUG] [org.gradle.cache.internal.DefaultFileLockManager] Lock acquired on daemon addresses registry.
11:08:55.774 [DEBUG] [org.gradle.cache.internal.DefaultFileLockManager] Releasing lock on daemon addresses registry.
11:09:05.774 [DEBUG] [org.gradle.launcher.daemon.server.Daemon] DaemonExpirationPeriodicCheck running
11:09:05.774 [DEBUG] [org.gradle.cache.internal.DefaultFileLockManager] Waiting to acquire shared lock on daemon addresses registry.
11:09:05.774 [DEBUG] [org.gradle.cache.internal.DefaultFileLockManager] Lock acquired on daemon addresses registry.
11:09:05.774 [DEBUG] [org.gradle.cache.internal.DefaultFileLockManager] Releasing lock on daemon addresses registry.
11:09:05.774 [DEBUG] [org.gradle.cache.internal.DefaultFileLockManager] Waiting to acquire shared lock on daemon addresses registry.
11:09:05.774 [DEBUG] [org.gradle.cache.internal.DefaultFileLockManager] Lock acquired on daemon addresses registry.
11:09:05.774 [DEBUG] [org.gradle.cache.internal.DefaultFileLockManager] Releasing lock on daemon addresses registry.
11:09:05.774 [DEBUG] [org.gradle.cache.internal.DefaultFileLockManager] Waiting to acquire shared lock on daemon addresses registry.
11:09:05.774 [DEBUG] [org.gradle.cache.internal.DefaultFileLockManager] Lock acquired on daemon addresses registry.
11:09:05.774 [DEBUG] [org.gradle.cache.internal.DefaultFileLockManager] Releasing lock on daemon addresses registry.
11:09:15.774 [DEBUG] [org.gradle.launcher.daemon.server.Daemon] DaemonExpirationPeriodicCheck running
11:09:15.774 [DEBUG] [org.gradle.cache.internal.DefaultFileLockManager] Waiting to acquire shared lock on daemon addresses registry.
11:09:15.774 [DEBUG] [org.gradle.cache.internal.DefaultFileLockManager] Lock acquired on daemon addresses registry.
11:09:15.774 [DEBUG] [org.gradle.cache.internal.DefaultFileLockManager] Releasing lock on daemon addresses registry.
11:09:15.774 [DEBUG] [org.gradle.cache.internal.DefaultFileLockManager] Waiting to acquire shared lock on daemon addresses registry.
11:09:15.774 [DEBUG] [org.gradle.cache.internal.DefaultFileLockManager] Lock acquired on daemon addresses registry.
11:09:15.774 [DEBUG] [org.gradle.cache.internal.DefaultFileLockManager] Releasing lock on daemon addresses registry.
11:09:15.774 [DEBUG] [org.gradle.cache.internal.DefaultFileLockManager] Waiting to acquire shared lock on daemon addresses registry.
11:09:15.774 [DEBUG] [org.gradle.cache.internal.DefaultFileLockManager] Lock acquired on daemon addresses registry.
11:09:15.774 [DEBUG] [org.gradle.cache.internal.DefaultFileLockManager] Releasing lock on daemon addresses registry.
11:09:25.774 [DEBUG] [org.gradle.launcher.daemon.server.Daemon] DaemonExpirationPeriodicCheck running
11:09:25.774 [DEBUG] [org.gradle.cache.internal.DefaultFileLockManager] Waiting to acquire shared lock on daemon addresses registry.
11:09:25.774 [DEBUG] [org.gradle.cache.internal.DefaultFileLockManager] Lock acquired on daemon addresses registry.
11:09:25.774 [DEBUG] [org.gradle.cache.internal.DefaultFileLockManager] Releasing lock on daemon addresses registry.
11:09:25.774 [DEBUG] [org.gradle.cache.internal.DefaultFileLockManager] Waiting to acquire shared lock on daemon addresses registry.
11:09:25.774 [DEBUG] [org.gradle.cache.internal.DefaultFileLockManager] Lock acquired on daemon addresses registry.
11:09:25.774 [DEBUG] [org.gradle.cache.internal.DefaultFileLockManager] Releasing lock on daemon addresses registry.
11:09:25.774 [DEBUG] [org.gradle.cache.internal.DefaultFileLockManager] Waiting to acquire shared lock on daemon addresses registry.
11:09:25.774 [DEBUG] [org.gradle.cache.internal.DefaultFileLockManager] Lock acquired on daemon addresses registry.
11:09:25.774 [DEBUG] [org.gradle.cache.internal.DefaultFileLockManager] Releasing lock on daemon addresses registry.
11:09:35.774 [DEBUG] [org.gradle.launcher.daemon.server.Daemon] DaemonExpirationPeriodicCheck running
11:09:35.774 [DEBUG] [org.gradle.cache.internal.DefaultFileLockManager] Waiting to acquire shared lock on daemon addresses registry.
11:09:35.774 [DEBUG] [org.gradle.cache.internal.DefaultFileLockManager] Lock acquired on daemon addresses registry.
11:09:35.774 [DEBUG] [org.gradle.cache.internal.DefaultFileLockManager] Releasing lock on daemon addresses registry.
11:09:35.774 [DEBUG] [org.gradle.cache.internal.DefaultFileLockManager] Waiting to acquire shared lock on daemon addresses registry.
11:09:35.774 [DEBUG] [org.gradle.cache.internal.DefaultFileLockManager] Lock acquired on daemon addresses registry.
11:09:35.774 [DEBUG] [org.gradle.cache.internal.DefaultFileLockManager] Releasing lock on daemon addresses registry.
11:09:35.774 [DEBUG] [org.gradle.cache.internal.DefaultFileLockManager] Waiting to acquire shared lock on daemon addresses registry.
11:09:35.774 [DEBUG] [org.gradle.cache.internal.DefaultFileLockManager] Lock acquired on daemon addresses registry.
11:09:35.774 [DEBUG] [org.gradle.cache.internal.DefaultFileLockManager] Releasing lock on daemon addresses registry.
11:09:45.228 [DEBUG] [org.gradle.internal.remote.internal.inet.TcpIncomingConnector] Accepted connection from /0:0:0:0:0:0:0:1:41050 to /0:0:0:0:0:0:0:1:42395.
11:09:45.252 [DEBUG] [org.gradle.launcher.daemon.server.SynchronizedDispatchConnection] thread 76: received class org.gradle.launcher.daemon.protocol.Build
11:09:45.253 [DEBUG] [org.gradle.launcher.daemon.server.DefaultDaemonConnection] thread 76: Received non-IO message from client: Build{id=ca752ce6-75ca-43e6-8075-cac15014c032.1, currentDir=/home/student/gradleapp}
11:09:45.253 [INFO] [org.gradle.launcher.daemon.server.DefaultIncomingConnectionHandler] Received command: Build{id=ca752ce6-75ca-43e6-8075-cac15014c032.1, currentDir=/home/student/gradleapp}.
11:09:45.253 [DEBUG] [org.gradle.launcher.daemon.server.DefaultIncomingConnectionHandler] Starting executing command: Build{id=ca752ce6-75ca-43e6-8075-cac15014c032.1, currentDir=/home/student/gradleapp} with connection: socket connection from /0:0:0:0:0:0:0:1:42395 to /0:0:0:0:0:0:0:1:41050.
11:09:45.253 [ERROR] [org.gradle.launcher.daemon.server.DaemonStateCoordinator] Command execution: started DaemonCommandExecution[command = Build{id=ca752ce6-75ca-43e6-8075-cac15014c032.1, currentDir=/home/student/gradleapp}, connection = DefaultDaemonConnection: socket connection from /0:0:0:0:0:0:0:1:42395 to /0:0:0:0:0:0:0:1:41050] after 3.0 minutes of idle
11:09:45.253 [INFO] [org.gradle.launcher.daemon.server.DaemonRegistryUpdater] Marking the daemon as busy, address: [c5abe67c-4535-46a6-8549-8ed66c8be0f4 port:42395, addresses:[/0:0:0:0:0:0:0:1%lo, /127.0.0.1]]
11:09:45.253 [DEBUG] [org.gradle.launcher.daemon.registry.PersistentDaemonRegistry] Marking busy by address: [c5abe67c-4535-46a6-8549-8ed66c8be0f4 port:42395, addresses:[/0:0:0:0:0:0:0:1%lo, /127.0.0.1]]
11:09:45.253 [DEBUG] [org.gradle.cache.internal.DefaultFileLockManager] Waiting to acquire exclusive lock on daemon addresses registry.
11:09:45.253 [DEBUG] [org.gradle.cache.internal.DefaultFileLockManager] Lock acquired on daemon addresses registry.
11:09:45.253 [DEBUG] [org.gradle.cache.internal.DefaultFileLockManager] Releasing lock on daemon addresses registry.
11:09:45.253 [DEBUG] [org.gradle.launcher.daemon.server.DaemonStateCoordinator] resetting idle timer
11:09:45.253 [DEBUG] [org.gradle.launcher.daemon.server.DaemonStateCoordinator] daemon is running. Sleeping until state changes.
11:09:45.254 [INFO] [org.gradle.launcher.daemon.server.exec.StartBuildOrRespondWithBusy] Daemon is about to start building Build{id=ca752ce6-75ca-43e6-8075-cac15014c032.1, currentDir=/home/student/gradleapp}. Dispatching build started information...
11:09:45.254 [DEBUG] [org.gradle.launcher.daemon.server.SynchronizedDispatchConnection] thread 78: dispatching class org.gradle.launcher.daemon.protocol.BuildStarted
11:09:45.254 [DEBUG] [org.gradle.launcher.daemon.server.exec.EstablishBuildEnvironment] Configuring env variables: {PATH=/usr/local/sbin:/usr/local/bin:/usr/sbin:/usr/bin:/sbin:/bin:/usr/games:/usr/local/games:/snap/bin:/snap/bin, XAUTHORITY=/run/user/1001/.mutter-Xwaylandauth.IN53L3, LESSCLOSE=/usr/bin/lesspipe %s %s, XMODIFIERS=@im=ibus, XDG_DATA_DIRS=/usr/share/ubuntu:/usr/local/share/:/usr/share/:/var/lib/snapd/desktop, GDMSESSION=ubuntu, QT_IM_MODULE=ibus, TERM=xterm-256color, XDG_CONFIG_DIRS=/etc/xdg/xdg-ubuntu:/etc/xdg, GNOME_TERMINAL_SERVICE=:1.99, LANG=en_IN, DBUS_SESSION_BUS_ADDRESS=unix:path=/run/user/1001/bus, XDG_SESSION_TYPE=wayland, XDG_CURRENT_DESKTOP=ubuntu:GNOME, DISPLAY=:0, WAYLAND_DISPLAY=wayland-0, COLORTERM=truecolor, SESSION_MANAGER=local/aimll501pc12-HP-Pro-Tower-280-G9-PCI-Desktop-PC:@/tmp/.ICE-unix/1728,unix/aimll501pc12-HP-Pro-Tower-280-G9-PCI-Desktop-PC:/tmp/.ICE-unix/1728, USERNAME=student, LOGNAME=student, PWD=/home/student/gradleapp, IM_CONFIG_PHASE=1, XDG_SESSION_CLASS=user, _=/usr/bin/gradle, LANGUAGE=en_IN:en, SHELL=/bin/bash, LESSOPEN=| /usr/bin/lesspipe %s, DESKTOP_SESSION=ubuntu, OLDPWD=/usr/share/gradle, USER=student, XDG_MENU_PREFIX=gnome-, VTE_VERSION=6800, QT_ACCESSIBILITY=1, GNOME_DESKTOP_SESSION_ID=this-is-deprecated, SSH_AUTH_SOCK=/run/user/1001/keyring/ssh, GNOME_TERMINAL_SCREEN=/org/gnome/Terminal/screen/00451b6d_34b3_4201_9694_13d3c98f1d31, GTK_MODULES=gail:atk-bridge, GNOME_SHELL_SESSION_MODE=ubuntu, SYSTEMD_EXEC_PID=1759, LS_COLORS=rs=0:di=01;34:ln=01;36:mh=00:pi=40;33:so=01;35:do=01;35:bd=40;33;01:cd=40;33;01:or=40;31;01:mi=00:su=37;41:sg=30;43:ca=30;41:tw=30;42:ow=34;42:st=37;44:ex=01;32:*.tar=01;31:*.tgz=01;31:*.arc=01;31:*.arj=01;31:*.taz=01;31:*.lha=01;31:*.lz4=01;31:*.lzh=01;31:*.lzma=01;31:*.tlz=01;31:*.txz=01;31:*.tzo=01;31:*.t7z=01;31:*.zip=01;31:*.z=01;31:*.dz=01;31:*.gz=01;31:*.lrz=01;31:*.lz=01;31:*.lzo=01;31:*.xz=01;31:*.zst=01;31:*.tzst=01;31:*.bz2=01;31:*.bz=01;31:*.tbz=01;31:*.tbz2=01;31:*.tz=01;31:*.deb=01;31:*.rpm=01;31:*.jar=01;31:*.war=01;31:*.ear=01;31:*.sar=01;31:*.rar=01;31:*.alz=01;31:*.ace=01;31:*.zoo=01;31:*.cpio=01;31:*.7z=01;31:*.rz=01;31:*.cab=01;31:*.wim=01;31:*.swm=01;31:*.dwm=01;31:*.esd=01;31:*.jpg=01;35:*.jpeg=01;35:*.mjpg=01;35:*.mjpeg=01;35:*.gif=01;35:*.bmp=01;35:*.pbm=01;35:*.pgm=01;35:*.ppm=01;35:*.tga=01;35:*.xbm=01;35:*.xpm=01;35:*.tif=01;35:*.tiff=01;35:*.png=01;35:*.svg=01;35:*.svgz=01;35:*.mng=01;35:*.pcx=01;35:*.mov=01;35:*.mpg=01;35:*.mpeg=01;35:*.m2v=01;35:*.mkv=01;35:*.webm=01;35:*.webp=01;35:*.ogm=01;35:*.mp4=01;35:*.m4v=01;35:*.mp4v=01;35:*.vob=01;35:*.qt=01;35:*.nuv=01;35:*.wmv=01;35:*.asf=01;35:*.rm=01;35:*.rmvb=01;35:*.flc=01;35:*.avi=01;35:*.fli=01;35:*.flv=01;35:*.gl=01;35:*.dl=01;35:*.xcf=01;35:*.xwd=01;35:*.yuv=01;35:*.cgm=01;35:*.emf=01;35:*.ogv=01;35:*.ogx=01;35:*.aac=00;36:*.au=00;36:*.flac=00;36:*.m4a=00;36:*.mid=00;36:*.midi=00;36:*.mka=00;36:*.mp3=00;36:*.mpc=00;36:*.ogg=00;36:*.ra=00;36:*.wav=00;36:*.oga=00;36:*.opus=00;36:*.spx=00;36:*.xspf=00;36:, XDG_SESSION_DESKTOP=ubuntu, XDG_RUNTIME_DIR=/run/user/1001, GNOME_SETUP_DISPLAY=:1, SSH_AGENT_LAUNCHER=gnome-keyring, HOME=/home/student, SHLVL=1}
11:09:45.254 [WARN] [org.gradle.launcher.daemon.server.exec.EstablishBuildEnvironment] Warning: Unable able to set daemon's environment variables to match the client because: 
  Java 9 does not support modifying environment variables.
  If the daemon was started with a significantly different environment from the client, and your build 
  relies on environment variables, you may experience unexpected behavior.
11:09:45.254 [DEBUG] [org.gradle.launcher.daemon.server.exec.LogToClient] About to start relaying all logs to the client via the connection.
11:09:45.254 [INFO] [org.gradle.launcher.daemon.server.exec.LogToClient] The client will now receive all logging from the daemon (pid: 3563). The daemon log file: /home/student/.gradle/daemon/4.4.1/daemon-3563.out.log
11:09:45.254 [INFO] [org.gradle.launcher.daemon.server.exec.LogAndCheckHealth] Starting 7th build in daemon [uptime: 9 mins 9.541 secs, performance: 100%]
11:09:45.254 [DEBUG] [org.gradle.launcher.daemon.server.exec.ExecuteBuild] The daemon has started executing the build.
11:09:45.255 [DEBUG] [org.gradle.launcher.daemon.server.exec.ExecuteBuild] Executing build with daemon context: DefaultDaemonContext[uid=6097f117-ad2a-4ee3-92ec-fb117d27c418,javaHome=/usr/lib/jvm/java-11-openjdk-amd64,daemonRegistryDir=/home/student/.gradle/daemon,pid=3563,idleTimeout=10800000,daemonOpts=-XX:+HeapDumpOnOutOfMemoryError,-Xmx1024m,-Dfile.encoding=UTF-8,-Duser.country=IN,-Duser.language=en,-Duser.variant]

FAILURE: Build failed with an exception.

* Where:
Build file '/home/student/gradleapp/build.gradle' line: 34

* What went wrong:
Could not compile build file '/home/student/gradleapp/build.gradle'.
> startup failed:
  build file '/home/student/gradleapp/build.gradle': 34: unexpected token: Hello, world @ line 34, column 7.
     print 'Hello, world'
           ^
  
  1 error


* Try:
Run with --stacktrace option to get the stack trace. Run with --info or --debug option to get more log output. Run with --scan to get full insights.

* Get more help at https://help.gradle.org

BUILD FAILED in 0s
11:09:45.353 [DEBUG] [org.gradle.launcher.daemon.server.exec.ExecuteBuild] The daemon has finished executing the build.
11:09:45.356 [DEBUG] [org.gradle.launcher.daemon.server.DaemonStateCoordinator] daemon is running. Sleeping until state changes.
11:09:45.356 [DEBUG] [org.gradle.launcher.daemon.server.DaemonStateCoordinator] Command execution: finished waiting for DaemonCommandExecution[command = Build{id=ca752ce6-75ca-43e6-8075-cac15014c032.1, currentDir=/home/student/gradleapp}, connection = DefaultDaemonConnection: socket connection from /0:0:0:0:0:0:0:1:42395 to /0:0:0:0:0:0:0:1:41050]. Result org.gradle.launcher.daemon.server.DaemonStateCoordinator@423d1111 with state Busy
11:09:45.356 [DEBUG] [org.gradle.launcher.daemon.server.DaemonStateCoordinator] Command execution: completed DaemonCommandExecution[command = Build{id=ca752ce6-75ca-43e6-8075-cac15014c032.1, currentDir=/home/student/gradleapp}, connection = DefaultDaemonConnection: socket connection from /0:0:0:0:0:0:0:1:42395 to /0:0:0:0:0:0:0:1:41050]
11:09:45.356 [DEBUG] [org.gradle.launcher.daemon.server.DaemonStateCoordinator] resetting idle timer
11:09:45.356 [INFO] [org.gradle.launcher.daemon.server.DaemonRegistryUpdater] Marking the daemon as idle, address: [c5abe67c-4535-46a6-8549-8ed66c8be0f4 port:42395, addresses:[/0:0:0:0:0:0:0:1%lo, /127.0.0.1]]
11:09:45.356 [DEBUG] [org.gradle.launcher.daemon.registry.PersistentDaemonRegistry] Marking busy by address: [c5abe67c-4535-46a6-8549-8ed66c8be0f4 port:42395, addresses:[/0:0:0:0:0:0:0:1%lo, /127.0.0.1]]
11:09:45.356 [DEBUG] [org.gradle.cache.internal.DefaultFileLockManager] Waiting to acquire exclusive lock on daemon addresses registry.
11:09:45.356 [DEBUG] [org.gradle.cache.internal.DefaultFileLockManager] Lock acquired on daemon addresses registry.
11:09:45.357 [DEBUG] [org.gradle.cache.internal.DefaultFileLockManager] Releasing lock on daemon addresses registry.
11:09:45.357 [DEBUG] [org.gradle.launcher.daemon.server.DaemonStateCoordinator] daemon is running. Sleeping until state changes.
11:09:45.357 [DEBUG] [org.gradle.launcher.daemon.server.exec.ReturnResult] Daemon is dispatching the build result: Failure[value=org.gradle.initialization.ReportedException: org.gradle.internal.exceptions.LocationAwareException: Build file '/home/student/gradleapp/build.gradle' line: 34
Could not compile build file '/home/student/gradleapp/build.gradle'.]
11:09:45.357 [DEBUG] [org.gradle.launcher.daemon.server.SynchronizedDispatchConnection] thread 75: dispatching class org.gradle.launcher.daemon.protocol.Failure
11:09:45.365 [DEBUG] [org.gradle.launcher.daemon.server.DefaultIncomingConnectionHandler] Finishing executing command: Build{id=ca752ce6-75ca-43e6-8075-cac15014c032.1, currentDir=/home/student/gradleapp}
11:09:45.377 [DEBUG] [org.gradle.launcher.daemon.server.SynchronizedDispatchConnection] thread 76: received class org.gradle.launcher.daemon.protocol.CloseInput
11:09:45.377 [DEBUG] [org.gradle.launcher.daemon.server.DefaultDaemonConnection] thread 76: Received IO message from client: org.gradle.launcher.daemon.protocol.CloseInput@6bbbdace
11:09:45.378 [DEBUG] [org.gradle.launcher.daemon.server.SynchronizedDispatchConnection] thread 76: received class org.gradle.launcher.daemon.protocol.Finished
11:09:45.378 [DEBUG] [org.gradle.launcher.daemon.server.DefaultDaemonConnection] thread 76: Received non-IO message from client: org.gradle.launcher.daemon.protocol.Finished@657c39c9
11:09:45.378 [DEBUG] [org.gradle.launcher.daemon.server.DefaultIncomingConnectionHandler] Received finished message: org.gradle.launcher.daemon.protocol.Finished@657c39c9
11:09:45.378 [DEBUG] [org.gradle.internal.remote.internal.inet.SocketConnection] Discarding EOFException: java.io.EOFException
11:09:45.378 [DEBUG] [org.gradle.launcher.daemon.server.SynchronizedDispatchConnection] thread 75: stopping connection
11:09:45.378 [DEBUG] [org.gradle.launcher.daemon.server.SynchronizedDispatchConnection] thread 76: received null
11:09:45.378 [DEBUG] [org.gradle.launcher.daemon.server.DefaultDaemonConnection] thread 76: Received end-of-input from client.
11:09:45.378 [DEBUG] [org.gradle.launcher.daemon.server.SynchronizedDispatchConnection] thread 75: stopping connection
11:09:45.774 [DEBUG] [org.gradle.launcher.daemon.server.Daemon] DaemonExpirationPeriodicCheck running
11:09:45.774 [DEBUG] [org.gradle.cache.internal.DefaultFileLockManager] Waiting to acquire shared lock on daemon addresses registry.
11:09:45.774 [DEBUG] [org.gradle.cache.internal.DefaultFileLockManager] Lock acquired on daemon addresses registry.
11:09:45.774 [DEBUG] [org.gradle.cache.internal.DefaultFileLockManager] Releasing lock on daemon addresses registry.
11:09:45.774 [DEBUG] [org.gradle.cache.internal.DefaultFileLockManager] Waiting to acquire shared lock on daemon addresses registry.
11:09:45.774 [DEBUG] [org.gradle.cache.internal.DefaultFileLockManager] Lock acquired on daemon addresses registry.
11:09:45.774 [DEBUG] [org.gradle.cache.internal.DefaultFileLockManager] Releasing lock on daemon addresses registry.
11:09:55.774 [DEBUG] [org.gradle.launcher.daemon.server.Daemon] DaemonExpirationPeriodicCheck running
11:09:55.774 [DEBUG] [org.gradle.cache.internal.DefaultFileLockManager] Waiting to acquire shared lock on daemon addresses registry.
11:09:55.774 [DEBUG] [org.gradle.cache.internal.DefaultFileLockManager] Lock acquired on daemon addresses registry.
11:09:55.774 [DEBUG] [org.gradle.cache.internal.DefaultFileLockManager] Releasing lock on daemon addresses registry.
11:09:55.774 [DEBUG] [org.gradle.cache.internal.DefaultFileLockManager] Waiting to acquire shared lock on daemon addresses registry.
11:09:55.774 [DEBUG] [org.gradle.cache.internal.DefaultFileLockManager] Lock acquired on daemon addresses registry.
11:09:55.774 [DEBUG] [org.gradle.cache.internal.DefaultFileLockManager] Releasing lock on daemon addresses registry.
11:09:55.774 [DEBUG] [org.gradle.cache.internal.DefaultFileLockManager] Waiting to acquire shared lock on daemon addresses registry.
11:09:55.774 [DEBUG] [org.gradle.cache.internal.DefaultFileLockManager] Lock acquired on daemon addresses registry.
11:09:55.774 [DEBUG] [org.gradle.cache.internal.DefaultFileLockManager] Releasing lock on daemon addresses registry.
11:10:05.774 [DEBUG] [org.gradle.launcher.daemon.server.Daemon] DaemonExpirationPeriodicCheck running
11:10:05.774 [DEBUG] [org.gradle.cache.internal.DefaultFileLockManager] Waiting to acquire shared lock on daemon addresses registry.
11:10:05.774 [DEBUG] [org.gradle.cache.internal.DefaultFileLockManager] Lock acquired on daemon addresses registry.
11:10:05.774 [DEBUG] [org.gradle.cache.internal.DefaultFileLockManager] Releasing lock on daemon addresses registry.
11:10:05.774 [DEBUG] [org.gradle.cache.internal.DefaultFileLockManager] Waiting to acquire shared lock on daemon addresses registry.
11:10:05.774 [DEBUG] [org.gradle.cache.internal.DefaultFileLockManager] Lock acquired on daemon addresses registry.
11:10:05.774 [DEBUG] [org.gradle.cache.internal.DefaultFileLockManager] Releasing lock on daemon addresses registry.
11:10:05.774 [DEBUG] [org.gradle.cache.internal.DefaultFileLockManager] Waiting to acquire shared lock on daemon addresses registry.
11:10:05.774 [DEBUG] [org.gradle.cache.internal.DefaultFileLockManager] Lock acquired on daemon addresses registry.
11:10:05.774 [DEBUG] [org.gradle.cache.internal.DefaultFileLockManager] Releasing lock on daemon addresses registry.
11:10:15.774 [DEBUG] [org.gradle.launcher.daemon.server.Daemon] DaemonExpirationPeriodicCheck running
11:10:15.774 [DEBUG] [org.gradle.cache.internal.DefaultFileLockManager] Waiting to acquire shared lock on daemon addresses registry.
11:10:15.774 [DEBUG] [org.gradle.cache.internal.DefaultFileLockManager] Lock acquired on daemon addresses registry.
11:10:15.774 [DEBUG] [org.gradle.cache.internal.DefaultFileLockManager] Releasing lock on daemon addresses registry.
11:10:15.774 [DEBUG] [org.gradle.cache.internal.DefaultFileLockManager] Waiting to acquire shared lock on daemon addresses registry.
11:10:15.774 [DEBUG] [org.gradle.cache.internal.DefaultFileLockManager] Lock acquired on daemon addresses registry.
11:10:15.774 [DEBUG] [org.gradle.cache.internal.DefaultFileLockManager] Releasing lock on daemon addresses registry.
11:10:15.774 [DEBUG] [org.gradle.cache.internal.DefaultFileLockManager] Waiting to acquire shared lock on daemon addresses registry.
11:10:15.774 [DEBUG] [org.gradle.cache.internal.DefaultFileLockManager] Lock acquired on daemon addresses registry.
11:10:15.774 [DEBUG] [org.gradle.cache.internal.DefaultFileLockManager] Releasing lock on daemon addresses registry.
11:10:17.836 [DEBUG] [org.gradle.internal.remote.internal.inet.TcpIncomingConnector] Accepted connection from /0:0:0:0:0:0:0:1:51664 to /0:0:0:0:0:0:0:1:42395.
11:10:17.861 [DEBUG] [org.gradle.launcher.daemon.server.SynchronizedDispatchConnection] thread 83: received class org.gradle.launcher.daemon.protocol.Build
11:10:17.861 [DEBUG] [org.gradle.launcher.daemon.server.DefaultDaemonConnection] thread 83: Received non-IO message from client: Build{id=f1dc8cc3-59c0-454d-bfaf-6f3816b2ec5f.1, currentDir=/home/student/gradleapp}
11:10:17.861 [INFO] [org.gradle.launcher.daemon.server.DefaultIncomingConnectionHandler] Received command: Build{id=f1dc8cc3-59c0-454d-bfaf-6f3816b2ec5f.1, currentDir=/home/student/gradleapp}.
11:10:17.862 [DEBUG] [org.gradle.launcher.daemon.server.DefaultIncomingConnectionHandler] Starting executing command: Build{id=f1dc8cc3-59c0-454d-bfaf-6f3816b2ec5f.1, currentDir=/home/student/gradleapp} with connection: socket connection from /0:0:0:0:0:0:0:1:42395 to /0:0:0:0:0:0:0:1:51664.
11:10:17.862 [ERROR] [org.gradle.launcher.daemon.server.DaemonStateCoordinator] Command execution: started DaemonCommandExecution[command = Build{id=f1dc8cc3-59c0-454d-bfaf-6f3816b2ec5f.1, currentDir=/home/student/gradleapp}, connection = DefaultDaemonConnection: socket connection from /0:0:0:0:0:0:0:1:42395 to /0:0:0:0:0:0:0:1:51664] after 0.0 minutes of idle
11:10:17.862 [INFO] [org.gradle.launcher.daemon.server.DaemonRegistryUpdater] Marking the daemon as busy, address: [c5abe67c-4535-46a6-8549-8ed66c8be0f4 port:42395, addresses:[/0:0:0:0:0:0:0:1%lo, /127.0.0.1]]
11:10:17.862 [DEBUG] [org.gradle.launcher.daemon.registry.PersistentDaemonRegistry] Marking busy by address: [c5abe67c-4535-46a6-8549-8ed66c8be0f4 port:42395, addresses:[/0:0:0:0:0:0:0:1%lo, /127.0.0.1]]
11:10:17.862 [DEBUG] [org.gradle.cache.internal.DefaultFileLockManager] Waiting to acquire exclusive lock on daemon addresses registry.
11:10:17.862 [DEBUG] [org.gradle.cache.internal.DefaultFileLockManager] Lock acquired on daemon addresses registry.
11:10:17.862 [DEBUG] [org.gradle.cache.internal.DefaultFileLockManager] Releasing lock on daemon addresses registry.
11:10:17.862 [DEBUG] [org.gradle.launcher.daemon.server.DaemonStateCoordinator] resetting idle timer
11:10:17.862 [DEBUG] [org.gradle.launcher.daemon.server.DaemonStateCoordinator] daemon is running. Sleeping until state changes.
11:10:17.862 [INFO] [org.gradle.launcher.daemon.server.exec.StartBuildOrRespondWithBusy] Daemon is about to start building Build{id=f1dc8cc3-59c0-454d-bfaf-6f3816b2ec5f.1, currentDir=/home/student/gradleapp}. Dispatching build started information...
11:10:17.862 [DEBUG] [org.gradle.launcher.daemon.server.SynchronizedDispatchConnection] thread 78: dispatching class org.gradle.launcher.daemon.protocol.BuildStarted
11:10:17.863 [DEBUG] [org.gradle.launcher.daemon.server.exec.EstablishBuildEnvironment] Configuring env variables: {PATH=/usr/local/sbin:/usr/local/bin:/usr/sbin:/usr/bin:/sbin:/bin:/usr/games:/usr/local/games:/snap/bin:/snap/bin, XAUTHORITY=/run/user/1001/.mutter-Xwaylandauth.IN53L3, LESSCLOSE=/usr/bin/lesspipe %s %s, XMODIFIERS=@im=ibus, XDG_DATA_DIRS=/usr/share/ubuntu:/usr/local/share/:/usr/share/:/var/lib/snapd/desktop, GDMSESSION=ubuntu, QT_IM_MODULE=ibus, TERM=xterm-256color, XDG_CONFIG_DIRS=/etc/xdg/xdg-ubuntu:/etc/xdg, GNOME_TERMINAL_SERVICE=:1.99, LANG=en_IN, DBUS_SESSION_BUS_ADDRESS=unix:path=/run/user/1001/bus, XDG_SESSION_TYPE=wayland, XDG_CURRENT_DESKTOP=ubuntu:GNOME, DISPLAY=:0, WAYLAND_DISPLAY=wayland-0, COLORTERM=truecolor, SESSION_MANAGER=local/aimll501pc12-HP-Pro-Tower-280-G9-PCI-Desktop-PC:@/tmp/.ICE-unix/1728,unix/aimll501pc12-HP-Pro-Tower-280-G9-PCI-Desktop-PC:/tmp/.ICE-unix/1728, USERNAME=student, LOGNAME=student, PWD=/home/student/gradleapp, IM_CONFIG_PHASE=1, XDG_SESSION_CLASS=user, _=/usr/bin/gradle, LANGUAGE=en_IN:en, SHELL=/bin/bash, LESSOPEN=| /usr/bin/lesspipe %s, DESKTOP_SESSION=ubuntu, OLDPWD=/usr/share/gradle, USER=student, XDG_MENU_PREFIX=gnome-, VTE_VERSION=6800, QT_ACCESSIBILITY=1, GNOME_DESKTOP_SESSION_ID=this-is-deprecated, SSH_AUTH_SOCK=/run/user/1001/keyring/ssh, GNOME_TERMINAL_SCREEN=/org/gnome/Terminal/screen/00451b6d_34b3_4201_9694_13d3c98f1d31, GTK_MODULES=gail:atk-bridge, GNOME_SHELL_SESSION_MODE=ubuntu, SYSTEMD_EXEC_PID=1759, LS_COLORS=rs=0:di=01;34:ln=01;36:mh=00:pi=40;33:so=01;35:do=01;35:bd=40;33;01:cd=40;33;01:or=40;31;01:mi=00:su=37;41:sg=30;43:ca=30;41:tw=30;42:ow=34;42:st=37;44:ex=01;32:*.tar=01;31:*.tgz=01;31:*.arc=01;31:*.arj=01;31:*.taz=01;31:*.lha=01;31:*.lz4=01;31:*.lzh=01;31:*.lzma=01;31:*.tlz=01;31:*.txz=01;31:*.tzo=01;31:*.t7z=01;31:*.zip=01;31:*.z=01;31:*.dz=01;31:*.gz=01;31:*.lrz=01;31:*.lz=01;31:*.lzo=01;31:*.xz=01;31:*.zst=01;31:*.tzst=01;31:*.bz2=01;31:*.bz=01;31:*.tbz=01;31:*.tbz2=01;31:*.tz=01;31:*.deb=01;31:*.rpm=01;31:*.jar=01;31:*.war=01;31:*.ear=01;31:*.sar=01;31:*.rar=01;31:*.alz=01;31:*.ace=01;31:*.zoo=01;31:*.cpio=01;31:*.7z=01;31:*.rz=01;31:*.cab=01;31:*.wim=01;31:*.swm=01;31:*.dwm=01;31:*.esd=01;31:*.jpg=01;35:*.jpeg=01;35:*.mjpg=01;35:*.mjpeg=01;35:*.gif=01;35:*.bmp=01;35:*.pbm=01;35:*.pgm=01;35:*.ppm=01;35:*.tga=01;35:*.xbm=01;35:*.xpm=01;35:*.tif=01;35:*.tiff=01;35:*.png=01;35:*.svg=01;35:*.svgz=01;35:*.mng=01;35:*.pcx=01;35:*.mov=01;35:*.mpg=01;35:*.mpeg=01;35:*.m2v=01;35:*.mkv=01;35:*.webm=01;35:*.webp=01;35:*.ogm=01;35:*.mp4=01;35:*.m4v=01;35:*.mp4v=01;35:*.vob=01;35:*.qt=01;35:*.nuv=01;35:*.wmv=01;35:*.asf=01;35:*.rm=01;35:*.rmvb=01;35:*.flc=01;35:*.avi=01;35:*.fli=01;35:*.flv=01;35:*.gl=01;35:*.dl=01;35:*.xcf=01;35:*.xwd=01;35:*.yuv=01;35:*.cgm=01;35:*.emf=01;35:*.ogv=01;35:*.ogx=01;35:*.aac=00;36:*.au=00;36:*.flac=00;36:*.m4a=00;36:*.mid=00;36:*.midi=00;36:*.mka=00;36:*.mp3=00;36:*.mpc=00;36:*.ogg=00;36:*.ra=00;36:*.wav=00;36:*.oga=00;36:*.opus=00;36:*.spx=00;36:*.xspf=00;36:, XDG_SESSION_DESKTOP=ubuntu, XDG_RUNTIME_DIR=/run/user/1001, GNOME_SETUP_DISPLAY=:1, SSH_AGENT_LAUNCHER=gnome-keyring, HOME=/home/student, SHLVL=1}
11:10:17.863 [WARN] [org.gradle.launcher.daemon.server.exec.EstablishBuildEnvironment] Warning: Unable able to set daemon's environment variables to match the client because: 
  Java 9 does not support modifying environment variables.
  If the daemon was started with a significantly different environment from the client, and your build 
  relies on environment variables, you may experience unexpected behavior.
11:10:17.863 [DEBUG] [org.gradle.launcher.daemon.server.exec.LogToClient] About to start relaying all logs to the client via the connection.
11:10:17.863 [INFO] [org.gradle.launcher.daemon.server.exec.LogToClient] The client will now receive all logging from the daemon (pid: 3563). The daemon log file: /home/student/.gradle/daemon/4.4.1/daemon-3563.out.log
11:10:17.863 [INFO] [org.gradle.launcher.daemon.server.exec.LogAndCheckHealth] Starting 8th build in daemon [uptime: 9 mins 42.15 secs, performance: 100%]
11:10:17.863 [DEBUG] [org.gradle.launcher.daemon.server.exec.ExecuteBuild] The daemon has started executing the build.
11:10:17.863 [DEBUG] [org.gradle.launcher.daemon.server.exec.ExecuteBuild] Executing build with daemon context: DefaultDaemonContext[uid=6097f117-ad2a-4ee3-92ec-fb117d27c418,javaHome=/usr/lib/jvm/java-11-openjdk-amd64,daemonRegistryDir=/home/student/.gradle/daemon,pid=3563,idleTimeout=10800000,daemonOpts=-XX:+HeapDumpOnOutOfMemoryError,-Xmx1024m,-Dfile.encoding=UTF-8,-Duser.country=IN,-Duser.language=en,-Duser.variant]

FAILURE: Build failed with an exception.

* Where:
Build file '/home/student/gradleapp/build.gradle' line: 34

* What went wrong:
Could not compile build file '/home/student/gradleapp/build.gradle'.
> startup failed:
  build file '/home/student/gradleapp/build.gradle': 34: unexpected token: Hello, world @ line 34, column 7.
     print "Hello, world"
           ^
  
  1 error


* Try:
Run with --stacktrace option to get the stack trace. Run with --info or --debug option to get more log output. Run with --scan to get full insights.

* Get more help at https://help.gradle.org

BUILD FAILED in 0s
11:10:17.873 [DEBUG] [org.gradle.launcher.daemon.server.exec.ExecuteBuild] The daemon has finished executing the build.
11:10:17.873 [DEBUG] [org.gradle.launcher.daemon.server.DaemonStateCoordinator] Command execution: finished waiting for DaemonCommandExecution[command = Build{id=f1dc8cc3-59c0-454d-bfaf-6f3816b2ec5f.1, currentDir=/home/student/gradleapp}, connection = DefaultDaemonConnection: socket connection from /0:0:0:0:0:0:0:1:42395 to /0:0:0:0:0:0:0:1:51664]. Result org.gradle.launcher.daemon.server.DaemonStateCoordinator@423d1111 with state Busy
11:10:17.873 [DEBUG] [org.gradle.launcher.daemon.server.DaemonStateCoordinator] Command execution: completed DaemonCommandExecution[command = Build{id=f1dc8cc3-59c0-454d-bfaf-6f3816b2ec5f.1, currentDir=/home/student/gradleapp}, connection = DefaultDaemonConnection: socket connection from /0:0:0:0:0:0:0:1:42395 to /0:0:0:0:0:0:0:1:51664]
11:10:17.873 [DEBUG] [org.gradle.launcher.daemon.server.DaemonStateCoordinator] resetting idle timer
11:10:17.873 [INFO] [org.gradle.launcher.daemon.server.DaemonRegistryUpdater] Marking the daemon as idle, address: [c5abe67c-4535-46a6-8549-8ed66c8be0f4 port:42395, addresses:[/0:0:0:0:0:0:0:1%lo, /127.0.0.1]]
11:10:17.873 [DEBUG] [org.gradle.launcher.daemon.registry.PersistentDaemonRegistry] Marking busy by address: [c5abe67c-4535-46a6-8549-8ed66c8be0f4 port:42395, addresses:[/0:0:0:0:0:0:0:1%lo, /127.0.0.1]]
11:10:17.874 [DEBUG] [org.gradle.cache.internal.DefaultFileLockManager] Waiting to acquire exclusive lock on daemon addresses registry.
11:10:17.874 [DEBUG] [org.gradle.cache.internal.DefaultFileLockManager] Lock acquired on daemon addresses registry.
11:10:17.874 [DEBUG] [org.gradle.cache.internal.DefaultFileLockManager] Releasing lock on daemon addresses registry.
11:10:17.874 [DEBUG] [org.gradle.launcher.daemon.server.DaemonStateCoordinator] daemon is running. Sleeping until state changes.
11:10:17.874 [DEBUG] [org.gradle.launcher.daemon.server.exec.ReturnResult] Daemon is dispatching the build result: Failure[value=org.gradle.initialization.ReportedException: org.gradle.internal.exceptions.LocationAwareException: Build file '/home/student/gradleapp/build.gradle' line: 34
Could not compile build file '/home/student/gradleapp/build.gradle'.]
11:10:17.874 [DEBUG] [org.gradle.launcher.daemon.server.SynchronizedDispatchConnection] thread 75: dispatching class org.gradle.launcher.daemon.protocol.Failure
11:10:17.876 [DEBUG] [org.gradle.launcher.daemon.server.DefaultIncomingConnectionHandler] Finishing executing command: Build{id=f1dc8cc3-59c0-454d-bfaf-6f3816b2ec5f.1, currentDir=/home/student/gradleapp}
11:10:17.888 [DEBUG] [org.gradle.launcher.daemon.server.SynchronizedDispatchConnection] thread 83: received class org.gradle.launcher.daemon.protocol.CloseInput
11:10:17.888 [DEBUG] [org.gradle.launcher.daemon.server.DefaultDaemonConnection] thread 83: Received IO message from client: org.gradle.launcher.daemon.protocol.CloseInput@3a8897c
11:10:17.889 [DEBUG] [org.gradle.launcher.daemon.server.SynchronizedDispatchConnection] thread 83: received class org.gradle.launcher.daemon.protocol.Finished
11:10:17.889 [DEBUG] [org.gradle.launcher.daemon.server.DefaultDaemonConnection] thread 83: Received non-IO message from client: org.gradle.launcher.daemon.protocol.Finished@46aa076d
11:10:17.889 [DEBUG] [org.gradle.launcher.daemon.server.DefaultIncomingConnectionHandler] Received finished message: org.gradle.launcher.daemon.protocol.Finished@46aa076d
11:10:17.889 [DEBUG] [org.gradle.internal.remote.internal.inet.SocketConnection] Discarding EOFException: java.io.EOFException
11:10:17.889 [DEBUG] [org.gradle.launcher.daemon.server.SynchronizedDispatchConnection] thread 83: received null
11:10:17.889 [DEBUG] [org.gradle.launcher.daemon.server.DefaultDaemonConnection] thread 83: Received end-of-input from client.
11:10:17.889 [DEBUG] [org.gradle.launcher.daemon.server.SynchronizedDispatchConnection] thread 75: stopping connection
11:10:17.890 [DEBUG] [org.gradle.launcher.daemon.server.SynchronizedDispatchConnection] thread 75: stopping connection
11:10:25.774 [DEBUG] [org.gradle.launcher.daemon.server.Daemon] DaemonExpirationPeriodicCheck running
11:10:25.774 [DEBUG] [org.gradle.cache.internal.DefaultFileLockManager] Waiting to acquire shared lock on daemon addresses registry.
11:10:25.774 [DEBUG] [org.gradle.cache.internal.DefaultFileLockManager] Lock acquired on daemon addresses registry.
11:10:25.774 [DEBUG] [org.gradle.cache.internal.DefaultFileLockManager] Releasing lock on daemon addresses registry.
11:10:25.774 [DEBUG] [org.gradle.cache.internal.DefaultFileLockManager] Waiting to acquire shared lock on daemon addresses registry.
11:10:25.774 [DEBUG] [org.gradle.cache.internal.DefaultFileLockManager] Lock acquired on daemon addresses registry.
11:10:25.774 [DEBUG] [org.gradle.cache.internal.DefaultFileLockManager] Releasing lock on daemon addresses registry.
11:10:35.774 [DEBUG] [org.gradle.launcher.daemon.server.Daemon] DaemonExpirationPeriodicCheck running
11:10:35.774 [DEBUG] [org.gradle.cache.internal.DefaultFileLockManager] Waiting to acquire shared lock on daemon addresses registry.
11:10:35.774 [DEBUG] [org.gradle.cache.internal.DefaultFileLockManager] Lock acquired on daemon addresses registry.
11:10:35.774 [DEBUG] [org.gradle.cache.internal.DefaultFileLockManager] Releasing lock on daemon addresses registry.
11:10:35.774 [DEBUG] [org.gradle.cache.internal.DefaultFileLockManager] Waiting to acquire shared lock on daemon addresses registry.
11:10:35.774 [DEBUG] [org.gradle.cache.internal.DefaultFileLockManager] Lock acquired on daemon addresses registry.
11:10:35.774 [DEBUG] [org.gradle.cache.internal.DefaultFileLockManager] Releasing lock on daemon addresses registry.
11:10:35.774 [DEBUG] [org.gradle.cache.internal.DefaultFileLockManager] Waiting to acquire shared lock on daemon addresses registry.
11:10:35.774 [DEBUG] [org.gradle.cache.internal.DefaultFileLockManager] Lock acquired on daemon addresses registry.
11:10:35.774 [DEBUG] [org.gradle.cache.internal.DefaultFileLockManager] Releasing lock on daemon addresses registry.
11:10:45.774 [DEBUG] [org.gradle.launcher.daemon.server.Daemon] DaemonExpirationPeriodicCheck running
11:10:45.774 [DEBUG] [org.gradle.cache.internal.DefaultFileLockManager] Waiting to acquire shared lock on daemon addresses registry.
11:10:45.774 [DEBUG] [org.gradle.cache.internal.DefaultFileLockManager] Lock acquired on daemon addresses registry.
11:10:45.774 [DEBUG] [org.gradle.cache.internal.DefaultFileLockManager] Releasing lock on daemon addresses registry.
11:10:45.774 [DEBUG] [org.gradle.cache.internal.DefaultFileLockManager] Waiting to acquire shared lock on daemon addresses registry.
11:10:45.774 [DEBUG] [org.gradle.cache.internal.DefaultFileLockManager] Lock acquired on daemon addresses registry.
11:10:45.774 [DEBUG] [org.gradle.cache.internal.DefaultFileLockManager] Releasing lock on daemon addresses registry.
11:10:45.774 [DEBUG] [org.gradle.cache.internal.DefaultFileLockManager] Waiting to acquire shared lock on daemon addresses registry.
11:10:45.774 [DEBUG] [org.gradle.cache.internal.DefaultFileLockManager] Lock acquired on daemon addresses registry.
11:10:45.774 [DEBUG] [org.gradle.cache.internal.DefaultFileLockManager] Releasing lock on daemon addresses registry.
11:10:55.774 [DEBUG] [org.gradle.launcher.daemon.server.Daemon] DaemonExpirationPeriodicCheck running
11:10:55.774 [DEBUG] [org.gradle.cache.internal.DefaultFileLockManager] Waiting to acquire shared lock on daemon addresses registry.
11:10:55.774 [DEBUG] [org.gradle.cache.internal.DefaultFileLockManager] Lock acquired on daemon addresses registry.
11:10:55.774 [DEBUG] [org.gradle.cache.internal.DefaultFileLockManager] Releasing lock on daemon addresses registry.
11:10:55.774 [DEBUG] [org.gradle.cache.internal.DefaultFileLockManager] Waiting to acquire shared lock on daemon addresses registry.
11:10:55.774 [DEBUG] [org.gradle.cache.internal.DefaultFileLockManager] Lock acquired on daemon addresses registry.
11:10:55.774 [DEBUG] [org.gradle.cache.internal.DefaultFileLockManager] Releasing lock on daemon addresses registry.
11:10:55.774 [DEBUG] [org.gradle.cache.internal.DefaultFileLockManager] Waiting to acquire shared lock on daemon addresses registry.
11:10:55.774 [DEBUG] [org.gradle.cache.internal.DefaultFileLockManager] Lock acquired on daemon addresses registry.
11:10:55.779 [DEBUG] [org.gradle.cache.internal.DefaultFileLockManager] Releasing lock on daemon addresses registry.
11:11:05.774 [DEBUG] [org.gradle.launcher.daemon.server.Daemon] DaemonExpirationPeriodicCheck running
11:11:05.774 [DEBUG] [org.gradle.cache.internal.DefaultFileLockManager] Waiting to acquire shared lock on daemon addresses registry.
11:11:05.774 [DEBUG] [org.gradle.cache.internal.DefaultFileLockManager] Lock acquired on daemon addresses registry.
11:11:05.774 [DEBUG] [org.gradle.cache.internal.DefaultFileLockManager] Releasing lock on daemon addresses registry.
11:11:05.774 [DEBUG] [org.gradle.cache.internal.DefaultFileLockManager] Waiting to acquire shared lock on daemon addresses registry.
11:11:05.774 [DEBUG] [org.gradle.cache.internal.DefaultFileLockManager] Lock acquired on daemon addresses registry.
11:11:05.774 [DEBUG] [org.gradle.cache.internal.DefaultFileLockManager] Releasing lock on daemon addresses registry.
11:11:05.774 [DEBUG] [org.gradle.cache.internal.DefaultFileLockManager] Waiting to acquire shared lock on daemon addresses registry.
11:11:05.774 [DEBUG] [org.gradle.cache.internal.DefaultFileLockManager] Lock acquired on daemon addresses registry.
11:11:05.774 [DEBUG] [org.gradle.cache.internal.DefaultFileLockManager] Releasing lock on daemon addresses registry.
11:11:15.774 [DEBUG] [org.gradle.launcher.daemon.server.Daemon] DaemonExpirationPeriodicCheck running
11:11:15.774 [DEBUG] [org.gradle.cache.internal.DefaultFileLockManager] Waiting to acquire shared lock on daemon addresses registry.
11:11:15.774 [DEBUG] [org.gradle.cache.internal.DefaultFileLockManager] Lock acquired on daemon addresses registry.
11:11:15.774 [DEBUG] [org.gradle.cache.internal.DefaultFileLockManager] Releasing lock on daemon addresses registry.
11:11:15.774 [DEBUG] [org.gradle.cache.internal.DefaultFileLockManager] Waiting to acquire shared lock on daemon addresses registry.
11:11:15.774 [DEBUG] [org.gradle.cache.internal.DefaultFileLockManager] Lock acquired on daemon addresses registry.
11:11:15.774 [DEBUG] [org.gradle.cache.internal.DefaultFileLockManager] Releasing lock on daemon addresses registry.
11:11:15.774 [DEBUG] [org.gradle.cache.internal.DefaultFileLockManager] Waiting to acquire shared lock on daemon addresses registry.
11:11:15.774 [DEBUG] [org.gradle.cache.internal.DefaultFileLockManager] Lock acquired on daemon addresses registry.
11:11:15.774 [DEBUG] [org.gradle.cache.internal.DefaultFileLockManager] Releasing lock on daemon addresses registry.
11:11:25.774 [DEBUG] [org.gradle.launcher.daemon.server.Daemon] DaemonExpirationPeriodicCheck running
11:11:25.774 [DEBUG] [org.gradle.cache.internal.DefaultFileLockManager] Waiting to acquire shared lock on daemon addresses registry.
11:11:25.774 [DEBUG] [org.gradle.cache.internal.DefaultFileLockManager] Lock acquired on daemon addresses registry.
11:11:25.774 [DEBUG] [org.gradle.cache.internal.DefaultFileLockManager] Releasing lock on daemon addresses registry.
11:11:25.774 [DEBUG] [org.gradle.cache.internal.DefaultFileLockManager] Waiting to acquire shared lock on daemon addresses registry.
11:11:25.774 [DEBUG] [org.gradle.cache.internal.DefaultFileLockManager] Lock acquired on daemon addresses registry.
11:11:25.774 [DEBUG] [org.gradle.cache.internal.DefaultFileLockManager] Releasing lock on daemon addresses registry.
11:11:25.774 [DEBUG] [org.gradle.cache.internal.DefaultFileLockManager] Waiting to acquire shared lock on daemon addresses registry.
11:11:25.774 [DEBUG] [org.gradle.cache.internal.DefaultFileLockManager] Lock acquired on daemon addresses registry.
11:11:25.774 [DEBUG] [org.gradle.cache.internal.DefaultFileLockManager] Releasing lock on daemon addresses registry.
11:11:35.774 [DEBUG] [org.gradle.launcher.daemon.server.Daemon] DaemonExpirationPeriodicCheck running
11:11:35.774 [DEBUG] [org.gradle.cache.internal.DefaultFileLockManager] Waiting to acquire shared lock on daemon addresses registry.
11:11:35.774 [DEBUG] [org.gradle.cache.internal.DefaultFileLockManager] Lock acquired on daemon addresses registry.
11:11:35.774 [DEBUG] [org.gradle.cache.internal.DefaultFileLockManager] Releasing lock on daemon addresses registry.
11:11:35.774 [DEBUG] [org.gradle.cache.internal.DefaultFileLockManager] Waiting to acquire shared lock on daemon addresses registry.
11:11:35.774 [DEBUG] [org.gradle.cache.internal.DefaultFileLockManager] Lock acquired on daemon addresses registry.
11:11:35.774 [DEBUG] [org.gradle.cache.internal.DefaultFileLockManager] Releasing lock on daemon addresses registry.
11:11:35.774 [DEBUG] [org.gradle.cache.internal.DefaultFileLockManager] Waiting to acquire shared lock on daemon addresses registry.
11:11:35.774 [DEBUG] [org.gradle.cache.internal.DefaultFileLockManager] Lock acquired on daemon addresses registry.
11:11:35.774 [DEBUG] [org.gradle.cache.internal.DefaultFileLockManager] Releasing lock on daemon addresses registry.
11:11:45.774 [DEBUG] [org.gradle.launcher.daemon.server.Daemon] DaemonExpirationPeriodicCheck running
11:11:45.774 [DEBUG] [org.gradle.cache.internal.DefaultFileLockManager] Waiting to acquire shared lock on daemon addresses registry.
11:11:45.774 [DEBUG] [org.gradle.cache.internal.DefaultFileLockManager] Lock acquired on daemon addresses registry.
11:11:45.774 [DEBUG] [org.gradle.cache.internal.DefaultFileLockManager] Releasing lock on daemon addresses registry.
11:11:45.774 [DEBUG] [org.gradle.cache.internal.DefaultFileLockManager] Waiting to acquire shared lock on daemon addresses registry.
11:11:45.774 [DEBUG] [org.gradle.cache.internal.DefaultFileLockManager] Lock acquired on daemon addresses registry.
11:11:45.774 [DEBUG] [org.gradle.cache.internal.DefaultFileLockManager] Releasing lock on daemon addresses registry.
11:11:45.774 [DEBUG] [org.gradle.cache.internal.DefaultFileLockManager] Waiting to acquire shared lock on daemon addresses registry.
11:11:45.774 [DEBUG] [org.gradle.cache.internal.DefaultFileLockManager] Lock acquired on daemon addresses registry.
11:11:45.774 [DEBUG] [org.gradle.cache.internal.DefaultFileLockManager] Releasing lock on daemon addresses registry.
11:11:55.774 [DEBUG] [org.gradle.launcher.daemon.server.Daemon] DaemonExpirationPeriodicCheck running
11:11:55.774 [DEBUG] [org.gradle.cache.internal.DefaultFileLockManager] Waiting to acquire shared lock on daemon addresses registry.
11:11:55.774 [DEBUG] [org.gradle.cache.internal.DefaultFileLockManager] Lock acquired on daemon addresses registry.
11:11:55.774 [DEBUG] [org.gradle.cache.internal.DefaultFileLockManager] Releasing lock on daemon addresses registry.
11:11:55.774 [DEBUG] [org.gradle.cache.internal.DefaultFileLockManager] Waiting to acquire shared lock on daemon addresses registry.
11:11:55.774 [DEBUG] [org.gradle.cache.internal.DefaultFileLockManager] Lock acquired on daemon addresses registry.
11:11:55.774 [DEBUG] [org.gradle.cache.internal.DefaultFileLockManager] Releasing lock on daemon addresses registry.
11:11:55.774 [DEBUG] [org.gradle.cache.internal.DefaultFileLockManager] Waiting to acquire shared lock on daemon addresses registry.
11:11:55.774 [DEBUG] [org.gradle.cache.internal.DefaultFileLockManager] Lock acquired on daemon addresses registry.
11:11:55.774 [DEBUG] [org.gradle.cache.internal.DefaultFileLockManager] Releasing lock on daemon addresses registry.
11:12:05.774 [DEBUG] [org.gradle.launcher.daemon.server.Daemon] DaemonExpirationPeriodicCheck running
11:12:05.774 [DEBUG] [org.gradle.cache.internal.DefaultFileLockManager] Waiting to acquire shared lock on daemon addresses registry.
11:12:05.774 [DEBUG] [org.gradle.cache.internal.DefaultFileLockManager] Lock acquired on daemon addresses registry.
11:12:05.774 [DEBUG] [org.gradle.cache.internal.DefaultFileLockManager] Releasing lock on daemon addresses registry.
11:12:05.774 [DEBUG] [org.gradle.cache.internal.DefaultFileLockManager] Waiting to acquire shared lock on daemon addresses registry.
11:12:05.774 [DEBUG] [org.gradle.cache.internal.DefaultFileLockManager] Lock acquired on daemon addresses registry.
11:12:05.774 [DEBUG] [org.gradle.cache.internal.DefaultFileLockManager] Releasing lock on daemon addresses registry.
11:12:05.774 [DEBUG] [org.gradle.cache.internal.DefaultFileLockManager] Waiting to acquire shared lock on daemon addresses registry.
11:12:05.774 [DEBUG] [org.gradle.cache.internal.DefaultFileLockManager] Lock acquired on daemon addresses registry.
11:12:05.774 [DEBUG] [org.gradle.cache.internal.DefaultFileLockManager] Releasing lock on daemon addresses registry.
11:12:15.774 [DEBUG] [org.gradle.launcher.daemon.server.Daemon] DaemonExpirationPeriodicCheck running
11:12:15.774 [DEBUG] [org.gradle.cache.internal.DefaultFileLockManager] Waiting to acquire shared lock on daemon addresses registry.
11:12:15.774 [DEBUG] [org.gradle.cache.internal.DefaultFileLockManager] Lock acquired on daemon addresses registry.
11:12:15.774 [DEBUG] [org.gradle.cache.internal.DefaultFileLockManager] Releasing lock on daemon addresses registry.
11:12:15.774 [DEBUG] [org.gradle.cache.internal.DefaultFileLockManager] Waiting to acquire shared lock on daemon addresses registry.
11:12:15.774 [DEBUG] [org.gradle.cache.internal.DefaultFileLockManager] Lock acquired on daemon addresses registry.
11:12:15.774 [DEBUG] [org.gradle.cache.internal.DefaultFileLockManager] Releasing lock on daemon addresses registry.
11:12:15.774 [DEBUG] [org.gradle.cache.internal.DefaultFileLockManager] Waiting to acquire shared lock on daemon addresses registry.
11:12:15.774 [DEBUG] [org.gradle.cache.internal.DefaultFileLockManager] Lock acquired on daemon addresses registry.
11:12:15.774 [DEBUG] [org.gradle.cache.internal.DefaultFileLockManager] Releasing lock on daemon addresses registry.
11:12:25.774 [DEBUG] [org.gradle.launcher.daemon.server.Daemon] DaemonExpirationPeriodicCheck running
11:12:25.774 [DEBUG] [org.gradle.cache.internal.DefaultFileLockManager] Waiting to acquire shared lock on daemon addresses registry.
11:12:25.774 [DEBUG] [org.gradle.cache.internal.DefaultFileLockManager] Lock acquired on daemon addresses registry.
11:12:25.774 [DEBUG] [org.gradle.cache.internal.DefaultFileLockManager] Releasing lock on daemon addresses registry.
11:12:25.774 [DEBUG] [org.gradle.cache.internal.DefaultFileLockManager] Waiting to acquire shared lock on daemon addresses registry.
11:12:25.774 [DEBUG] [org.gradle.cache.internal.DefaultFileLockManager] Lock acquired on daemon addresses registry.
11:12:25.774 [DEBUG] [org.gradle.cache.internal.DefaultFileLockManager] Releasing lock on daemon addresses registry.
11:12:25.774 [DEBUG] [org.gradle.cache.internal.DefaultFileLockManager] Waiting to acquire shared lock on daemon addresses registry.
11:12:25.774 [DEBUG] [org.gradle.cache.internal.DefaultFileLockManager] Lock acquired on daemon addresses registry.
11:12:25.774 [DEBUG] [org.gradle.cache.internal.DefaultFileLockManager] Releasing lock on daemon addresses registry.
11:12:35.774 [DEBUG] [org.gradle.launcher.daemon.server.Daemon] DaemonExpirationPeriodicCheck running
11:12:35.774 [DEBUG] [org.gradle.cache.internal.DefaultFileLockManager] Waiting to acquire shared lock on daemon addresses registry.
11:12:35.774 [DEBUG] [org.gradle.cache.internal.DefaultFileLockManager] Lock acquired on daemon addresses registry.
11:12:35.774 [DEBUG] [org.gradle.cache.internal.DefaultFileLockManager] Releasing lock on daemon addresses registry.
11:12:35.774 [DEBUG] [org.gradle.cache.internal.DefaultFileLockManager] Waiting to acquire shared lock on daemon addresses registry.
11:12:35.774 [DEBUG] [org.gradle.cache.internal.DefaultFileLockManager] Lock acquired on daemon addresses registry.
11:12:35.774 [DEBUG] [org.gradle.cache.internal.DefaultFileLockManager] Releasing lock on daemon addresses registry.
11:12:35.774 [DEBUG] [org.gradle.cache.internal.DefaultFileLockManager] Waiting to acquire shared lock on daemon addresses registry.
11:12:35.774 [DEBUG] [org.gradle.cache.internal.DefaultFileLockManager] Lock acquired on daemon addresses registry.
11:12:35.774 [DEBUG] [org.gradle.cache.internal.DefaultFileLockManager] Releasing lock on daemon addresses registry.
11:12:45.774 [DEBUG] [org.gradle.launcher.daemon.server.Daemon] DaemonExpirationPeriodicCheck running
11:12:45.774 [DEBUG] [org.gradle.cache.internal.DefaultFileLockManager] Waiting to acquire shared lock on daemon addresses registry.
11:12:45.774 [DEBUG] [org.gradle.cache.internal.DefaultFileLockManager] Lock acquired on daemon addresses registry.
11:12:45.774 [DEBUG] [org.gradle.cache.internal.DefaultFileLockManager] Releasing lock on daemon addresses registry.
11:12:45.774 [DEBUG] [org.gradle.cache.internal.DefaultFileLockManager] Waiting to acquire shared lock on daemon addresses registry.
11:12:45.774 [DEBUG] [org.gradle.cache.internal.DefaultFileLockManager] Lock acquired on daemon addresses registry.
11:12:45.774 [DEBUG] [org.gradle.cache.internal.DefaultFileLockManager] Releasing lock on daemon addresses registry.
11:12:45.774 [DEBUG] [org.gradle.cache.internal.DefaultFileLockManager] Waiting to acquire shared lock on daemon addresses registry.
11:12:45.774 [DEBUG] [org.gradle.cache.internal.DefaultFileLockManager] Lock acquired on daemon addresses registry.
11:12:45.774 [DEBUG] [org.gradle.cache.internal.DefaultFileLockManager] Releasing lock on daemon addresses registry.
11:12:55.774 [DEBUG] [org.gradle.launcher.daemon.server.Daemon] DaemonExpirationPeriodicCheck running
11:12:55.774 [DEBUG] [org.gradle.cache.internal.DefaultFileLockManager] Waiting to acquire shared lock on daemon addresses registry.
11:12:55.774 [DEBUG] [org.gradle.cache.internal.DefaultFileLockManager] Lock acquired on daemon addresses registry.
11:12:55.774 [DEBUG] [org.gradle.cache.internal.DefaultFileLockManager] Releasing lock on daemon addresses registry.
11:12:55.774 [DEBUG] [org.gradle.cache.internal.DefaultFileLockManager] Waiting to acquire shared lock on daemon addresses registry.
11:12:55.774 [DEBUG] [org.gradle.cache.internal.DefaultFileLockManager] Lock acquired on daemon addresses registry.
11:12:55.774 [DEBUG] [org.gradle.cache.internal.DefaultFileLockManager] Releasing lock on daemon addresses registry.
11:12:55.774 [DEBUG] [org.gradle.cache.internal.DefaultFileLockManager] Waiting to acquire shared lock on daemon addresses registry.
11:12:55.774 [DEBUG] [org.gradle.cache.internal.DefaultFileLockManager] Lock acquired on daemon addresses registry.
11:12:55.774 [DEBUG] [org.gradle.cache.internal.DefaultFileLockManager] Releasing lock on daemon addresses registry.
11:13:05.774 [DEBUG] [org.gradle.launcher.daemon.server.Daemon] DaemonExpirationPeriodicCheck running
11:13:05.774 [DEBUG] [org.gradle.cache.internal.DefaultFileLockManager] Waiting to acquire shared lock on daemon addresses registry.
11:13:05.774 [DEBUG] [org.gradle.cache.internal.DefaultFileLockManager] Lock acquired on daemon addresses registry.
11:13:05.774 [DEBUG] [org.gradle.cache.internal.DefaultFileLockManager] Releasing lock on daemon addresses registry.
11:13:05.774 [DEBUG] [org.gradle.cache.internal.DefaultFileLockManager] Waiting to acquire shared lock on daemon addresses registry.
11:13:05.774 [DEBUG] [org.gradle.cache.internal.DefaultFileLockManager] Lock acquired on daemon addresses registry.
11:13:05.774 [DEBUG] [org.gradle.cache.internal.DefaultFileLockManager] Releasing lock on daemon addresses registry.
11:13:05.774 [DEBUG] [org.gradle.cache.internal.DefaultFileLockManager] Waiting to acquire shared lock on daemon addresses registry.
11:13:05.774 [DEBUG] [org.gradle.cache.internal.DefaultFileLockManager] Lock acquired on daemon addresses registry.
11:13:05.774 [DEBUG] [org.gradle.cache.internal.DefaultFileLockManager] Releasing lock on daemon addresses registry.
11:13:15.774 [DEBUG] [org.gradle.launcher.daemon.server.Daemon] DaemonExpirationPeriodicCheck running
11:13:15.774 [DEBUG] [org.gradle.cache.internal.DefaultFileLockManager] Waiting to acquire shared lock on daemon addresses registry.
11:13:15.775 [DEBUG] [org.gradle.cache.internal.DefaultFileLockManager] Lock acquired on daemon addresses registry.
11:13:15.775 [DEBUG] [org.gradle.cache.internal.DefaultFileLockManager] Releasing lock on daemon addresses registry.
11:13:15.775 [DEBUG] [org.gradle.cache.internal.DefaultFileLockManager] Waiting to acquire shared lock on daemon addresses registry.
11:13:15.775 [DEBUG] [org.gradle.cache.internal.DefaultFileLockManager] Lock acquired on daemon addresses registry.
11:13:15.775 [DEBUG] [org.gradle.cache.internal.DefaultFileLockManager] Releasing lock on daemon addresses registry.
11:13:15.775 [DEBUG] [org.gradle.cache.internal.DefaultFileLockManager] Waiting to acquire shared lock on daemon addresses registry.
11:13:15.775 [DEBUG] [org.gradle.cache.internal.DefaultFileLockManager] Lock acquired on daemon addresses registry.
11:13:15.775 [DEBUG] [org.gradle.cache.internal.DefaultFileLockManager] Releasing lock on daemon addresses registry.
11:13:25.774 [DEBUG] [org.gradle.launcher.daemon.server.Daemon] DaemonExpirationPeriodicCheck running
11:13:25.774 [DEBUG] [org.gradle.cache.internal.DefaultFileLockManager] Waiting to acquire shared lock on daemon addresses registry.
11:13:25.774 [DEBUG] [org.gradle.cache.internal.DefaultFileLockManager] Lock acquired on daemon addresses registry.
11:13:25.774 [DEBUG] [org.gradle.cache.internal.DefaultFileLockManager] Releasing lock on daemon addresses registry.
11:13:25.774 [DEBUG] [org.gradle.cache.internal.DefaultFileLockManager] Waiting to acquire shared lock on daemon addresses registry.
11:13:25.774 [DEBUG] [org.gradle.cache.internal.DefaultFileLockManager] Lock acquired on daemon addresses registry.
11:13:25.774 [DEBUG] [org.gradle.cache.internal.DefaultFileLockManager] Releasing lock on daemon addresses registry.
11:13:25.774 [DEBUG] [org.gradle.cache.internal.DefaultFileLockManager] Waiting to acquire shared lock on daemon addresses registry.
11:13:25.774 [DEBUG] [org.gradle.cache.internal.DefaultFileLockManager] Lock acquired on daemon addresses registry.
11:13:25.774 [DEBUG] [org.gradle.cache.internal.DefaultFileLockManager] Releasing lock on daemon addresses registry.
11:13:35.774 [DEBUG] [org.gradle.launcher.daemon.server.Daemon] DaemonExpirationPeriodicCheck running
11:13:35.774 [DEBUG] [org.gradle.cache.internal.DefaultFileLockManager] Waiting to acquire shared lock on daemon addresses registry.
11:13:35.774 [DEBUG] [org.gradle.cache.internal.DefaultFileLockManager] Lock acquired on daemon addresses registry.
11:13:35.774 [DEBUG] [org.gradle.cache.internal.DefaultFileLockManager] Releasing lock on daemon addresses registry.
11:13:35.774 [DEBUG] [org.gradle.cache.internal.DefaultFileLockManager] Waiting to acquire shared lock on daemon addresses registry.
11:13:35.774 [DEBUG] [org.gradle.cache.internal.DefaultFileLockManager] Lock acquired on daemon addresses registry.
11:13:35.774 [DEBUG] [org.gradle.cache.internal.DefaultFileLockManager] Releasing lock on daemon addresses registry.
11:13:35.774 [DEBUG] [org.gradle.cache.internal.DefaultFileLockManager] Waiting to acquire shared lock on daemon addresses registry.
11:13:35.774 [DEBUG] [org.gradle.cache.internal.DefaultFileLockManager] Lock acquired on daemon addresses registry.
11:13:35.774 [DEBUG] [org.gradle.cache.internal.DefaultFileLockManager] Releasing lock on daemon addresses registry.
11:13:40.051 [DEBUG] [org.gradle.internal.remote.internal.inet.TcpIncomingConnector] Accepted connection from /0:0:0:0:0:0:0:1:53442 to /0:0:0:0:0:0:0:1:42395.
11:13:40.075 [DEBUG] [org.gradle.launcher.daemon.server.SynchronizedDispatchConnection] thread 90: received class org.gradle.launcher.daemon.protocol.Build
11:13:40.076 [DEBUG] [org.gradle.launcher.daemon.server.DefaultDaemonConnection] thread 90: Received non-IO message from client: Build{id=82a5cb17-d1b3-45b0-a4cf-f7089d2544ae.1, currentDir=/home/student/gradleapp}
11:13:40.076 [INFO] [org.gradle.launcher.daemon.server.DefaultIncomingConnectionHandler] Received command: Build{id=82a5cb17-d1b3-45b0-a4cf-f7089d2544ae.1, currentDir=/home/student/gradleapp}.
11:13:40.076 [DEBUG] [org.gradle.launcher.daemon.server.DefaultIncomingConnectionHandler] Starting executing command: Build{id=82a5cb17-d1b3-45b0-a4cf-f7089d2544ae.1, currentDir=/home/student/gradleapp} with connection: socket connection from /0:0:0:0:0:0:0:1:42395 to /0:0:0:0:0:0:0:1:53442.
11:13:40.076 [ERROR] [org.gradle.launcher.daemon.server.DaemonStateCoordinator] Command execution: started DaemonCommandExecution[command = Build{id=82a5cb17-d1b3-45b0-a4cf-f7089d2544ae.1, currentDir=/home/student/gradleapp}, connection = DefaultDaemonConnection: socket connection from /0:0:0:0:0:0:0:1:42395 to /0:0:0:0:0:0:0:1:53442] after 3.0 minutes of idle
11:13:40.076 [INFO] [org.gradle.launcher.daemon.server.DaemonRegistryUpdater] Marking the daemon as busy, address: [c5abe67c-4535-46a6-8549-8ed66c8be0f4 port:42395, addresses:[/0:0:0:0:0:0:0:1%lo, /127.0.0.1]]
11:13:40.076 [DEBUG] [org.gradle.launcher.daemon.registry.PersistentDaemonRegistry] Marking busy by address: [c5abe67c-4535-46a6-8549-8ed66c8be0f4 port:42395, addresses:[/0:0:0:0:0:0:0:1%lo, /127.0.0.1]]
11:13:40.076 [DEBUG] [org.gradle.cache.internal.DefaultFileLockManager] Waiting to acquire exclusive lock on daemon addresses registry.
11:13:40.076 [DEBUG] [org.gradle.cache.internal.DefaultFileLockManager] Lock acquired on daemon addresses registry.
11:13:40.076 [DEBUG] [org.gradle.cache.internal.DefaultFileLockManager] Releasing lock on daemon addresses registry.
11:13:40.077 [DEBUG] [org.gradle.launcher.daemon.server.DaemonStateCoordinator] resetting idle timer
11:13:40.077 [DEBUG] [org.gradle.launcher.daemon.server.DaemonStateCoordinator] daemon is running. Sleeping until state changes.
11:13:40.077 [INFO] [org.gradle.launcher.daemon.server.exec.StartBuildOrRespondWithBusy] Daemon is about to start building Build{id=82a5cb17-d1b3-45b0-a4cf-f7089d2544ae.1, currentDir=/home/student/gradleapp}. Dispatching build started information...
11:13:40.077 [DEBUG] [org.gradle.launcher.daemon.server.SynchronizedDispatchConnection] thread 92: dispatching class org.gradle.launcher.daemon.protocol.BuildStarted
11:13:40.077 [DEBUG] [org.gradle.launcher.daemon.server.exec.EstablishBuildEnvironment] Configuring env variables: {PATH=/usr/local/sbin:/usr/local/bin:/usr/sbin:/usr/bin:/sbin:/bin:/usr/games:/usr/local/games:/snap/bin:/snap/bin, XAUTHORITY=/run/user/1001/.mutter-Xwaylandauth.IN53L3, LESSCLOSE=/usr/bin/lesspipe %s %s, XMODIFIERS=@im=ibus, XDG_DATA_DIRS=/usr/share/ubuntu:/usr/local/share/:/usr/share/:/var/lib/snapd/desktop, GDMSESSION=ubuntu, QT_IM_MODULE=ibus, TERM=xterm-256color, XDG_CONFIG_DIRS=/etc/xdg/xdg-ubuntu:/etc/xdg, GNOME_TERMINAL_SERVICE=:1.99, LANG=en_IN, DBUS_SESSION_BUS_ADDRESS=unix:path=/run/user/1001/bus, XDG_SESSION_TYPE=wayland, XDG_CURRENT_DESKTOP=ubuntu:GNOME, DISPLAY=:0, WAYLAND_DISPLAY=wayland-0, COLORTERM=truecolor, SESSION_MANAGER=local/aimll501pc12-HP-Pro-Tower-280-G9-PCI-Desktop-PC:@/tmp/.ICE-unix/1728,unix/aimll501pc12-HP-Pro-Tower-280-G9-PCI-Desktop-PC:/tmp/.ICE-unix/1728, USERNAME=student, LOGNAME=student, PWD=/home/student/gradleapp, IM_CONFIG_PHASE=1, XDG_SESSION_CLASS=user, _=/usr/bin/gradle, LANGUAGE=en_IN:en, SHELL=/bin/bash, LESSOPEN=| /usr/bin/lesspipe %s, DESKTOP_SESSION=ubuntu, OLDPWD=/usr/share/gradle, USER=student, XDG_MENU_PREFIX=gnome-, VTE_VERSION=6800, QT_ACCESSIBILITY=1, GNOME_DESKTOP_SESSION_ID=this-is-deprecated, SSH_AUTH_SOCK=/run/user/1001/keyring/ssh, GNOME_TERMINAL_SCREEN=/org/gnome/Terminal/screen/00451b6d_34b3_4201_9694_13d3c98f1d31, GTK_MODULES=gail:atk-bridge, GNOME_SHELL_SESSION_MODE=ubuntu, SYSTEMD_EXEC_PID=1759, LS_COLORS=rs=0:di=01;34:ln=01;36:mh=00:pi=40;33:so=01;35:do=01;35:bd=40;33;01:cd=40;33;01:or=40;31;01:mi=00:su=37;41:sg=30;43:ca=30;41:tw=30;42:ow=34;42:st=37;44:ex=01;32:*.tar=01;31:*.tgz=01;31:*.arc=01;31:*.arj=01;31:*.taz=01;31:*.lha=01;31:*.lz4=01;31:*.lzh=01;31:*.lzma=01;31:*.tlz=01;31:*.txz=01;31:*.tzo=01;31:*.t7z=01;31:*.zip=01;31:*.z=01;31:*.dz=01;31:*.gz=01;31:*.lrz=01;31:*.lz=01;31:*.lzo=01;31:*.xz=01;31:*.zst=01;31:*.tzst=01;31:*.bz2=01;31:*.bz=01;31:*.tbz=01;31:*.tbz2=01;31:*.tz=01;31:*.deb=01;31:*.rpm=01;31:*.jar=01;31:*.war=01;31:*.ear=01;31:*.sar=01;31:*.rar=01;31:*.alz=01;31:*.ace=01;31:*.zoo=01;31:*.cpio=01;31:*.7z=01;31:*.rz=01;31:*.cab=01;31:*.wim=01;31:*.swm=01;31:*.dwm=01;31:*.esd=01;31:*.jpg=01;35:*.jpeg=01;35:*.mjpg=01;35:*.mjpeg=01;35:*.gif=01;35:*.bmp=01;35:*.pbm=01;35:*.pgm=01;35:*.ppm=01;35:*.tga=01;35:*.xbm=01;35:*.xpm=01;35:*.tif=01;35:*.tiff=01;35:*.png=01;35:*.svg=01;35:*.svgz=01;35:*.mng=01;35:*.pcx=01;35:*.mov=01;35:*.mpg=01;35:*.mpeg=01;35:*.m2v=01;35:*.mkv=01;35:*.webm=01;35:*.webp=01;35:*.ogm=01;35:*.mp4=01;35:*.m4v=01;35:*.mp4v=01;35:*.vob=01;35:*.qt=01;35:*.nuv=01;35:*.wmv=01;35:*.asf=01;35:*.rm=01;35:*.rmvb=01;35:*.flc=01;35:*.avi=01;35:*.fli=01;35:*.flv=01;35:*.gl=01;35:*.dl=01;35:*.xcf=01;35:*.xwd=01;35:*.yuv=01;35:*.cgm=01;35:*.emf=01;35:*.ogv=01;35:*.ogx=01;35:*.aac=00;36:*.au=00;36:*.flac=00;36:*.m4a=00;36:*.mid=00;36:*.midi=00;36:*.mka=00;36:*.mp3=00;36:*.mpc=00;36:*.ogg=00;36:*.ra=00;36:*.wav=00;36:*.oga=00;36:*.opus=00;36:*.spx=00;36:*.xspf=00;36:, XDG_SESSION_DESKTOP=ubuntu, XDG_RUNTIME_DIR=/run/user/1001, GNOME_SETUP_DISPLAY=:1, SSH_AGENT_LAUNCHER=gnome-keyring, HOME=/home/student, SHLVL=1}
11:13:40.077 [WARN] [org.gradle.launcher.daemon.server.exec.EstablishBuildEnvironment] Warning: Unable able to set daemon's environment variables to match the client because: 
  Java 9 does not support modifying environment variables.
  If the daemon was started with a significantly different environment from the client, and your build 
  relies on environment variables, you may experience unexpected behavior.
11:13:40.077 [DEBUG] [org.gradle.launcher.daemon.server.exec.LogToClient] About to start relaying all logs to the client via the connection.
11:13:40.077 [INFO] [org.gradle.launcher.daemon.server.exec.LogToClient] The client will now receive all logging from the daemon (pid: 3563). The daemon log file: /home/student/.gradle/daemon/4.4.1/daemon-3563.out.log
11:13:40.077 [INFO] [org.gradle.launcher.daemon.server.exec.LogAndCheckHealth] Starting 9th build in daemon [uptime: 13 mins 4.365 secs, performance: 99%]
11:13:40.078 [DEBUG] [org.gradle.launcher.daemon.server.exec.ExecuteBuild] The daemon has started executing the build.
11:13:40.078 [DEBUG] [org.gradle.launcher.daemon.server.exec.ExecuteBuild] Executing build with daemon context: DefaultDaemonContext[uid=6097f117-ad2a-4ee3-92ec-fb117d27c418,javaHome=/usr/lib/jvm/java-11-openjdk-amd64,daemonRegistryDir=/home/student/.gradle/daemon,pid=3563,idleTimeout=10800000,daemonOpts=-XX:+HeapDumpOnOutOfMemoryError,-Xmx1024m,-Dfile.encoding=UTF-8,-Duser.country=IN,-Duser.language=en,-Duser.variant]

FAILURE: Build failed with an exception.

* Where:
Build file '/home/student/gradleapp/build.gradle' line: 36

* What went wrong:
Could not compile build file '/home/student/gradleapp/build.gradle'.
> startup failed:
  build file '/home/student/gradleapp/build.gradle': 36: unexpected token: Hello, world @ line 36, column 9.
     println 'Hello, world'
             ^
  
  1 error


* Try:
Run with --stacktrace option to get the stack trace. Run with --info or --debug option to get more log output. Run with --scan to get full insights.

* Get more help at https://help.gradle.org

BUILD FAILED in 0s
11:13:40.089 [DEBUG] [org.gradle.launcher.daemon.server.exec.ExecuteBuild] The daemon has finished executing the build.
11:13:40.098 [DEBUG] [org.gradle.launcher.daemon.server.DaemonStateCoordinator] daemon is running. Sleeping until state changes.
11:13:40.098 [DEBUG] [org.gradle.launcher.daemon.server.DaemonStateCoordinator] Command execution: finished waiting for DaemonCommandExecution[command = Build{id=82a5cb17-d1b3-45b0-a4cf-f7089d2544ae.1, currentDir=/home/student/gradleapp}, connection = DefaultDaemonConnection: socket connection from /0:0:0:0:0:0:0:1:42395 to /0:0:0:0:0:0:0:1:53442]. Result org.gradle.launcher.daemon.server.DaemonStateCoordinator@423d1111 with state Busy
11:13:40.098 [DEBUG] [org.gradle.launcher.daemon.server.DaemonStateCoordinator] Command execution: completed DaemonCommandExecution[command = Build{id=82a5cb17-d1b3-45b0-a4cf-f7089d2544ae.1, currentDir=/home/student/gradleapp}, connection = DefaultDaemonConnection: socket connection from /0:0:0:0:0:0:0:1:42395 to /0:0:0:0:0:0:0:1:53442]
11:13:40.098 [DEBUG] [org.gradle.launcher.daemon.server.DaemonStateCoordinator] resetting idle timer
11:13:40.098 [INFO] [org.gradle.launcher.daemon.server.DaemonRegistryUpdater] Marking the daemon as idle, address: [c5abe67c-4535-46a6-8549-8ed66c8be0f4 port:42395, addresses:[/0:0:0:0:0:0:0:1%lo, /127.0.0.1]]
11:13:40.098 [DEBUG] [org.gradle.launcher.daemon.registry.PersistentDaemonRegistry] Marking busy by address: [c5abe67c-4535-46a6-8549-8ed66c8be0f4 port:42395, addresses:[/0:0:0:0:0:0:0:1%lo, /127.0.0.1]]
11:13:40.098 [DEBUG] [org.gradle.cache.internal.DefaultFileLockManager] Waiting to acquire exclusive lock on daemon addresses registry.
11:13:40.098 [DEBUG] [org.gradle.cache.internal.DefaultFileLockManager] Lock acquired on daemon addresses registry.
11:13:40.098 [DEBUG] [org.gradle.cache.internal.DefaultFileLockManager] Releasing lock on daemon addresses registry.
11:13:40.099 [DEBUG] [org.gradle.launcher.daemon.server.exec.ReturnResult] Daemon is dispatching the build result: Failure[value=org.gradle.initialization.ReportedException: org.gradle.internal.exceptions.LocationAwareException: Build file '/home/student/gradleapp/build.gradle' line: 36
Could not compile build file '/home/student/gradleapp/build.gradle'.]
11:13:40.099 [DEBUG] [org.gradle.launcher.daemon.server.DaemonStateCoordinator] daemon is running. Sleeping until state changes.
11:13:40.099 [DEBUG] [org.gradle.launcher.daemon.server.SynchronizedDispatchConnection] thread 89: dispatching class org.gradle.launcher.daemon.protocol.Failure
11:13:40.100 [DEBUG] [org.gradle.launcher.daemon.server.DefaultIncomingConnectionHandler] Finishing executing command: Build{id=82a5cb17-d1b3-45b0-a4cf-f7089d2544ae.1, currentDir=/home/student/gradleapp}
11:13:40.113 [DEBUG] [org.gradle.launcher.daemon.server.SynchronizedDispatchConnection] thread 90: received class org.gradle.launcher.daemon.protocol.CloseInput
11:13:40.114 [DEBUG] [org.gradle.launcher.daemon.server.DefaultDaemonConnection] thread 90: Received IO message from client: org.gradle.launcher.daemon.protocol.CloseInput@439a15e
11:13:40.114 [DEBUG] [org.gradle.launcher.daemon.server.SynchronizedDispatchConnection] thread 90: received class org.gradle.launcher.daemon.protocol.Finished
11:13:40.115 [DEBUG] [org.gradle.launcher.daemon.server.DefaultDaemonConnection] thread 90: Received non-IO message from client: org.gradle.launcher.daemon.protocol.Finished@afe5fa9
11:13:40.115 [DEBUG] [org.gradle.launcher.daemon.server.DefaultIncomingConnectionHandler] Received finished message: org.gradle.launcher.daemon.protocol.Finished@afe5fa9
11:13:40.115 [DEBUG] [org.gradle.internal.remote.internal.inet.SocketConnection] Discarding EOFException: java.io.EOFException
11:13:40.115 [DEBUG] [org.gradle.launcher.daemon.server.SynchronizedDispatchConnection] thread 89: stopping connection
11:13:40.115 [DEBUG] [org.gradle.launcher.daemon.server.SynchronizedDispatchConnection] thread 90: received null
11:13:40.115 [DEBUG] [org.gradle.launcher.daemon.server.DefaultDaemonConnection] thread 90: Received end-of-input from client.
11:13:40.115 [DEBUG] [org.gradle.launcher.daemon.server.SynchronizedDispatchConnection] thread 89: stopping connection
11:13:45.774 [DEBUG] [org.gradle.launcher.daemon.server.Daemon] DaemonExpirationPeriodicCheck running
11:13:45.774 [DEBUG] [org.gradle.cache.internal.DefaultFileLockManager] Waiting to acquire shared lock on daemon addresses registry.
11:13:45.774 [DEBUG] [org.gradle.cache.internal.DefaultFileLockManager] Lock acquired on daemon addresses registry.
11:13:45.774 [DEBUG] [org.gradle.cache.internal.DefaultFileLockManager] Releasing lock on daemon addresses registry.
11:13:45.774 [DEBUG] [org.gradle.cache.internal.DefaultFileLockManager] Waiting to acquire shared lock on daemon addresses registry.
11:13:45.774 [DEBUG] [org.gradle.cache.internal.DefaultFileLockManager] Lock acquired on daemon addresses registry.
11:13:45.774 [DEBUG] [org.gradle.cache.internal.DefaultFileLockManager] Releasing lock on daemon addresses registry.
11:13:55.774 [DEBUG] [org.gradle.launcher.daemon.server.Daemon] DaemonExpirationPeriodicCheck running
11:13:55.774 [DEBUG] [org.gradle.cache.internal.DefaultFileLockManager] Waiting to acquire shared lock on daemon addresses registry.
11:13:55.774 [DEBUG] [org.gradle.cache.internal.DefaultFileLockManager] Lock acquired on daemon addresses registry.
11:13:55.774 [DEBUG] [org.gradle.cache.internal.DefaultFileLockManager] Releasing lock on daemon addresses registry.
11:13:55.774 [DEBUG] [org.gradle.cache.internal.DefaultFileLockManager] Waiting to acquire shared lock on daemon addresses registry.
11:13:55.774 [DEBUG] [org.gradle.cache.internal.DefaultFileLockManager] Lock acquired on daemon addresses registry.
11:13:55.774 [DEBUG] [org.gradle.cache.internal.DefaultFileLockManager] Releasing lock on daemon addresses registry.
11:13:55.774 [DEBUG] [org.gradle.cache.internal.DefaultFileLockManager] Waiting to acquire shared lock on daemon addresses registry.
11:13:55.774 [DEBUG] [org.gradle.cache.internal.DefaultFileLockManager] Lock acquired on daemon addresses registry.
11:13:55.774 [DEBUG] [org.gradle.cache.internal.DefaultFileLockManager] Releasing lock on daemon addresses registry.
11:14:00.608 [DEBUG] [org.gradle.internal.remote.internal.inet.TcpIncomingConnector] Accepted connection from /0:0:0:0:0:0:0:1:42160 to /0:0:0:0:0:0:0:1:42395.
11:14:00.633 [DEBUG] [org.gradle.launcher.daemon.server.SynchronizedDispatchConnection] thread 97: received class org.gradle.launcher.daemon.protocol.Build
11:14:00.633 [DEBUG] [org.gradle.launcher.daemon.server.DefaultDaemonConnection] thread 97: Received non-IO message from client: Build{id=abf62674-aa56-47ef-82e1-8641a9938991.1, currentDir=/home/student/gradleapp}
11:14:00.633 [INFO] [org.gradle.launcher.daemon.server.DefaultIncomingConnectionHandler] Received command: Build{id=abf62674-aa56-47ef-82e1-8641a9938991.1, currentDir=/home/student/gradleapp}.
11:14:00.633 [DEBUG] [org.gradle.launcher.daemon.server.DefaultIncomingConnectionHandler] Starting executing command: Build{id=abf62674-aa56-47ef-82e1-8641a9938991.1, currentDir=/home/student/gradleapp} with connection: socket connection from /0:0:0:0:0:0:0:1:42395 to /0:0:0:0:0:0:0:1:42160.
11:14:00.633 [ERROR] [org.gradle.launcher.daemon.server.DaemonStateCoordinator] Command execution: started DaemonCommandExecution[command = Build{id=abf62674-aa56-47ef-82e1-8641a9938991.1, currentDir=/home/student/gradleapp}, connection = DefaultDaemonConnection: socket connection from /0:0:0:0:0:0:0:1:42395 to /0:0:0:0:0:0:0:1:42160] after 0.0 minutes of idle
11:14:00.634 [INFO] [org.gradle.launcher.daemon.server.DaemonRegistryUpdater] Marking the daemon as busy, address: [c5abe67c-4535-46a6-8549-8ed66c8be0f4 port:42395, addresses:[/0:0:0:0:0:0:0:1%lo, /127.0.0.1]]
11:14:00.634 [DEBUG] [org.gradle.launcher.daemon.registry.PersistentDaemonRegistry] Marking busy by address: [c5abe67c-4535-46a6-8549-8ed66c8be0f4 port:42395, addresses:[/0:0:0:0:0:0:0:1%lo, /127.0.0.1]]
11:14:00.634 [DEBUG] [org.gradle.cache.internal.DefaultFileLockManager] Waiting to acquire exclusive lock on daemon addresses registry.
11:14:00.634 [DEBUG] [org.gradle.cache.internal.DefaultFileLockManager] Lock acquired on daemon addresses registry.
11:14:00.634 [DEBUG] [org.gradle.cache.internal.DefaultFileLockManager] Releasing lock on daemon addresses registry.
11:14:00.634 [DEBUG] [org.gradle.launcher.daemon.server.DaemonStateCoordinator] resetting idle timer
11:14:00.634 [DEBUG] [org.gradle.launcher.daemon.server.DaemonStateCoordinator] daemon is running. Sleeping until state changes.
11:14:00.634 [INFO] [org.gradle.launcher.daemon.server.exec.StartBuildOrRespondWithBusy] Daemon is about to start building Build{id=abf62674-aa56-47ef-82e1-8641a9938991.1, currentDir=/home/student/gradleapp}. Dispatching build started information...
11:14:00.634 [DEBUG] [org.gradle.launcher.daemon.server.SynchronizedDispatchConnection] thread 92: dispatching class org.gradle.launcher.daemon.protocol.BuildStarted
11:14:00.634 [DEBUG] [org.gradle.launcher.daemon.server.exec.EstablishBuildEnvironment] Configuring env variables: {PATH=/usr/local/sbin:/usr/local/bin:/usr/sbin:/usr/bin:/sbin:/bin:/usr/games:/usr/local/games:/snap/bin:/snap/bin, XAUTHORITY=/run/user/1001/.mutter-Xwaylandauth.IN53L3, LESSCLOSE=/usr/bin/lesspipe %s %s, XMODIFIERS=@im=ibus, XDG_DATA_DIRS=/usr/share/ubuntu:/usr/local/share/:/usr/share/:/var/lib/snapd/desktop, GDMSESSION=ubuntu, QT_IM_MODULE=ibus, TERM=xterm-256color, XDG_CONFIG_DIRS=/etc/xdg/xdg-ubuntu:/etc/xdg, GNOME_TERMINAL_SERVICE=:1.99, LANG=en_IN, DBUS_SESSION_BUS_ADDRESS=unix:path=/run/user/1001/bus, XDG_SESSION_TYPE=wayland, XDG_CURRENT_DESKTOP=ubuntu:GNOME, DISPLAY=:0, WAYLAND_DISPLAY=wayland-0, COLORTERM=truecolor, SESSION_MANAGER=local/aimll501pc12-HP-Pro-Tower-280-G9-PCI-Desktop-PC:@/tmp/.ICE-unix/1728,unix/aimll501pc12-HP-Pro-Tower-280-G9-PCI-Desktop-PC:/tmp/.ICE-unix/1728, USERNAME=student, LOGNAME=student, PWD=/home/student/gradleapp, IM_CONFIG_PHASE=1, XDG_SESSION_CLASS=user, _=/usr/bin/gradle, LANGUAGE=en_IN:en, SHELL=/bin/bash, LESSOPEN=| /usr/bin/lesspipe %s, DESKTOP_SESSION=ubuntu, OLDPWD=/usr/share/gradle, USER=student, XDG_MENU_PREFIX=gnome-, VTE_VERSION=6800, QT_ACCESSIBILITY=1, GNOME_DESKTOP_SESSION_ID=this-is-deprecated, SSH_AUTH_SOCK=/run/user/1001/keyring/ssh, GNOME_TERMINAL_SCREEN=/org/gnome/Terminal/screen/00451b6d_34b3_4201_9694_13d3c98f1d31, GTK_MODULES=gail:atk-bridge, GNOME_SHELL_SESSION_MODE=ubuntu, SYSTEMD_EXEC_PID=1759, LS_COLORS=rs=0:di=01;34:ln=01;36:mh=00:pi=40;33:so=01;35:do=01;35:bd=40;33;01:cd=40;33;01:or=40;31;01:mi=00:su=37;41:sg=30;43:ca=30;41:tw=30;42:ow=34;42:st=37;44:ex=01;32:*.tar=01;31:*.tgz=01;31:*.arc=01;31:*.arj=01;31:*.taz=01;31:*.lha=01;31:*.lz4=01;31:*.lzh=01;31:*.lzma=01;31:*.tlz=01;31:*.txz=01;31:*.tzo=01;31:*.t7z=01;31:*.zip=01;31:*.z=01;31:*.dz=01;31:*.gz=01;31:*.lrz=01;31:*.lz=01;31:*.lzo=01;31:*.xz=01;31:*.zst=01;31:*.tzst=01;31:*.bz2=01;31:*.bz=01;31:*.tbz=01;31:*.tbz2=01;31:*.tz=01;31:*.deb=01;31:*.rpm=01;31:*.jar=01;31:*.war=01;31:*.ear=01;31:*.sar=01;31:*.rar=01;31:*.alz=01;31:*.ace=01;31:*.zoo=01;31:*.cpio=01;31:*.7z=01;31:*.rz=01;31:*.cab=01;31:*.wim=01;31:*.swm=01;31:*.dwm=01;31:*.esd=01;31:*.jpg=01;35:*.jpeg=01;35:*.mjpg=01;35:*.mjpeg=01;35:*.gif=01;35:*.bmp=01;35:*.pbm=01;35:*.pgm=01;35:*.ppm=01;35:*.tga=01;35:*.xbm=01;35:*.xpm=01;35:*.tif=01;35:*.tiff=01;35:*.png=01;35:*.svg=01;35:*.svgz=01;35:*.mng=01;35:*.pcx=01;35:*.mov=01;35:*.mpg=01;35:*.mpeg=01;35:*.m2v=01;35:*.mkv=01;35:*.webm=01;35:*.webp=01;35:*.ogm=01;35:*.mp4=01;35:*.m4v=01;35:*.mp4v=01;35:*.vob=01;35:*.qt=01;35:*.nuv=01;35:*.wmv=01;35:*.asf=01;35:*.rm=01;35:*.rmvb=01;35:*.flc=01;35:*.avi=01;35:*.fli=01;35:*.flv=01;35:*.gl=01;35:*.dl=01;35:*.xcf=01;35:*.xwd=01;35:*.yuv=01;35:*.cgm=01;35:*.emf=01;35:*.ogv=01;35:*.ogx=01;35:*.aac=00;36:*.au=00;36:*.flac=00;36:*.m4a=00;36:*.mid=00;36:*.midi=00;36:*.mka=00;36:*.mp3=00;36:*.mpc=00;36:*.ogg=00;36:*.ra=00;36:*.wav=00;36:*.oga=00;36:*.opus=00;36:*.spx=00;36:*.xspf=00;36:, XDG_SESSION_DESKTOP=ubuntu, XDG_RUNTIME_DIR=/run/user/1001, GNOME_SETUP_DISPLAY=:1, SSH_AGENT_LAUNCHER=gnome-keyring, HOME=/home/student, SHLVL=1}
11:14:00.634 [WARN] [org.gradle.launcher.daemon.server.exec.EstablishBuildEnvironment] Warning: Unable able to set daemon's environment variables to match the client because: 
  Java 9 does not support modifying environment variables.
  If the daemon was started with a significantly different environment from the client, and your build 
  relies on environment variables, you may experience unexpected behavior.
11:14:00.634 [DEBUG] [org.gradle.launcher.daemon.server.exec.LogToClient] About to start relaying all logs to the client via the connection.
11:14:00.634 [INFO] [org.gradle.launcher.daemon.server.exec.LogToClient] The client will now receive all logging from the daemon (pid: 3563). The daemon log file: /home/student/.gradle/daemon/4.4.1/daemon-3563.out.log
11:14:00.635 [INFO] [org.gradle.launcher.daemon.server.exec.LogAndCheckHealth] Starting 10th build in daemon [uptime: 13 mins 24.922 secs, performance: 99%]
11:14:00.635 [DEBUG] [org.gradle.launcher.daemon.server.exec.ExecuteBuild] The daemon has started executing the build.
11:14:00.635 [DEBUG] [org.gradle.launcher.daemon.server.exec.ExecuteBuild] Executing build with daemon context: DefaultDaemonContext[uid=6097f117-ad2a-4ee3-92ec-fb117d27c418,javaHome=/usr/lib/jvm/java-11-openjdk-amd64,daemonRegistryDir=/home/student/.gradle/daemon,pid=3563,idleTimeout=10800000,daemonOpts=-XX:+HeapDumpOnOutOfMemoryError,-Xmx1024m,-Dfile.encoding=UTF-8,-Duser.country=IN,-Duser.language=en,-Duser.variant]

FAILURE: Build failed with an exception.

* Where:
Build file '/home/student/gradleapp/build.gradle' line: 36

* What went wrong:
Could not compile build file '/home/student/gradleapp/build.gradle'.
> startup failed:
  build file '/home/student/gradleapp/build.gradle': 36: unexpected token: Hello, world @ line 36, column 9.
     println "Hello, world"
             ^
  
  1 error


* Try:
Run with --stacktrace option to get the stack trace. Run with --info or --debug option to get more log output. Run with --scan to get full insights.

* Get more help at https://help.gradle.org

BUILD FAILED in 0s
11:14:00.644 [DEBUG] [org.gradle.launcher.daemon.server.exec.ExecuteBuild] The daemon has finished executing the build.
11:14:00.645 [DEBUG] [org.gradle.launcher.daemon.server.DaemonStateCoordinator] Command execution: finished waiting for DaemonCommandExecution[command = Build{id=abf62674-aa56-47ef-82e1-8641a9938991.1, currentDir=/home/student/gradleapp}, connection = DefaultDaemonConnection: socket connection from /0:0:0:0:0:0:0:1:42395 to /0:0:0:0:0:0:0:1:42160]. Result org.gradle.launcher.daemon.server.DaemonStateCoordinator@423d1111 with state Busy
11:14:00.645 [DEBUG] [org.gradle.launcher.daemon.server.DaemonStateCoordinator] Command execution: completed DaemonCommandExecution[command = Build{id=abf62674-aa56-47ef-82e1-8641a9938991.1, currentDir=/home/student/gradleapp}, connection = DefaultDaemonConnection: socket connection from /0:0:0:0:0:0:0:1:42395 to /0:0:0:0:0:0:0:1:42160]
11:14:00.645 [DEBUG] [org.gradle.launcher.daemon.server.DaemonStateCoordinator] resetting idle timer
11:14:00.645 [INFO] [org.gradle.launcher.daemon.server.DaemonRegistryUpdater] Marking the daemon as idle, address: [c5abe67c-4535-46a6-8549-8ed66c8be0f4 port:42395, addresses:[/0:0:0:0:0:0:0:1%lo, /127.0.0.1]]
11:14:00.645 [DEBUG] [org.gradle.launcher.daemon.registry.PersistentDaemonRegistry] Marking busy by address: [c5abe67c-4535-46a6-8549-8ed66c8be0f4 port:42395, addresses:[/0:0:0:0:0:0:0:1%lo, /127.0.0.1]]
11:14:00.645 [DEBUG] [org.gradle.cache.internal.DefaultFileLockManager] Waiting to acquire exclusive lock on daemon addresses registry.
11:14:00.645 [DEBUG] [org.gradle.cache.internal.DefaultFileLockManager] Lock acquired on daemon addresses registry.
11:14:00.675 [DEBUG] [org.gradle.cache.internal.DefaultFileLockManager] Releasing lock on daemon addresses registry.
11:14:00.675 [DEBUG] [org.gradle.launcher.daemon.server.exec.ReturnResult] Daemon is dispatching the build result: Failure[value=org.gradle.initialization.ReportedException: org.gradle.internal.exceptions.LocationAwareException: Build file '/home/student/gradleapp/build.gradle' line: 36
Could not compile build file '/home/student/gradleapp/build.gradle'.]
11:14:00.675 [DEBUG] [org.gradle.launcher.daemon.server.SynchronizedDispatchConnection] thread 89: dispatching class org.gradle.launcher.daemon.protocol.Failure
11:14:00.675 [DEBUG] [org.gradle.launcher.daemon.server.DaemonStateCoordinator] daemon is running. Sleeping until state changes.
11:14:00.677 [DEBUG] [org.gradle.launcher.daemon.server.DefaultIncomingConnectionHandler] Finishing executing command: Build{id=abf62674-aa56-47ef-82e1-8641a9938991.1, currentDir=/home/student/gradleapp}
11:14:00.688 [DEBUG] [org.gradle.launcher.daemon.server.SynchronizedDispatchConnection] thread 97: received class org.gradle.launcher.daemon.protocol.CloseInput
11:14:00.688 [DEBUG] [org.gradle.launcher.daemon.server.DefaultDaemonConnection] thread 97: Received IO message from client: org.gradle.launcher.daemon.protocol.CloseInput@184cb058
11:14:00.689 [DEBUG] [org.gradle.launcher.daemon.server.SynchronizedDispatchConnection] thread 97: received class org.gradle.launcher.daemon.protocol.Finished
11:14:00.689 [DEBUG] [org.gradle.launcher.daemon.server.DefaultDaemonConnection] thread 97: Received non-IO message from client: org.gradle.launcher.daemon.protocol.Finished@168b4d21
11:14:00.689 [DEBUG] [org.gradle.launcher.daemon.server.DefaultIncomingConnectionHandler] Received finished message: org.gradle.launcher.daemon.protocol.Finished@168b4d21
11:14:00.689 [DEBUG] [org.gradle.internal.remote.internal.inet.SocketConnection] Discarding EOFException: java.io.EOFException
11:14:00.689 [DEBUG] [org.gradle.launcher.daemon.server.SynchronizedDispatchConnection] thread 89: stopping connection
11:14:00.689 [DEBUG] [org.gradle.launcher.daemon.server.SynchronizedDispatchConnection] thread 97: received null
11:14:00.689 [DEBUG] [org.gradle.launcher.daemon.server.DefaultDaemonConnection] thread 97: Received end-of-input from client.
11:14:00.690 [DEBUG] [org.gradle.launcher.daemon.server.SynchronizedDispatchConnection] thread 89: stopping connection
11:14:05.774 [DEBUG] [org.gradle.launcher.daemon.server.Daemon] DaemonExpirationPeriodicCheck running
11:14:05.774 [DEBUG] [org.gradle.cache.internal.DefaultFileLockManager] Waiting to acquire shared lock on daemon addresses registry.
11:14:05.774 [DEBUG] [org.gradle.cache.internal.DefaultFileLockManager] Lock acquired on daemon addresses registry.
11:14:05.774 [DEBUG] [org.gradle.cache.internal.DefaultFileLockManager] Releasing lock on daemon addresses registry.
11:14:05.774 [DEBUG] [org.gradle.cache.internal.DefaultFileLockManager] Waiting to acquire shared lock on daemon addresses registry.
11:14:05.774 [DEBUG] [org.gradle.cache.internal.DefaultFileLockManager] Lock acquired on daemon addresses registry.
11:14:05.774 [DEBUG] [org.gradle.cache.internal.DefaultFileLockManager] Releasing lock on daemon addresses registry.
11:14:15.774 [DEBUG] [org.gradle.launcher.daemon.server.Daemon] DaemonExpirationPeriodicCheck running
11:14:15.774 [DEBUG] [org.gradle.cache.internal.DefaultFileLockManager] Waiting to acquire shared lock on daemon addresses registry.
11:14:15.774 [DEBUG] [org.gradle.cache.internal.DefaultFileLockManager] Lock acquired on daemon addresses registry.
11:14:15.774 [DEBUG] [org.gradle.cache.internal.DefaultFileLockManager] Releasing lock on daemon addresses registry.
11:14:15.774 [DEBUG] [org.gradle.cache.internal.DefaultFileLockManager] Waiting to acquire shared lock on daemon addresses registry.
11:14:15.774 [DEBUG] [org.gradle.cache.internal.DefaultFileLockManager] Lock acquired on daemon addresses registry.
11:14:15.774 [DEBUG] [org.gradle.cache.internal.DefaultFileLockManager] Releasing lock on daemon addresses registry.
11:14:15.774 [DEBUG] [org.gradle.cache.internal.DefaultFileLockManager] Waiting to acquire shared lock on daemon addresses registry.
11:14:15.774 [DEBUG] [org.gradle.cache.internal.DefaultFileLockManager] Lock acquired on daemon addresses registry.
11:14:15.774 [DEBUG] [org.gradle.cache.internal.DefaultFileLockManager] Releasing lock on daemon addresses registry.
11:14:25.774 [DEBUG] [org.gradle.launcher.daemon.server.Daemon] DaemonExpirationPeriodicCheck running
11:14:25.774 [DEBUG] [org.gradle.cache.internal.DefaultFileLockManager] Waiting to acquire shared lock on daemon addresses registry.
11:14:25.774 [DEBUG] [org.gradle.cache.internal.DefaultFileLockManager] Lock acquired on daemon addresses registry.
11:14:25.774 [DEBUG] [org.gradle.cache.internal.DefaultFileLockManager] Releasing lock on daemon addresses registry.
11:14:25.774 [DEBUG] [org.gradle.cache.internal.DefaultFileLockManager] Waiting to acquire shared lock on daemon addresses registry.
11:14:25.774 [DEBUG] [org.gradle.cache.internal.DefaultFileLockManager] Lock acquired on daemon addresses registry.
11:14:25.774 [DEBUG] [org.gradle.cache.internal.DefaultFileLockManager] Releasing lock on daemon addresses registry.
11:14:25.774 [DEBUG] [org.gradle.cache.internal.DefaultFileLockManager] Waiting to acquire shared lock on daemon addresses registry.
11:14:25.774 [DEBUG] [org.gradle.cache.internal.DefaultFileLockManager] Lock acquired on daemon addresses registry.
11:14:25.774 [DEBUG] [org.gradle.cache.internal.DefaultFileLockManager] Releasing lock on daemon addresses registry.
11:14:35.774 [DEBUG] [org.gradle.launcher.daemon.server.Daemon] DaemonExpirationPeriodicCheck running
11:14:35.774 [DEBUG] [org.gradle.cache.internal.DefaultFileLockManager] Waiting to acquire shared lock on daemon addresses registry.
11:14:35.774 [DEBUG] [org.gradle.cache.internal.DefaultFileLockManager] Lock acquired on daemon addresses registry.
11:14:35.774 [DEBUG] [org.gradle.cache.internal.DefaultFileLockManager] Releasing lock on daemon addresses registry.
11:14:35.774 [DEBUG] [org.gradle.cache.internal.DefaultFileLockManager] Waiting to acquire shared lock on daemon addresses registry.
11:14:35.774 [DEBUG] [org.gradle.cache.internal.DefaultFileLockManager] Lock acquired on daemon addresses registry.
11:14:35.774 [DEBUG] [org.gradle.cache.internal.DefaultFileLockManager] Releasing lock on daemon addresses registry.
11:14:35.774 [DEBUG] [org.gradle.cache.internal.DefaultFileLockManager] Waiting to acquire shared lock on daemon addresses registry.
11:14:35.774 [DEBUG] [org.gradle.cache.internal.DefaultFileLockManager] Lock acquired on daemon addresses registry.
11:14:35.774 [DEBUG] [org.gradle.cache.internal.DefaultFileLockManager] Releasing lock on daemon addresses registry.
11:14:45.774 [DEBUG] [org.gradle.launcher.daemon.server.Daemon] DaemonExpirationPeriodicCheck running
11:14:45.774 [DEBUG] [org.gradle.cache.internal.DefaultFileLockManager] Waiting to acquire shared lock on daemon addresses registry.
11:14:45.774 [DEBUG] [org.gradle.cache.internal.DefaultFileLockManager] Lock acquired on daemon addresses registry.
11:14:45.774 [DEBUG] [org.gradle.cache.internal.DefaultFileLockManager] Releasing lock on daemon addresses registry.
11:14:45.774 [DEBUG] [org.gradle.cache.internal.DefaultFileLockManager] Waiting to acquire shared lock on daemon addresses registry.
11:14:45.774 [DEBUG] [org.gradle.cache.internal.DefaultFileLockManager] Lock acquired on daemon addresses registry.
11:14:45.774 [DEBUG] [org.gradle.cache.internal.DefaultFileLockManager] Releasing lock on daemon addresses registry.
11:14:45.774 [DEBUG] [org.gradle.cache.internal.DefaultFileLockManager] Waiting to acquire shared lock on daemon addresses registry.
11:14:45.774 [DEBUG] [org.gradle.cache.internal.DefaultFileLockManager] Lock acquired on daemon addresses registry.
11:14:45.774 [DEBUG] [org.gradle.cache.internal.DefaultFileLockManager] Releasing lock on daemon addresses registry.
11:14:55.774 [DEBUG] [org.gradle.launcher.daemon.server.Daemon] DaemonExpirationPeriodicCheck running
11:14:55.774 [DEBUG] [org.gradle.cache.internal.DefaultFileLockManager] Waiting to acquire shared lock on daemon addresses registry.
11:14:55.774 [DEBUG] [org.gradle.cache.internal.DefaultFileLockManager] Lock acquired on daemon addresses registry.
11:14:55.774 [DEBUG] [org.gradle.cache.internal.DefaultFileLockManager] Releasing lock on daemon addresses registry.
11:14:55.774 [DEBUG] [org.gradle.cache.internal.DefaultFileLockManager] Waiting to acquire shared lock on daemon addresses registry.
11:14:55.774 [DEBUG] [org.gradle.cache.internal.DefaultFileLockManager] Lock acquired on daemon addresses registry.
11:14:55.774 [DEBUG] [org.gradle.cache.internal.DefaultFileLockManager] Releasing lock on daemon addresses registry.
11:14:55.774 [DEBUG] [org.gradle.cache.internal.DefaultFileLockManager] Waiting to acquire shared lock on daemon addresses registry.
11:14:55.774 [DEBUG] [org.gradle.cache.internal.DefaultFileLockManager] Lock acquired on daemon addresses registry.
11:14:55.774 [DEBUG] [org.gradle.cache.internal.DefaultFileLockManager] Releasing lock on daemon addresses registry.
11:15:05.774 [DEBUG] [org.gradle.launcher.daemon.server.Daemon] DaemonExpirationPeriodicCheck running
11:15:05.774 [DEBUG] [org.gradle.cache.internal.DefaultFileLockManager] Waiting to acquire shared lock on daemon addresses registry.
11:15:05.774 [DEBUG] [org.gradle.cache.internal.DefaultFileLockManager] Lock acquired on daemon addresses registry.
11:15:05.774 [DEBUG] [org.gradle.cache.internal.DefaultFileLockManager] Releasing lock on daemon addresses registry.
11:15:05.774 [DEBUG] [org.gradle.cache.internal.DefaultFileLockManager] Waiting to acquire shared lock on daemon addresses registry.
11:15:05.774 [DEBUG] [org.gradle.cache.internal.DefaultFileLockManager] Lock acquired on daemon addresses registry.
11:15:05.774 [DEBUG] [org.gradle.cache.internal.DefaultFileLockManager] Releasing lock on daemon addresses registry.
11:15:05.774 [DEBUG] [org.gradle.cache.internal.DefaultFileLockManager] Waiting to acquire shared lock on daemon addresses registry.
11:15:05.774 [DEBUG] [org.gradle.cache.internal.DefaultFileLockManager] Lock acquired on daemon addresses registry.
11:15:05.774 [DEBUG] [org.gradle.cache.internal.DefaultFileLockManager] Releasing lock on daemon addresses registry.
11:15:15.774 [DEBUG] [org.gradle.launcher.daemon.server.Daemon] DaemonExpirationPeriodicCheck running
11:15:15.774 [DEBUG] [org.gradle.cache.internal.DefaultFileLockManager] Waiting to acquire shared lock on daemon addresses registry.
11:15:15.774 [DEBUG] [org.gradle.cache.internal.DefaultFileLockManager] Lock acquired on daemon addresses registry.
11:15:15.774 [DEBUG] [org.gradle.cache.internal.DefaultFileLockManager] Releasing lock on daemon addresses registry.
11:15:15.774 [DEBUG] [org.gradle.cache.internal.DefaultFileLockManager] Waiting to acquire shared lock on daemon addresses registry.
11:15:15.774 [DEBUG] [org.gradle.cache.internal.DefaultFileLockManager] Lock acquired on daemon addresses registry.
11:15:15.774 [DEBUG] [org.gradle.cache.internal.DefaultFileLockManager] Releasing lock on daemon addresses registry.
11:15:15.774 [DEBUG] [org.gradle.cache.internal.DefaultFileLockManager] Waiting to acquire shared lock on daemon addresses registry.
11:15:15.774 [DEBUG] [org.gradle.cache.internal.DefaultFileLockManager] Lock acquired on daemon addresses registry.
11:15:15.774 [DEBUG] [org.gradle.cache.internal.DefaultFileLockManager] Releasing lock on daemon addresses registry.
11:15:25.774 [DEBUG] [org.gradle.launcher.daemon.server.Daemon] DaemonExpirationPeriodicCheck running
11:15:25.774 [DEBUG] [org.gradle.cache.internal.DefaultFileLockManager] Waiting to acquire shared lock on daemon addresses registry.
11:15:25.774 [DEBUG] [org.gradle.cache.internal.DefaultFileLockManager] Lock acquired on daemon addresses registry.
11:15:25.774 [DEBUG] [org.gradle.cache.internal.DefaultFileLockManager] Releasing lock on daemon addresses registry.
11:15:25.774 [DEBUG] [org.gradle.cache.internal.DefaultFileLockManager] Waiting to acquire shared lock on daemon addresses registry.
11:15:25.774 [DEBUG] [org.gradle.cache.internal.DefaultFileLockManager] Lock acquired on daemon addresses registry.
11:15:25.774 [DEBUG] [org.gradle.cache.internal.DefaultFileLockManager] Releasing lock on daemon addresses registry.
11:15:25.774 [DEBUG] [org.gradle.cache.internal.DefaultFileLockManager] Waiting to acquire shared lock on daemon addresses registry.
11:15:25.774 [DEBUG] [org.gradle.cache.internal.DefaultFileLockManager] Lock acquired on daemon addresses registry.
11:15:25.774 [DEBUG] [org.gradle.cache.internal.DefaultFileLockManager] Releasing lock on daemon addresses registry.
11:15:35.774 [DEBUG] [org.gradle.launcher.daemon.server.Daemon] DaemonExpirationPeriodicCheck running
11:15:35.774 [DEBUG] [org.gradle.cache.internal.DefaultFileLockManager] Waiting to acquire shared lock on daemon addresses registry.
11:15:35.774 [DEBUG] [org.gradle.cache.internal.DefaultFileLockManager] Lock acquired on daemon addresses registry.
11:15:35.774 [DEBUG] [org.gradle.cache.internal.DefaultFileLockManager] Releasing lock on daemon addresses registry.
11:15:35.774 [DEBUG] [org.gradle.cache.internal.DefaultFileLockManager] Waiting to acquire shared lock on daemon addresses registry.
11:15:35.774 [DEBUG] [org.gradle.cache.internal.DefaultFileLockManager] Lock acquired on daemon addresses registry.
11:15:35.774 [DEBUG] [org.gradle.cache.internal.DefaultFileLockManager] Releasing lock on daemon addresses registry.
11:15:35.774 [DEBUG] [org.gradle.cache.internal.DefaultFileLockManager] Waiting to acquire shared lock on daemon addresses registry.
11:15:35.774 [DEBUG] [org.gradle.cache.internal.DefaultFileLockManager] Lock acquired on daemon addresses registry.
11:15:35.774 [DEBUG] [org.gradle.cache.internal.DefaultFileLockManager] Releasing lock on daemon addresses registry.
11:15:45.774 [DEBUG] [org.gradle.launcher.daemon.server.Daemon] DaemonExpirationPeriodicCheck running
11:15:45.774 [DEBUG] [org.gradle.cache.internal.DefaultFileLockManager] Waiting to acquire shared lock on daemon addresses registry.
11:15:45.774 [DEBUG] [org.gradle.cache.internal.DefaultFileLockManager] Lock acquired on daemon addresses registry.
11:15:45.774 [DEBUG] [org.gradle.cache.internal.DefaultFileLockManager] Releasing lock on daemon addresses registry.
11:15:45.774 [DEBUG] [org.gradle.cache.internal.DefaultFileLockManager] Waiting to acquire shared lock on daemon addresses registry.
11:15:45.774 [DEBUG] [org.gradle.cache.internal.DefaultFileLockManager] Lock acquired on daemon addresses registry.
11:15:45.774 [DEBUG] [org.gradle.cache.internal.DefaultFileLockManager] Releasing lock on daemon addresses registry.
11:15:45.774 [DEBUG] [org.gradle.cache.internal.DefaultFileLockManager] Waiting to acquire shared lock on daemon addresses registry.
11:15:45.774 [DEBUG] [org.gradle.cache.internal.DefaultFileLockManager] Lock acquired on daemon addresses registry.
11:15:45.774 [DEBUG] [org.gradle.cache.internal.DefaultFileLockManager] Releasing lock on daemon addresses registry.
11:15:55.774 [DEBUG] [org.gradle.launcher.daemon.server.Daemon] DaemonExpirationPeriodicCheck running
11:15:55.774 [DEBUG] [org.gradle.cache.internal.DefaultFileLockManager] Waiting to acquire shared lock on daemon addresses registry.
11:15:55.774 [DEBUG] [org.gradle.cache.internal.DefaultFileLockManager] Lock acquired on daemon addresses registry.
11:15:55.774 [DEBUG] [org.gradle.cache.internal.DefaultFileLockManager] Releasing lock on daemon addresses registry.
11:15:55.774 [DEBUG] [org.gradle.cache.internal.DefaultFileLockManager] Waiting to acquire shared lock on daemon addresses registry.
11:15:55.774 [DEBUG] [org.gradle.cache.internal.DefaultFileLockManager] Lock acquired on daemon addresses registry.
11:15:55.774 [DEBUG] [org.gradle.cache.internal.DefaultFileLockManager] Releasing lock on daemon addresses registry.
11:15:55.774 [DEBUG] [org.gradle.cache.internal.DefaultFileLockManager] Waiting to acquire shared lock on daemon addresses registry.
11:15:55.774 [DEBUG] [org.gradle.cache.internal.DefaultFileLockManager] Lock acquired on daemon addresses registry.
11:15:55.774 [DEBUG] [org.gradle.cache.internal.DefaultFileLockManager] Releasing lock on daemon addresses registry.
11:15:56.229 [DEBUG] [org.gradle.internal.remote.internal.inet.TcpIncomingConnector] Accepted connection from /0:0:0:0:0:0:0:1:34052 to /0:0:0:0:0:0:0:1:42395.
11:15:56.254 [DEBUG] [org.gradle.launcher.daemon.server.SynchronizedDispatchConnection] thread 104: received class org.gradle.launcher.daemon.protocol.Build
11:15:56.254 [DEBUG] [org.gradle.launcher.daemon.server.DefaultDaemonConnection] thread 104: Received non-IO message from client: Build{id=6639338f-4969-4092-80db-021d099d3651.1, currentDir=/home/student/gradleapp}
11:15:56.254 [INFO] [org.gradle.launcher.daemon.server.DefaultIncomingConnectionHandler] Received command: Build{id=6639338f-4969-4092-80db-021d099d3651.1, currentDir=/home/student/gradleapp}.
11:15:56.254 [DEBUG] [org.gradle.launcher.daemon.server.DefaultIncomingConnectionHandler] Starting executing command: Build{id=6639338f-4969-4092-80db-021d099d3651.1, currentDir=/home/student/gradleapp} with connection: socket connection from /0:0:0:0:0:0:0:1:42395 to /0:0:0:0:0:0:0:1:34052.
11:15:56.254 [ERROR] [org.gradle.launcher.daemon.server.DaemonStateCoordinator] Command execution: started DaemonCommandExecution[command = Build{id=6639338f-4969-4092-80db-021d099d3651.1, currentDir=/home/student/gradleapp}, connection = DefaultDaemonConnection: socket connection from /0:0:0:0:0:0:0:1:42395 to /0:0:0:0:0:0:0:1:34052] after 1.0 minutes of idle
11:15:56.254 [INFO] [org.gradle.launcher.daemon.server.DaemonRegistryUpdater] Marking the daemon as busy, address: [c5abe67c-4535-46a6-8549-8ed66c8be0f4 port:42395, addresses:[/0:0:0:0:0:0:0:1%lo, /127.0.0.1]]
11:15:56.254 [DEBUG] [org.gradle.launcher.daemon.registry.PersistentDaemonRegistry] Marking busy by address: [c5abe67c-4535-46a6-8549-8ed66c8be0f4 port:42395, addresses:[/0:0:0:0:0:0:0:1%lo, /127.0.0.1]]
11:15:56.254 [DEBUG] [org.gradle.cache.internal.DefaultFileLockManager] Waiting to acquire exclusive lock on daemon addresses registry.
11:15:56.254 [DEBUG] [org.gradle.cache.internal.DefaultFileLockManager] Lock acquired on daemon addresses registry.
11:15:56.254 [DEBUG] [org.gradle.cache.internal.DefaultFileLockManager] Releasing lock on daemon addresses registry.
11:15:56.254 [DEBUG] [org.gradle.launcher.daemon.server.DaemonStateCoordinator] resetting idle timer
11:15:56.254 [DEBUG] [org.gradle.launcher.daemon.server.DaemonStateCoordinator] daemon is running. Sleeping until state changes.
11:15:56.255 [INFO] [org.gradle.launcher.daemon.server.exec.StartBuildOrRespondWithBusy] Daemon is about to start building Build{id=6639338f-4969-4092-80db-021d099d3651.1, currentDir=/home/student/gradleapp}. Dispatching build started information...
11:15:56.255 [DEBUG] [org.gradle.launcher.daemon.server.SynchronizedDispatchConnection] thread 106: dispatching class org.gradle.launcher.daemon.protocol.BuildStarted
11:15:56.255 [DEBUG] [org.gradle.launcher.daemon.server.exec.EstablishBuildEnvironment] Configuring env variables: {PATH=/usr/local/sbin:/usr/local/bin:/usr/sbin:/usr/bin:/sbin:/bin:/usr/games:/usr/local/games:/snap/bin:/snap/bin, XAUTHORITY=/run/user/1001/.mutter-Xwaylandauth.IN53L3, LESSCLOSE=/usr/bin/lesspipe %s %s, XMODIFIERS=@im=ibus, XDG_DATA_DIRS=/usr/share/ubuntu:/usr/local/share/:/usr/share/:/var/lib/snapd/desktop, GDMSESSION=ubuntu, QT_IM_MODULE=ibus, TERM=xterm-256color, XDG_CONFIG_DIRS=/etc/xdg/xdg-ubuntu:/etc/xdg, GNOME_TERMINAL_SERVICE=:1.99, LANG=en_IN, DBUS_SESSION_BUS_ADDRESS=unix:path=/run/user/1001/bus, XDG_SESSION_TYPE=wayland, XDG_CURRENT_DESKTOP=ubuntu:GNOME, DISPLAY=:0, WAYLAND_DISPLAY=wayland-0, COLORTERM=truecolor, SESSION_MANAGER=local/aimll501pc12-HP-Pro-Tower-280-G9-PCI-Desktop-PC:@/tmp/.ICE-unix/1728,unix/aimll501pc12-HP-Pro-Tower-280-G9-PCI-Desktop-PC:/tmp/.ICE-unix/1728, USERNAME=student, LOGNAME=student, PWD=/home/student/gradleapp, IM_CONFIG_PHASE=1, XDG_SESSION_CLASS=user, _=/usr/bin/gradle, LANGUAGE=en_IN:en, SHELL=/bin/bash, LESSOPEN=| /usr/bin/lesspipe %s, DESKTOP_SESSION=ubuntu, OLDPWD=/usr/share/gradle, USER=student, XDG_MENU_PREFIX=gnome-, VTE_VERSION=6800, QT_ACCESSIBILITY=1, GNOME_DESKTOP_SESSION_ID=this-is-deprecated, SSH_AUTH_SOCK=/run/user/1001/keyring/ssh, GNOME_TERMINAL_SCREEN=/org/gnome/Terminal/screen/00451b6d_34b3_4201_9694_13d3c98f1d31, GTK_MODULES=gail:atk-bridge, GNOME_SHELL_SESSION_MODE=ubuntu, SYSTEMD_EXEC_PID=1759, LS_COLORS=rs=0:di=01;34:ln=01;36:mh=00:pi=40;33:so=01;35:do=01;35:bd=40;33;01:cd=40;33;01:or=40;31;01:mi=00:su=37;41:sg=30;43:ca=30;41:tw=30;42:ow=34;42:st=37;44:ex=01;32:*.tar=01;31:*.tgz=01;31:*.arc=01;31:*.arj=01;31:*.taz=01;31:*.lha=01;31:*.lz4=01;31:*.lzh=01;31:*.lzma=01;31:*.tlz=01;31:*.txz=01;31:*.tzo=01;31:*.t7z=01;31:*.zip=01;31:*.z=01;31:*.dz=01;31:*.gz=01;31:*.lrz=01;31:*.lz=01;31:*.lzo=01;31:*.xz=01;31:*.zst=01;31:*.tzst=01;31:*.bz2=01;31:*.bz=01;31:*.tbz=01;31:*.tbz2=01;31:*.tz=01;31:*.deb=01;31:*.rpm=01;31:*.jar=01;31:*.war=01;31:*.ear=01;31:*.sar=01;31:*.rar=01;31:*.alz=01;31:*.ace=01;31:*.zoo=01;31:*.cpio=01;31:*.7z=01;31:*.rz=01;31:*.cab=01;31:*.wim=01;31:*.swm=01;31:*.dwm=01;31:*.esd=01;31:*.jpg=01;35:*.jpeg=01;35:*.mjpg=01;35:*.mjpeg=01;35:*.gif=01;35:*.bmp=01;35:*.pbm=01;35:*.pgm=01;35:*.ppm=01;35:*.tga=01;35:*.xbm=01;35:*.xpm=01;35:*.tif=01;35:*.tiff=01;35:*.png=01;35:*.svg=01;35:*.svgz=01;35:*.mng=01;35:*.pcx=01;35:*.mov=01;35:*.mpg=01;35:*.mpeg=01;35:*.m2v=01;35:*.mkv=01;35:*.webm=01;35:*.webp=01;35:*.ogm=01;35:*.mp4=01;35:*.m4v=01;35:*.mp4v=01;35:*.vob=01;35:*.qt=01;35:*.nuv=01;35:*.wmv=01;35:*.asf=01;35:*.rm=01;35:*.rmvb=01;35:*.flc=01;35:*.avi=01;35:*.fli=01;35:*.flv=01;35:*.gl=01;35:*.dl=01;35:*.xcf=01;35:*.xwd=01;35:*.yuv=01;35:*.cgm=01;35:*.emf=01;35:*.ogv=01;35:*.ogx=01;35:*.aac=00;36:*.au=00;36:*.flac=00;36:*.m4a=00;36:*.mid=00;36:*.midi=00;36:*.mka=00;36:*.mp3=00;36:*.mpc=00;36:*.ogg=00;36:*.ra=00;36:*.wav=00;36:*.oga=00;36:*.opus=00;36:*.spx=00;36:*.xspf=00;36:, XDG_SESSION_DESKTOP=ubuntu, XDG_RUNTIME_DIR=/run/user/1001, GNOME_SETUP_DISPLAY=:1, SSH_AGENT_LAUNCHER=gnome-keyring, HOME=/home/student, SHLVL=1}
11:15:56.255 [WARN] [org.gradle.launcher.daemon.server.exec.EstablishBuildEnvironment] Warning: Unable able to set daemon's environment variables to match the client because: 
  Java 9 does not support modifying environment variables.
  If the daemon was started with a significantly different environment from the client, and your build 
  relies on environment variables, you may experience unexpected behavior.
11:15:56.255 [DEBUG] [org.gradle.launcher.daemon.server.exec.LogToClient] About to start relaying all logs to the client via the connection.
11:15:56.255 [INFO] [org.gradle.launcher.daemon.server.exec.LogToClient] The client will now receive all logging from the daemon (pid: 3563). The daemon log file: /home/student/.gradle/daemon/4.4.1/daemon-3563.out.log
11:15:56.255 [INFO] [org.gradle.launcher.daemon.server.exec.LogAndCheckHealth] Starting 11th build in daemon [uptime: 15 mins 20.542 secs, performance: 99%]
11:15:56.255 [DEBUG] [org.gradle.launcher.daemon.server.exec.ExecuteBuild] The daemon has started executing the build.
11:15:56.255 [DEBUG] [org.gradle.launcher.daemon.server.exec.ExecuteBuild] Executing build with daemon context: DefaultDaemonContext[uid=6097f117-ad2a-4ee3-92ec-fb117d27c418,javaHome=/usr/lib/jvm/java-11-openjdk-amd64,daemonRegistryDir=/home/student/.gradle/daemon,pid=3563,idleTimeout=10800000,daemonOpts=-XX:+HeapDumpOnOutOfMemoryError,-Xmx1024m,-Dfile.encoding=UTF-8,-Duser.country=IN,-Duser.language=en,-Duser.variant]

FAILURE: Build failed with an exception.

* Where:
Build file '/home/student/gradleapp/build.gradle' line: 32

* What went wrong:
A problem occurred evaluating root project 'gradleapp'.
> Could not get unknown property 'groovy' for root project 'gradleapp' of type org.gradle.api.Project.

* Try:
Run with --stacktrace option to get the stack trace. Run with --info or --debug option to get more log output. Run with --scan to get full insights.

* Get more help at https://help.gradle.org

BUILD FAILED in 0s
11:15:56.720 [DEBUG] [org.gradle.launcher.daemon.server.exec.ExecuteBuild] The daemon has finished executing the build.
11:15:56.721 [DEBUG] [org.gradle.launcher.daemon.server.DaemonStateCoordinator] daemon is running. Sleeping until state changes.
11:15:56.721 [DEBUG] [org.gradle.launcher.daemon.server.DaemonStateCoordinator] Command execution: finished waiting for DaemonCommandExecution[command = Build{id=6639338f-4969-4092-80db-021d099d3651.1, currentDir=/home/student/gradleapp}, connection = DefaultDaemonConnection: socket connection from /0:0:0:0:0:0:0:1:42395 to /0:0:0:0:0:0:0:1:34052]. Result org.gradle.launcher.daemon.server.DaemonStateCoordinator@423d1111 with state Busy
11:15:56.721 [DEBUG] [org.gradle.launcher.daemon.server.DaemonStateCoordinator] Command execution: completed DaemonCommandExecution[command = Build{id=6639338f-4969-4092-80db-021d099d3651.1, currentDir=/home/student/gradleapp}, connection = DefaultDaemonConnection: socket connection from /0:0:0:0:0:0:0:1:42395 to /0:0:0:0:0:0:0:1:34052]
11:15:56.721 [DEBUG] [org.gradle.launcher.daemon.server.DaemonStateCoordinator] resetting idle timer
11:15:56.721 [INFO] [org.gradle.launcher.daemon.server.DaemonRegistryUpdater] Marking the daemon as idle, address: [c5abe67c-4535-46a6-8549-8ed66c8be0f4 port:42395, addresses:[/0:0:0:0:0:0:0:1%lo, /127.0.0.1]]
11:15:56.722 [DEBUG] [org.gradle.launcher.daemon.registry.PersistentDaemonRegistry] Marking busy by address: [c5abe67c-4535-46a6-8549-8ed66c8be0f4 port:42395, addresses:[/0:0:0:0:0:0:0:1%lo, /127.0.0.1]]
11:15:56.722 [DEBUG] [org.gradle.cache.internal.DefaultFileLockManager] Waiting to acquire exclusive lock on daemon addresses registry.
11:15:56.722 [DEBUG] [org.gradle.cache.internal.DefaultFileLockManager] Lock acquired on daemon addresses registry.
11:15:56.722 [DEBUG] [org.gradle.cache.internal.DefaultFileLockManager] Releasing lock on daemon addresses registry.
11:15:56.722 [DEBUG] [org.gradle.launcher.daemon.server.DaemonStateCoordinator] daemon is running. Sleeping until state changes.
11:15:56.722 [DEBUG] [org.gradle.launcher.daemon.server.exec.ReturnResult] Daemon is dispatching the build result: Failure[value=org.gradle.initialization.ReportedException: org.gradle.internal.exceptions.LocationAwareException: Build file '/home/student/gradleapp/build.gradle' line: 32
A problem occurred evaluating root project 'gradleapp'.]
11:15:56.722 [DEBUG] [org.gradle.launcher.daemon.server.SynchronizedDispatchConnection] thread 103: dispatching class org.gradle.launcher.daemon.protocol.Failure
11:15:56.724 [DEBUG] [org.gradle.launcher.daemon.server.DefaultIncomingConnectionHandler] Finishing executing command: Build{id=6639338f-4969-4092-80db-021d099d3651.1, currentDir=/home/student/gradleapp}
11:15:56.740 [DEBUG] [org.gradle.launcher.daemon.server.SynchronizedDispatchConnection] thread 104: received class org.gradle.launcher.daemon.protocol.CloseInput
11:15:56.741 [DEBUG] [org.gradle.launcher.daemon.server.DefaultDaemonConnection] thread 104: Received IO message from client: org.gradle.launcher.daemon.protocol.CloseInput@4389c873
11:15:56.742 [DEBUG] [org.gradle.launcher.daemon.server.SynchronizedDispatchConnection] thread 104: received class org.gradle.launcher.daemon.protocol.Finished
11:15:56.742 [DEBUG] [org.gradle.launcher.daemon.server.DefaultDaemonConnection] thread 104: Received non-IO message from client: org.gradle.launcher.daemon.protocol.Finished@4d4e3e72
11:15:56.742 [DEBUG] [org.gradle.launcher.daemon.server.DefaultIncomingConnectionHandler] Received finished message: org.gradle.launcher.daemon.protocol.Finished@4d4e3e72
11:15:56.742 [DEBUG] [org.gradle.internal.remote.internal.inet.SocketConnection] Discarding EOFException: java.io.EOFException
11:15:56.742 [DEBUG] [org.gradle.launcher.daemon.server.SynchronizedDispatchConnection] thread 103: stopping connection
11:15:56.742 [DEBUG] [org.gradle.launcher.daemon.server.SynchronizedDispatchConnection] thread 104: received null
11:15:56.742 [DEBUG] [org.gradle.launcher.daemon.server.DefaultDaemonConnection] thread 104: Received end-of-input from client.
11:15:56.743 [DEBUG] [org.gradle.launcher.daemon.server.SynchronizedDispatchConnection] thread 103: stopping connection
11:16:01.352 [DEBUG] [org.gradle.process.internal.health.memory.MemoryManager] Emitting OS memory status event {Total: 16440082432, Free: 13253849088}
11:16:01.352 [DEBUG] [org.gradle.launcher.daemon.server.health.LowMemoryDaemonExpirationStrategy] Received memory status update: {Total: 16440082432, Free: 13253849088}
11:16:01.352 [DEBUG] [org.gradle.process.internal.health.memory.MemoryManager] Emitting JVM memory status event {Maximum: 1073741824, Committed: 260046848}
11:16:05.774 [DEBUG] [org.gradle.launcher.daemon.server.Daemon] DaemonExpirationPeriodicCheck running
11:16:05.774 [DEBUG] [org.gradle.cache.internal.DefaultFileLockManager] Waiting to acquire shared lock on daemon addresses registry.
11:16:05.774 [DEBUG] [org.gradle.cache.internal.DefaultFileLockManager] Lock acquired on daemon addresses registry.
11:16:05.774 [DEBUG] [org.gradle.cache.internal.DefaultFileLockManager] Releasing lock on daemon addresses registry.
11:16:05.774 [DEBUG] [org.gradle.cache.internal.DefaultFileLockManager] Waiting to acquire shared lock on daemon addresses registry.
11:16:05.774 [DEBUG] [org.gradle.cache.internal.DefaultFileLockManager] Lock acquired on daemon addresses registry.
11:16:05.774 [DEBUG] [org.gradle.cache.internal.DefaultFileLockManager] Releasing lock on daemon addresses registry.
11:16:06.352 [DEBUG] [org.gradle.process.internal.health.memory.MemoryManager] Emitting OS memory status event {Total: 16440082432, Free: 13251731456}
11:16:06.352 [DEBUG] [org.gradle.launcher.daemon.server.health.LowMemoryDaemonExpirationStrategy] Received memory status update: {Total: 16440082432, Free: 13251731456}
11:16:06.352 [DEBUG] [org.gradle.process.internal.health.memory.MemoryManager] Emitting JVM memory status event {Maximum: 1073741824, Committed: 260046848}
11:16:11.010 [DEBUG] [org.gradle.internal.remote.internal.inet.TcpIncomingConnector] Accepted connection from /0:0:0:0:0:0:0:1:46938 to /0:0:0:0:0:0:0:1:42395.
11:16:11.034 [DEBUG] [org.gradle.launcher.daemon.server.SynchronizedDispatchConnection] thread 113: received class org.gradle.launcher.daemon.protocol.Build
11:16:11.034 [DEBUG] [org.gradle.launcher.daemon.server.DefaultDaemonConnection] thread 113: Received non-IO message from client: Build{id=f2fa80da-ccd8-4516-aa27-6812b9ed9baf.1, currentDir=/home/student/gradleapp}
11:16:11.034 [INFO] [org.gradle.launcher.daemon.server.DefaultIncomingConnectionHandler] Received command: Build{id=f2fa80da-ccd8-4516-aa27-6812b9ed9baf.1, currentDir=/home/student/gradleapp}.
11:16:11.034 [DEBUG] [org.gradle.launcher.daemon.server.DefaultIncomingConnectionHandler] Starting executing command: Build{id=f2fa80da-ccd8-4516-aa27-6812b9ed9baf.1, currentDir=/home/student/gradleapp} with connection: socket connection from /0:0:0:0:0:0:0:1:42395 to /0:0:0:0:0:0:0:1:46938.
11:16:11.035 [ERROR] [org.gradle.launcher.daemon.server.DaemonStateCoordinator] Command execution: started DaemonCommandExecution[command = Build{id=f2fa80da-ccd8-4516-aa27-6812b9ed9baf.1, currentDir=/home/student/gradleapp}, connection = DefaultDaemonConnection: socket connection from /0:0:0:0:0:0:0:1:42395 to /0:0:0:0:0:0:0:1:46938] after 0.0 minutes of idle
11:16:11.035 [INFO] [org.gradle.launcher.daemon.server.DaemonRegistryUpdater] Marking the daemon as busy, address: [c5abe67c-4535-46a6-8549-8ed66c8be0f4 port:42395, addresses:[/0:0:0:0:0:0:0:1%lo, /127.0.0.1]]
11:16:11.035 [DEBUG] [org.gradle.launcher.daemon.registry.PersistentDaemonRegistry] Marking busy by address: [c5abe67c-4535-46a6-8549-8ed66c8be0f4 port:42395, addresses:[/0:0:0:0:0:0:0:1%lo, /127.0.0.1]]
11:16:11.035 [DEBUG] [org.gradle.cache.internal.DefaultFileLockManager] Waiting to acquire exclusive lock on daemon addresses registry.
11:16:11.035 [DEBUG] [org.gradle.cache.internal.DefaultFileLockManager] Lock acquired on daemon addresses registry.
11:16:11.035 [DEBUG] [org.gradle.cache.internal.DefaultFileLockManager] Releasing lock on daemon addresses registry.
11:16:11.035 [DEBUG] [org.gradle.launcher.daemon.server.DaemonStateCoordinator] resetting idle timer
11:16:11.035 [DEBUG] [org.gradle.launcher.daemon.server.DaemonStateCoordinator] daemon is running. Sleeping until state changes.
11:16:11.035 [INFO] [org.gradle.launcher.daemon.server.exec.StartBuildOrRespondWithBusy] Daemon is about to start building Build{id=f2fa80da-ccd8-4516-aa27-6812b9ed9baf.1, currentDir=/home/student/gradleapp}. Dispatching build started information...
11:16:11.035 [DEBUG] [org.gradle.launcher.daemon.server.SynchronizedDispatchConnection] thread 106: dispatching class org.gradle.launcher.daemon.protocol.BuildStarted
11:16:11.035 [DEBUG] [org.gradle.launcher.daemon.server.exec.EstablishBuildEnvironment] Configuring env variables: {PATH=/usr/local/sbin:/usr/local/bin:/usr/sbin:/usr/bin:/sbin:/bin:/usr/games:/usr/local/games:/snap/bin:/snap/bin, XAUTHORITY=/run/user/1001/.mutter-Xwaylandauth.IN53L3, LESSCLOSE=/usr/bin/lesspipe %s %s, XMODIFIERS=@im=ibus, XDG_DATA_DIRS=/usr/share/ubuntu:/usr/local/share/:/usr/share/:/var/lib/snapd/desktop, GDMSESSION=ubuntu, QT_IM_MODULE=ibus, TERM=xterm-256color, XDG_CONFIG_DIRS=/etc/xdg/xdg-ubuntu:/etc/xdg, GNOME_TERMINAL_SERVICE=:1.99, LANG=en_IN, DBUS_SESSION_BUS_ADDRESS=unix:path=/run/user/1001/bus, XDG_SESSION_TYPE=wayland, XDG_CURRENT_DESKTOP=ubuntu:GNOME, DISPLAY=:0, WAYLAND_DISPLAY=wayland-0, COLORTERM=truecolor, SESSION_MANAGER=local/aimll501pc12-HP-Pro-Tower-280-G9-PCI-Desktop-PC:@/tmp/.ICE-unix/1728,unix/aimll501pc12-HP-Pro-Tower-280-G9-PCI-Desktop-PC:/tmp/.ICE-unix/1728, USERNAME=student, LOGNAME=student, PWD=/home/student/gradleapp, IM_CONFIG_PHASE=1, XDG_SESSION_CLASS=user, _=/usr/bin/gradle, LANGUAGE=en_IN:en, SHELL=/bin/bash, LESSOPEN=| /usr/bin/lesspipe %s, DESKTOP_SESSION=ubuntu, OLDPWD=/usr/share/gradle, USER=student, XDG_MENU_PREFIX=gnome-, VTE_VERSION=6800, QT_ACCESSIBILITY=1, GNOME_DESKTOP_SESSION_ID=this-is-deprecated, SSH_AUTH_SOCK=/run/user/1001/keyring/ssh, GNOME_TERMINAL_SCREEN=/org/gnome/Terminal/screen/00451b6d_34b3_4201_9694_13d3c98f1d31, GTK_MODULES=gail:atk-bridge, GNOME_SHELL_SESSION_MODE=ubuntu, SYSTEMD_EXEC_PID=1759, LS_COLORS=rs=0:di=01;34:ln=01;36:mh=00:pi=40;33:so=01;35:do=01;35:bd=40;33;01:cd=40;33;01:or=40;31;01:mi=00:su=37;41:sg=30;43:ca=30;41:tw=30;42:ow=34;42:st=37;44:ex=01;32:*.tar=01;31:*.tgz=01;31:*.arc=01;31:*.arj=01;31:*.taz=01;31:*.lha=01;31:*.lz4=01;31:*.lzh=01;31:*.lzma=01;31:*.tlz=01;31:*.txz=01;31:*.tzo=01;31:*.t7z=01;31:*.zip=01;31:*.z=01;31:*.dz=01;31:*.gz=01;31:*.lrz=01;31:*.lz=01;31:*.lzo=01;31:*.xz=01;31:*.zst=01;31:*.tzst=01;31:*.bz2=01;31:*.bz=01;31:*.tbz=01;31:*.tbz2=01;31:*.tz=01;31:*.deb=01;31:*.rpm=01;31:*.jar=01;31:*.war=01;31:*.ear=01;31:*.sar=01;31:*.rar=01;31:*.alz=01;31:*.ace=01;31:*.zoo=01;31:*.cpio=01;31:*.7z=01;31:*.rz=01;31:*.cab=01;31:*.wim=01;31:*.swm=01;31:*.dwm=01;31:*.esd=01;31:*.jpg=01;35:*.jpeg=01;35:*.mjpg=01;35:*.mjpeg=01;35:*.gif=01;35:*.bmp=01;35:*.pbm=01;35:*.pgm=01;35:*.ppm=01;35:*.tga=01;35:*.xbm=01;35:*.xpm=01;35:*.tif=01;35:*.tiff=01;35:*.png=01;35:*.svg=01;35:*.svgz=01;35:*.mng=01;35:*.pcx=01;35:*.mov=01;35:*.mpg=01;35:*.mpeg=01;35:*.m2v=01;35:*.mkv=01;35:*.webm=01;35:*.webp=01;35:*.ogm=01;35:*.mp4=01;35:*.m4v=01;35:*.mp4v=01;35:*.vob=01;35:*.qt=01;35:*.nuv=01;35:*.wmv=01;35:*.asf=01;35:*.rm=01;35:*.rmvb=01;35:*.flc=01;35:*.avi=01;35:*.fli=01;35:*.flv=01;35:*.gl=01;35:*.dl=01;35:*.xcf=01;35:*.xwd=01;35:*.yuv=01;35:*.cgm=01;35:*.emf=01;35:*.ogv=01;35:*.ogx=01;35:*.aac=00;36:*.au=00;36:*.flac=00;36:*.m4a=00;36:*.mid=00;36:*.midi=00;36:*.mka=00;36:*.mp3=00;36:*.mpc=00;36:*.ogg=00;36:*.ra=00;36:*.wav=00;36:*.oga=00;36:*.opus=00;36:*.spx=00;36:*.xspf=00;36:, XDG_SESSION_DESKTOP=ubuntu, XDG_RUNTIME_DIR=/run/user/1001, GNOME_SETUP_DISPLAY=:1, SSH_AGENT_LAUNCHER=gnome-keyring, HOME=/home/student, SHLVL=1}
11:16:11.035 [WARN] [org.gradle.launcher.daemon.server.exec.EstablishBuildEnvironment] Warning: Unable able to set daemon's environment variables to match the client because: 
  Java 9 does not support modifying environment variables.
  If the daemon was started with a significantly different environment from the client, and your build 
  relies on environment variables, you may experience unexpected behavior.
11:16:11.036 [DEBUG] [org.gradle.launcher.daemon.server.exec.LogToClient] About to start relaying all logs to the client via the connection.
11:16:11.036 [INFO] [org.gradle.launcher.daemon.server.exec.LogToClient] The client will now receive all logging from the daemon (pid: 3563). The daemon log file: /home/student/.gradle/daemon/4.4.1/daemon-3563.out.log
11:16:11.036 [INFO] [org.gradle.launcher.daemon.server.exec.LogAndCheckHealth] Starting 12th build in daemon [uptime: 15 mins 35.323 secs, performance: 99%]
11:16:11.036 [DEBUG] [org.gradle.launcher.daemon.server.exec.ExecuteBuild] The daemon has started executing the build.
11:16:11.036 [DEBUG] [org.gradle.launcher.daemon.server.exec.ExecuteBuild] Executing build with daemon context: DefaultDaemonContext[uid=6097f117-ad2a-4ee3-92ec-fb117d27c418,javaHome=/usr/lib/jvm/java-11-openjdk-amd64,daemonRegistryDir=/home/student/.gradle/daemon,pid=3563,idleTimeout=10800000,daemonOpts=-XX:+HeapDumpOnOutOfMemoryError,-Xmx1024m,-Dfile.encoding=UTF-8,-Duser.country=IN,-Duser.language=en,-Duser.variant]

FAILURE: Build failed with an exception.

* Where:
Build file '/home/student/gradleapp/build.gradle' line: 32

* What went wrong:
A problem occurred evaluating root project 'gradleapp'.
> Could not get unknown property 'CopyEdit' for root project 'gradleapp' of type org.gradle.api.Project.

* Try:
Run with --stacktrace option to get the stack trace. Run with --info or --debug option to get more log output. Run with --scan to get full insights.

* Get more help at https://help.gradle.org

BUILD FAILED in 0s
11:16:11.071 [DEBUG] [org.gradle.launcher.daemon.server.exec.ExecuteBuild] The daemon has finished executing the build.
11:16:11.077 [DEBUG] [org.gradle.launcher.daemon.server.DaemonStateCoordinator] Command execution: finished waiting for DaemonCommandExecution[command = Build{id=f2fa80da-ccd8-4516-aa27-6812b9ed9baf.1, currentDir=/home/student/gradleapp}, connection = DefaultDaemonConnection: socket connection from /0:0:0:0:0:0:0:1:42395 to /0:0:0:0:0:0:0:1:46938]. Result org.gradle.launcher.daemon.server.DaemonStateCoordinator@423d1111 with state Busy
11:16:11.077 [DEBUG] [org.gradle.launcher.daemon.server.DaemonStateCoordinator] Command execution: completed DaemonCommandExecution[command = Build{id=f2fa80da-ccd8-4516-aa27-6812b9ed9baf.1, currentDir=/home/student/gradleapp}, connection = DefaultDaemonConnection: socket connection from /0:0:0:0:0:0:0:1:42395 to /0:0:0:0:0:0:0:1:46938]
11:16:11.077 [DEBUG] [org.gradle.launcher.daemon.server.DaemonStateCoordinator] resetting idle timer
11:16:11.077 [INFO] [org.gradle.launcher.daemon.server.DaemonRegistryUpdater] Marking the daemon as idle, address: [c5abe67c-4535-46a6-8549-8ed66c8be0f4 port:42395, addresses:[/0:0:0:0:0:0:0:1%lo, /127.0.0.1]]
11:16:11.077 [DEBUG] [org.gradle.launcher.daemon.registry.PersistentDaemonRegistry] Marking busy by address: [c5abe67c-4535-46a6-8549-8ed66c8be0f4 port:42395, addresses:[/0:0:0:0:0:0:0:1%lo, /127.0.0.1]]
11:16:11.077 [DEBUG] [org.gradle.cache.internal.DefaultFileLockManager] Waiting to acquire exclusive lock on daemon addresses registry.
11:16:11.077 [DEBUG] [org.gradle.cache.internal.DefaultFileLockManager] Lock acquired on daemon addresses registry.
11:16:11.077 [DEBUG] [org.gradle.cache.internal.DefaultFileLockManager] Releasing lock on daemon addresses registry.
11:16:11.077 [DEBUG] [org.gradle.launcher.daemon.server.DaemonStateCoordinator] daemon is running. Sleeping until state changes.
11:16:11.077 [DEBUG] [org.gradle.launcher.daemon.server.exec.ReturnResult] Daemon is dispatching the build result: Failure[value=org.gradle.initialization.ReportedException: org.gradle.internal.exceptions.LocationAwareException: Build file '/home/student/gradleapp/build.gradle' line: 32
A problem occurred evaluating root project 'gradleapp'.]
11:16:11.077 [DEBUG] [org.gradle.launcher.daemon.server.SynchronizedDispatchConnection] thread 103: dispatching class org.gradle.launcher.daemon.protocol.Failure
11:16:11.078 [DEBUG] [org.gradle.launcher.daemon.server.DefaultIncomingConnectionHandler] Finishing executing command: Build{id=f2fa80da-ccd8-4516-aa27-6812b9ed9baf.1, currentDir=/home/student/gradleapp}
11:16:11.095 [DEBUG] [org.gradle.launcher.daemon.server.SynchronizedDispatchConnection] thread 113: received class org.gradle.launcher.daemon.protocol.CloseInput
11:16:11.096 [DEBUG] [org.gradle.launcher.daemon.server.DefaultDaemonConnection] thread 113: Received IO message from client: org.gradle.launcher.daemon.protocol.CloseInput@1fb8eaa0
11:16:11.097 [DEBUG] [org.gradle.launcher.daemon.server.SynchronizedDispatchConnection] thread 113: received class org.gradle.launcher.daemon.protocol.Finished
11:16:11.097 [DEBUG] [org.gradle.launcher.daemon.server.DefaultDaemonConnection] thread 113: Received non-IO message from client: org.gradle.launcher.daemon.protocol.Finished@117f0727
11:16:11.097 [DEBUG] [org.gradle.launcher.daemon.server.DefaultIncomingConnectionHandler] Received finished message: org.gradle.launcher.daemon.protocol.Finished@117f0727
11:16:11.097 [DEBUG] [org.gradle.internal.remote.internal.inet.SocketConnection] Discarding EOFException: java.io.EOFException
11:16:11.097 [DEBUG] [org.gradle.launcher.daemon.server.SynchronizedDispatchConnection] thread 103: stopping connection
11:16:11.097 [DEBUG] [org.gradle.launcher.daemon.server.SynchronizedDispatchConnection] thread 113: received null
11:16:11.097 [DEBUG] [org.gradle.launcher.daemon.server.DefaultDaemonConnection] thread 113: Received end-of-input from client.
11:16:11.097 [DEBUG] [org.gradle.launcher.daemon.server.SynchronizedDispatchConnection] thread 103: stopping connection
11:16:11.352 [DEBUG] [org.gradle.process.internal.health.memory.MemoryManager] Emitting OS memory status event {Total: 16440082432, Free: 13155934208}
11:16:11.352 [DEBUG] [org.gradle.launcher.daemon.server.health.LowMemoryDaemonExpirationStrategy] Received memory status update: {Total: 16440082432, Free: 13155934208}
11:16:11.352 [DEBUG] [org.gradle.process.internal.health.memory.MemoryManager] Emitting JVM memory status event {Maximum: 1073741824, Committed: 260046848}
11:16:15.774 [DEBUG] [org.gradle.launcher.daemon.server.Daemon] DaemonExpirationPeriodicCheck running
11:16:15.774 [DEBUG] [org.gradle.cache.internal.DefaultFileLockManager] Waiting to acquire shared lock on daemon addresses registry.
11:16:15.774 [DEBUG] [org.gradle.cache.internal.DefaultFileLockManager] Lock acquired on daemon addresses registry.
11:16:15.774 [DEBUG] [org.gradle.cache.internal.DefaultFileLockManager] Releasing lock on daemon addresses registry.
11:16:15.774 [DEBUG] [org.gradle.cache.internal.DefaultFileLockManager] Waiting to acquire shared lock on daemon addresses registry.
11:16:15.774 [DEBUG] [org.gradle.cache.internal.DefaultFileLockManager] Lock acquired on daemon addresses registry.
11:16:15.774 [DEBUG] [org.gradle.cache.internal.DefaultFileLockManager] Releasing lock on daemon addresses registry.
11:16:16.352 [DEBUG] [org.gradle.process.internal.health.memory.MemoryManager] Emitting OS memory status event {Total: 16440082432, Free: 13221892096}
11:16:16.352 [DEBUG] [org.gradle.launcher.daemon.server.health.LowMemoryDaemonExpirationStrategy] Received memory status update: {Total: 16440082432, Free: 13221892096}
11:16:16.352 [DEBUG] [org.gradle.process.internal.health.memory.MemoryManager] Emitting JVM memory status event {Maximum: 1073741824, Committed: 260046848}
11:16:21.352 [DEBUG] [org.gradle.process.internal.health.memory.MemoryManager] Emitting OS memory status event {Total: 16440082432, Free: 13235572736}
11:16:21.352 [DEBUG] [org.gradle.launcher.daemon.server.health.LowMemoryDaemonExpirationStrategy] Received memory status update: {Total: 16440082432, Free: 13235572736}
11:16:21.352 [DEBUG] [org.gradle.process.internal.health.memory.MemoryManager] Emitting JVM memory status event {Maximum: 1073741824, Committed: 260046848}
11:16:25.774 [DEBUG] [org.gradle.launcher.daemon.server.Daemon] DaemonExpirationPeriodicCheck running
11:16:25.774 [DEBUG] [org.gradle.cache.internal.DefaultFileLockManager] Waiting to acquire shared lock on daemon addresses registry.
11:16:25.774 [DEBUG] [org.gradle.cache.internal.DefaultFileLockManager] Lock acquired on daemon addresses registry.
11:16:25.774 [DEBUG] [org.gradle.cache.internal.DefaultFileLockManager] Releasing lock on daemon addresses registry.
11:16:25.774 [DEBUG] [org.gradle.cache.internal.DefaultFileLockManager] Waiting to acquire shared lock on daemon addresses registry.
11:16:25.774 [DEBUG] [org.gradle.cache.internal.DefaultFileLockManager] Lock acquired on daemon addresses registry.
11:16:25.774 [DEBUG] [org.gradle.cache.internal.DefaultFileLockManager] Releasing lock on daemon addresses registry.
11:16:25.774 [DEBUG] [org.gradle.cache.internal.DefaultFileLockManager] Waiting to acquire shared lock on daemon addresses registry.
11:16:25.774 [DEBUG] [org.gradle.cache.internal.DefaultFileLockManager] Lock acquired on daemon addresses registry.
11:16:25.774 [DEBUG] [org.gradle.cache.internal.DefaultFileLockManager] Releasing lock on daemon addresses registry.
11:16:26.351 [DEBUG] [org.gradle.process.internal.health.memory.MemoryManager] Emitting OS memory status event {Total: 16440082432, Free: 13236383744}
11:16:26.351 [DEBUG] [org.gradle.launcher.daemon.server.health.LowMemoryDaemonExpirationStrategy] Received memory status update: {Total: 16440082432, Free: 13236383744}
11:16:26.351 [DEBUG] [org.gradle.process.internal.health.memory.MemoryManager] Emitting JVM memory status event {Maximum: 1073741824, Committed: 260046848}
11:16:26.499 [DEBUG] [org.gradle.internal.remote.internal.inet.TcpIncomingConnector] Accepted connection from /0:0:0:0:0:0:0:1:56006 to /0:0:0:0:0:0:0:1:42395.
11:16:26.524 [DEBUG] [org.gradle.launcher.daemon.server.SynchronizedDispatchConnection] thread 120: received class org.gradle.launcher.daemon.protocol.Build
11:16:26.524 [DEBUG] [org.gradle.launcher.daemon.server.DefaultDaemonConnection] thread 120: Received non-IO message from client: Build{id=22f4d206-d73c-44c6-a8d2-fd6144197ab2.1, currentDir=/home/student/gradleapp}
11:16:26.524 [INFO] [org.gradle.launcher.daemon.server.DefaultIncomingConnectionHandler] Received command: Build{id=22f4d206-d73c-44c6-a8d2-fd6144197ab2.1, currentDir=/home/student/gradleapp}.
11:16:26.524 [DEBUG] [org.gradle.launcher.daemon.server.DefaultIncomingConnectionHandler] Starting executing command: Build{id=22f4d206-d73c-44c6-a8d2-fd6144197ab2.1, currentDir=/home/student/gradleapp} with connection: socket connection from /0:0:0:0:0:0:0:1:42395 to /0:0:0:0:0:0:0:1:56006.
11:16:26.524 [ERROR] [org.gradle.launcher.daemon.server.DaemonStateCoordinator] Command execution: started DaemonCommandExecution[command = Build{id=22f4d206-d73c-44c6-a8d2-fd6144197ab2.1, currentDir=/home/student/gradleapp}, connection = DefaultDaemonConnection: socket connection from /0:0:0:0:0:0:0:1:42395 to /0:0:0:0:0:0:0:1:56006] after 0.0 minutes of idle
11:16:26.524 [INFO] [org.gradle.launcher.daemon.server.DaemonRegistryUpdater] Marking the daemon as busy, address: [c5abe67c-4535-46a6-8549-8ed66c8be0f4 port:42395, addresses:[/0:0:0:0:0:0:0:1%lo, /127.0.0.1]]
11:16:26.524 [DEBUG] [org.gradle.launcher.daemon.registry.PersistentDaemonRegistry] Marking busy by address: [c5abe67c-4535-46a6-8549-8ed66c8be0f4 port:42395, addresses:[/0:0:0:0:0:0:0:1%lo, /127.0.0.1]]
11:16:26.524 [DEBUG] [org.gradle.cache.internal.DefaultFileLockManager] Waiting to acquire exclusive lock on daemon addresses registry.
11:16:26.524 [DEBUG] [org.gradle.cache.internal.DefaultFileLockManager] Lock acquired on daemon addresses registry.
11:16:26.524 [DEBUG] [org.gradle.cache.internal.DefaultFileLockManager] Releasing lock on daemon addresses registry.
11:16:26.524 [DEBUG] [org.gradle.launcher.daemon.server.DaemonStateCoordinator] resetting idle timer
11:16:26.524 [DEBUG] [org.gradle.launcher.daemon.server.DaemonStateCoordinator] daemon is running. Sleeping until state changes.
11:16:26.525 [INFO] [org.gradle.launcher.daemon.server.exec.StartBuildOrRespondWithBusy] Daemon is about to start building Build{id=22f4d206-d73c-44c6-a8d2-fd6144197ab2.1, currentDir=/home/student/gradleapp}. Dispatching build started information...
11:16:26.525 [DEBUG] [org.gradle.launcher.daemon.server.SynchronizedDispatchConnection] thread 106: dispatching class org.gradle.launcher.daemon.protocol.BuildStarted
11:16:26.525 [DEBUG] [org.gradle.launcher.daemon.server.exec.EstablishBuildEnvironment] Configuring env variables: {PATH=/usr/local/sbin:/usr/local/bin:/usr/sbin:/usr/bin:/sbin:/bin:/usr/games:/usr/local/games:/snap/bin:/snap/bin, XAUTHORITY=/run/user/1001/.mutter-Xwaylandauth.IN53L3, LESSCLOSE=/usr/bin/lesspipe %s %s, XMODIFIERS=@im=ibus, XDG_DATA_DIRS=/usr/share/ubuntu:/usr/local/share/:/usr/share/:/var/lib/snapd/desktop, GDMSESSION=ubuntu, QT_IM_MODULE=ibus, TERM=xterm-256color, XDG_CONFIG_DIRS=/etc/xdg/xdg-ubuntu:/etc/xdg, GNOME_TERMINAL_SERVICE=:1.99, LANG=en_IN, DBUS_SESSION_BUS_ADDRESS=unix:path=/run/user/1001/bus, XDG_SESSION_TYPE=wayland, XDG_CURRENT_DESKTOP=ubuntu:GNOME, DISPLAY=:0, WAYLAND_DISPLAY=wayland-0, COLORTERM=truecolor, SESSION_MANAGER=local/aimll501pc12-HP-Pro-Tower-280-G9-PCI-Desktop-PC:@/tmp/.ICE-unix/1728,unix/aimll501pc12-HP-Pro-Tower-280-G9-PCI-Desktop-PC:/tmp/.ICE-unix/1728, USERNAME=student, LOGNAME=student, PWD=/home/student/gradleapp, IM_CONFIG_PHASE=1, XDG_SESSION_CLASS=user, _=/usr/bin/gradle, LANGUAGE=en_IN:en, SHELL=/bin/bash, LESSOPEN=| /usr/bin/lesspipe %s, DESKTOP_SESSION=ubuntu, OLDPWD=/usr/share/gradle, USER=student, XDG_MENU_PREFIX=gnome-, VTE_VERSION=6800, QT_ACCESSIBILITY=1, GNOME_DESKTOP_SESSION_ID=this-is-deprecated, SSH_AUTH_SOCK=/run/user/1001/keyring/ssh, GNOME_TERMINAL_SCREEN=/org/gnome/Terminal/screen/00451b6d_34b3_4201_9694_13d3c98f1d31, GTK_MODULES=gail:atk-bridge, GNOME_SHELL_SESSION_MODE=ubuntu, SYSTEMD_EXEC_PID=1759, LS_COLORS=rs=0:di=01;34:ln=01;36:mh=00:pi=40;33:so=01;35:do=01;35:bd=40;33;01:cd=40;33;01:or=40;31;01:mi=00:su=37;41:sg=30;43:ca=30;41:tw=30;42:ow=34;42:st=37;44:ex=01;32:*.tar=01;31:*.tgz=01;31:*.arc=01;31:*.arj=01;31:*.taz=01;31:*.lha=01;31:*.lz4=01;31:*.lzh=01;31:*.lzma=01;31:*.tlz=01;31:*.txz=01;31:*.tzo=01;31:*.t7z=01;31:*.zip=01;31:*.z=01;31:*.dz=01;31:*.gz=01;31:*.lrz=01;31:*.lz=01;31:*.lzo=01;31:*.xz=01;31:*.zst=01;31:*.tzst=01;31:*.bz2=01;31:*.bz=01;31:*.tbz=01;31:*.tbz2=01;31:*.tz=01;31:*.deb=01;31:*.rpm=01;31:*.jar=01;31:*.war=01;31:*.ear=01;31:*.sar=01;31:*.rar=01;31:*.alz=01;31:*.ace=01;31:*.zoo=01;31:*.cpio=01;31:*.7z=01;31:*.rz=01;31:*.cab=01;31:*.wim=01;31:*.swm=01;31:*.dwm=01;31:*.esd=01;31:*.jpg=01;35:*.jpeg=01;35:*.mjpg=01;35:*.mjpeg=01;35:*.gif=01;35:*.bmp=01;35:*.pbm=01;35:*.pgm=01;35:*.ppm=01;35:*.tga=01;35:*.xbm=01;35:*.xpm=01;35:*.tif=01;35:*.tiff=01;35:*.png=01;35:*.svg=01;35:*.svgz=01;35:*.mng=01;35:*.pcx=01;35:*.mov=01;35:*.mpg=01;35:*.mpeg=01;35:*.m2v=01;35:*.mkv=01;35:*.webm=01;35:*.webp=01;35:*.ogm=01;35:*.mp4=01;35:*.m4v=01;35:*.mp4v=01;35:*.vob=01;35:*.qt=01;35:*.nuv=01;35:*.wmv=01;35:*.asf=01;35:*.rm=01;35:*.rmvb=01;35:*.flc=01;35:*.avi=01;35:*.fli=01;35:*.flv=01;35:*.gl=01;35:*.dl=01;35:*.xcf=01;35:*.xwd=01;35:*.yuv=01;35:*.cgm=01;35:*.emf=01;35:*.ogv=01;35:*.ogx=01;35:*.aac=00;36:*.au=00;36:*.flac=00;36:*.m4a=00;36:*.mid=00;36:*.midi=00;36:*.mka=00;36:*.mp3=00;36:*.mpc=00;36:*.ogg=00;36:*.ra=00;36:*.wav=00;36:*.oga=00;36:*.opus=00;36:*.spx=00;36:*.xspf=00;36:, XDG_SESSION_DESKTOP=ubuntu, XDG_RUNTIME_DIR=/run/user/1001, GNOME_SETUP_DISPLAY=:1, SSH_AGENT_LAUNCHER=gnome-keyring, HOME=/home/student, SHLVL=1}
11:16:26.525 [WARN] [org.gradle.launcher.daemon.server.exec.EstablishBuildEnvironment] Warning: Unable able to set daemon's environment variables to match the client because: 
  Java 9 does not support modifying environment variables.
  If the daemon was started with a significantly different environment from the client, and your build 
  relies on environment variables, you may experience unexpected behavior.
11:16:26.525 [DEBUG] [org.gradle.launcher.daemon.server.exec.LogToClient] About to start relaying all logs to the client via the connection.
11:16:26.525 [INFO] [org.gradle.launcher.daemon.server.exec.LogToClient] The client will now receive all logging from the daemon (pid: 3563). The daemon log file: /home/student/.gradle/daemon/4.4.1/daemon-3563.out.log
11:16:26.525 [INFO] [org.gradle.launcher.daemon.server.exec.LogAndCheckHealth] Starting 13th build in daemon [uptime: 15 mins 50.813 secs, performance: 99%]
11:16:26.526 [DEBUG] [org.gradle.launcher.daemon.server.exec.ExecuteBuild] The daemon has started executing the build.
11:16:26.526 [DEBUG] [org.gradle.launcher.daemon.server.exec.ExecuteBuild] Executing build with daemon context: DefaultDaemonContext[uid=6097f117-ad2a-4ee3-92ec-fb117d27c418,javaHome=/usr/lib/jvm/java-11-openjdk-amd64,daemonRegistryDir=/home/student/.gradle/daemon,pid=3563,idleTimeout=10800000,daemonOpts=-XX:+HeapDumpOnOutOfMemoryError,-Xmx1024m,-Dfile.encoding=UTF-8,-Duser.country=IN,-Duser.language=en,-Duser.variant]
:hello
Hello, world

BUILD SUCCESSFUL in 0s
1 actionable task: 1 executed
11:16:26.581 [DEBUG] [org.gradle.launcher.daemon.server.exec.ExecuteBuild] The daemon has finished executing the build.
11:16:26.587 [DEBUG] [org.gradle.launcher.daemon.server.DaemonStateCoordinator] daemon is running. Sleeping until state changes.
11:16:26.587 [DEBUG] [org.gradle.launcher.daemon.server.DaemonStateCoordinator] Command execution: finished waiting for DaemonCommandExecution[command = Build{id=22f4d206-d73c-44c6-a8d2-fd6144197ab2.1, currentDir=/home/student/gradleapp}, connection = DefaultDaemonConnection: socket connection from /0:0:0:0:0:0:0:1:42395 to /0:0:0:0:0:0:0:1:56006]. Result org.gradle.launcher.daemon.server.DaemonStateCoordinator@423d1111 with state Busy
11:16:26.587 [DEBUG] [org.gradle.launcher.daemon.server.DaemonStateCoordinator] Command execution: completed DaemonCommandExecution[command = Build{id=22f4d206-d73c-44c6-a8d2-fd6144197ab2.1, currentDir=/home/student/gradleapp}, connection = DefaultDaemonConnection: socket connection from /0:0:0:0:0:0:0:1:42395 to /0:0:0:0:0:0:0:1:56006]
11:16:26.587 [DEBUG] [org.gradle.launcher.daemon.server.DaemonStateCoordinator] resetting idle timer
11:16:26.587 [INFO] [org.gradle.launcher.daemon.server.DaemonRegistryUpdater] Marking the daemon as idle, address: [c5abe67c-4535-46a6-8549-8ed66c8be0f4 port:42395, addresses:[/0:0:0:0:0:0:0:1%lo, /127.0.0.1]]
11:16:26.587 [DEBUG] [org.gradle.launcher.daemon.registry.PersistentDaemonRegistry] Marking busy by address: [c5abe67c-4535-46a6-8549-8ed66c8be0f4 port:42395, addresses:[/0:0:0:0:0:0:0:1%lo, /127.0.0.1]]
11:16:26.587 [DEBUG] [org.gradle.cache.internal.DefaultFileLockManager] Waiting to acquire exclusive lock on daemon addresses registry.
11:16:26.587 [DEBUG] [org.gradle.cache.internal.DefaultFileLockManager] Lock acquired on daemon addresses registry.
11:16:26.587 [DEBUG] [org.gradle.cache.internal.DefaultFileLockManager] Releasing lock on daemon addresses registry.
11:16:26.587 [DEBUG] [org.gradle.launcher.daemon.server.DaemonStateCoordinator] daemon is running. Sleeping until state changes.
11:16:26.587 [DEBUG] [org.gradle.launcher.daemon.server.exec.ReturnResult] Daemon is dispatching the build result: Success[value=null]
11:16:26.587 [DEBUG] [org.gradle.launcher.daemon.server.SynchronizedDispatchConnection] thread 103: dispatching class org.gradle.launcher.daemon.protocol.Success
11:16:26.587 [DEBUG] [org.gradle.launcher.daemon.server.DefaultIncomingConnectionHandler] Finishing executing command: Build{id=22f4d206-d73c-44c6-a8d2-fd6144197ab2.1, currentDir=/home/student/gradleapp}
11:16:26.590 [DEBUG] [org.gradle.launcher.daemon.server.SynchronizedDispatchConnection] thread 120: received class org.gradle.launcher.daemon.protocol.CloseInput
11:16:26.590 [DEBUG] [org.gradle.launcher.daemon.server.DefaultDaemonConnection] thread 120: Received IO message from client: org.gradle.launcher.daemon.protocol.CloseInput@46be97ee
11:16:26.591 [DEBUG] [org.gradle.launcher.daemon.server.SynchronizedDispatchConnection] thread 120: received class org.gradle.launcher.daemon.protocol.Finished
11:16:26.591 [DEBUG] [org.gradle.launcher.daemon.server.DefaultDaemonConnection] thread 120: Received non-IO message from client: org.gradle.launcher.daemon.protocol.Finished@48797149
11:16:26.591 [DEBUG] [org.gradle.internal.remote.internal.inet.SocketConnection] Discarding EOFException: java.io.EOFException
11:16:26.591 [DEBUG] [org.gradle.launcher.daemon.server.SynchronizedDispatchConnection] thread 120: received null
11:16:26.591 [DEBUG] [org.gradle.launcher.daemon.server.DefaultDaemonConnection] thread 120: Received end-of-input from client.
11:16:26.591 [DEBUG] [org.gradle.launcher.daemon.server.DefaultIncomingConnectionHandler] Received finished message: org.gradle.launcher.daemon.protocol.Finished@48797149
11:16:26.591 [DEBUG] [org.gradle.launcher.daemon.server.SynchronizedDispatchConnection] thread 103: stopping connection
11:16:26.591 [DEBUG] [org.gradle.launcher.daemon.server.SynchronizedDispatchConnection] thread 103: stopping connection
11:16:31.352 [DEBUG] [org.gradle.process.internal.health.memory.MemoryManager] Emitting OS memory status event {Total: 16440082432, Free: 13248786432}
11:16:31.352 [DEBUG] [org.gradle.launcher.daemon.server.health.LowMemoryDaemonExpirationStrategy] Received memory status update: {Total: 16440082432, Free: 13248786432}
11:16:31.352 [DEBUG] [org.gradle.process.internal.health.memory.MemoryManager] Emitting JVM memory status event {Maximum: 1073741824, Committed: 260046848}
11:16:35.774 [DEBUG] [org.gradle.launcher.daemon.server.Daemon] DaemonExpirationPeriodicCheck running
11:16:35.774 [DEBUG] [org.gradle.cache.internal.DefaultFileLockManager] Waiting to acquire shared lock on daemon addresses registry.
11:16:35.774 [DEBUG] [org.gradle.cache.internal.DefaultFileLockManager] Lock acquired on daemon addresses registry.
11:16:35.774 [DEBUG] [org.gradle.cache.internal.DefaultFileLockManager] Releasing lock on daemon addresses registry.
11:16:35.774 [DEBUG] [org.gradle.cache.internal.DefaultFileLockManager] Waiting to acquire shared lock on daemon addresses registry.
11:16:35.774 [DEBUG] [org.gradle.cache.internal.DefaultFileLockManager] Lock acquired on daemon addresses registry.
11:16:35.774 [DEBUG] [org.gradle.cache.internal.DefaultFileLockManager] Releasing lock on daemon addresses registry.
11:16:36.352 [DEBUG] [org.gradle.process.internal.health.memory.MemoryManager] Emitting OS memory status event {Total: 16440082432, Free: 13258747904}
11:16:36.352 [DEBUG] [org.gradle.launcher.daemon.server.health.LowMemoryDaemonExpirationStrategy] Received memory status update: {Total: 16440082432, Free: 13258747904}
11:16:36.352 [DEBUG] [org.gradle.process.internal.health.memory.MemoryManager] Emitting JVM memory status event {Maximum: 1073741824, Committed: 260046848}
11:16:41.352 [DEBUG] [org.gradle.process.internal.health.memory.MemoryManager] Emitting OS memory status event {Total: 16440082432, Free: 13530087424}
11:16:41.352 [DEBUG] [org.gradle.launcher.daemon.server.health.LowMemoryDaemonExpirationStrategy] Received memory status update: {Total: 16440082432, Free: 13530087424}
11:16:41.352 [DEBUG] [org.gradle.process.internal.health.memory.MemoryManager] Emitting JVM memory status event {Maximum: 1073741824, Committed: 260046848}
11:16:45.774 [DEBUG] [org.gradle.launcher.daemon.server.Daemon] DaemonExpirationPeriodicCheck running
11:16:45.774 [DEBUG] [org.gradle.cache.internal.DefaultFileLockManager] Waiting to acquire shared lock on daemon addresses registry.
11:16:45.774 [DEBUG] [org.gradle.cache.internal.DefaultFileLockManager] Lock acquired on daemon addresses registry.
11:16:45.774 [DEBUG] [org.gradle.cache.internal.DefaultFileLockManager] Releasing lock on daemon addresses registry.
11:16:45.774 [DEBUG] [org.gradle.cache.internal.DefaultFileLockManager] Waiting to acquire shared lock on daemon addresses registry.
11:16:45.774 [DEBUG] [org.gradle.cache.internal.DefaultFileLockManager] Lock acquired on daemon addresses registry.
11:16:45.774 [DEBUG] [org.gradle.cache.internal.DefaultFileLockManager] Releasing lock on daemon addresses registry.
11:16:45.774 [DEBUG] [org.gradle.cache.internal.DefaultFileLockManager] Waiting to acquire shared lock on daemon addresses registry.
11:16:45.774 [DEBUG] [org.gradle.cache.internal.DefaultFileLockManager] Lock acquired on daemon addresses registry.
11:16:45.774 [DEBUG] [org.gradle.cache.internal.DefaultFileLockManager] Releasing lock on daemon addresses registry.
11:16:46.352 [DEBUG] [org.gradle.process.internal.health.memory.MemoryManager] Emitting OS memory status event {Total: 16440082432, Free: 14120771584}
11:16:46.352 [DEBUG] [org.gradle.launcher.daemon.server.health.LowMemoryDaemonExpirationStrategy] Received memory status update: {Total: 16440082432, Free: 14120771584}
11:16:46.352 [DEBUG] [org.gradle.process.internal.health.memory.MemoryManager] Emitting JVM memory status event {Maximum: 1073741824, Committed: 260046848}
11:16:51.352 [DEBUG] [org.gradle.process.internal.health.memory.MemoryManager] Emitting OS memory status event {Total: 16440082432, Free: 14120222720}
11:16:51.352 [DEBUG] [org.gradle.launcher.daemon.server.health.LowMemoryDaemonExpirationStrategy] Received memory status update: {Total: 16440082432, Free: 14120222720}
11:16:51.352 [DEBUG] [org.gradle.process.internal.health.memory.MemoryManager] Emitting JVM memory status event {Maximum: 1073741824, Committed: 260046848}
11:16:55.774 [DEBUG] [org.gradle.launcher.daemon.server.Daemon] DaemonExpirationPeriodicCheck running
11:16:55.774 [DEBUG] [org.gradle.cache.internal.DefaultFileLockManager] Waiting to acquire shared lock on daemon addresses registry.
11:16:55.774 [DEBUG] [org.gradle.cache.internal.DefaultFileLockManager] Lock acquired on daemon addresses registry.
11:16:55.774 [DEBUG] [org.gradle.cache.internal.DefaultFileLockManager] Releasing lock on daemon addresses registry.
11:16:55.774 [DEBUG] [org.gradle.cache.internal.DefaultFileLockManager] Waiting to acquire shared lock on daemon addresses registry.
11:16:55.774 [DEBUG] [org.gradle.cache.internal.DefaultFileLockManager] Lock acquired on daemon addresses registry.
11:16:55.774 [DEBUG] [org.gradle.cache.internal.DefaultFileLockManager] Releasing lock on daemon addresses registry.
11:16:55.774 [DEBUG] [org.gradle.cache.internal.DefaultFileLockManager] Waiting to acquire shared lock on daemon addresses registry.
11:16:55.774 [DEBUG] [org.gradle.cache.internal.DefaultFileLockManager] Lock acquired on daemon addresses registry.
11:16:55.774 [DEBUG] [org.gradle.cache.internal.DefaultFileLockManager] Releasing lock on daemon addresses registry.
11:16:56.352 [DEBUG] [org.gradle.process.internal.health.memory.MemoryManager] Emitting OS memory status event {Total: 16440082432, Free: 14120230912}
11:16:56.352 [DEBUG] [org.gradle.launcher.daemon.server.health.LowMemoryDaemonExpirationStrategy] Received memory status update: {Total: 16440082432, Free: 14120230912}
11:16:56.352 [DEBUG] [org.gradle.process.internal.health.memory.MemoryManager] Emitting JVM memory status event {Maximum: 1073741824, Committed: 260046848}
11:17:01.352 [DEBUG] [org.gradle.process.internal.health.memory.MemoryManager] Emitting OS memory status event {Total: 16440082432, Free: 14116323328}
11:17:01.352 [DEBUG] [org.gradle.launcher.daemon.server.health.LowMemoryDaemonExpirationStrategy] Received memory status update: {Total: 16440082432, Free: 14116323328}
11:17:01.352 [DEBUG] [org.gradle.process.internal.health.memory.MemoryManager] Emitting JVM memory status event {Maximum: 1073741824, Committed: 260046848}
11:17:03.203 [DEBUG] [org.gradle.internal.remote.internal.inet.TcpIncomingConnector] Accepted connection from /0:0:0:0:0:0:0:1:40606 to /0:0:0:0:0:0:0:1:42395.
11:17:03.228 [DEBUG] [org.gradle.launcher.daemon.server.SynchronizedDispatchConnection] thread 137: received class org.gradle.launcher.daemon.protocol.Build
11:17:03.229 [DEBUG] [org.gradle.launcher.daemon.server.DefaultDaemonConnection] thread 137: Received non-IO message from client: Build{id=1d9e3d75-45a5-4ffa-a20c-6794447a83b4.1, currentDir=/home/student/gradleapp}
11:17:03.229 [INFO] [org.gradle.launcher.daemon.server.DefaultIncomingConnectionHandler] Received command: Build{id=1d9e3d75-45a5-4ffa-a20c-6794447a83b4.1, currentDir=/home/student/gradleapp}.
11:17:03.229 [DEBUG] [org.gradle.launcher.daemon.server.DefaultIncomingConnectionHandler] Starting executing command: Build{id=1d9e3d75-45a5-4ffa-a20c-6794447a83b4.1, currentDir=/home/student/gradleapp} with connection: socket connection from /0:0:0:0:0:0:0:1:42395 to /0:0:0:0:0:0:0:1:40606.
11:17:03.229 [ERROR] [org.gradle.launcher.daemon.server.DaemonStateCoordinator] Command execution: started DaemonCommandExecution[command = Build{id=1d9e3d75-45a5-4ffa-a20c-6794447a83b4.1, currentDir=/home/student/gradleapp}, connection = DefaultDaemonConnection: socket connection from /0:0:0:0:0:0:0:1:42395 to /0:0:0:0:0:0:0:1:40606] after 0.0 minutes of idle
11:17:03.229 [INFO] [org.gradle.launcher.daemon.server.DaemonRegistryUpdater] Marking the daemon as busy, address: [c5abe67c-4535-46a6-8549-8ed66c8be0f4 port:42395, addresses:[/0:0:0:0:0:0:0:1%lo, /127.0.0.1]]
11:17:03.229 [DEBUG] [org.gradle.launcher.daemon.registry.PersistentDaemonRegistry] Marking busy by address: [c5abe67c-4535-46a6-8549-8ed66c8be0f4 port:42395, addresses:[/0:0:0:0:0:0:0:1%lo, /127.0.0.1]]
11:17:03.229 [DEBUG] [org.gradle.cache.internal.DefaultFileLockManager] Waiting to acquire exclusive lock on daemon addresses registry.
11:17:03.229 [DEBUG] [org.gradle.cache.internal.DefaultFileLockManager] Lock acquired on daemon addresses registry.
11:17:03.229 [DEBUG] [org.gradle.cache.internal.DefaultFileLockManager] Releasing lock on daemon addresses registry.
11:17:03.230 [DEBUG] [org.gradle.launcher.daemon.server.DaemonStateCoordinator] resetting idle timer
11:17:03.230 [DEBUG] [org.gradle.launcher.daemon.server.DaemonStateCoordinator] daemon is running. Sleeping until state changes.
11:17:03.230 [INFO] [org.gradle.launcher.daemon.server.exec.StartBuildOrRespondWithBusy] Daemon is about to start building Build{id=1d9e3d75-45a5-4ffa-a20c-6794447a83b4.1, currentDir=/home/student/gradleapp}. Dispatching build started information...
11:17:03.230 [DEBUG] [org.gradle.launcher.daemon.server.SynchronizedDispatchConnection] thread 106: dispatching class org.gradle.launcher.daemon.protocol.BuildStarted
11:17:03.230 [DEBUG] [org.gradle.launcher.daemon.server.exec.EstablishBuildEnvironment] Configuring env variables: {PATH=/usr/local/sbin:/usr/local/bin:/usr/sbin:/usr/bin:/sbin:/bin:/usr/games:/usr/local/games:/snap/bin:/snap/bin, XAUTHORITY=/run/user/1001/.mutter-Xwaylandauth.IN53L3, LESSCLOSE=/usr/bin/lesspipe %s %s, XMODIFIERS=@im=ibus, XDG_DATA_DIRS=/usr/share/ubuntu:/usr/local/share/:/usr/share/:/var/lib/snapd/desktop, GDMSESSION=ubuntu, QT_IM_MODULE=ibus, TERM=xterm-256color, XDG_CONFIG_DIRS=/etc/xdg/xdg-ubuntu:/etc/xdg, GNOME_TERMINAL_SERVICE=:1.99, LANG=en_IN, DBUS_SESSION_BUS_ADDRESS=unix:path=/run/user/1001/bus, XDG_SESSION_TYPE=wayland, XDG_CURRENT_DESKTOP=ubuntu:GNOME, DISPLAY=:0, WAYLAND_DISPLAY=wayland-0, COLORTERM=truecolor, SESSION_MANAGER=local/aimll501pc12-HP-Pro-Tower-280-G9-PCI-Desktop-PC:@/tmp/.ICE-unix/1728,unix/aimll501pc12-HP-Pro-Tower-280-G9-PCI-Desktop-PC:/tmp/.ICE-unix/1728, USERNAME=student, LOGNAME=student, PWD=/home/student/gradleapp, IM_CONFIG_PHASE=1, XDG_SESSION_CLASS=user, _=/usr/bin/gradle, LANGUAGE=en_IN:en, SHELL=/bin/bash, LESSOPEN=| /usr/bin/lesspipe %s, DESKTOP_SESSION=ubuntu, OLDPWD=/usr/share/gradle, USER=student, XDG_MENU_PREFIX=gnome-, VTE_VERSION=6800, QT_ACCESSIBILITY=1, GNOME_DESKTOP_SESSION_ID=this-is-deprecated, SSH_AUTH_SOCK=/run/user/1001/keyring/ssh, GNOME_TERMINAL_SCREEN=/org/gnome/Terminal/screen/00451b6d_34b3_4201_9694_13d3c98f1d31, GTK_MODULES=gail:atk-bridge, GNOME_SHELL_SESSION_MODE=ubuntu, SYSTEMD_EXEC_PID=1759, LS_COLORS=rs=0:di=01;34:ln=01;36:mh=00:pi=40;33:so=01;35:do=01;35:bd=40;33;01:cd=40;33;01:or=40;31;01:mi=00:su=37;41:sg=30;43:ca=30;41:tw=30;42:ow=34;42:st=37;44:ex=01;32:*.tar=01;31:*.tgz=01;31:*.arc=01;31:*.arj=01;31:*.taz=01;31:*.lha=01;31:*.lz4=01;31:*.lzh=01;31:*.lzma=01;31:*.tlz=01;31:*.txz=01;31:*.tzo=01;31:*.t7z=01;31:*.zip=01;31:*.z=01;31:*.dz=01;31:*.gz=01;31:*.lrz=01;31:*.lz=01;31:*.lzo=01;31:*.xz=01;31:*.zst=01;31:*.tzst=01;31:*.bz2=01;31:*.bz=01;31:*.tbz=01;31:*.tbz2=01;31:*.tz=01;31:*.deb=01;31:*.rpm=01;31:*.jar=01;31:*.war=01;31:*.ear=01;31:*.sar=01;31:*.rar=01;31:*.alz=01;31:*.ace=01;31:*.zoo=01;31:*.cpio=01;31:*.7z=01;31:*.rz=01;31:*.cab=01;31:*.wim=01;31:*.swm=01;31:*.dwm=01;31:*.esd=01;31:*.jpg=01;35:*.jpeg=01;35:*.mjpg=01;35:*.mjpeg=01;35:*.gif=01;35:*.bmp=01;35:*.pbm=01;35:*.pgm=01;35:*.ppm=01;35:*.tga=01;35:*.xbm=01;35:*.xpm=01;35:*.tif=01;35:*.tiff=01;35:*.png=01;35:*.svg=01;35:*.svgz=01;35:*.mng=01;35:*.pcx=01;35:*.mov=01;35:*.mpg=01;35:*.mpeg=01;35:*.m2v=01;35:*.mkv=01;35:*.webm=01;35:*.webp=01;35:*.ogm=01;35:*.mp4=01;35:*.m4v=01;35:*.mp4v=01;35:*.vob=01;35:*.qt=01;35:*.nuv=01;35:*.wmv=01;35:*.asf=01;35:*.rm=01;35:*.rmvb=01;35:*.flc=01;35:*.avi=01;35:*.fli=01;35:*.flv=01;35:*.gl=01;35:*.dl=01;35:*.xcf=01;35:*.xwd=01;35:*.yuv=01;35:*.cgm=01;35:*.emf=01;35:*.ogv=01;35:*.ogx=01;35:*.aac=00;36:*.au=00;36:*.flac=00;36:*.m4a=00;36:*.mid=00;36:*.midi=00;36:*.mka=00;36:*.mp3=00;36:*.mpc=00;36:*.ogg=00;36:*.ra=00;36:*.wav=00;36:*.oga=00;36:*.opus=00;36:*.spx=00;36:*.xspf=00;36:, XDG_SESSION_DESKTOP=ubuntu, XDG_RUNTIME_DIR=/run/user/1001, GNOME_SETUP_DISPLAY=:1, SSH_AGENT_LAUNCHER=gnome-keyring, HOME=/home/student, SHLVL=1}
11:17:03.230 [WARN] [org.gradle.launcher.daemon.server.exec.EstablishBuildEnvironment] Warning: Unable able to set daemon's environment variables to match the client because: 
  Java 9 does not support modifying environment variables.
  If the daemon was started with a significantly different environment from the client, and your build 
  relies on environment variables, you may experience unexpected behavior.
11:17:03.230 [DEBUG] [org.gradle.launcher.daemon.server.exec.LogToClient] About to start relaying all logs to the client via the connection.
11:17:03.230 [INFO] [org.gradle.launcher.daemon.server.exec.LogToClient] The client will now receive all logging from the daemon (pid: 3563). The daemon log file: /home/student/.gradle/daemon/4.4.1/daemon-3563.out.log
11:17:03.230 [INFO] [org.gradle.launcher.daemon.server.exec.LogAndCheckHealth] Starting 14th build in daemon [uptime: 16 mins 27.517 secs, performance: 99%]
11:17:03.230 [DEBUG] [org.gradle.launcher.daemon.server.exec.ExecuteBuild] The daemon has started executing the build.
11:17:03.230 [DEBUG] [org.gradle.launcher.daemon.server.exec.ExecuteBuild] Executing build with daemon context: DefaultDaemonContext[uid=6097f117-ad2a-4ee3-92ec-fb117d27c418,javaHome=/usr/lib/jvm/java-11-openjdk-amd64,daemonRegistryDir=/home/student/.gradle/daemon,pid=3563,idleTimeout=10800000,daemonOpts=-XX:+HeapDumpOnOutOfMemoryError,-Xmx1024m,-Dfile.encoding=UTF-8,-Duser.country=IN,-Duser.language=en,-Duser.variant]
:compileJava
:processResources NO-SOURCE
:classes
:jar
:startScripts
:distTar
:distZip
:assemble
:compileTestJava
:processTestResources NO-SOURCE
:testClasses
:test
:check
:build

BUILD SUCCESSFUL in 1s
7 actionable tasks: 7 executed
11:17:04.251 [DEBUG] [org.gradle.launcher.daemon.server.exec.ExecuteBuild] The daemon has finished executing the build.
11:17:04.256 [DEBUG] [org.gradle.launcher.daemon.server.DaemonStateCoordinator] daemon is running. Sleeping until state changes.
11:17:04.256 [DEBUG] [org.gradle.launcher.daemon.server.DaemonStateCoordinator] Command execution: finished waiting for DaemonCommandExecution[command = Build{id=1d9e3d75-45a5-4ffa-a20c-6794447a83b4.1, currentDir=/home/student/gradleapp}, connection = DefaultDaemonConnection: socket connection from /0:0:0:0:0:0:0:1:42395 to /0:0:0:0:0:0:0:1:40606]. Result org.gradle.launcher.daemon.server.DaemonStateCoordinator@423d1111 with state Busy
11:17:04.256 [DEBUG] [org.gradle.launcher.daemon.server.DaemonStateCoordinator] Command execution: completed DaemonCommandExecution[command = Build{id=1d9e3d75-45a5-4ffa-a20c-6794447a83b4.1, currentDir=/home/student/gradleapp}, connection = DefaultDaemonConnection: socket connection from /0:0:0:0:0:0:0:1:42395 to /0:0:0:0:0:0:0:1:40606]
11:17:04.256 [DEBUG] [org.gradle.launcher.daemon.server.DaemonStateCoordinator] resetting idle timer
11:17:04.256 [INFO] [org.gradle.launcher.daemon.server.DaemonRegistryUpdater] Marking the daemon as idle, address: [c5abe67c-4535-46a6-8549-8ed66c8be0f4 port:42395, addresses:[/0:0:0:0:0:0:0:1%lo, /127.0.0.1]]
11:17:04.256 [DEBUG] [org.gradle.launcher.daemon.registry.PersistentDaemonRegistry] Marking busy by address: [c5abe67c-4535-46a6-8549-8ed66c8be0f4 port:42395, addresses:[/0:0:0:0:0:0:0:1%lo, /127.0.0.1]]
11:17:04.256 [DEBUG] [org.gradle.cache.internal.DefaultFileLockManager] Waiting to acquire exclusive lock on daemon addresses registry.
11:17:04.256 [DEBUG] [org.gradle.cache.internal.DefaultFileLockManager] Lock acquired on daemon addresses registry.
11:17:04.256 [DEBUG] [org.gradle.cache.internal.DefaultFileLockManager] Releasing lock on daemon addresses registry.
11:17:04.256 [DEBUG] [org.gradle.launcher.daemon.server.exec.ReturnResult] Daemon is dispatching the build result: Success[value=null]
11:17:04.256 [DEBUG] [org.gradle.launcher.daemon.server.DaemonStateCoordinator] daemon is running. Sleeping until state changes.
11:17:04.256 [DEBUG] [org.gradle.launcher.daemon.server.SynchronizedDispatchConnection] thread 103: dispatching class org.gradle.launcher.daemon.protocol.Success
11:17:04.256 [DEBUG] [org.gradle.launcher.daemon.server.DefaultIncomingConnectionHandler] Finishing executing command: Build{id=1d9e3d75-45a5-4ffa-a20c-6794447a83b4.1, currentDir=/home/student/gradleapp}
11:17:04.257 [DEBUG] [org.gradle.launcher.daemon.server.SynchronizedDispatchConnection] thread 137: received class org.gradle.launcher.daemon.protocol.CloseInput
11:17:04.258 [DEBUG] [org.gradle.launcher.daemon.server.DefaultDaemonConnection] thread 137: Received IO message from client: org.gradle.launcher.daemon.protocol.CloseInput@3831c4f2
11:17:04.259 [DEBUG] [org.gradle.launcher.daemon.server.SynchronizedDispatchConnection] thread 137: received class org.gradle.launcher.daemon.protocol.Finished
11:17:04.259 [DEBUG] [org.gradle.launcher.daemon.server.DefaultDaemonConnection] thread 137: Received non-IO message from client: org.gradle.launcher.daemon.protocol.Finished@36f62d84
11:17:04.259 [DEBUG] [org.gradle.launcher.daemon.server.DefaultIncomingConnectionHandler] Received finished message: org.gradle.launcher.daemon.protocol.Finished@36f62d84
11:17:04.259 [DEBUG] [org.gradle.internal.remote.internal.inet.SocketConnection] Discarding EOFException: java.io.EOFException
11:17:04.259 [DEBUG] [org.gradle.launcher.daemon.server.SynchronizedDispatchConnection] thread 103: stopping connection
11:17:04.259 [DEBUG] [org.gradle.launcher.daemon.server.SynchronizedDispatchConnection] thread 137: received null
11:17:04.259 [DEBUG] [org.gradle.launcher.daemon.server.DefaultDaemonConnection] thread 137: Received end-of-input from client.
11:17:04.259 [DEBUG] [org.gradle.launcher.daemon.server.SynchronizedDispatchConnection] thread 103: stopping connection
11:17:05.774 [DEBUG] [org.gradle.launcher.daemon.server.Daemon] DaemonExpirationPeriodicCheck running
11:17:05.774 [DEBUG] [org.gradle.cache.internal.DefaultFileLockManager] Waiting to acquire shared lock on daemon addresses registry.
11:17:05.774 [DEBUG] [org.gradle.cache.internal.DefaultFileLockManager] Lock acquired on daemon addresses registry.
11:17:05.774 [DEBUG] [org.gradle.cache.internal.DefaultFileLockManager] Releasing lock on daemon addresses registry.
11:17:05.774 [DEBUG] [org.gradle.cache.internal.DefaultFileLockManager] Waiting to acquire shared lock on daemon addresses registry.
11:17:05.774 [DEBUG] [org.gradle.cache.internal.DefaultFileLockManager] Lock acquired on daemon addresses registry.
11:17:05.774 [DEBUG] [org.gradle.cache.internal.DefaultFileLockManager] Releasing lock on daemon addresses registry.
11:17:06.352 [DEBUG] [org.gradle.process.internal.health.memory.MemoryManager] Emitting OS memory status event {Total: 16440082432, Free: 13974433792}
11:17:06.352 [DEBUG] [org.gradle.launcher.daemon.server.health.LowMemoryDaemonExpirationStrategy] Received memory status update: {Total: 16440082432, Free: 13974433792}
11:17:06.352 [DEBUG] [org.gradle.process.internal.health.memory.MemoryManager] Emitting JVM memory status event {Maximum: 1073741824, Committed: 260046848}
11:17:11.352 [DEBUG] [org.gradle.process.internal.health.memory.MemoryManager] Emitting OS memory status event {Total: 16440082432, Free: 13982810112}
11:17:11.352 [DEBUG] [org.gradle.launcher.daemon.server.health.LowMemoryDaemonExpirationStrategy] Received memory status update: {Total: 16440082432, Free: 13982810112}
11:17:11.352 [DEBUG] [org.gradle.process.internal.health.memory.MemoryManager] Emitting JVM memory status event {Maximum: 1073741824, Committed: 260046848}
11:17:14.524 [DEBUG] [org.gradle.internal.remote.internal.inet.TcpIncomingConnector] Accepted connection from /0:0:0:0:0:0:0:1:33674 to /0:0:0:0:0:0:0:1:42395.
11:17:14.549 [DEBUG] [org.gradle.launcher.daemon.server.SynchronizedDispatchConnection] thread 185: received class org.gradle.launcher.daemon.protocol.Build
11:17:14.549 [DEBUG] [org.gradle.launcher.daemon.server.DefaultDaemonConnection] thread 185: Received non-IO message from client: Build{id=da206577-13e8-4c3d-861d-1f958e883443.1, currentDir=/home/student/gradleapp}
11:17:14.549 [INFO] [org.gradle.launcher.daemon.server.DefaultIncomingConnectionHandler] Received command: Build{id=da206577-13e8-4c3d-861d-1f958e883443.1, currentDir=/home/student/gradleapp}.
11:17:14.549 [DEBUG] [org.gradle.launcher.daemon.server.DefaultIncomingConnectionHandler] Starting executing command: Build{id=da206577-13e8-4c3d-861d-1f958e883443.1, currentDir=/home/student/gradleapp} with connection: socket connection from /0:0:0:0:0:0:0:1:42395 to /0:0:0:0:0:0:0:1:33674.
11:17:14.549 [ERROR] [org.gradle.launcher.daemon.server.DaemonStateCoordinator] Command execution: started DaemonCommandExecution[command = Build{id=da206577-13e8-4c3d-861d-1f958e883443.1, currentDir=/home/student/gradleapp}, connection = DefaultDaemonConnection: socket connection from /0:0:0:0:0:0:0:1:42395 to /0:0:0:0:0:0:0:1:33674] after 0.0 minutes of idle
11:17:14.549 [INFO] [org.gradle.launcher.daemon.server.DaemonRegistryUpdater] Marking the daemon as busy, address: [c5abe67c-4535-46a6-8549-8ed66c8be0f4 port:42395, addresses:[/0:0:0:0:0:0:0:1%lo, /127.0.0.1]]
11:17:14.549 [DEBUG] [org.gradle.launcher.daemon.registry.PersistentDaemonRegistry] Marking busy by address: [c5abe67c-4535-46a6-8549-8ed66c8be0f4 port:42395, addresses:[/0:0:0:0:0:0:0:1%lo, /127.0.0.1]]
11:17:14.549 [DEBUG] [org.gradle.cache.internal.DefaultFileLockManager] Waiting to acquire exclusive lock on daemon addresses registry.
11:17:14.549 [DEBUG] [org.gradle.cache.internal.DefaultFileLockManager] Lock acquired on daemon addresses registry.
11:17:14.550 [DEBUG] [org.gradle.cache.internal.DefaultFileLockManager] Releasing lock on daemon addresses registry.
11:17:14.550 [DEBUG] [org.gradle.launcher.daemon.server.DaemonStateCoordinator] resetting idle timer
11:17:14.550 [DEBUG] [org.gradle.launcher.daemon.server.DaemonStateCoordinator] daemon is running. Sleeping until state changes.
11:17:14.550 [INFO] [org.gradle.launcher.daemon.server.exec.StartBuildOrRespondWithBusy] Daemon is about to start building Build{id=da206577-13e8-4c3d-861d-1f958e883443.1, currentDir=/home/student/gradleapp}. Dispatching build started information...
11:17:14.550 [DEBUG] [org.gradle.launcher.daemon.server.SynchronizedDispatchConnection] thread 106: dispatching class org.gradle.launcher.daemon.protocol.BuildStarted
11:17:14.550 [DEBUG] [org.gradle.launcher.daemon.server.exec.EstablishBuildEnvironment] Configuring env variables: {PATH=/usr/local/sbin:/usr/local/bin:/usr/sbin:/usr/bin:/sbin:/bin:/usr/games:/usr/local/games:/snap/bin:/snap/bin, XAUTHORITY=/run/user/1001/.mutter-Xwaylandauth.IN53L3, LESSCLOSE=/usr/bin/lesspipe %s %s, XMODIFIERS=@im=ibus, XDG_DATA_DIRS=/usr/share/ubuntu:/usr/local/share/:/usr/share/:/var/lib/snapd/desktop, GDMSESSION=ubuntu, QT_IM_MODULE=ibus, TERM=xterm-256color, XDG_CONFIG_DIRS=/etc/xdg/xdg-ubuntu:/etc/xdg, GNOME_TERMINAL_SERVICE=:1.99, LANG=en_IN, DBUS_SESSION_BUS_ADDRESS=unix:path=/run/user/1001/bus, XDG_SESSION_TYPE=wayland, XDG_CURRENT_DESKTOP=ubuntu:GNOME, DISPLAY=:0, WAYLAND_DISPLAY=wayland-0, COLORTERM=truecolor, SESSION_MANAGER=local/aimll501pc12-HP-Pro-Tower-280-G9-PCI-Desktop-PC:@/tmp/.ICE-unix/1728,unix/aimll501pc12-HP-Pro-Tower-280-G9-PCI-Desktop-PC:/tmp/.ICE-unix/1728, USERNAME=student, LOGNAME=student, PWD=/home/student/gradleapp, IM_CONFIG_PHASE=1, XDG_SESSION_CLASS=user, _=/usr/bin/gradle, LANGUAGE=en_IN:en, SHELL=/bin/bash, LESSOPEN=| /usr/bin/lesspipe %s, DESKTOP_SESSION=ubuntu, OLDPWD=/usr/share/gradle, USER=student, XDG_MENU_PREFIX=gnome-, VTE_VERSION=6800, QT_ACCESSIBILITY=1, GNOME_DESKTOP_SESSION_ID=this-is-deprecated, SSH_AUTH_SOCK=/run/user/1001/keyring/ssh, GNOME_TERMINAL_SCREEN=/org/gnome/Terminal/screen/00451b6d_34b3_4201_9694_13d3c98f1d31, GTK_MODULES=gail:atk-bridge, GNOME_SHELL_SESSION_MODE=ubuntu, SYSTEMD_EXEC_PID=1759, LS_COLORS=rs=0:di=01;34:ln=01;36:mh=00:pi=40;33:so=01;35:do=01;35:bd=40;33;01:cd=40;33;01:or=40;31;01:mi=00:su=37;41:sg=30;43:ca=30;41:tw=30;42:ow=34;42:st=37;44:ex=01;32:*.tar=01;31:*.tgz=01;31:*.arc=01;31:*.arj=01;31:*.taz=01;31:*.lha=01;31:*.lz4=01;31:*.lzh=01;31:*.lzma=01;31:*.tlz=01;31:*.txz=01;31:*.tzo=01;31:*.t7z=01;31:*.zip=01;31:*.z=01;31:*.dz=01;31:*.gz=01;31:*.lrz=01;31:*.lz=01;31:*.lzo=01;31:*.xz=01;31:*.zst=01;31:*.tzst=01;31:*.bz2=01;31:*.bz=01;31:*.tbz=01;31:*.tbz2=01;31:*.tz=01;31:*.deb=01;31:*.rpm=01;31:*.jar=01;31:*.war=01;31:*.ear=01;31:*.sar=01;31:*.rar=01;31:*.alz=01;31:*.ace=01;31:*.zoo=01;31:*.cpio=01;31:*.7z=01;31:*.rz=01;31:*.cab=01;31:*.wim=01;31:*.swm=01;31:*.dwm=01;31:*.esd=01;31:*.jpg=01;35:*.jpeg=01;35:*.mjpg=01;35:*.mjpeg=01;35:*.gif=01;35:*.bmp=01;35:*.pbm=01;35:*.pgm=01;35:*.ppm=01;35:*.tga=01;35:*.xbm=01;35:*.xpm=01;35:*.tif=01;35:*.tiff=01;35:*.png=01;35:*.svg=01;35:*.svgz=01;35:*.mng=01;35:*.pcx=01;35:*.mov=01;35:*.mpg=01;35:*.mpeg=01;35:*.m2v=01;35:*.mkv=01;35:*.webm=01;35:*.webp=01;35:*.ogm=01;35:*.mp4=01;35:*.m4v=01;35:*.mp4v=01;35:*.vob=01;35:*.qt=01;35:*.nuv=01;35:*.wmv=01;35:*.asf=01;35:*.rm=01;35:*.rmvb=01;35:*.flc=01;35:*.avi=01;35:*.fli=01;35:*.flv=01;35:*.gl=01;35:*.dl=01;35:*.xcf=01;35:*.xwd=01;35:*.yuv=01;35:*.cgm=01;35:*.emf=01;35:*.ogv=01;35:*.ogx=01;35:*.aac=00;36:*.au=00;36:*.flac=00;36:*.m4a=00;36:*.mid=00;36:*.midi=00;36:*.mka=00;36:*.mp3=00;36:*.mpc=00;36:*.ogg=00;36:*.ra=00;36:*.wav=00;36:*.oga=00;36:*.opus=00;36:*.spx=00;36:*.xspf=00;36:, XDG_SESSION_DESKTOP=ubuntu, XDG_RUNTIME_DIR=/run/user/1001, GNOME_SETUP_DISPLAY=:1, SSH_AGENT_LAUNCHER=gnome-keyring, HOME=/home/student, SHLVL=1}
11:17:14.550 [WARN] [org.gradle.launcher.daemon.server.exec.EstablishBuildEnvironment] Warning: Unable able to set daemon's environment variables to match the client because: 
  Java 9 does not support modifying environment variables.
  If the daemon was started with a significantly different environment from the client, and your build 
  relies on environment variables, you may experience unexpected behavior.
11:17:14.550 [DEBUG] [org.gradle.launcher.daemon.server.exec.LogToClient] About to start relaying all logs to the client via the connection.
11:17:14.550 [INFO] [org.gradle.launcher.daemon.server.exec.LogToClient] The client will now receive all logging from the daemon (pid: 3563). The daemon log file: /home/student/.gradle/daemon/4.4.1/daemon-3563.out.log
11:17:14.551 [INFO] [org.gradle.launcher.daemon.server.exec.LogAndCheckHealth] Starting 15th build in daemon [uptime: 16 mins 38.837 secs, performance: 99%]
11:17:14.551 [DEBUG] [org.gradle.launcher.daemon.server.exec.ExecuteBuild] The daemon has started executing the build.
11:17:14.551 [DEBUG] [org.gradle.launcher.daemon.server.exec.ExecuteBuild] Executing build with daemon context: DefaultDaemonContext[uid=6097f117-ad2a-4ee3-92ec-fb117d27c418,javaHome=/usr/lib/jvm/java-11-openjdk-amd64,daemonRegistryDir=/home/student/.gradle/daemon,pid=3563,idleTimeout=10800000,daemonOpts=-XX:+HeapDumpOnOutOfMemoryError,-Xmx1024m,-Dfile.encoding=UTF-8,-Duser.country=IN,-Duser.language=en,-Duser.variant]
:compileJava UP-TO-DATE
:processResources NO-SOURCE
:classes UP-TO-DATE
:run
Hello world.

BUILD SUCCESSFUL in 0s
2 actionable tasks: 1 executed, 1 up-to-date
11:17:14.606 [DEBUG] [org.gradle.launcher.daemon.server.exec.ExecuteBuild] The daemon has finished executing the build.
11:17:14.612 [DEBUG] [org.gradle.launcher.daemon.server.DaemonStateCoordinator] daemon is running. Sleeping until state changes.
11:17:14.612 [DEBUG] [org.gradle.launcher.daemon.server.DaemonStateCoordinator] Command execution: finished waiting for DaemonCommandExecution[command = Build{id=da206577-13e8-4c3d-861d-1f958e883443.1, currentDir=/home/student/gradleapp}, connection = DefaultDaemonConnection: socket connection from /0:0:0:0:0:0:0:1:42395 to /0:0:0:0:0:0:0:1:33674]. Result org.gradle.launcher.daemon.server.DaemonStateCoordinator@423d1111 with state Busy
11:17:14.612 [DEBUG] [org.gradle.launcher.daemon.server.DaemonStateCoordinator] Command execution: completed DaemonCommandExecution[command = Build{id=da206577-13e8-4c3d-861d-1f958e883443.1, currentDir=/home/student/gradleapp}, connection = DefaultDaemonConnection: socket connection from /0:0:0:0:0:0:0:1:42395 to /0:0:0:0:0:0:0:1:33674]
11:17:14.612 [DEBUG] [org.gradle.launcher.daemon.server.DaemonStateCoordinator] resetting idle timer
11:17:14.612 [INFO] [org.gradle.launcher.daemon.server.DaemonRegistryUpdater] Marking the daemon as idle, address: [c5abe67c-4535-46a6-8549-8ed66c8be0f4 port:42395, addresses:[/0:0:0:0:0:0:0:1%lo, /127.0.0.1]]
11:17:14.612 [DEBUG] [org.gradle.launcher.daemon.registry.PersistentDaemonRegistry] Marking busy by address: [c5abe67c-4535-46a6-8549-8ed66c8be0f4 port:42395, addresses:[/0:0:0:0:0:0:0:1%lo, /127.0.0.1]]
11:17:14.612 [DEBUG] [org.gradle.cache.internal.DefaultFileLockManager] Waiting to acquire exclusive lock on daemon addresses registry.
11:17:14.612 [DEBUG] [org.gradle.cache.internal.DefaultFileLockManager] Lock acquired on daemon addresses registry.
11:17:14.612 [DEBUG] [org.gradle.cache.internal.DefaultFileLockManager] Releasing lock on daemon addresses registry.
11:17:14.612 [DEBUG] [org.gradle.launcher.daemon.server.exec.ReturnResult] Daemon is dispatching the build result: Success[value=null]
11:17:14.612 [DEBUG] [org.gradle.launcher.daemon.server.DaemonStateCoordinator] daemon is running. Sleeping until state changes.
11:17:14.612 [DEBUG] [org.gradle.launcher.daemon.server.SynchronizedDispatchConnection] thread 103: dispatching class org.gradle.launcher.daemon.protocol.Success
11:17:14.613 [DEBUG] [org.gradle.launcher.daemon.server.DefaultIncomingConnectionHandler] Finishing executing command: Build{id=da206577-13e8-4c3d-861d-1f958e883443.1, currentDir=/home/student/gradleapp}
11:17:14.617 [DEBUG] [org.gradle.launcher.daemon.server.SynchronizedDispatchConnection] thread 185: received class org.gradle.launcher.daemon.protocol.CloseInput
11:17:14.617 [DEBUG] [org.gradle.launcher.daemon.server.DefaultDaemonConnection] thread 185: Received IO message from client: org.gradle.launcher.daemon.protocol.CloseInput@b0f583c
11:17:14.618 [DEBUG] [org.gradle.launcher.daemon.server.SynchronizedDispatchConnection] thread 185: received class org.gradle.launcher.daemon.protocol.Finished
11:17:14.618 [DEBUG] [org.gradle.launcher.daemon.server.DefaultDaemonConnection] thread 185: Received non-IO message from client: org.gradle.launcher.daemon.protocol.Finished@5c8b72d
11:17:14.618 [DEBUG] [org.gradle.launcher.daemon.server.DefaultIncomingConnectionHandler] Received finished message: org.gradle.launcher.daemon.protocol.Finished@5c8b72d
11:17:14.618 [DEBUG] [org.gradle.internal.remote.internal.inet.SocketConnection] Discarding EOFException: java.io.EOFException
11:17:14.618 [DEBUG] [org.gradle.launcher.daemon.server.SynchronizedDispatchConnection] thread 103: stopping connection
11:17:14.618 [DEBUG] [org.gradle.launcher.daemon.server.SynchronizedDispatchConnection] thread 185: received null
11:17:14.618 [DEBUG] [org.gradle.launcher.daemon.server.DefaultDaemonConnection] thread 185: Received end-of-input from client.
11:17:14.618 [DEBUG] [org.gradle.launcher.daemon.server.SynchronizedDispatchConnection] thread 103: stopping connection
11:17:15.774 [DEBUG] [org.gradle.launcher.daemon.server.Daemon] DaemonExpirationPeriodicCheck running
11:17:15.774 [DEBUG] [org.gradle.cache.internal.DefaultFileLockManager] Waiting to acquire shared lock on daemon addresses registry.
11:17:15.774 [DEBUG] [org.gradle.cache.internal.DefaultFileLockManager] Lock acquired on daemon addresses registry.
11:17:15.774 [DEBUG] [org.gradle.cache.internal.DefaultFileLockManager] Releasing lock on daemon addresses registry.
11:17:15.774 [DEBUG] [org.gradle.cache.internal.DefaultFileLockManager] Waiting to acquire shared lock on daemon addresses registry.
11:17:15.774 [DEBUG] [org.gradle.cache.internal.DefaultFileLockManager] Lock acquired on daemon addresses registry.
11:17:15.774 [DEBUG] [org.gradle.cache.internal.DefaultFileLockManager] Releasing lock on daemon addresses registry.
11:17:16.352 [DEBUG] [org.gradle.process.internal.health.memory.MemoryManager] Emitting OS memory status event {Total: 16440082432, Free: 13970997248}
11:17:16.352 [DEBUG] [org.gradle.launcher.daemon.server.health.LowMemoryDaemonExpirationStrategy] Received memory status update: {Total: 16440082432, Free: 13970997248}
11:17:16.352 [DEBUG] [org.gradle.process.internal.health.memory.MemoryManager] Emitting JVM memory status event {Maximum: 1073741824, Committed: 260046848}
11:17:21.352 [DEBUG] [org.gradle.process.internal.health.memory.MemoryManager] Emitting OS memory status event {Total: 16440082432, Free: 13977853952}
11:17:21.352 [DEBUG] [org.gradle.launcher.daemon.server.health.LowMemoryDaemonExpirationStrategy] Received memory status update: {Total: 16440082432, Free: 13977853952}
11:17:21.352 [DEBUG] [org.gradle.process.internal.health.memory.MemoryManager] Emitting JVM memory status event {Maximum: 1073741824, Committed: 260046848}
11:17:25.774 [DEBUG] [org.gradle.launcher.daemon.server.Daemon] DaemonExpirationPeriodicCheck running
11:17:25.774 [DEBUG] [org.gradle.cache.internal.DefaultFileLockManager] Waiting to acquire shared lock on daemon addresses registry.
11:17:25.774 [DEBUG] [org.gradle.cache.internal.DefaultFileLockManager] Lock acquired on daemon addresses registry.
11:17:25.774 [DEBUG] [org.gradle.cache.internal.DefaultFileLockManager] Releasing lock on daemon addresses registry.
11:17:25.774 [DEBUG] [org.gradle.cache.internal.DefaultFileLockManager] Waiting to acquire shared lock on daemon addresses registry.
11:17:25.774 [DEBUG] [org.gradle.cache.internal.DefaultFileLockManager] Lock acquired on daemon addresses registry.
11:17:25.774 [DEBUG] [org.gradle.cache.internal.DefaultFileLockManager] Releasing lock on daemon addresses registry.
11:17:25.774 [DEBUG] [org.gradle.cache.internal.DefaultFileLockManager] Waiting to acquire shared lock on daemon addresses registry.
11:17:25.774 [DEBUG] [org.gradle.cache.internal.DefaultFileLockManager] Lock acquired on daemon addresses registry.
11:17:25.774 [DEBUG] [org.gradle.cache.internal.DefaultFileLockManager] Releasing lock on daemon addresses registry.
11:17:26.352 [DEBUG] [org.gradle.process.internal.health.memory.MemoryManager] Emitting OS memory status event {Total: 16440082432, Free: 13989122048}
11:17:26.352 [DEBUG] [org.gradle.launcher.daemon.server.health.LowMemoryDaemonExpirationStrategy] Received memory status update: {Total: 16440082432, Free: 13989122048}
11:17:26.352 [DEBUG] [org.gradle.process.internal.health.memory.MemoryManager] Emitting JVM memory status event {Maximum: 1073741824, Committed: 260046848}
11:17:31.352 [DEBUG] [org.gradle.process.internal.health.memory.MemoryManager] Emitting OS memory status event {Total: 16440082432, Free: 13995302912}
11:17:31.352 [DEBUG] [org.gradle.launcher.daemon.server.health.LowMemoryDaemonExpirationStrategy] Received memory status update: {Total: 16440082432, Free: 13995302912}
11:17:31.352 [DEBUG] [org.gradle.process.internal.health.memory.MemoryManager] Emitting JVM memory status event {Maximum: 1073741824, Committed: 260046848}
11:17:35.774 [DEBUG] [org.gradle.launcher.daemon.server.Daemon] DaemonExpirationPeriodicCheck running
11:17:35.774 [DEBUG] [org.gradle.cache.internal.DefaultFileLockManager] Waiting to acquire shared lock on daemon addresses registry.
11:17:35.774 [DEBUG] [org.gradle.cache.internal.DefaultFileLockManager] Lock acquired on daemon addresses registry.
11:17:35.774 [DEBUG] [org.gradle.cache.internal.DefaultFileLockManager] Releasing lock on daemon addresses registry.
11:17:35.774 [DEBUG] [org.gradle.cache.internal.DefaultFileLockManager] Waiting to acquire shared lock on daemon addresses registry.
11:17:35.774 [DEBUG] [org.gradle.cache.internal.DefaultFileLockManager] Lock acquired on daemon addresses registry.
11:17:35.774 [DEBUG] [org.gradle.cache.internal.DefaultFileLockManager] Releasing lock on daemon addresses registry.
11:17:35.774 [DEBUG] [org.gradle.cache.internal.DefaultFileLockManager] Waiting to acquire shared lock on daemon addresses registry.
11:17:35.774 [DEBUG] [org.gradle.cache.internal.DefaultFileLockManager] Lock acquired on daemon addresses registry.
11:17:35.774 [DEBUG] [org.gradle.cache.internal.DefaultFileLockManager] Releasing lock on daemon addresses registry.
11:17:36.352 [DEBUG] [org.gradle.process.internal.health.memory.MemoryManager] Emitting OS memory status event {Total: 16440082432, Free: 14003085312}
11:17:36.352 [DEBUG] [org.gradle.launcher.daemon.server.health.LowMemoryDaemonExpirationStrategy] Received memory status update: {Total: 16440082432, Free: 14003085312}
11:17:36.352 [DEBUG] [org.gradle.process.internal.health.memory.MemoryManager] Emitting JVM memory status event {Maximum: 1073741824, Committed: 260046848}
11:17:41.352 [DEBUG] [org.gradle.process.internal.health.memory.MemoryManager] Emitting OS memory status event {Total: 16440082432, Free: 14005202944}
11:17:41.352 [DEBUG] [org.gradle.launcher.daemon.server.health.LowMemoryDaemonExpirationStrategy] Received memory status update: {Total: 16440082432, Free: 14005202944}
11:17:41.352 [DEBUG] [org.gradle.process.internal.health.memory.MemoryManager] Emitting JVM memory status event {Maximum: 1073741824, Committed: 260046848}
11:17:45.774 [DEBUG] [org.gradle.launcher.daemon.server.Daemon] DaemonExpirationPeriodicCheck running
11:17:45.774 [DEBUG] [org.gradle.cache.internal.DefaultFileLockManager] Waiting to acquire shared lock on daemon addresses registry.
11:17:45.774 [DEBUG] [org.gradle.cache.internal.DefaultFileLockManager] Lock acquired on daemon addresses registry.
11:17:45.774 [DEBUG] [org.gradle.cache.internal.DefaultFileLockManager] Releasing lock on daemon addresses registry.
11:17:45.774 [DEBUG] [org.gradle.cache.internal.DefaultFileLockManager] Waiting to acquire shared lock on daemon addresses registry.
11:17:45.774 [DEBUG] [org.gradle.cache.internal.DefaultFileLockManager] Lock acquired on daemon addresses registry.
11:17:45.774 [DEBUG] [org.gradle.cache.internal.DefaultFileLockManager] Releasing lock on daemon addresses registry.
11:17:45.774 [DEBUG] [org.gradle.cache.internal.DefaultFileLockManager] Waiting to acquire shared lock on daemon addresses registry.
11:17:45.774 [DEBUG] [org.gradle.cache.internal.DefaultFileLockManager] Lock acquired on daemon addresses registry.
11:17:45.774 [DEBUG] [org.gradle.cache.internal.DefaultFileLockManager] Releasing lock on daemon addresses registry.
11:17:46.352 [DEBUG] [org.gradle.process.internal.health.memory.MemoryManager] Emitting OS memory status event {Total: 16440082432, Free: 14006648832}
11:17:46.352 [DEBUG] [org.gradle.launcher.daemon.server.health.LowMemoryDaemonExpirationStrategy] Received memory status update: {Total: 16440082432, Free: 14006648832}
11:17:46.352 [DEBUG] [org.gradle.process.internal.health.memory.MemoryManager] Emitting JVM memory status event {Maximum: 1073741824, Committed: 260046848}
11:17:51.352 [DEBUG] [org.gradle.process.internal.health.memory.MemoryManager] Emitting OS memory status event {Total: 16440082432, Free: 14007062528}
11:17:51.352 [DEBUG] [org.gradle.launcher.daemon.server.health.LowMemoryDaemonExpirationStrategy] Received memory status update: {Total: 16440082432, Free: 14007062528}
11:17:51.352 [DEBUG] [org.gradle.process.internal.health.memory.MemoryManager] Emitting JVM memory status event {Maximum: 1073741824, Committed: 260046848}
11:17:55.774 [DEBUG] [org.gradle.launcher.daemon.server.Daemon] DaemonExpirationPeriodicCheck running
11:17:55.774 [DEBUG] [org.gradle.cache.internal.DefaultFileLockManager] Waiting to acquire shared lock on daemon addresses registry.
11:17:55.774 [DEBUG] [org.gradle.cache.internal.DefaultFileLockManager] Lock acquired on daemon addresses registry.
11:17:55.774 [DEBUG] [org.gradle.cache.internal.DefaultFileLockManager] Releasing lock on daemon addresses registry.
11:17:55.774 [DEBUG] [org.gradle.cache.internal.DefaultFileLockManager] Waiting to acquire shared lock on daemon addresses registry.
11:17:55.774 [DEBUG] [org.gradle.cache.internal.DefaultFileLockManager] Lock acquired on daemon addresses registry.
11:17:55.774 [DEBUG] [org.gradle.cache.internal.DefaultFileLockManager] Releasing lock on daemon addresses registry.
11:17:55.774 [DEBUG] [org.gradle.cache.internal.DefaultFileLockManager] Waiting to acquire shared lock on daemon addresses registry.
11:17:55.774 [DEBUG] [org.gradle.cache.internal.DefaultFileLockManager] Lock acquired on daemon addresses registry.
11:17:55.774 [DEBUG] [org.gradle.cache.internal.DefaultFileLockManager] Releasing lock on daemon addresses registry.
11:17:56.352 [DEBUG] [org.gradle.process.internal.health.memory.MemoryManager] Emitting OS memory status event {Total: 16440082432, Free: 13996929024}
11:17:56.352 [DEBUG] [org.gradle.launcher.daemon.server.health.LowMemoryDaemonExpirationStrategy] Received memory status update: {Total: 16440082432, Free: 13996929024}
11:17:56.352 [DEBUG] [org.gradle.process.internal.health.memory.MemoryManager] Emitting JVM memory status event {Maximum: 1073741824, Committed: 260046848}
11:18:01.352 [DEBUG] [org.gradle.process.internal.health.memory.MemoryManager] Emitting OS memory status event {Total: 16440082432, Free: 14018670592}
11:18:01.352 [DEBUG] [org.gradle.launcher.daemon.server.health.LowMemoryDaemonExpirationStrategy] Received memory status update: {Total: 16440082432, Free: 14018670592}
11:18:01.352 [DEBUG] [org.gradle.process.internal.health.memory.MemoryManager] Emitting JVM memory status event {Maximum: 1073741824, Committed: 260046848}
11:18:05.774 [DEBUG] [org.gradle.launcher.daemon.server.Daemon] DaemonExpirationPeriodicCheck running
11:18:05.774 [DEBUG] [org.gradle.cache.internal.DefaultFileLockManager] Waiting to acquire shared lock on daemon addresses registry.
11:18:05.774 [DEBUG] [org.gradle.cache.internal.DefaultFileLockManager] Lock acquired on daemon addresses registry.
11:18:05.774 [DEBUG] [org.gradle.cache.internal.DefaultFileLockManager] Releasing lock on daemon addresses registry.
11:18:05.774 [DEBUG] [org.gradle.cache.internal.DefaultFileLockManager] Waiting to acquire shared lock on daemon addresses registry.
11:18:05.774 [DEBUG] [org.gradle.cache.internal.DefaultFileLockManager] Lock acquired on daemon addresses registry.
11:18:05.774 [DEBUG] [org.gradle.cache.internal.DefaultFileLockManager] Releasing lock on daemon addresses registry.
11:18:05.774 [DEBUG] [org.gradle.cache.internal.DefaultFileLockManager] Waiting to acquire shared lock on daemon addresses registry.
11:18:05.774 [DEBUG] [org.gradle.cache.internal.DefaultFileLockManager] Lock acquired on daemon addresses registry.
11:18:05.774 [DEBUG] [org.gradle.cache.internal.DefaultFileLockManager] Releasing lock on daemon addresses registry.
11:18:06.351 [DEBUG] [org.gradle.process.internal.health.memory.MemoryManager] Emitting OS memory status event {Total: 16440082432, Free: 14025834496}
11:18:06.352 [DEBUG] [org.gradle.launcher.daemon.server.health.LowMemoryDaemonExpirationStrategy] Received memory status update: {Total: 16440082432, Free: 14025834496}
11:18:06.352 [DEBUG] [org.gradle.process.internal.health.memory.MemoryManager] Emitting JVM memory status event {Maximum: 1073741824, Committed: 260046848}
11:18:11.352 [DEBUG] [org.gradle.process.internal.health.memory.MemoryManager] Emitting OS memory status event {Total: 16440082432, Free: 14026764288}
11:18:11.352 [DEBUG] [org.gradle.launcher.daemon.server.health.LowMemoryDaemonExpirationStrategy] Received memory status update: {Total: 16440082432, Free: 14026764288}
11:18:11.352 [DEBUG] [org.gradle.process.internal.health.memory.MemoryManager] Emitting JVM memory status event {Maximum: 1073741824, Committed: 260046848}
11:18:15.774 [DEBUG] [org.gradle.launcher.daemon.server.Daemon] DaemonExpirationPeriodicCheck running
11:18:15.774 [DEBUG] [org.gradle.cache.internal.DefaultFileLockManager] Waiting to acquire shared lock on daemon addresses registry.
11:18:15.774 [DEBUG] [org.gradle.cache.internal.DefaultFileLockManager] Lock acquired on daemon addresses registry.
11:18:15.774 [DEBUG] [org.gradle.cache.internal.DefaultFileLockManager] Releasing lock on daemon addresses registry.
11:18:15.774 [DEBUG] [org.gradle.cache.internal.DefaultFileLockManager] Waiting to acquire shared lock on daemon addresses registry.
11:18:15.774 [DEBUG] [org.gradle.cache.internal.DefaultFileLockManager] Lock acquired on daemon addresses registry.
11:18:15.774 [DEBUG] [org.gradle.cache.internal.DefaultFileLockManager] Releasing lock on daemon addresses registry.
11:18:15.774 [DEBUG] [org.gradle.cache.internal.DefaultFileLockManager] Waiting to acquire shared lock on daemon addresses registry.
11:18:15.774 [DEBUG] [org.gradle.cache.internal.DefaultFileLockManager] Lock acquired on daemon addresses registry.
11:18:15.774 [DEBUG] [org.gradle.cache.internal.DefaultFileLockManager] Releasing lock on daemon addresses registry.
11:18:16.352 [DEBUG] [org.gradle.process.internal.health.memory.MemoryManager] Emitting OS memory status event {Total: 16440082432, Free: 14025809920}
11:18:16.352 [DEBUG] [org.gradle.launcher.daemon.server.health.LowMemoryDaemonExpirationStrategy] Received memory status update: {Total: 16440082432, Free: 14025809920}
11:18:16.352 [DEBUG] [org.gradle.process.internal.health.memory.MemoryManager] Emitting JVM memory status event {Maximum: 1073741824, Committed: 260046848}
11:18:21.352 [DEBUG] [org.gradle.process.internal.health.memory.MemoryManager] Emitting OS memory status event {Total: 16440082432, Free: 14024527872}
11:18:21.352 [DEBUG] [org.gradle.launcher.daemon.server.health.LowMemoryDaemonExpirationStrategy] Received memory status update: {Total: 16440082432, Free: 14024527872}
11:18:21.352 [DEBUG] [org.gradle.process.internal.health.memory.MemoryManager] Emitting JVM memory status event {Maximum: 1073741824, Committed: 260046848}
11:18:25.774 [DEBUG] [org.gradle.launcher.daemon.server.Daemon] DaemonExpirationPeriodicCheck running
11:18:25.774 [DEBUG] [org.gradle.cache.internal.DefaultFileLockManager] Waiting to acquire shared lock on daemon addresses registry.
11:18:25.774 [DEBUG] [org.gradle.cache.internal.DefaultFileLockManager] Lock acquired on daemon addresses registry.
11:18:25.774 [DEBUG] [org.gradle.cache.internal.DefaultFileLockManager] Releasing lock on daemon addresses registry.
11:18:25.774 [DEBUG] [org.gradle.cache.internal.DefaultFileLockManager] Waiting to acquire shared lock on daemon addresses registry.
11:18:25.774 [DEBUG] [org.gradle.cache.internal.DefaultFileLockManager] Lock acquired on daemon addresses registry.
11:18:25.774 [DEBUG] [org.gradle.cache.internal.DefaultFileLockManager] Releasing lock on daemon addresses registry.
11:18:25.774 [DEBUG] [org.gradle.cache.internal.DefaultFileLockManager] Waiting to acquire shared lock on daemon addresses registry.
11:18:25.774 [DEBUG] [org.gradle.cache.internal.DefaultFileLockManager] Lock acquired on daemon addresses registry.
11:18:25.774 [DEBUG] [org.gradle.cache.internal.DefaultFileLockManager] Releasing lock on daemon addresses registry.
11:18:26.352 [DEBUG] [org.gradle.process.internal.health.memory.MemoryManager] Emitting OS memory status event {Total: 16440082432, Free: 14024044544}
11:18:26.352 [DEBUG] [org.gradle.launcher.daemon.server.health.LowMemoryDaemonExpirationStrategy] Received memory status update: {Total: 16440082432, Free: 14024044544}
11:18:26.352 [DEBUG] [org.gradle.process.internal.health.memory.MemoryManager] Emitting JVM memory status event {Maximum: 1073741824, Committed: 260046848}
11:18:31.352 [DEBUG] [org.gradle.process.internal.health.memory.MemoryManager] Emitting OS memory status event {Total: 16440082432, Free: 14024044544}
11:18:31.352 [DEBUG] [org.gradle.launcher.daemon.server.health.LowMemoryDaemonExpirationStrategy] Received memory status update: {Total: 16440082432, Free: 14024044544}
11:18:31.352 [DEBUG] [org.gradle.process.internal.health.memory.MemoryManager] Emitting JVM memory status event {Maximum: 1073741824, Committed: 260046848}
11:18:35.774 [DEBUG] [org.gradle.launcher.daemon.server.Daemon] DaemonExpirationPeriodicCheck running
11:18:35.774 [DEBUG] [org.gradle.cache.internal.DefaultFileLockManager] Waiting to acquire shared lock on daemon addresses registry.
11:18:35.774 [DEBUG] [org.gradle.cache.internal.DefaultFileLockManager] Lock acquired on daemon addresses registry.
11:18:35.774 [DEBUG] [org.gradle.cache.internal.DefaultFileLockManager] Releasing lock on daemon addresses registry.
11:18:35.774 [DEBUG] [org.gradle.cache.internal.DefaultFileLockManager] Waiting to acquire shared lock on daemon addresses registry.
11:18:35.774 [DEBUG] [org.gradle.cache.internal.DefaultFileLockManager] Lock acquired on daemon addresses registry.
11:18:35.774 [DEBUG] [org.gradle.cache.internal.DefaultFileLockManager] Releasing lock on daemon addresses registry.
11:18:35.774 [DEBUG] [org.gradle.cache.internal.DefaultFileLockManager] Waiting to acquire shared lock on daemon addresses registry.
11:18:35.774 [DEBUG] [org.gradle.cache.internal.DefaultFileLockManager] Lock acquired on daemon addresses registry.
11:18:35.774 [DEBUG] [org.gradle.cache.internal.DefaultFileLockManager] Releasing lock on daemon addresses registry.
11:18:36.351 [DEBUG] [org.gradle.process.internal.health.memory.MemoryManager] Emitting OS memory status event {Total: 16440082432, Free: 14024044544}
11:18:36.352 [DEBUG] [org.gradle.launcher.daemon.server.health.LowMemoryDaemonExpirationStrategy] Received memory status update: {Total: 16440082432, Free: 14024044544}
11:18:36.352 [DEBUG] [org.gradle.process.internal.health.memory.MemoryManager] Emitting JVM memory status event {Maximum: 1073741824, Committed: 260046848}
11:18:41.352 [DEBUG] [org.gradle.process.internal.health.memory.MemoryManager] Emitting OS memory status event {Total: 16440082432, Free: 14024036352}
11:18:41.352 [DEBUG] [org.gradle.launcher.daemon.server.health.LowMemoryDaemonExpirationStrategy] Received memory status update: {Total: 16440082432, Free: 14024036352}
11:18:41.352 [DEBUG] [org.gradle.process.internal.health.memory.MemoryManager] Emitting JVM memory status event {Maximum: 1073741824, Committed: 260046848}
11:18:45.774 [DEBUG] [org.gradle.launcher.daemon.server.Daemon] DaemonExpirationPeriodicCheck running
11:18:45.774 [DEBUG] [org.gradle.cache.internal.DefaultFileLockManager] Waiting to acquire shared lock on daemon addresses registry.
11:18:45.774 [DEBUG] [org.gradle.cache.internal.DefaultFileLockManager] Lock acquired on daemon addresses registry.
11:18:45.774 [DEBUG] [org.gradle.cache.internal.DefaultFileLockManager] Releasing lock on daemon addresses registry.
11:18:45.774 [DEBUG] [org.gradle.cache.internal.DefaultFileLockManager] Waiting to acquire shared lock on daemon addresses registry.
11:18:45.774 [DEBUG] [org.gradle.cache.internal.DefaultFileLockManager] Lock acquired on daemon addresses registry.
11:18:45.774 [DEBUG] [org.gradle.cache.internal.DefaultFileLockManager] Releasing lock on daemon addresses registry.
11:18:45.774 [DEBUG] [org.gradle.cache.internal.DefaultFileLockManager] Waiting to acquire shared lock on daemon addresses registry.
11:18:45.774 [DEBUG] [org.gradle.cache.internal.DefaultFileLockManager] Lock acquired on daemon addresses registry.
11:18:45.774 [DEBUG] [org.gradle.cache.internal.DefaultFileLockManager] Releasing lock on daemon addresses registry.
11:18:46.351 [DEBUG] [org.gradle.process.internal.health.memory.MemoryManager] Emitting OS memory status event {Total: 16440082432, Free: 14016765952}
11:18:46.351 [DEBUG] [org.gradle.launcher.daemon.server.health.LowMemoryDaemonExpirationStrategy] Received memory status update: {Total: 16440082432, Free: 14016765952}
11:18:46.352 [DEBUG] [org.gradle.process.internal.health.memory.MemoryManager] Emitting JVM memory status event {Maximum: 1073741824, Committed: 260046848}
11:18:50.734 [DEBUG] [org.gradle.internal.remote.internal.inet.TcpIncomingConnector] Accepted connection from /0:0:0:0:0:0:0:1:59272 to /0:0:0:0:0:0:0:1:42395.
11:18:50.759 [DEBUG] [org.gradle.launcher.daemon.server.SynchronizedDispatchConnection] thread 217: received class org.gradle.launcher.daemon.protocol.Build
11:18:50.759 [DEBUG] [org.gradle.launcher.daemon.server.DefaultDaemonConnection] thread 217: Received non-IO message from client: Build{id=91146feb-db39-49d4-963c-2afb92db32d4.1, currentDir=/home/student/gradleapp}
11:18:50.759 [INFO] [org.gradle.launcher.daemon.server.DefaultIncomingConnectionHandler] Received command: Build{id=91146feb-db39-49d4-963c-2afb92db32d4.1, currentDir=/home/student/gradleapp}.
11:18:50.759 [DEBUG] [org.gradle.launcher.daemon.server.DefaultIncomingConnectionHandler] Starting executing command: Build{id=91146feb-db39-49d4-963c-2afb92db32d4.1, currentDir=/home/student/gradleapp} with connection: socket connection from /0:0:0:0:0:0:0:1:42395 to /0:0:0:0:0:0:0:1:59272.
11:18:50.759 [ERROR] [org.gradle.launcher.daemon.server.DaemonStateCoordinator] Command execution: started DaemonCommandExecution[command = Build{id=91146feb-db39-49d4-963c-2afb92db32d4.1, currentDir=/home/student/gradleapp}, connection = DefaultDaemonConnection: socket connection from /0:0:0:0:0:0:0:1:42395 to /0:0:0:0:0:0:0:1:59272] after 1.0 minutes of idle
11:18:50.759 [INFO] [org.gradle.launcher.daemon.server.DaemonRegistryUpdater] Marking the daemon as busy, address: [c5abe67c-4535-46a6-8549-8ed66c8be0f4 port:42395, addresses:[/0:0:0:0:0:0:0:1%lo, /127.0.0.1]]
11:18:50.759 [DEBUG] [org.gradle.launcher.daemon.registry.PersistentDaemonRegistry] Marking busy by address: [c5abe67c-4535-46a6-8549-8ed66c8be0f4 port:42395, addresses:[/0:0:0:0:0:0:0:1%lo, /127.0.0.1]]
11:18:50.759 [DEBUG] [org.gradle.cache.internal.DefaultFileLockManager] Waiting to acquire exclusive lock on daemon addresses registry.
11:18:50.759 [DEBUG] [org.gradle.cache.internal.DefaultFileLockManager] Lock acquired on daemon addresses registry.
11:18:50.760 [DEBUG] [org.gradle.cache.internal.DefaultFileLockManager] Releasing lock on daemon addresses registry.
11:18:50.760 [DEBUG] [org.gradle.launcher.daemon.server.DaemonStateCoordinator] resetting idle timer
11:18:50.760 [DEBUG] [org.gradle.launcher.daemon.server.DaemonStateCoordinator] daemon is running. Sleeping until state changes.
11:18:50.760 [INFO] [org.gradle.launcher.daemon.server.exec.StartBuildOrRespondWithBusy] Daemon is about to start building Build{id=91146feb-db39-49d4-963c-2afb92db32d4.1, currentDir=/home/student/gradleapp}. Dispatching build started information...
11:18:50.760 [DEBUG] [org.gradle.launcher.daemon.server.SynchronizedDispatchConnection] thread 219: dispatching class org.gradle.launcher.daemon.protocol.BuildStarted
11:18:50.760 [DEBUG] [org.gradle.launcher.daemon.server.exec.EstablishBuildEnvironment] Configuring env variables: {PATH=/usr/local/sbin:/usr/local/bin:/usr/sbin:/usr/bin:/sbin:/bin:/usr/games:/usr/local/games:/snap/bin:/snap/bin, XAUTHORITY=/run/user/1001/.mutter-Xwaylandauth.IN53L3, LESSCLOSE=/usr/bin/lesspipe %s %s, XMODIFIERS=@im=ibus, XDG_DATA_DIRS=/usr/share/ubuntu:/usr/local/share/:/usr/share/:/var/lib/snapd/desktop, GDMSESSION=ubuntu, QT_IM_MODULE=ibus, TERM=xterm-256color, XDG_CONFIG_DIRS=/etc/xdg/xdg-ubuntu:/etc/xdg, GNOME_TERMINAL_SERVICE=:1.99, LANG=en_IN, DBUS_SESSION_BUS_ADDRESS=unix:path=/run/user/1001/bus, XDG_SESSION_TYPE=wayland, XDG_CURRENT_DESKTOP=ubuntu:GNOME, DISPLAY=:0, WAYLAND_DISPLAY=wayland-0, COLORTERM=truecolor, SESSION_MANAGER=local/aimll501pc12-HP-Pro-Tower-280-G9-PCI-Desktop-PC:@/tmp/.ICE-unix/1728,unix/aimll501pc12-HP-Pro-Tower-280-G9-PCI-Desktop-PC:/tmp/.ICE-unix/1728, USERNAME=student, LOGNAME=student, PWD=/home/student/gradleapp, IM_CONFIG_PHASE=1, XDG_SESSION_CLASS=user, _=/usr/bin/gradle, LANGUAGE=en_IN:en, SHELL=/bin/bash, LESSOPEN=| /usr/bin/lesspipe %s, DESKTOP_SESSION=ubuntu, OLDPWD=/usr/share/gradle, USER=student, XDG_MENU_PREFIX=gnome-, VTE_VERSION=6800, QT_ACCESSIBILITY=1, GNOME_DESKTOP_SESSION_ID=this-is-deprecated, SSH_AUTH_SOCK=/run/user/1001/keyring/ssh, GNOME_TERMINAL_SCREEN=/org/gnome/Terminal/screen/00451b6d_34b3_4201_9694_13d3c98f1d31, GTK_MODULES=gail:atk-bridge, GNOME_SHELL_SESSION_MODE=ubuntu, SYSTEMD_EXEC_PID=1759, LS_COLORS=rs=0:di=01;34:ln=01;36:mh=00:pi=40;33:so=01;35:do=01;35:bd=40;33;01:cd=40;33;01:or=40;31;01:mi=00:su=37;41:sg=30;43:ca=30;41:tw=30;42:ow=34;42:st=37;44:ex=01;32:*.tar=01;31:*.tgz=01;31:*.arc=01;31:*.arj=01;31:*.taz=01;31:*.lha=01;31:*.lz4=01;31:*.lzh=01;31:*.lzma=01;31:*.tlz=01;31:*.txz=01;31:*.tzo=01;31:*.t7z=01;31:*.zip=01;31:*.z=01;31:*.dz=01;31:*.gz=01;31:*.lrz=01;31:*.lz=01;31:*.lzo=01;31:*.xz=01;31:*.zst=01;31:*.tzst=01;31:*.bz2=01;31:*.bz=01;31:*.tbz=01;31:*.tbz2=01;31:*.tz=01;31:*.deb=01;31:*.rpm=01;31:*.jar=01;31:*.war=01;31:*.ear=01;31:*.sar=01;31:*.rar=01;31:*.alz=01;31:*.ace=01;31:*.zoo=01;31:*.cpio=01;31:*.7z=01;31:*.rz=01;31:*.cab=01;31:*.wim=01;31:*.swm=01;31:*.dwm=01;31:*.esd=01;31:*.jpg=01;35:*.jpeg=01;35:*.mjpg=01;35:*.mjpeg=01;35:*.gif=01;35:*.bmp=01;35:*.pbm=01;35:*.pgm=01;35:*.ppm=01;35:*.tga=01;35:*.xbm=01;35:*.xpm=01;35:*.tif=01;35:*.tiff=01;35:*.png=01;35:*.svg=01;35:*.svgz=01;35:*.mng=01;35:*.pcx=01;35:*.mov=01;35:*.mpg=01;35:*.mpeg=01;35:*.m2v=01;35:*.mkv=01;35:*.webm=01;35:*.webp=01;35:*.ogm=01;35:*.mp4=01;35:*.m4v=01;35:*.mp4v=01;35:*.vob=01;35:*.qt=01;35:*.nuv=01;35:*.wmv=01;35:*.asf=01;35:*.rm=01;35:*.rmvb=01;35:*.flc=01;35:*.avi=01;35:*.fli=01;35:*.flv=01;35:*.gl=01;35:*.dl=01;35:*.xcf=01;35:*.xwd=01;35:*.yuv=01;35:*.cgm=01;35:*.emf=01;35:*.ogv=01;35:*.ogx=01;35:*.aac=00;36:*.au=00;36:*.flac=00;36:*.m4a=00;36:*.mid=00;36:*.midi=00;36:*.mka=00;36:*.mp3=00;36:*.mpc=00;36:*.ogg=00;36:*.ra=00;36:*.wav=00;36:*.oga=00;36:*.opus=00;36:*.spx=00;36:*.xspf=00;36:, XDG_SESSION_DESKTOP=ubuntu, XDG_RUNTIME_DIR=/run/user/1001, GNOME_SETUP_DISPLAY=:1, SSH_AGENT_LAUNCHER=gnome-keyring, HOME=/home/student, SHLVL=1}
11:18:50.760 [WARN] [org.gradle.launcher.daemon.server.exec.EstablishBuildEnvironment] Warning: Unable able to set daemon's environment variables to match the client because: 
  Java 9 does not support modifying environment variables.
  If the daemon was started with a significantly different environment from the client, and your build 
  relies on environment variables, you may experience unexpected behavior.
11:18:50.760 [DEBUG] [org.gradle.launcher.daemon.server.exec.LogToClient] About to start relaying all logs to the client via the connection.
11:18:50.760 [INFO] [org.gradle.launcher.daemon.server.exec.LogToClient] The client will now receive all logging from the daemon (pid: 3563). The daemon log file: /home/student/.gradle/daemon/4.4.1/daemon-3563.out.log
11:18:50.760 [INFO] [org.gradle.launcher.daemon.server.exec.LogAndCheckHealth] Starting 16th build in daemon [uptime: 18 mins 15.048 secs, performance: 99%]
11:18:50.761 [DEBUG] [org.gradle.launcher.daemon.server.exec.ExecuteBuild] The daemon has started executing the build.
11:18:50.761 [DEBUG] [org.gradle.launcher.daemon.server.exec.ExecuteBuild] Executing build with daemon context: DefaultDaemonContext[uid=6097f117-ad2a-4ee3-92ec-fb117d27c418,javaHome=/usr/lib/jvm/java-11-openjdk-amd64,daemonRegistryDir=/home/student/.gradle/daemon,pid=3563,idleTimeout=10800000,daemonOpts=-XX:+HeapDumpOnOutOfMemoryError,-Xmx1024m,-Dfile.encoding=UTF-8,-Duser.country=IN,-Duser.language=en,-Duser.variant]
:compileJava UP-TO-DATE
:processResources NO-SOURCE
:classes UP-TO-DATE
:run
Hello world.

BUILD SUCCESSFUL in 0s
2 actionable tasks: 1 executed, 1 up-to-date
11:18:50.835 [DEBUG] [org.gradle.launcher.daemon.server.exec.ExecuteBuild] The daemon has finished executing the build.
11:18:50.842 [DEBUG] [org.gradle.launcher.daemon.server.DaemonStateCoordinator] daemon is running. Sleeping until state changes.
11:18:50.842 [DEBUG] [org.gradle.launcher.daemon.server.DaemonStateCoordinator] Command execution: finished waiting for DaemonCommandExecution[command = Build{id=91146feb-db39-49d4-963c-2afb92db32d4.1, currentDir=/home/student/gradleapp}, connection = DefaultDaemonConnection: socket connection from /0:0:0:0:0:0:0:1:42395 to /0:0:0:0:0:0:0:1:59272]. Result org.gradle.launcher.daemon.server.DaemonStateCoordinator@423d1111 with state Busy
11:18:50.842 [DEBUG] [org.gradle.launcher.daemon.server.DaemonStateCoordinator] Command execution: completed DaemonCommandExecution[command = Build{id=91146feb-db39-49d4-963c-2afb92db32d4.1, currentDir=/home/student/gradleapp}, connection = DefaultDaemonConnection: socket connection from /0:0:0:0:0:0:0:1:42395 to /0:0:0:0:0:0:0:1:59272]
11:18:50.842 [DEBUG] [org.gradle.launcher.daemon.server.DaemonStateCoordinator] resetting idle timer
11:18:50.842 [INFO] [org.gradle.launcher.daemon.server.DaemonRegistryUpdater] Marking the daemon as idle, address: [c5abe67c-4535-46a6-8549-8ed66c8be0f4 port:42395, addresses:[/0:0:0:0:0:0:0:1%lo, /127.0.0.1]]
11:18:50.842 [DEBUG] [org.gradle.launcher.daemon.registry.PersistentDaemonRegistry] Marking busy by address: [c5abe67c-4535-46a6-8549-8ed66c8be0f4 port:42395, addresses:[/0:0:0:0:0:0:0:1%lo, /127.0.0.1]]
11:18:50.842 [DEBUG] [org.gradle.cache.internal.DefaultFileLockManager] Waiting to acquire exclusive lock on daemon addresses registry.
11:18:50.842 [DEBUG] [org.gradle.cache.internal.DefaultFileLockManager] Lock acquired on daemon addresses registry.
11:18:50.843 [DEBUG] [org.gradle.cache.internal.DefaultFileLockManager] Releasing lock on daemon addresses registry.
11:18:50.843 [DEBUG] [org.gradle.launcher.daemon.server.DaemonStateCoordinator] daemon is running. Sleeping until state changes.
11:18:50.843 [DEBUG] [org.gradle.launcher.daemon.server.exec.ReturnResult] Daemon is dispatching the build result: Success[value=null]
11:18:50.843 [DEBUG] [org.gradle.launcher.daemon.server.SynchronizedDispatchConnection] thread 216: dispatching class org.gradle.launcher.daemon.protocol.Success
11:18:50.843 [DEBUG] [org.gradle.launcher.daemon.server.DefaultIncomingConnectionHandler] Finishing executing command: Build{id=91146feb-db39-49d4-963c-2afb92db32d4.1, currentDir=/home/student/gradleapp}
11:18:50.845 [DEBUG] [org.gradle.launcher.daemon.server.SynchronizedDispatchConnection] thread 217: received class org.gradle.launcher.daemon.protocol.CloseInput
11:18:50.846 [DEBUG] [org.gradle.launcher.daemon.server.DefaultDaemonConnection] thread 217: Received IO message from client: org.gradle.launcher.daemon.protocol.CloseInput@3b54d46a
11:18:50.847 [DEBUG] [org.gradle.launcher.daemon.server.SynchronizedDispatchConnection] thread 217: received class org.gradle.launcher.daemon.protocol.Finished
11:18:50.847 [DEBUG] [org.gradle.launcher.daemon.server.DefaultDaemonConnection] thread 217: Received non-IO message from client: org.gradle.launcher.daemon.protocol.Finished@7e565d64
11:18:50.847 [DEBUG] [org.gradle.launcher.daemon.server.DefaultIncomingConnectionHandler] Received finished message: org.gradle.launcher.daemon.protocol.Finished@7e565d64
11:18:50.847 [DEBUG] [org.gradle.launcher.daemon.server.SynchronizedDispatchConnection] thread 216: stopping connection
11:18:50.847 [DEBUG] [org.gradle.internal.remote.internal.inet.SocketConnection] Discarding EOFException: java.io.EOFException
11:18:50.848 [DEBUG] [org.gradle.launcher.daemon.server.SynchronizedDispatchConnection] thread 217: received null
11:18:50.848 [DEBUG] [org.gradle.launcher.daemon.server.DefaultDaemonConnection] thread 217: Received end-of-input from client.
11:18:50.848 [DEBUG] [org.gradle.launcher.daemon.server.SynchronizedDispatchConnection] thread 216: stopping connection
11:18:51.352 [DEBUG] [org.gradle.process.internal.health.memory.MemoryManager] Emitting OS memory status event {Total: 16440082432, Free: 13937500160}
11:18:51.352 [DEBUG] [org.gradle.launcher.daemon.server.health.LowMemoryDaemonExpirationStrategy] Received memory status update: {Total: 16440082432, Free: 13937500160}
11:18:51.352 [DEBUG] [org.gradle.process.internal.health.memory.MemoryManager] Emitting JVM memory status event {Maximum: 1073741824, Committed: 260046848}
11:18:55.466 [DEBUG] [org.gradle.internal.remote.internal.inet.TcpIncomingConnector] Accepted connection from /0:0:0:0:0:0:0:1:59288 to /0:0:0:0:0:0:0:1:42395.
11:18:55.490 [DEBUG] [org.gradle.launcher.daemon.server.SynchronizedDispatchConnection] thread 250: received class org.gradle.launcher.daemon.protocol.Build
11:18:55.490 [DEBUG] [org.gradle.launcher.daemon.server.DefaultDaemonConnection] thread 250: Received non-IO message from client: Build{id=47e88d63-799a-489a-aea5-0f47f514bc1d.1, currentDir=/home/student/gradleapp}
11:18:55.490 [INFO] [org.gradle.launcher.daemon.server.DefaultIncomingConnectionHandler] Received command: Build{id=47e88d63-799a-489a-aea5-0f47f514bc1d.1, currentDir=/home/student/gradleapp}.
11:18:55.491 [DEBUG] [org.gradle.launcher.daemon.server.DefaultIncomingConnectionHandler] Starting executing command: Build{id=47e88d63-799a-489a-aea5-0f47f514bc1d.1, currentDir=/home/student/gradleapp} with connection: socket connection from /0:0:0:0:0:0:0:1:42395 to /0:0:0:0:0:0:0:1:59288.
11:18:55.491 [ERROR] [org.gradle.launcher.daemon.server.DaemonStateCoordinator] Command execution: started DaemonCommandExecution[command = Build{id=47e88d63-799a-489a-aea5-0f47f514bc1d.1, currentDir=/home/student/gradleapp}, connection = DefaultDaemonConnection: socket connection from /0:0:0:0:0:0:0:1:42395 to /0:0:0:0:0:0:0:1:59288] after 0.0 minutes of idle
11:18:55.491 [INFO] [org.gradle.launcher.daemon.server.DaemonRegistryUpdater] Marking the daemon as busy, address: [c5abe67c-4535-46a6-8549-8ed66c8be0f4 port:42395, addresses:[/0:0:0:0:0:0:0:1%lo, /127.0.0.1]]
11:18:55.491 [DEBUG] [org.gradle.launcher.daemon.registry.PersistentDaemonRegistry] Marking busy by address: [c5abe67c-4535-46a6-8549-8ed66c8be0f4 port:42395, addresses:[/0:0:0:0:0:0:0:1%lo, /127.0.0.1]]
11:18:55.491 [DEBUG] [org.gradle.cache.internal.DefaultFileLockManager] Waiting to acquire exclusive lock on daemon addresses registry.
11:18:55.491 [DEBUG] [org.gradle.cache.internal.DefaultFileLockManager] Lock acquired on daemon addresses registry.
11:18:55.491 [DEBUG] [org.gradle.cache.internal.DefaultFileLockManager] Releasing lock on daemon addresses registry.
11:18:55.491 [DEBUG] [org.gradle.launcher.daemon.server.DaemonStateCoordinator] resetting idle timer
11:18:55.491 [DEBUG] [org.gradle.launcher.daemon.server.DaemonStateCoordinator] daemon is running. Sleeping until state changes.
11:18:55.491 [INFO] [org.gradle.launcher.daemon.server.exec.StartBuildOrRespondWithBusy] Daemon is about to start building Build{id=47e88d63-799a-489a-aea5-0f47f514bc1d.1, currentDir=/home/student/gradleapp}. Dispatching build started information...
11:18:55.491 [DEBUG] [org.gradle.launcher.daemon.server.SynchronizedDispatchConnection] thread 219: dispatching class org.gradle.launcher.daemon.protocol.BuildStarted
11:18:55.491 [DEBUG] [org.gradle.launcher.daemon.server.exec.EstablishBuildEnvironment] Configuring env variables: {PATH=/usr/local/sbin:/usr/local/bin:/usr/sbin:/usr/bin:/sbin:/bin:/usr/games:/usr/local/games:/snap/bin:/snap/bin, XAUTHORITY=/run/user/1001/.mutter-Xwaylandauth.IN53L3, LESSCLOSE=/usr/bin/lesspipe %s %s, XMODIFIERS=@im=ibus, XDG_DATA_DIRS=/usr/share/ubuntu:/usr/local/share/:/usr/share/:/var/lib/snapd/desktop, GDMSESSION=ubuntu, QT_IM_MODULE=ibus, TERM=xterm-256color, XDG_CONFIG_DIRS=/etc/xdg/xdg-ubuntu:/etc/xdg, GNOME_TERMINAL_SERVICE=:1.99, LANG=en_IN, DBUS_SESSION_BUS_ADDRESS=unix:path=/run/user/1001/bus, XDG_SESSION_TYPE=wayland, XDG_CURRENT_DESKTOP=ubuntu:GNOME, DISPLAY=:0, WAYLAND_DISPLAY=wayland-0, COLORTERM=truecolor, SESSION_MANAGER=local/aimll501pc12-HP-Pro-Tower-280-G9-PCI-Desktop-PC:@/tmp/.ICE-unix/1728,unix/aimll501pc12-HP-Pro-Tower-280-G9-PCI-Desktop-PC:/tmp/.ICE-unix/1728, USERNAME=student, LOGNAME=student, PWD=/home/student/gradleapp, IM_CONFIG_PHASE=1, XDG_SESSION_CLASS=user, _=/usr/bin/gradle, LANGUAGE=en_IN:en, SHELL=/bin/bash, LESSOPEN=| /usr/bin/lesspipe %s, DESKTOP_SESSION=ubuntu, OLDPWD=/usr/share/gradle, USER=student, XDG_MENU_PREFIX=gnome-, VTE_VERSION=6800, QT_ACCESSIBILITY=1, GNOME_DESKTOP_SESSION_ID=this-is-deprecated, SSH_AUTH_SOCK=/run/user/1001/keyring/ssh, GNOME_TERMINAL_SCREEN=/org/gnome/Terminal/screen/00451b6d_34b3_4201_9694_13d3c98f1d31, GTK_MODULES=gail:atk-bridge, GNOME_SHELL_SESSION_MODE=ubuntu, SYSTEMD_EXEC_PID=1759, LS_COLORS=rs=0:di=01;34:ln=01;36:mh=00:pi=40;33:so=01;35:do=01;35:bd=40;33;01:cd=40;33;01:or=40;31;01:mi=00:su=37;41:sg=30;43:ca=30;41:tw=30;42:ow=34;42:st=37;44:ex=01;32:*.tar=01;31:*.tgz=01;31:*.arc=01;31:*.arj=01;31:*.taz=01;31:*.lha=01;31:*.lz4=01;31:*.lzh=01;31:*.lzma=01;31:*.tlz=01;31:*.txz=01;31:*.tzo=01;31:*.t7z=01;31:*.zip=01;31:*.z=01;31:*.dz=01;31:*.gz=01;31:*.lrz=01;31:*.lz=01;31:*.lzo=01;31:*.xz=01;31:*.zst=01;31:*.tzst=01;31:*.bz2=01;31:*.bz=01;31:*.tbz=01;31:*.tbz2=01;31:*.tz=01;31:*.deb=01;31:*.rpm=01;31:*.jar=01;31:*.war=01;31:*.ear=01;31:*.sar=01;31:*.rar=01;31:*.alz=01;31:*.ace=01;31:*.zoo=01;31:*.cpio=01;31:*.7z=01;31:*.rz=01;31:*.cab=01;31:*.wim=01;31:*.swm=01;31:*.dwm=01;31:*.esd=01;31:*.jpg=01;35:*.jpeg=01;35:*.mjpg=01;35:*.mjpeg=01;35:*.gif=01;35:*.bmp=01;35:*.pbm=01;35:*.pgm=01;35:*.ppm=01;35:*.tga=01;35:*.xbm=01;35:*.xpm=01;35:*.tif=01;35:*.tiff=01;35:*.png=01;35:*.svg=01;35:*.svgz=01;35:*.mng=01;35:*.pcx=01;35:*.mov=01;35:*.mpg=01;35:*.mpeg=01;35:*.m2v=01;35:*.mkv=01;35:*.webm=01;35:*.webp=01;35:*.ogm=01;35:*.mp4=01;35:*.m4v=01;35:*.mp4v=01;35:*.vob=01;35:*.qt=01;35:*.nuv=01;35:*.wmv=01;35:*.asf=01;35:*.rm=01;35:*.rmvb=01;35:*.flc=01;35:*.avi=01;35:*.fli=01;35:*.flv=01;35:*.gl=01;35:*.dl=01;35:*.xcf=01;35:*.xwd=01;35:*.yuv=01;35:*.cgm=01;35:*.emf=01;35:*.ogv=01;35:*.ogx=01;35:*.aac=00;36:*.au=00;36:*.flac=00;36:*.m4a=00;36:*.mid=00;36:*.midi=00;36:*.mka=00;36:*.mp3=00;36:*.mpc=00;36:*.ogg=00;36:*.ra=00;36:*.wav=00;36:*.oga=00;36:*.opus=00;36:*.spx=00;36:*.xspf=00;36:, XDG_SESSION_DESKTOP=ubuntu, XDG_RUNTIME_DIR=/run/user/1001, GNOME_SETUP_DISPLAY=:1, SSH_AGENT_LAUNCHER=gnome-keyring, HOME=/home/student, SHLVL=1}
11:18:55.491 [WARN] [org.gradle.launcher.daemon.server.exec.EstablishBuildEnvironment] Warning: Unable able to set daemon's environment variables to match the client because: 
  Java 9 does not support modifying environment variables.
  If the daemon was started with a significantly different environment from the client, and your build 
  relies on environment variables, you may experience unexpected behavior.
11:18:55.491 [DEBUG] [org.gradle.launcher.daemon.server.exec.LogToClient] About to start relaying all logs to the client via the connection.
11:18:55.492 [INFO] [org.gradle.launcher.daemon.server.exec.LogToClient] The client will now receive all logging from the daemon (pid: 3563). The daemon log file: /home/student/.gradle/daemon/4.4.1/daemon-3563.out.log
11:18:55.492 [INFO] [org.gradle.launcher.daemon.server.exec.LogAndCheckHealth] Starting 17th build in daemon [uptime: 18 mins 19.779 secs, performance: 99%]
11:18:55.492 [DEBUG] [org.gradle.launcher.daemon.server.exec.ExecuteBuild] The daemon has started executing the build.
11:18:55.492 [DEBUG] [org.gradle.launcher.daemon.server.exec.ExecuteBuild] Executing build with daemon context: DefaultDaemonContext[uid=6097f117-ad2a-4ee3-92ec-fb117d27c418,javaHome=/usr/lib/jvm/java-11-openjdk-amd64,daemonRegistryDir=/home/student/.gradle/daemon,pid=3563,idleTimeout=10800000,daemonOpts=-XX:+HeapDumpOnOutOfMemoryError,-Xmx1024m,-Dfile.encoding=UTF-8,-Duser.country=IN,-Duser.language=en,-Duser.variant]
:hello
Hello, world!

BUILD SUCCESSFUL in 0s
1 actionable task: 1 executed
11:18:55.515 [DEBUG] [org.gradle.launcher.daemon.server.exec.ExecuteBuild] The daemon has finished executing the build.
11:18:55.522 [DEBUG] [org.gradle.launcher.daemon.server.DaemonStateCoordinator] Command execution: finished waiting for DaemonCommandExecution[command = Build{id=47e88d63-799a-489a-aea5-0f47f514bc1d.1, currentDir=/home/student/gradleapp}, connection = DefaultDaemonConnection: socket connection from /0:0:0:0:0:0:0:1:42395 to /0:0:0:0:0:0:0:1:59288]. Result org.gradle.launcher.daemon.server.DaemonStateCoordinator@423d1111 with state Busy
11:18:55.522 [DEBUG] [org.gradle.launcher.daemon.server.DaemonStateCoordinator] Command execution: completed DaemonCommandExecution[command = Build{id=47e88d63-799a-489a-aea5-0f47f514bc1d.1, currentDir=/home/student/gradleapp}, connection = DefaultDaemonConnection: socket connection from /0:0:0:0:0:0:0:1:42395 to /0:0:0:0:0:0:0:1:59288]
11:18:55.522 [DEBUG] [org.gradle.launcher.daemon.server.DaemonStateCoordinator] resetting idle timer
11:18:55.522 [INFO] [org.gradle.launcher.daemon.server.DaemonRegistryUpdater] Marking the daemon as idle, address: [c5abe67c-4535-46a6-8549-8ed66c8be0f4 port:42395, addresses:[/0:0:0:0:0:0:0:1%lo, /127.0.0.1]]
11:18:55.522 [DEBUG] [org.gradle.launcher.daemon.registry.PersistentDaemonRegistry] Marking busy by address: [c5abe67c-4535-46a6-8549-8ed66c8be0f4 port:42395, addresses:[/0:0:0:0:0:0:0:1%lo, /127.0.0.1]]
11:18:55.523 [DEBUG] [org.gradle.cache.internal.DefaultFileLockManager] Waiting to acquire exclusive lock on daemon addresses registry.
11:18:55.523 [DEBUG] [org.gradle.cache.internal.DefaultFileLockManager] Lock acquired on daemon addresses registry.
11:18:55.523 [DEBUG] [org.gradle.cache.internal.DefaultFileLockManager] Releasing lock on daemon addresses registry.
11:18:55.523 [DEBUG] [org.gradle.launcher.daemon.server.exec.ReturnResult] Daemon is dispatching the build result: Success[value=null]
11:18:55.523 [DEBUG] [org.gradle.launcher.daemon.server.DaemonStateCoordinator] daemon is running. Sleeping until state changes.
11:18:55.523 [DEBUG] [org.gradle.launcher.daemon.server.SynchronizedDispatchConnection] thread 216: dispatching class org.gradle.launcher.daemon.protocol.Success
11:18:55.523 [DEBUG] [org.gradle.launcher.daemon.server.DefaultIncomingConnectionHandler] Finishing executing command: Build{id=47e88d63-799a-489a-aea5-0f47f514bc1d.1, currentDir=/home/student/gradleapp}
11:18:55.524 [DEBUG] [org.gradle.launcher.daemon.server.SynchronizedDispatchConnection] thread 250: received class org.gradle.launcher.daemon.protocol.CloseInput
11:18:55.524 [DEBUG] [org.gradle.launcher.daemon.server.DefaultDaemonConnection] thread 250: Received IO message from client: org.gradle.launcher.daemon.protocol.CloseInput@37da69a0
11:18:55.525 [DEBUG] [org.gradle.launcher.daemon.server.SynchronizedDispatchConnection] thread 250: received class org.gradle.launcher.daemon.protocol.Finished
11:18:55.526 [DEBUG] [org.gradle.launcher.daemon.server.DefaultDaemonConnection] thread 250: Received non-IO message from client: org.gradle.launcher.daemon.protocol.Finished@391d812b
11:18:55.526 [DEBUG] [org.gradle.launcher.daemon.server.DefaultIncomingConnectionHandler] Received finished message: org.gradle.launcher.daemon.protocol.Finished@391d812b
11:18:55.526 [DEBUG] [org.gradle.internal.remote.internal.inet.SocketConnection] Discarding EOFException: java.io.EOFException
11:18:55.526 [DEBUG] [org.gradle.launcher.daemon.server.SynchronizedDispatchConnection] thread 216: stopping connection
11:18:55.526 [DEBUG] [org.gradle.launcher.daemon.server.SynchronizedDispatchConnection] thread 250: received null
11:18:55.526 [DEBUG] [org.gradle.launcher.daemon.server.DefaultDaemonConnection] thread 250: Received end-of-input from client.
11:18:55.526 [DEBUG] [org.gradle.launcher.daemon.server.SynchronizedDispatchConnection] thread 216: stopping connection
11:18:55.774 [DEBUG] [org.gradle.launcher.daemon.server.Daemon] DaemonExpirationPeriodicCheck running
11:18:55.774 [DEBUG] [org.gradle.cache.internal.DefaultFileLockManager] Waiting to acquire shared lock on daemon addresses registry.
11:18:55.774 [DEBUG] [org.gradle.cache.internal.DefaultFileLockManager] Lock acquired on daemon addresses registry.
11:18:55.774 [DEBUG] [org.gradle.cache.internal.DefaultFileLockManager] Releasing lock on daemon addresses registry.
11:18:55.774 [DEBUG] [org.gradle.cache.internal.DefaultFileLockManager] Waiting to acquire shared lock on daemon addresses registry.
11:18:55.774 [DEBUG] [org.gradle.cache.internal.DefaultFileLockManager] Lock acquired on daemon addresses registry.
11:18:55.774 [DEBUG] [org.gradle.cache.internal.DefaultFileLockManager] Releasing lock on daemon addresses registry.
11:18:56.352 [DEBUG] [org.gradle.process.internal.health.memory.MemoryManager] Emitting OS memory status event {Total: 16440082432, Free: 13994254336}
11:18:56.352 [DEBUG] [org.gradle.launcher.daemon.server.health.LowMemoryDaemonExpirationStrategy] Received memory status update: {Total: 16440082432, Free: 13994254336}
11:18:56.352 [DEBUG] [org.gradle.process.internal.health.memory.MemoryManager] Emitting JVM memory status event {Maximum: 1073741824, Committed: 260046848}
11:19:01.352 [DEBUG] [org.gradle.process.internal.health.memory.MemoryManager] Emitting OS memory status event {Total: 16440082432, Free: 14014226432}
11:19:01.352 [DEBUG] [org.gradle.launcher.daemon.server.health.LowMemoryDaemonExpirationStrategy] Received memory status update: {Total: 16440082432, Free: 14014226432}
11:19:01.352 [DEBUG] [org.gradle.process.internal.health.memory.MemoryManager] Emitting JVM memory status event {Maximum: 1073741824, Committed: 260046848}
11:19:05.774 [DEBUG] [org.gradle.launcher.daemon.server.Daemon] DaemonExpirationPeriodicCheck running
11:19:05.774 [DEBUG] [org.gradle.cache.internal.DefaultFileLockManager] Waiting to acquire shared lock on daemon addresses registry.
11:19:05.774 [DEBUG] [org.gradle.cache.internal.DefaultFileLockManager] Lock acquired on daemon addresses registry.
11:19:05.774 [DEBUG] [org.gradle.cache.internal.DefaultFileLockManager] Releasing lock on daemon addresses registry.
11:19:05.774 [DEBUG] [org.gradle.cache.internal.DefaultFileLockManager] Waiting to acquire shared lock on daemon addresses registry.
11:19:05.774 [DEBUG] [org.gradle.cache.internal.DefaultFileLockManager] Lock acquired on daemon addresses registry.
11:19:05.774 [DEBUG] [org.gradle.cache.internal.DefaultFileLockManager] Releasing lock on daemon addresses registry.
11:19:05.774 [DEBUG] [org.gradle.cache.internal.DefaultFileLockManager] Waiting to acquire shared lock on daemon addresses registry.
11:19:05.774 [DEBUG] [org.gradle.cache.internal.DefaultFileLockManager] Lock acquired on daemon addresses registry.
11:19:05.774 [DEBUG] [org.gradle.cache.internal.DefaultFileLockManager] Releasing lock on daemon addresses registry.
11:19:06.352 [DEBUG] [org.gradle.process.internal.health.memory.MemoryManager] Emitting OS memory status event {Total: 16440082432, Free: 14020800512}
11:19:06.352 [DEBUG] [org.gradle.launcher.daemon.server.health.LowMemoryDaemonExpirationStrategy] Received memory status update: {Total: 16440082432, Free: 14020800512}
11:19:06.352 [DEBUG] [org.gradle.process.internal.health.memory.MemoryManager] Emitting JVM memory status event {Maximum: 1073741824, Committed: 260046848}
11:19:11.352 [DEBUG] [org.gradle.process.internal.health.memory.MemoryManager] Emitting OS memory status event {Total: 16440082432, Free: 14022635520}
11:19:11.352 [DEBUG] [org.gradle.launcher.daemon.server.health.LowMemoryDaemonExpirationStrategy] Received memory status update: {Total: 16440082432, Free: 14022635520}
11:19:11.352 [DEBUG] [org.gradle.process.internal.health.memory.MemoryManager] Emitting JVM memory status event {Maximum: 1073741824, Committed: 260046848}
11:19:12.061 [DEBUG] [org.gradle.internal.remote.internal.inet.TcpIncomingConnector] Accepted connection from /0:0:0:0:0:0:0:1:53576 to /0:0:0:0:0:0:0:1:42395.
11:19:12.085 [DEBUG] [org.gradle.launcher.daemon.server.SynchronizedDispatchConnection] thread 266: received class org.gradle.launcher.daemon.protocol.Build
11:19:12.085 [DEBUG] [org.gradle.launcher.daemon.server.DefaultDaemonConnection] thread 266: Received non-IO message from client: Build{id=c0270079-2154-47c9-98f9-4e7496bb38a0.1, currentDir=/home/student/gradleapp}
11:19:12.085 [INFO] [org.gradle.launcher.daemon.server.DefaultIncomingConnectionHandler] Received command: Build{id=c0270079-2154-47c9-98f9-4e7496bb38a0.1, currentDir=/home/student/gradleapp}.
11:19:12.085 [DEBUG] [org.gradle.launcher.daemon.server.DefaultIncomingConnectionHandler] Starting executing command: Build{id=c0270079-2154-47c9-98f9-4e7496bb38a0.1, currentDir=/home/student/gradleapp} with connection: socket connection from /0:0:0:0:0:0:0:1:42395 to /0:0:0:0:0:0:0:1:53576.
11:19:12.086 [ERROR] [org.gradle.launcher.daemon.server.DaemonStateCoordinator] Command execution: started DaemonCommandExecution[command = Build{id=c0270079-2154-47c9-98f9-4e7496bb38a0.1, currentDir=/home/student/gradleapp}, connection = DefaultDaemonConnection: socket connection from /0:0:0:0:0:0:0:1:42395 to /0:0:0:0:0:0:0:1:53576] after 0.0 minutes of idle
11:19:12.086 [INFO] [org.gradle.launcher.daemon.server.DaemonRegistryUpdater] Marking the daemon as busy, address: [c5abe67c-4535-46a6-8549-8ed66c8be0f4 port:42395, addresses:[/0:0:0:0:0:0:0:1%lo, /127.0.0.1]]
11:19:12.086 [DEBUG] [org.gradle.launcher.daemon.registry.PersistentDaemonRegistry] Marking busy by address: [c5abe67c-4535-46a6-8549-8ed66c8be0f4 port:42395, addresses:[/0:0:0:0:0:0:0:1%lo, /127.0.0.1]]
11:19:12.086 [DEBUG] [org.gradle.cache.internal.DefaultFileLockManager] Waiting to acquire exclusive lock on daemon addresses registry.
11:19:12.086 [DEBUG] [org.gradle.cache.internal.DefaultFileLockManager] Lock acquired on daemon addresses registry.
11:19:12.086 [DEBUG] [org.gradle.cache.internal.DefaultFileLockManager] Releasing lock on daemon addresses registry.
11:19:12.086 [DEBUG] [org.gradle.launcher.daemon.server.DaemonStateCoordinator] resetting idle timer
11:19:12.086 [DEBUG] [org.gradle.launcher.daemon.server.DaemonStateCoordinator] daemon is running. Sleeping until state changes.
11:19:12.086 [INFO] [org.gradle.launcher.daemon.server.exec.StartBuildOrRespondWithBusy] Daemon is about to start building Build{id=c0270079-2154-47c9-98f9-4e7496bb38a0.1, currentDir=/home/student/gradleapp}. Dispatching build started information...
11:19:12.086 [DEBUG] [org.gradle.launcher.daemon.server.SynchronizedDispatchConnection] thread 219: dispatching class org.gradle.launcher.daemon.protocol.BuildStarted
11:19:12.086 [DEBUG] [org.gradle.launcher.daemon.server.exec.EstablishBuildEnvironment] Configuring env variables: {PATH=/usr/local/sbin:/usr/local/bin:/usr/sbin:/usr/bin:/sbin:/bin:/usr/games:/usr/local/games:/snap/bin:/snap/bin, XAUTHORITY=/run/user/1001/.mutter-Xwaylandauth.IN53L3, LESSCLOSE=/usr/bin/lesspipe %s %s, XMODIFIERS=@im=ibus, XDG_DATA_DIRS=/usr/share/ubuntu:/usr/local/share/:/usr/share/:/var/lib/snapd/desktop, GDMSESSION=ubuntu, QT_IM_MODULE=ibus, TERM=xterm-256color, XDG_CONFIG_DIRS=/etc/xdg/xdg-ubuntu:/etc/xdg, GNOME_TERMINAL_SERVICE=:1.99, LANG=en_IN, DBUS_SESSION_BUS_ADDRESS=unix:path=/run/user/1001/bus, XDG_SESSION_TYPE=wayland, XDG_CURRENT_DESKTOP=ubuntu:GNOME, DISPLAY=:0, WAYLAND_DISPLAY=wayland-0, COLORTERM=truecolor, SESSION_MANAGER=local/aimll501pc12-HP-Pro-Tower-280-G9-PCI-Desktop-PC:@/tmp/.ICE-unix/1728,unix/aimll501pc12-HP-Pro-Tower-280-G9-PCI-Desktop-PC:/tmp/.ICE-unix/1728, USERNAME=student, LOGNAME=student, PWD=/home/student/gradleapp, IM_CONFIG_PHASE=1, XDG_SESSION_CLASS=user, _=/usr/bin/gradle, LANGUAGE=en_IN:en, SHELL=/bin/bash, LESSOPEN=| /usr/bin/lesspipe %s, DESKTOP_SESSION=ubuntu, OLDPWD=/usr/share/gradle, USER=student, XDG_MENU_PREFIX=gnome-, VTE_VERSION=6800, QT_ACCESSIBILITY=1, GNOME_DESKTOP_SESSION_ID=this-is-deprecated, SSH_AUTH_SOCK=/run/user/1001/keyring/ssh, GNOME_TERMINAL_SCREEN=/org/gnome/Terminal/screen/00451b6d_34b3_4201_9694_13d3c98f1d31, GTK_MODULES=gail:atk-bridge, GNOME_SHELL_SESSION_MODE=ubuntu, SYSTEMD_EXEC_PID=1759, LS_COLORS=rs=0:di=01;34:ln=01;36:mh=00:pi=40;33:so=01;35:do=01;35:bd=40;33;01:cd=40;33;01:or=40;31;01:mi=00:su=37;41:sg=30;43:ca=30;41:tw=30;42:ow=34;42:st=37;44:ex=01;32:*.tar=01;31:*.tgz=01;31:*.arc=01;31:*.arj=01;31:*.taz=01;31:*.lha=01;31:*.lz4=01;31:*.lzh=01;31:*.lzma=01;31:*.tlz=01;31:*.txz=01;31:*.tzo=01;31:*.t7z=01;31:*.zip=01;31:*.z=01;31:*.dz=01;31:*.gz=01;31:*.lrz=01;31:*.lz=01;31:*.lzo=01;31:*.xz=01;31:*.zst=01;31:*.tzst=01;31:*.bz2=01;31:*.bz=01;31:*.tbz=01;31:*.tbz2=01;31:*.tz=01;31:*.deb=01;31:*.rpm=01;31:*.jar=01;31:*.war=01;31:*.ear=01;31:*.sar=01;31:*.rar=01;31:*.alz=01;31:*.ace=01;31:*.zoo=01;31:*.cpio=01;31:*.7z=01;31:*.rz=01;31:*.cab=01;31:*.wim=01;31:*.swm=01;31:*.dwm=01;31:*.esd=01;31:*.jpg=01;35:*.jpeg=01;35:*.mjpg=01;35:*.mjpeg=01;35:*.gif=01;35:*.bmp=01;35:*.pbm=01;35:*.pgm=01;35:*.ppm=01;35:*.tga=01;35:*.xbm=01;35:*.xpm=01;35:*.tif=01;35:*.tiff=01;35:*.png=01;35:*.svg=01;35:*.svgz=01;35:*.mng=01;35:*.pcx=01;35:*.mov=01;35:*.mpg=01;35:*.mpeg=01;35:*.m2v=01;35:*.mkv=01;35:*.webm=01;35:*.webp=01;35:*.ogm=01;35:*.mp4=01;35:*.m4v=01;35:*.mp4v=01;35:*.vob=01;35:*.qt=01;35:*.nuv=01;35:*.wmv=01;35:*.asf=01;35:*.rm=01;35:*.rmvb=01;35:*.flc=01;35:*.avi=01;35:*.fli=01;35:*.flv=01;35:*.gl=01;35:*.dl=01;35:*.xcf=01;35:*.xwd=01;35:*.yuv=01;35:*.cgm=01;35:*.emf=01;35:*.ogv=01;35:*.ogx=01;35:*.aac=00;36:*.au=00;36:*.flac=00;36:*.m4a=00;36:*.mid=00;36:*.midi=00;36:*.mka=00;36:*.mp3=00;36:*.mpc=00;36:*.ogg=00;36:*.ra=00;36:*.wav=00;36:*.oga=00;36:*.opus=00;36:*.spx=00;36:*.xspf=00;36:, XDG_SESSION_DESKTOP=ubuntu, XDG_RUNTIME_DIR=/run/user/1001, GNOME_SETUP_DISPLAY=:1, SSH_AGENT_LAUNCHER=gnome-keyring, HOME=/home/student, SHLVL=1}
11:19:12.086 [WARN] [org.gradle.launcher.daemon.server.exec.EstablishBuildEnvironment] Warning: Unable able to set daemon's environment variables to match the client because: 
  Java 9 does not support modifying environment variables.
  If the daemon was started with a significantly different environment from the client, and your build 
  relies on environment variables, you may experience unexpected behavior.
11:19:12.086 [DEBUG] [org.gradle.launcher.daemon.server.exec.LogToClient] About to start relaying all logs to the client via the connection.
11:19:12.086 [INFO] [org.gradle.launcher.daemon.server.exec.LogToClient] The client will now receive all logging from the daemon (pid: 3563). The daemon log file: /home/student/.gradle/daemon/4.4.1/daemon-3563.out.log
11:19:12.087 [INFO] [org.gradle.launcher.daemon.server.exec.LogAndCheckHealth] Starting 18th build in daemon [uptime: 18 mins 36.374 secs, performance: 99%]
11:19:12.087 [DEBUG] [org.gradle.launcher.daemon.server.exec.ExecuteBuild] The daemon has started executing the build.
11:19:12.087 [DEBUG] [org.gradle.launcher.daemon.server.exec.ExecuteBuild] Executing build with daemon context: DefaultDaemonContext[uid=6097f117-ad2a-4ee3-92ec-fb117d27c418,javaHome=/usr/lib/jvm/java-11-openjdk-amd64,daemonRegistryDir=/home/student/.gradle/daemon,pid=3563,idleTimeout=10800000,daemonOpts=-XX:+HeapDumpOnOutOfMemoryError,-Xmx1024m,-Dfile.encoding=UTF-8,-Duser.country=IN,-Duser.language=en,-Duser.variant]
:compileJava UP-TO-DATE
:processResources NO-SOURCE
:classes UP-TO-DATE
:jar UP-TO-DATE
:startScripts UP-TO-DATE
:distTar UP-TO-DATE
:distZip UP-TO-DATE
:assemble UP-TO-DATE
:compileTestJava UP-TO-DATE
:processTestResources NO-SOURCE
:testClasses UP-TO-DATE
:test UP-TO-DATE
:check UP-TO-DATE
:build UP-TO-DATE

BUILD SUCCESSFUL in 0s
7 actionable tasks: 7 up-to-date
11:19:12.130 [DEBUG] [org.gradle.launcher.daemon.server.exec.ExecuteBuild] The daemon has finished executing the build.
11:19:12.138 [DEBUG] [org.gradle.launcher.daemon.server.DaemonStateCoordinator] daemon is running. Sleeping until state changes.
11:19:12.138 [DEBUG] [org.gradle.launcher.daemon.server.DaemonStateCoordinator] Command execution: finished waiting for DaemonCommandExecution[command = Build{id=c0270079-2154-47c9-98f9-4e7496bb38a0.1, currentDir=/home/student/gradleapp}, connection = DefaultDaemonConnection: socket connection from /0:0:0:0:0:0:0:1:42395 to /0:0:0:0:0:0:0:1:53576]. Result org.gradle.launcher.daemon.server.DaemonStateCoordinator@423d1111 with state Busy
11:19:12.138 [DEBUG] [org.gradle.launcher.daemon.server.DaemonStateCoordinator] Command execution: completed DaemonCommandExecution[command = Build{id=c0270079-2154-47c9-98f9-4e7496bb38a0.1, currentDir=/home/student/gradleapp}, connection = DefaultDaemonConnection: socket connection from /0:0:0:0:0:0:0:1:42395 to /0:0:0:0:0:0:0:1:53576]
11:19:12.138 [DEBUG] [org.gradle.launcher.daemon.server.DaemonStateCoordinator] resetting idle timer
11:19:12.138 [INFO] [org.gradle.launcher.daemon.server.DaemonRegistryUpdater] Marking the daemon as idle, address: [c5abe67c-4535-46a6-8549-8ed66c8be0f4 port:42395, addresses:[/0:0:0:0:0:0:0:1%lo, /127.0.0.1]]
11:19:12.138 [DEBUG] [org.gradle.launcher.daemon.registry.PersistentDaemonRegistry] Marking busy by address: [c5abe67c-4535-46a6-8549-8ed66c8be0f4 port:42395, addresses:[/0:0:0:0:0:0:0:1%lo, /127.0.0.1]]
11:19:12.138 [DEBUG] [org.gradle.cache.internal.DefaultFileLockManager] Waiting to acquire exclusive lock on daemon addresses registry.
11:19:12.138 [DEBUG] [org.gradle.cache.internal.DefaultFileLockManager] Lock acquired on daemon addresses registry.
11:19:12.138 [DEBUG] [org.gradle.cache.internal.DefaultFileLockManager] Releasing lock on daemon addresses registry.
11:19:12.138 [DEBUG] [org.gradle.launcher.daemon.server.DaemonStateCoordinator] daemon is running. Sleeping until state changes.
11:19:12.138 [DEBUG] [org.gradle.launcher.daemon.server.exec.ReturnResult] Daemon is dispatching the build result: Success[value=null]
11:19:12.138 [DEBUG] [org.gradle.launcher.daemon.server.SynchronizedDispatchConnection] thread 216: dispatching class org.gradle.launcher.daemon.protocol.Success
11:19:12.138 [DEBUG] [org.gradle.launcher.daemon.server.DefaultIncomingConnectionHandler] Finishing executing command: Build{id=c0270079-2154-47c9-98f9-4e7496bb38a0.1, currentDir=/home/student/gradleapp}
11:19:12.140 [DEBUG] [org.gradle.launcher.daemon.server.SynchronizedDispatchConnection] thread 266: received class org.gradle.launcher.daemon.protocol.CloseInput
11:19:12.140 [DEBUG] [org.gradle.launcher.daemon.server.DefaultDaemonConnection] thread 266: Received IO message from client: org.gradle.launcher.daemon.protocol.CloseInput@64c00234
11:19:12.141 [DEBUG] [org.gradle.launcher.daemon.server.SynchronizedDispatchConnection] thread 266: received class org.gradle.launcher.daemon.protocol.Finished
11:19:12.141 [DEBUG] [org.gradle.launcher.daemon.server.DefaultDaemonConnection] thread 266: Received non-IO message from client: org.gradle.launcher.daemon.protocol.Finished@6a07f0dc
11:19:12.141 [DEBUG] [org.gradle.launcher.daemon.server.DefaultIncomingConnectionHandler] Received finished message: org.gradle.launcher.daemon.protocol.Finished@6a07f0dc
11:19:12.141 [DEBUG] [org.gradle.launcher.daemon.server.SynchronizedDispatchConnection] thread 216: stopping connection
11:19:12.141 [DEBUG] [org.gradle.internal.remote.internal.inet.SocketConnection] Discarding EOFException: java.io.EOFException
11:19:12.141 [DEBUG] [org.gradle.launcher.daemon.server.SynchronizedDispatchConnection] thread 266: received null
11:19:12.141 [DEBUG] [org.gradle.launcher.daemon.server.DefaultDaemonConnection] thread 266: Received end-of-input from client.
11:19:12.141 [DEBUG] [org.gradle.launcher.daemon.server.SynchronizedDispatchConnection] thread 216: stopping connection
11:19:15.431 [DEBUG] [org.gradle.internal.remote.internal.inet.TcpIncomingConnector] Accepted connection from /0:0:0:0:0:0:0:1:53582 to /0:0:0:0:0:0:0:1:42395.
11:19:15.455 [DEBUG] [org.gradle.launcher.daemon.server.SynchronizedDispatchConnection] thread 294: received class org.gradle.launcher.daemon.protocol.Build
11:19:15.455 [DEBUG] [org.gradle.launcher.daemon.server.DefaultDaemonConnection] thread 294: Received non-IO message from client: Build{id=e4e9a46b-58e4-45d1-9325-7f41f3478479.1, currentDir=/home/student/gradleapp}
11:19:15.455 [INFO] [org.gradle.launcher.daemon.server.DefaultIncomingConnectionHandler] Received command: Build{id=e4e9a46b-58e4-45d1-9325-7f41f3478479.1, currentDir=/home/student/gradleapp}.
11:19:15.455 [DEBUG] [org.gradle.launcher.daemon.server.DefaultIncomingConnectionHandler] Starting executing command: Build{id=e4e9a46b-58e4-45d1-9325-7f41f3478479.1, currentDir=/home/student/gradleapp} with connection: socket connection from /0:0:0:0:0:0:0:1:42395 to /0:0:0:0:0:0:0:1:53582.
11:19:15.455 [ERROR] [org.gradle.launcher.daemon.server.DaemonStateCoordinator] Command execution: started DaemonCommandExecution[command = Build{id=e4e9a46b-58e4-45d1-9325-7f41f3478479.1, currentDir=/home/student/gradleapp}, connection = DefaultDaemonConnection: socket connection from /0:0:0:0:0:0:0:1:42395 to /0:0:0:0:0:0:0:1:53582] after 0.0 minutes of idle
11:19:15.455 [INFO] [org.gradle.launcher.daemon.server.DaemonRegistryUpdater] Marking the daemon as busy, address: [c5abe67c-4535-46a6-8549-8ed66c8be0f4 port:42395, addresses:[/0:0:0:0:0:0:0:1%lo, /127.0.0.1]]
11:19:15.455 [DEBUG] [org.gradle.launcher.daemon.registry.PersistentDaemonRegistry] Marking busy by address: [c5abe67c-4535-46a6-8549-8ed66c8be0f4 port:42395, addresses:[/0:0:0:0:0:0:0:1%lo, /127.0.0.1]]
11:19:15.455 [DEBUG] [org.gradle.cache.internal.DefaultFileLockManager] Waiting to acquire exclusive lock on daemon addresses registry.
11:19:15.455 [DEBUG] [org.gradle.cache.internal.DefaultFileLockManager] Lock acquired on daemon addresses registry.
11:19:15.456 [DEBUG] [org.gradle.cache.internal.DefaultFileLockManager] Releasing lock on daemon addresses registry.
11:19:15.456 [DEBUG] [org.gradle.launcher.daemon.server.DaemonStateCoordinator] resetting idle timer
11:19:15.456 [DEBUG] [org.gradle.launcher.daemon.server.DaemonStateCoordinator] daemon is running. Sleeping until state changes.
11:19:15.456 [INFO] [org.gradle.launcher.daemon.server.exec.StartBuildOrRespondWithBusy] Daemon is about to start building Build{id=e4e9a46b-58e4-45d1-9325-7f41f3478479.1, currentDir=/home/student/gradleapp}. Dispatching build started information...
11:19:15.456 [DEBUG] [org.gradle.launcher.daemon.server.SynchronizedDispatchConnection] thread 219: dispatching class org.gradle.launcher.daemon.protocol.BuildStarted
11:19:15.456 [DEBUG] [org.gradle.launcher.daemon.server.exec.EstablishBuildEnvironment] Configuring env variables: {PATH=/usr/local/sbin:/usr/local/bin:/usr/sbin:/usr/bin:/sbin:/bin:/usr/games:/usr/local/games:/snap/bin:/snap/bin, XAUTHORITY=/run/user/1001/.mutter-Xwaylandauth.IN53L3, LESSCLOSE=/usr/bin/lesspipe %s %s, XMODIFIERS=@im=ibus, XDG_DATA_DIRS=/usr/share/ubuntu:/usr/local/share/:/usr/share/:/var/lib/snapd/desktop, GDMSESSION=ubuntu, QT_IM_MODULE=ibus, TERM=xterm-256color, XDG_CONFIG_DIRS=/etc/xdg/xdg-ubuntu:/etc/xdg, GNOME_TERMINAL_SERVICE=:1.99, LANG=en_IN, DBUS_SESSION_BUS_ADDRESS=unix:path=/run/user/1001/bus, XDG_SESSION_TYPE=wayland, XDG_CURRENT_DESKTOP=ubuntu:GNOME, DISPLAY=:0, WAYLAND_DISPLAY=wayland-0, COLORTERM=truecolor, SESSION_MANAGER=local/aimll501pc12-HP-Pro-Tower-280-G9-PCI-Desktop-PC:@/tmp/.ICE-unix/1728,unix/aimll501pc12-HP-Pro-Tower-280-G9-PCI-Desktop-PC:/tmp/.ICE-unix/1728, USERNAME=student, LOGNAME=student, PWD=/home/student/gradleapp, IM_CONFIG_PHASE=1, XDG_SESSION_CLASS=user, _=/usr/bin/gradle, LANGUAGE=en_IN:en, SHELL=/bin/bash, LESSOPEN=| /usr/bin/lesspipe %s, DESKTOP_SESSION=ubuntu, OLDPWD=/usr/share/gradle, USER=student, XDG_MENU_PREFIX=gnome-, VTE_VERSION=6800, QT_ACCESSIBILITY=1, GNOME_DESKTOP_SESSION_ID=this-is-deprecated, SSH_AUTH_SOCK=/run/user/1001/keyring/ssh, GNOME_TERMINAL_SCREEN=/org/gnome/Terminal/screen/00451b6d_34b3_4201_9694_13d3c98f1d31, GTK_MODULES=gail:atk-bridge, GNOME_SHELL_SESSION_MODE=ubuntu, SYSTEMD_EXEC_PID=1759, LS_COLORS=rs=0:di=01;34:ln=01;36:mh=00:pi=40;33:so=01;35:do=01;35:bd=40;33;01:cd=40;33;01:or=40;31;01:mi=00:su=37;41:sg=30;43:ca=30;41:tw=30;42:ow=34;42:st=37;44:ex=01;32:*.tar=01;31:*.tgz=01;31:*.arc=01;31:*.arj=01;31:*.taz=01;31:*.lha=01;31:*.lz4=01;31:*.lzh=01;31:*.lzma=01;31:*.tlz=01;31:*.txz=01;31:*.tzo=01;31:*.t7z=01;31:*.zip=01;31:*.z=01;31:*.dz=01;31:*.gz=01;31:*.lrz=01;31:*.lz=01;31:*.lzo=01;31:*.xz=01;31:*.zst=01;31:*.tzst=01;31:*.bz2=01;31:*.bz=01;31:*.tbz=01;31:*.tbz2=01;31:*.tz=01;31:*.deb=01;31:*.rpm=01;31:*.jar=01;31:*.war=01;31:*.ear=01;31:*.sar=01;31:*.rar=01;31:*.alz=01;31:*.ace=01;31:*.zoo=01;31:*.cpio=01;31:*.7z=01;31:*.rz=01;31:*.cab=01;31:*.wim=01;31:*.swm=01;31:*.dwm=01;31:*.esd=01;31:*.jpg=01;35:*.jpeg=01;35:*.mjpg=01;35:*.mjpeg=01;35:*.gif=01;35:*.bmp=01;35:*.pbm=01;35:*.pgm=01;35:*.ppm=01;35:*.tga=01;35:*.xbm=01;35:*.xpm=01;35:*.tif=01;35:*.tiff=01;35:*.png=01;35:*.svg=01;35:*.svgz=01;35:*.mng=01;35:*.pcx=01;35:*.mov=01;35:*.mpg=01;35:*.mpeg=01;35:*.m2v=01;35:*.mkv=01;35:*.webm=01;35:*.webp=01;35:*.ogm=01;35:*.mp4=01;35:*.m4v=01;35:*.mp4v=01;35:*.vob=01;35:*.qt=01;35:*.nuv=01;35:*.wmv=01;35:*.asf=01;35:*.rm=01;35:*.rmvb=01;35:*.flc=01;35:*.avi=01;35:*.fli=01;35:*.flv=01;35:*.gl=01;35:*.dl=01;35:*.xcf=01;35:*.xwd=01;35:*.yuv=01;35:*.cgm=01;35:*.emf=01;35:*.ogv=01;35:*.ogx=01;35:*.aac=00;36:*.au=00;36:*.flac=00;36:*.m4a=00;36:*.mid=00;36:*.midi=00;36:*.mka=00;36:*.mp3=00;36:*.mpc=00;36:*.ogg=00;36:*.ra=00;36:*.wav=00;36:*.oga=00;36:*.opus=00;36:*.spx=00;36:*.xspf=00;36:, XDG_SESSION_DESKTOP=ubuntu, XDG_RUNTIME_DIR=/run/user/1001, GNOME_SETUP_DISPLAY=:1, SSH_AGENT_LAUNCHER=gnome-keyring, HOME=/home/student, SHLVL=1}
11:19:15.456 [WARN] [org.gradle.launcher.daemon.server.exec.EstablishBuildEnvironment] Warning: Unable able to set daemon's environment variables to match the client because: 
  Java 9 does not support modifying environment variables.
  If the daemon was started with a significantly different environment from the client, and your build 
  relies on environment variables, you may experience unexpected behavior.
11:19:15.456 [DEBUG] [org.gradle.launcher.daemon.server.exec.LogToClient] About to start relaying all logs to the client via the connection.
11:19:15.456 [INFO] [org.gradle.launcher.daemon.server.exec.LogToClient] The client will now receive all logging from the daemon (pid: 3563). The daemon log file: /home/student/.gradle/daemon/4.4.1/daemon-3563.out.log
11:19:15.456 [INFO] [org.gradle.launcher.daemon.server.exec.LogAndCheckHealth] Starting 19th build in daemon [uptime: 18 mins 39.744 secs, performance: 99%]
11:19:15.456 [DEBUG] [org.gradle.launcher.daemon.server.exec.ExecuteBuild] The daemon has started executing the build.
11:19:15.456 [DEBUG] [org.gradle.launcher.daemon.server.exec.ExecuteBuild] Executing build with daemon context: DefaultDaemonContext[uid=6097f117-ad2a-4ee3-92ec-fb117d27c418,javaHome=/usr/lib/jvm/java-11-openjdk-amd64,daemonRegistryDir=/home/student/.gradle/daemon,pid=3563,idleTimeout=10800000,daemonOpts=-XX:+HeapDumpOnOutOfMemoryError,-Xmx1024m,-Dfile.encoding=UTF-8,-Duser.country=IN,-Duser.language=en,-Duser.variant]
:compileJava UP-TO-DATE
:processResources NO-SOURCE
:classes UP-TO-DATE
:run
Hello world.

BUILD SUCCESSFUL in 0s
2 actionable tasks: 1 executed, 1 up-to-date
11:19:15.506 [DEBUG] [org.gradle.launcher.daemon.server.exec.ExecuteBuild] The daemon has finished executing the build.
11:19:15.507 [DEBUG] [org.gradle.launcher.daemon.server.DaemonStateCoordinator] Command execution: finished waiting for DaemonCommandExecution[command = Build{id=e4e9a46b-58e4-45d1-9325-7f41f3478479.1, currentDir=/home/student/gradleapp}, connection = DefaultDaemonConnection: socket connection from /0:0:0:0:0:0:0:1:42395 to /0:0:0:0:0:0:0:1:53582]. Result org.gradle.launcher.daemon.server.DaemonStateCoordinator@423d1111 with state Busy
11:19:15.507 [DEBUG] [org.gradle.launcher.daemon.server.DaemonStateCoordinator] Command execution: completed DaemonCommandExecution[command = Build{id=e4e9a46b-58e4-45d1-9325-7f41f3478479.1, currentDir=/home/student/gradleapp}, connection = DefaultDaemonConnection: socket connection from /0:0:0:0:0:0:0:1:42395 to /0:0:0:0:0:0:0:1:53582]
11:19:15.507 [DEBUG] [org.gradle.launcher.daemon.server.DaemonStateCoordinator] resetting idle timer
11:19:15.507 [INFO] [org.gradle.launcher.daemon.server.DaemonRegistryUpdater] Marking the daemon as idle, address: [c5abe67c-4535-46a6-8549-8ed66c8be0f4 port:42395, addresses:[/0:0:0:0:0:0:0:1%lo, /127.0.0.1]]
11:19:15.507 [DEBUG] [org.gradle.launcher.daemon.registry.PersistentDaemonRegistry] Marking busy by address: [c5abe67c-4535-46a6-8549-8ed66c8be0f4 port:42395, addresses:[/0:0:0:0:0:0:0:1%lo, /127.0.0.1]]
11:19:15.507 [DEBUG] [org.gradle.cache.internal.DefaultFileLockManager] Waiting to acquire exclusive lock on daemon addresses registry.
11:19:15.507 [DEBUG] [org.gradle.cache.internal.DefaultFileLockManager] Lock acquired on daemon addresses registry.
11:19:15.508 [DEBUG] [org.gradle.cache.internal.DefaultFileLockManager] Releasing lock on daemon addresses registry.
11:19:15.508 [DEBUG] [org.gradle.launcher.daemon.server.DaemonStateCoordinator] daemon is running. Sleeping until state changes.
11:19:15.508 [DEBUG] [org.gradle.launcher.daemon.server.exec.ReturnResult] Daemon is dispatching the build result: Success[value=null]
11:19:15.508 [DEBUG] [org.gradle.launcher.daemon.server.SynchronizedDispatchConnection] thread 216: dispatching class org.gradle.launcher.daemon.protocol.Success
11:19:15.508 [DEBUG] [org.gradle.launcher.daemon.server.DefaultIncomingConnectionHandler] Finishing executing command: Build{id=e4e9a46b-58e4-45d1-9325-7f41f3478479.1, currentDir=/home/student/gradleapp}
11:19:15.509 [DEBUG] [org.gradle.launcher.daemon.server.SynchronizedDispatchConnection] thread 294: received class org.gradle.launcher.daemon.protocol.CloseInput
11:19:15.509 [DEBUG] [org.gradle.launcher.daemon.server.DefaultDaemonConnection] thread 294: Received IO message from client: org.gradle.launcher.daemon.protocol.CloseInput@7deddb01
11:19:15.510 [DEBUG] [org.gradle.launcher.daemon.server.SynchronizedDispatchConnection] thread 294: received class org.gradle.launcher.daemon.protocol.Finished
11:19:15.510 [DEBUG] [org.gradle.launcher.daemon.server.DefaultDaemonConnection] thread 294: Received non-IO message from client: org.gradle.launcher.daemon.protocol.Finished@732a3acc
11:19:15.510 [DEBUG] [org.gradle.launcher.daemon.server.DefaultIncomingConnectionHandler] Received finished message: org.gradle.launcher.daemon.protocol.Finished@732a3acc
11:19:15.510 [DEBUG] [org.gradle.internal.remote.internal.inet.SocketConnection] Discarding EOFException: java.io.EOFException
11:19:15.510 [DEBUG] [org.gradle.launcher.daemon.server.SynchronizedDispatchConnection] thread 216: stopping connection
11:19:15.510 [DEBUG] [org.gradle.launcher.daemon.server.SynchronizedDispatchConnection] thread 294: received null
11:19:15.510 [DEBUG] [org.gradle.launcher.daemon.server.DefaultDaemonConnection] thread 294: Received end-of-input from client.
11:19:15.510 [DEBUG] [org.gradle.launcher.daemon.server.SynchronizedDispatchConnection] thread 216: stopping connection
11:19:15.773 [DEBUG] [org.gradle.launcher.daemon.server.Daemon] DaemonExpirationPeriodicCheck running
11:19:15.774 [DEBUG] [org.gradle.cache.internal.DefaultFileLockManager] Waiting to acquire shared lock on daemon addresses registry.
11:19:15.774 [DEBUG] [org.gradle.cache.internal.DefaultFileLockManager] Lock acquired on daemon addresses registry.
11:19:15.774 [DEBUG] [org.gradle.cache.internal.DefaultFileLockManager] Releasing lock on daemon addresses registry.
11:19:15.774 [DEBUG] [org.gradle.cache.internal.DefaultFileLockManager] Waiting to acquire shared lock on daemon addresses registry.
11:19:15.774 [DEBUG] [org.gradle.cache.internal.DefaultFileLockManager] Lock acquired on daemon addresses registry.
11:19:15.774 [DEBUG] [org.gradle.cache.internal.DefaultFileLockManager] Releasing lock on daemon addresses registry.
11:19:16.352 [DEBUG] [org.gradle.process.internal.health.memory.MemoryManager] Emitting OS memory status event {Total: 16440082432, Free: 13999251456}
11:19:16.352 [DEBUG] [org.gradle.launcher.daemon.server.health.LowMemoryDaemonExpirationStrategy] Received memory status update: {Total: 16440082432, Free: 13999251456}
11:19:16.352 [DEBUG] [org.gradle.process.internal.health.memory.MemoryManager] Emitting JVM memory status event {Maximum: 1073741824, Committed: 260046848}
11:19:21.352 [DEBUG] [org.gradle.process.internal.health.memory.MemoryManager] Emitting OS memory status event {Total: 16440082432, Free: 14005608448}
11:19:21.352 [DEBUG] [org.gradle.launcher.daemon.server.health.LowMemoryDaemonExpirationStrategy] Received memory status update: {Total: 16440082432, Free: 14005608448}
11:19:21.352 [DEBUG] [org.gradle.process.internal.health.memory.MemoryManager] Emitting JVM memory status event {Maximum: 1073741824, Committed: 260046848}
11:19:25.774 [DEBUG] [org.gradle.launcher.daemon.server.Daemon] DaemonExpirationPeriodicCheck running
11:19:25.774 [DEBUG] [org.gradle.cache.internal.DefaultFileLockManager] Waiting to acquire shared lock on daemon addresses registry.
11:19:25.774 [DEBUG] [org.gradle.cache.internal.DefaultFileLockManager] Lock acquired on daemon addresses registry.
11:19:25.774 [DEBUG] [org.gradle.cache.internal.DefaultFileLockManager] Releasing lock on daemon addresses registry.
11:19:25.774 [DEBUG] [org.gradle.cache.internal.DefaultFileLockManager] Waiting to acquire shared lock on daemon addresses registry.
11:19:25.774 [DEBUG] [org.gradle.cache.internal.DefaultFileLockManager] Lock acquired on daemon addresses registry.
11:19:25.774 [DEBUG] [org.gradle.cache.internal.DefaultFileLockManager] Releasing lock on daemon addresses registry.
11:19:25.774 [DEBUG] [org.gradle.cache.internal.DefaultFileLockManager] Waiting to acquire shared lock on daemon addresses registry.
11:19:25.774 [DEBUG] [org.gradle.cache.internal.DefaultFileLockManager] Lock acquired on daemon addresses registry.
11:19:25.774 [DEBUG] [org.gradle.cache.internal.DefaultFileLockManager] Releasing lock on daemon addresses registry.
11:19:26.352 [DEBUG] [org.gradle.process.internal.health.memory.MemoryManager] Emitting OS memory status event {Total: 16440082432, Free: 14005391360}
11:19:26.352 [DEBUG] [org.gradle.launcher.daemon.server.health.LowMemoryDaemonExpirationStrategy] Received memory status update: {Total: 16440082432, Free: 14005391360}
11:19:26.352 [DEBUG] [org.gradle.process.internal.health.memory.MemoryManager] Emitting JVM memory status event {Maximum: 1073741824, Committed: 260046848}
11:19:31.352 [DEBUG] [org.gradle.process.internal.health.memory.MemoryManager] Emitting OS memory status event {Total: 16440082432, Free: 14005407744}
11:19:31.352 [DEBUG] [org.gradle.launcher.daemon.server.health.LowMemoryDaemonExpirationStrategy] Received memory status update: {Total: 16440082432, Free: 14005407744}
11:19:31.352 [DEBUG] [org.gradle.process.internal.health.memory.MemoryManager] Emitting JVM memory status event {Maximum: 1073741824, Committed: 260046848}
11:19:35.774 [DEBUG] [org.gradle.launcher.daemon.server.Daemon] DaemonExpirationPeriodicCheck running
11:19:35.774 [DEBUG] [org.gradle.cache.internal.DefaultFileLockManager] Waiting to acquire shared lock on daemon addresses registry.
11:19:35.775 [DEBUG] [org.gradle.cache.internal.DefaultFileLockManager] Lock acquired on daemon addresses registry.
11:19:35.775 [DEBUG] [org.gradle.cache.internal.DefaultFileLockManager] Releasing lock on daemon addresses registry.
11:19:35.775 [DEBUG] [org.gradle.cache.internal.DefaultFileLockManager] Waiting to acquire shared lock on daemon addresses registry.
11:19:35.775 [DEBUG] [org.gradle.cache.internal.DefaultFileLockManager] Lock acquired on daemon addresses registry.
11:19:35.775 [DEBUG] [org.gradle.cache.internal.DefaultFileLockManager] Releasing lock on daemon addresses registry.
11:19:35.775 [DEBUG] [org.gradle.cache.internal.DefaultFileLockManager] Waiting to acquire shared lock on daemon addresses registry.
11:19:35.775 [DEBUG] [org.gradle.cache.internal.DefaultFileLockManager] Lock acquired on daemon addresses registry.
11:19:35.775 [DEBUG] [org.gradle.cache.internal.DefaultFileLockManager] Releasing lock on daemon addresses registry.
11:19:36.352 [DEBUG] [org.gradle.process.internal.health.memory.MemoryManager] Emitting OS memory status event {Total: 16440082432, Free: 14005735424}
11:19:36.352 [DEBUG] [org.gradle.launcher.daemon.server.health.LowMemoryDaemonExpirationStrategy] Received memory status update: {Total: 16440082432, Free: 14005735424}
11:19:36.352 [DEBUG] [org.gradle.process.internal.health.memory.MemoryManager] Emitting JVM memory status event {Maximum: 1073741824, Committed: 260046848}
11:19:41.352 [DEBUG] [org.gradle.process.internal.health.memory.MemoryManager] Emitting OS memory status event {Total: 16440082432, Free: 14005735424}
11:19:41.352 [DEBUG] [org.gradle.launcher.daemon.server.health.LowMemoryDaemonExpirationStrategy] Received memory status update: {Total: 16440082432, Free: 14005735424}
11:19:41.352 [DEBUG] [org.gradle.process.internal.health.memory.MemoryManager] Emitting JVM memory status event {Maximum: 1073741824, Committed: 260046848}
11:19:45.774 [DEBUG] [org.gradle.launcher.daemon.server.Daemon] DaemonExpirationPeriodicCheck running
11:19:45.774 [DEBUG] [org.gradle.cache.internal.DefaultFileLockManager] Waiting to acquire shared lock on daemon addresses registry.
11:19:45.774 [DEBUG] [org.gradle.cache.internal.DefaultFileLockManager] Lock acquired on daemon addresses registry.
11:19:45.774 [DEBUG] [org.gradle.cache.internal.DefaultFileLockManager] Releasing lock on daemon addresses registry.
11:19:45.774 [DEBUG] [org.gradle.cache.internal.DefaultFileLockManager] Waiting to acquire shared lock on daemon addresses registry.
11:19:45.774 [DEBUG] [org.gradle.cache.internal.DefaultFileLockManager] Lock acquired on daemon addresses registry.
11:19:45.774 [DEBUG] [org.gradle.cache.internal.DefaultFileLockManager] Releasing lock on daemon addresses registry.
11:19:45.774 [DEBUG] [org.gradle.cache.internal.DefaultFileLockManager] Waiting to acquire shared lock on daemon addresses registry.
11:19:45.774 [DEBUG] [org.gradle.cache.internal.DefaultFileLockManager] Lock acquired on daemon addresses registry.
11:19:45.774 [DEBUG] [org.gradle.cache.internal.DefaultFileLockManager] Releasing lock on daemon addresses registry.
11:19:46.352 [DEBUG] [org.gradle.process.internal.health.memory.MemoryManager] Emitting OS memory status event {Total: 16440082432, Free: 14005735424}
11:19:46.352 [DEBUG] [org.gradle.launcher.daemon.server.health.LowMemoryDaemonExpirationStrategy] Received memory status update: {Total: 16440082432, Free: 14005735424}
11:19:46.352 [DEBUG] [org.gradle.process.internal.health.memory.MemoryManager] Emitting JVM memory status event {Maximum: 1073741824, Committed: 260046848}
11:19:51.352 [DEBUG] [org.gradle.process.internal.health.memory.MemoryManager] Emitting OS memory status event {Total: 16440082432, Free: 14005768192}
11:19:51.352 [DEBUG] [org.gradle.launcher.daemon.server.health.LowMemoryDaemonExpirationStrategy] Received memory status update: {Total: 16440082432, Free: 14005768192}
11:19:51.352 [DEBUG] [org.gradle.process.internal.health.memory.MemoryManager] Emitting JVM memory status event {Maximum: 1073741824, Committed: 260046848}
11:19:55.774 [DEBUG] [org.gradle.launcher.daemon.server.Daemon] DaemonExpirationPeriodicCheck running
11:19:55.774 [DEBUG] [org.gradle.cache.internal.DefaultFileLockManager] Waiting to acquire shared lock on daemon addresses registry.
11:19:55.774 [DEBUG] [org.gradle.cache.internal.DefaultFileLockManager] Lock acquired on daemon addresses registry.
11:19:55.774 [DEBUG] [org.gradle.cache.internal.DefaultFileLockManager] Releasing lock on daemon addresses registry.
11:19:55.774 [DEBUG] [org.gradle.cache.internal.DefaultFileLockManager] Waiting to acquire shared lock on daemon addresses registry.
11:19:55.774 [DEBUG] [org.gradle.cache.internal.DefaultFileLockManager] Lock acquired on daemon addresses registry.
11:19:55.774 [DEBUG] [org.gradle.cache.internal.DefaultFileLockManager] Releasing lock on daemon addresses registry.
11:19:55.774 [DEBUG] [org.gradle.cache.internal.DefaultFileLockManager] Waiting to acquire shared lock on daemon addresses registry.
11:19:55.774 [DEBUG] [org.gradle.cache.internal.DefaultFileLockManager] Lock acquired on daemon addresses registry.
11:19:55.774 [DEBUG] [org.gradle.cache.internal.DefaultFileLockManager] Releasing lock on daemon addresses registry.
11:19:56.351 [DEBUG] [org.gradle.process.internal.health.memory.MemoryManager] Emitting OS memory status event {Total: 16440082432, Free: 14006038528}
11:19:56.352 [DEBUG] [org.gradle.launcher.daemon.server.health.LowMemoryDaemonExpirationStrategy] Received memory status update: {Total: 16440082432, Free: 14006038528}
11:19:56.352 [DEBUG] [org.gradle.process.internal.health.memory.MemoryManager] Emitting JVM memory status event {Maximum: 1073741824, Committed: 260046848}
11:20:01.352 [DEBUG] [org.gradle.process.internal.health.memory.MemoryManager] Emitting OS memory status event {Total: 16440082432, Free: 14009847808}
11:20:01.352 [DEBUG] [org.gradle.launcher.daemon.server.health.LowMemoryDaemonExpirationStrategy] Received memory status update: {Total: 16440082432, Free: 14009847808}
11:20:01.352 [DEBUG] [org.gradle.process.internal.health.memory.MemoryManager] Emitting JVM memory status event {Maximum: 1073741824, Committed: 260046848}
11:20:05.774 [DEBUG] [org.gradle.launcher.daemon.server.Daemon] DaemonExpirationPeriodicCheck running
11:20:05.774 [DEBUG] [org.gradle.cache.internal.DefaultFileLockManager] Waiting to acquire shared lock on daemon addresses registry.
11:20:05.775 [DEBUG] [org.gradle.cache.internal.DefaultFileLockManager] Lock acquired on daemon addresses registry.
11:20:05.775 [DEBUG] [org.gradle.cache.internal.DefaultFileLockManager] Releasing lock on daemon addresses registry.
11:20:05.775 [DEBUG] [org.gradle.cache.internal.DefaultFileLockManager] Waiting to acquire shared lock on daemon addresses registry.
11:20:05.775 [DEBUG] [org.gradle.cache.internal.DefaultFileLockManager] Lock acquired on daemon addresses registry.
11:20:05.775 [DEBUG] [org.gradle.cache.internal.DefaultFileLockManager] Releasing lock on daemon addresses registry.
11:20:05.775 [DEBUG] [org.gradle.cache.internal.DefaultFileLockManager] Waiting to acquire shared lock on daemon addresses registry.
11:20:05.775 [DEBUG] [org.gradle.cache.internal.DefaultFileLockManager] Lock acquired on daemon addresses registry.
11:20:05.775 [DEBUG] [org.gradle.cache.internal.DefaultFileLockManager] Releasing lock on daemon addresses registry.
11:20:06.352 [DEBUG] [org.gradle.process.internal.health.memory.MemoryManager] Emitting OS memory status event {Total: 16440082432, Free: 14014128128}
11:20:06.352 [DEBUG] [org.gradle.launcher.daemon.server.health.LowMemoryDaemonExpirationStrategy] Received memory status update: {Total: 16440082432, Free: 14014128128}
11:20:06.352 [DEBUG] [org.gradle.process.internal.health.memory.MemoryManager] Emitting JVM memory status event {Maximum: 1073741824, Committed: 260046848}
11:20:11.352 [DEBUG] [org.gradle.process.internal.health.memory.MemoryManager] Emitting OS memory status event {Total: 16440082432, Free: 14014136320}
11:20:11.352 [DEBUG] [org.gradle.launcher.daemon.server.health.LowMemoryDaemonExpirationStrategy] Received memory status update: {Total: 16440082432, Free: 14014136320}
11:20:11.352 [DEBUG] [org.gradle.process.internal.health.memory.MemoryManager] Emitting JVM memory status event {Maximum: 1073741824, Committed: 260046848}
11:20:15.774 [DEBUG] [org.gradle.launcher.daemon.server.Daemon] DaemonExpirationPeriodicCheck running
11:20:15.774 [DEBUG] [org.gradle.cache.internal.DefaultFileLockManager] Waiting to acquire shared lock on daemon addresses registry.
11:20:15.774 [DEBUG] [org.gradle.cache.internal.DefaultFileLockManager] Lock acquired on daemon addresses registry.
11:20:15.774 [DEBUG] [org.gradle.cache.internal.DefaultFileLockManager] Releasing lock on daemon addresses registry.
11:20:15.774 [DEBUG] [org.gradle.cache.internal.DefaultFileLockManager] Waiting to acquire shared lock on daemon addresses registry.
11:20:15.774 [DEBUG] [org.gradle.cache.internal.DefaultFileLockManager] Lock acquired on daemon addresses registry.
11:20:15.774 [DEBUG] [org.gradle.cache.internal.DefaultFileLockManager] Releasing lock on daemon addresses registry.
11:20:15.774 [DEBUG] [org.gradle.cache.internal.DefaultFileLockManager] Waiting to acquire shared lock on daemon addresses registry.
11:20:15.774 [DEBUG] [org.gradle.cache.internal.DefaultFileLockManager] Lock acquired on daemon addresses registry.
11:20:15.774 [DEBUG] [org.gradle.cache.internal.DefaultFileLockManager] Releasing lock on daemon addresses registry.
11:20:16.352 [DEBUG] [org.gradle.process.internal.health.memory.MemoryManager] Emitting OS memory status event {Total: 16440082432, Free: 14014197760}
11:20:16.352 [DEBUG] [org.gradle.launcher.daemon.server.health.LowMemoryDaemonExpirationStrategy] Received memory status update: {Total: 16440082432, Free: 14014197760}
11:20:16.352 [DEBUG] [org.gradle.process.internal.health.memory.MemoryManager] Emitting JVM memory status event {Maximum: 1073741824, Committed: 260046848}
11:20:21.352 [DEBUG] [org.gradle.process.internal.health.memory.MemoryManager] Emitting OS memory status event {Total: 16440082432, Free: 14014222336}
11:20:21.352 [DEBUG] [org.gradle.launcher.daemon.server.health.LowMemoryDaemonExpirationStrategy] Received memory status update: {Total: 16440082432, Free: 14014222336}
11:20:21.352 [DEBUG] [org.gradle.process.internal.health.memory.MemoryManager] Emitting JVM memory status event {Maximum: 1073741824, Committed: 260046848}
11:20:25.774 [DEBUG] [org.gradle.launcher.daemon.server.Daemon] DaemonExpirationPeriodicCheck running
11:20:25.774 [DEBUG] [org.gradle.cache.internal.DefaultFileLockManager] Waiting to acquire shared lock on daemon addresses registry.
11:20:25.774 [DEBUG] [org.gradle.cache.internal.DefaultFileLockManager] Lock acquired on daemon addresses registry.
11:20:25.774 [DEBUG] [org.gradle.cache.internal.DefaultFileLockManager] Releasing lock on daemon addresses registry.
11:20:25.774 [DEBUG] [org.gradle.cache.internal.DefaultFileLockManager] Waiting to acquire shared lock on daemon addresses registry.
11:20:25.774 [DEBUG] [org.gradle.cache.internal.DefaultFileLockManager] Lock acquired on daemon addresses registry.
11:20:25.774 [DEBUG] [org.gradle.cache.internal.DefaultFileLockManager] Releasing lock on daemon addresses registry.
11:20:25.774 [DEBUG] [org.gradle.cache.internal.DefaultFileLockManager] Waiting to acquire shared lock on daemon addresses registry.
11:20:25.774 [DEBUG] [org.gradle.cache.internal.DefaultFileLockManager] Lock acquired on daemon addresses registry.
11:20:25.774 [DEBUG] [org.gradle.cache.internal.DefaultFileLockManager] Releasing lock on daemon addresses registry.
11:20:26.352 [DEBUG] [org.gradle.process.internal.health.memory.MemoryManager] Emitting OS memory status event {Total: 16440082432, Free: 14014222336}
11:20:26.352 [DEBUG] [org.gradle.launcher.daemon.server.health.LowMemoryDaemonExpirationStrategy] Received memory status update: {Total: 16440082432, Free: 14014222336}
11:20:26.352 [DEBUG] [org.gradle.process.internal.health.memory.MemoryManager] Emitting JVM memory status event {Maximum: 1073741824, Committed: 260046848}
11:20:31.352 [DEBUG] [org.gradle.process.internal.health.memory.MemoryManager] Emitting OS memory status event {Total: 16440082432, Free: 14014001152}
11:20:31.352 [DEBUG] [org.gradle.launcher.daemon.server.health.LowMemoryDaemonExpirationStrategy] Received memory status update: {Total: 16440082432, Free: 14014001152}
11:20:31.352 [DEBUG] [org.gradle.process.internal.health.memory.MemoryManager] Emitting JVM memory status event {Maximum: 1073741824, Committed: 260046848}
11:20:35.774 [DEBUG] [org.gradle.launcher.daemon.server.Daemon] DaemonExpirationPeriodicCheck running
11:20:35.774 [DEBUG] [org.gradle.cache.internal.DefaultFileLockManager] Waiting to acquire shared lock on daemon addresses registry.
11:20:35.774 [DEBUG] [org.gradle.cache.internal.DefaultFileLockManager] Lock acquired on daemon addresses registry.
11:20:35.774 [DEBUG] [org.gradle.cache.internal.DefaultFileLockManager] Releasing lock on daemon addresses registry.
11:20:35.774 [DEBUG] [org.gradle.cache.internal.DefaultFileLockManager] Waiting to acquire shared lock on daemon addresses registry.
11:20:35.774 [DEBUG] [org.gradle.cache.internal.DefaultFileLockManager] Lock acquired on daemon addresses registry.
11:20:35.774 [DEBUG] [org.gradle.cache.internal.DefaultFileLockManager] Releasing lock on daemon addresses registry.
11:20:35.774 [DEBUG] [org.gradle.cache.internal.DefaultFileLockManager] Waiting to acquire shared lock on daemon addresses registry.
11:20:35.774 [DEBUG] [org.gradle.cache.internal.DefaultFileLockManager] Lock acquired on daemon addresses registry.
11:20:35.774 [DEBUG] [org.gradle.cache.internal.DefaultFileLockManager] Releasing lock on daemon addresses registry.
11:20:36.352 [DEBUG] [org.gradle.process.internal.health.memory.MemoryManager] Emitting OS memory status event {Total: 16440082432, Free: 14009679872}
11:20:36.352 [DEBUG] [org.gradle.launcher.daemon.server.health.LowMemoryDaemonExpirationStrategy] Received memory status update: {Total: 16440082432, Free: 14009679872}
11:20:36.352 [DEBUG] [org.gradle.process.internal.health.memory.MemoryManager] Emitting JVM memory status event {Maximum: 1073741824, Committed: 260046848}
11:20:41.352 [DEBUG] [org.gradle.process.internal.health.memory.MemoryManager] Emitting OS memory status event {Total: 16440082432, Free: 14022000640}
11:20:41.352 [DEBUG] [org.gradle.launcher.daemon.server.health.LowMemoryDaemonExpirationStrategy] Received memory status update: {Total: 16440082432, Free: 14022000640}
11:20:41.352 [DEBUG] [org.gradle.process.internal.health.memory.MemoryManager] Emitting JVM memory status event {Maximum: 1073741824, Committed: 260046848}
11:20:45.774 [DEBUG] [org.gradle.launcher.daemon.server.Daemon] DaemonExpirationPeriodicCheck running
11:20:45.774 [DEBUG] [org.gradle.cache.internal.DefaultFileLockManager] Waiting to acquire shared lock on daemon addresses registry.
11:20:45.774 [DEBUG] [org.gradle.cache.internal.DefaultFileLockManager] Lock acquired on daemon addresses registry.
11:20:45.774 [DEBUG] [org.gradle.cache.internal.DefaultFileLockManager] Releasing lock on daemon addresses registry.
11:20:45.774 [DEBUG] [org.gradle.cache.internal.DefaultFileLockManager] Waiting to acquire shared lock on daemon addresses registry.
11:20:45.774 [DEBUG] [org.gradle.cache.internal.DefaultFileLockManager] Lock acquired on daemon addresses registry.
11:20:45.774 [DEBUG] [org.gradle.cache.internal.DefaultFileLockManager] Releasing lock on daemon addresses registry.
11:20:45.774 [DEBUG] [org.gradle.cache.internal.DefaultFileLockManager] Waiting to acquire shared lock on daemon addresses registry.
11:20:45.774 [DEBUG] [org.gradle.cache.internal.DefaultFileLockManager] Lock acquired on daemon addresses registry.
11:20:45.774 [DEBUG] [org.gradle.cache.internal.DefaultFileLockManager] Releasing lock on daemon addresses registry.
11:20:46.352 [DEBUG] [org.gradle.process.internal.health.memory.MemoryManager] Emitting OS memory status event {Total: 16440082432, Free: 14022529024}
11:20:46.352 [DEBUG] [org.gradle.launcher.daemon.server.health.LowMemoryDaemonExpirationStrategy] Received memory status update: {Total: 16440082432, Free: 14022529024}
11:20:46.352 [DEBUG] [org.gradle.process.internal.health.memory.MemoryManager] Emitting JVM memory status event {Maximum: 1073741824, Committed: 260046848}
11:20:51.352 [DEBUG] [org.gradle.process.internal.health.memory.MemoryManager] Emitting OS memory status event {Total: 16440082432, Free: 14008938496}
11:20:51.352 [DEBUG] [org.gradle.launcher.daemon.server.health.LowMemoryDaemonExpirationStrategy] Received memory status update: {Total: 16440082432, Free: 14008938496}
11:20:51.352 [DEBUG] [org.gradle.process.internal.health.memory.MemoryManager] Emitting JVM memory status event {Maximum: 1073741824, Committed: 260046848}
11:20:55.774 [DEBUG] [org.gradle.launcher.daemon.server.Daemon] DaemonExpirationPeriodicCheck running
11:20:55.774 [DEBUG] [org.gradle.cache.internal.DefaultFileLockManager] Waiting to acquire shared lock on daemon addresses registry.
11:20:55.774 [DEBUG] [org.gradle.cache.internal.DefaultFileLockManager] Lock acquired on daemon addresses registry.
11:20:55.774 [DEBUG] [org.gradle.cache.internal.DefaultFileLockManager] Releasing lock on daemon addresses registry.
11:20:55.774 [DEBUG] [org.gradle.cache.internal.DefaultFileLockManager] Waiting to acquire shared lock on daemon addresses registry.
11:20:55.774 [DEBUG] [org.gradle.cache.internal.DefaultFileLockManager] Lock acquired on daemon addresses registry.
11:20:55.774 [DEBUG] [org.gradle.cache.internal.DefaultFileLockManager] Releasing lock on daemon addresses registry.
11:20:55.774 [DEBUG] [org.gradle.cache.internal.DefaultFileLockManager] Waiting to acquire shared lock on daemon addresses registry.
11:20:55.774 [DEBUG] [org.gradle.cache.internal.DefaultFileLockManager] Lock acquired on daemon addresses registry.
11:20:55.774 [DEBUG] [org.gradle.cache.internal.DefaultFileLockManager] Releasing lock on daemon addresses registry.
11:20:56.351 [DEBUG] [org.gradle.process.internal.health.memory.MemoryManager] Emitting OS memory status event {Total: 16440082432, Free: 14016679936}
11:20:56.351 [DEBUG] [org.gradle.launcher.daemon.server.health.LowMemoryDaemonExpirationStrategy] Received memory status update: {Total: 16440082432, Free: 14016679936}
11:20:56.352 [DEBUG] [org.gradle.process.internal.health.memory.MemoryManager] Emitting JVM memory status event {Maximum: 1073741824, Committed: 260046848}
11:21:01.352 [DEBUG] [org.gradle.process.internal.health.memory.MemoryManager] Emitting OS memory status event {Total: 16440082432, Free: 14026203136}
11:21:01.352 [DEBUG] [org.gradle.launcher.daemon.server.health.LowMemoryDaemonExpirationStrategy] Received memory status update: {Total: 16440082432, Free: 14026203136}
11:21:01.352 [DEBUG] [org.gradle.process.internal.health.memory.MemoryManager] Emitting JVM memory status event {Maximum: 1073741824, Committed: 260046848}
11:21:05.774 [DEBUG] [org.gradle.launcher.daemon.server.Daemon] DaemonExpirationPeriodicCheck running
11:21:05.774 [DEBUG] [org.gradle.cache.internal.DefaultFileLockManager] Waiting to acquire shared lock on daemon addresses registry.
11:21:05.816 [DEBUG] [org.gradle.cache.internal.DefaultFileLockManager] Lock acquired on daemon addresses registry.
11:21:05.816 [DEBUG] [org.gradle.cache.internal.DefaultFileLockManager] Releasing lock on daemon addresses registry.
11:21:05.816 [DEBUG] [org.gradle.cache.internal.DefaultFileLockManager] Waiting to acquire shared lock on daemon addresses registry.
11:21:05.816 [DEBUG] [org.gradle.cache.internal.DefaultFileLockManager] Lock acquired on daemon addresses registry.
11:21:05.816 [DEBUG] [org.gradle.cache.internal.DefaultFileLockManager] Releasing lock on daemon addresses registry.
11:21:05.816 [DEBUG] [org.gradle.cache.internal.DefaultFileLockManager] Waiting to acquire shared lock on daemon addresses registry.
11:21:05.816 [DEBUG] [org.gradle.cache.internal.DefaultFileLockManager] Lock acquired on daemon addresses registry.
11:21:05.816 [DEBUG] [org.gradle.cache.internal.DefaultFileLockManager] Releasing lock on daemon addresses registry.
11:21:06.352 [DEBUG] [org.gradle.process.internal.health.memory.MemoryManager] Emitting OS memory status event {Total: 16440082432, Free: 14026436608}
11:21:06.352 [DEBUG] [org.gradle.launcher.daemon.server.health.LowMemoryDaemonExpirationStrategy] Received memory status update: {Total: 16440082432, Free: 14026436608}
11:21:06.352 [DEBUG] [org.gradle.process.internal.health.memory.MemoryManager] Emitting JVM memory status event {Maximum: 1073741824, Committed: 260046848}
11:21:11.352 [DEBUG] [org.gradle.process.internal.health.memory.MemoryManager] Emitting OS memory status event {Total: 16440082432, Free: 14026444800}
11:21:11.352 [DEBUG] [org.gradle.launcher.daemon.server.health.LowMemoryDaemonExpirationStrategy] Received memory status update: {Total: 16440082432, Free: 14026444800}
11:21:11.352 [DEBUG] [org.gradle.process.internal.health.memory.MemoryManager] Emitting JVM memory status event {Maximum: 1073741824, Committed: 260046848}
11:21:15.774 [DEBUG] [org.gradle.launcher.daemon.server.Daemon] DaemonExpirationPeriodicCheck running
11:21:15.774 [DEBUG] [org.gradle.cache.internal.DefaultFileLockManager] Waiting to acquire shared lock on daemon addresses registry.
11:21:15.774 [DEBUG] [org.gradle.cache.internal.DefaultFileLockManager] Lock acquired on daemon addresses registry.
11:21:15.774 [DEBUG] [org.gradle.cache.internal.DefaultFileLockManager] Releasing lock on daemon addresses registry.
11:21:15.774 [DEBUG] [org.gradle.cache.internal.DefaultFileLockManager] Waiting to acquire shared lock on daemon addresses registry.
11:21:15.774 [DEBUG] [org.gradle.cache.internal.DefaultFileLockManager] Lock acquired on daemon addresses registry.
11:21:15.774 [DEBUG] [org.gradle.cache.internal.DefaultFileLockManager] Releasing lock on daemon addresses registry.
11:21:15.774 [DEBUG] [org.gradle.cache.internal.DefaultFileLockManager] Waiting to acquire shared lock on daemon addresses registry.
11:21:15.774 [DEBUG] [org.gradle.cache.internal.DefaultFileLockManager] Lock acquired on daemon addresses registry.
11:21:15.774 [DEBUG] [org.gradle.cache.internal.DefaultFileLockManager] Releasing lock on daemon addresses registry.
11:21:16.352 [DEBUG] [org.gradle.process.internal.health.memory.MemoryManager] Emitting OS memory status event {Total: 16440082432, Free: 14026301440}
11:21:16.352 [DEBUG] [org.gradle.launcher.daemon.server.health.LowMemoryDaemonExpirationStrategy] Received memory status update: {Total: 16440082432, Free: 14026301440}
11:21:16.352 [DEBUG] [org.gradle.process.internal.health.memory.MemoryManager] Emitting JVM memory status event {Maximum: 1073741824, Committed: 260046848}
11:21:21.353 [DEBUG] [org.gradle.process.internal.health.memory.MemoryManager] Emitting OS memory status event {Total: 16440082432, Free: 14027751424}
11:21:21.353 [DEBUG] [org.gradle.launcher.daemon.server.health.LowMemoryDaemonExpirationStrategy] Received memory status update: {Total: 16440082432, Free: 14027751424}
11:21:21.353 [DEBUG] [org.gradle.process.internal.health.memory.MemoryManager] Emitting JVM memory status event {Maximum: 1073741824, Committed: 260046848}
11:21:25.774 [DEBUG] [org.gradle.launcher.daemon.server.Daemon] DaemonExpirationPeriodicCheck running
11:21:25.774 [DEBUG] [org.gradle.cache.internal.DefaultFileLockManager] Waiting to acquire shared lock on daemon addresses registry.
11:21:25.774 [DEBUG] [org.gradle.cache.internal.DefaultFileLockManager] Lock acquired on daemon addresses registry.
11:21:25.774 [DEBUG] [org.gradle.cache.internal.DefaultFileLockManager] Releasing lock on daemon addresses registry.
11:21:25.774 [DEBUG] [org.gradle.cache.internal.DefaultFileLockManager] Waiting to acquire shared lock on daemon addresses registry.
11:21:25.774 [DEBUG] [org.gradle.cache.internal.DefaultFileLockManager] Lock acquired on daemon addresses registry.
11:21:25.774 [DEBUG] [org.gradle.cache.internal.DefaultFileLockManager] Releasing lock on daemon addresses registry.
11:21:25.774 [DEBUG] [org.gradle.cache.internal.DefaultFileLockManager] Waiting to acquire shared lock on daemon addresses registry.
11:21:25.774 [DEBUG] [org.gradle.cache.internal.DefaultFileLockManager] Lock acquired on daemon addresses registry.
11:21:25.774 [DEBUG] [org.gradle.cache.internal.DefaultFileLockManager] Releasing lock on daemon addresses registry.
11:21:26.352 [DEBUG] [org.gradle.process.internal.health.memory.MemoryManager] Emitting OS memory status event {Total: 16440082432, Free: 14030344192}
11:21:26.352 [DEBUG] [org.gradle.launcher.daemon.server.health.LowMemoryDaemonExpirationStrategy] Received memory status update: {Total: 16440082432, Free: 14030344192}
11:21:26.352 [DEBUG] [org.gradle.process.internal.health.memory.MemoryManager] Emitting JVM memory status event {Maximum: 1073741824, Committed: 260046848}
11:21:31.352 [DEBUG] [org.gradle.process.internal.health.memory.MemoryManager] Emitting OS memory status event {Total: 16440082432, Free: 14030090240}
11:21:31.352 [DEBUG] [org.gradle.launcher.daemon.server.health.LowMemoryDaemonExpirationStrategy] Received memory status update: {Total: 16440082432, Free: 14030090240}
11:21:31.352 [DEBUG] [org.gradle.process.internal.health.memory.MemoryManager] Emitting JVM memory status event {Maximum: 1073741824, Committed: 260046848}
11:21:35.774 [DEBUG] [org.gradle.launcher.daemon.server.Daemon] DaemonExpirationPeriodicCheck running
11:21:35.774 [DEBUG] [org.gradle.cache.internal.DefaultFileLockManager] Waiting to acquire shared lock on daemon addresses registry.
11:21:35.774 [DEBUG] [org.gradle.cache.internal.DefaultFileLockManager] Lock acquired on daemon addresses registry.
11:21:35.774 [DEBUG] [org.gradle.cache.internal.DefaultFileLockManager] Releasing lock on daemon addresses registry.
11:21:35.774 [DEBUG] [org.gradle.cache.internal.DefaultFileLockManager] Waiting to acquire shared lock on daemon addresses registry.
11:21:35.774 [DEBUG] [org.gradle.cache.internal.DefaultFileLockManager] Lock acquired on daemon addresses registry.
11:21:35.774 [DEBUG] [org.gradle.cache.internal.DefaultFileLockManager] Releasing lock on daemon addresses registry.
11:21:35.774 [DEBUG] [org.gradle.cache.internal.DefaultFileLockManager] Waiting to acquire shared lock on daemon addresses registry.
11:21:35.774 [DEBUG] [org.gradle.cache.internal.DefaultFileLockManager] Lock acquired on daemon addresses registry.
11:21:35.774 [DEBUG] [org.gradle.cache.internal.DefaultFileLockManager] Releasing lock on daemon addresses registry.
11:21:36.351 [DEBUG] [org.gradle.process.internal.health.memory.MemoryManager] Emitting OS memory status event {Total: 16440082432, Free: 14027751424}
11:21:36.351 [DEBUG] [org.gradle.launcher.daemon.server.health.LowMemoryDaemonExpirationStrategy] Received memory status update: {Total: 16440082432, Free: 14027751424}
11:21:36.351 [DEBUG] [org.gradle.process.internal.health.memory.MemoryManager] Emitting JVM memory status event {Maximum: 1073741824, Committed: 260046848}
11:21:41.352 [DEBUG] [org.gradle.process.internal.health.memory.MemoryManager] Emitting OS memory status event {Total: 16440082432, Free: 14027776000}
11:21:41.352 [DEBUG] [org.gradle.launcher.daemon.server.health.LowMemoryDaemonExpirationStrategy] Received memory status update: {Total: 16440082432, Free: 14027776000}
11:21:41.352 [DEBUG] [org.gradle.process.internal.health.memory.MemoryManager] Emitting JVM memory status event {Maximum: 1073741824, Committed: 260046848}
11:21:45.774 [DEBUG] [org.gradle.launcher.daemon.server.Daemon] DaemonExpirationPeriodicCheck running
11:21:45.774 [DEBUG] [org.gradle.cache.internal.DefaultFileLockManager] Waiting to acquire shared lock on daemon addresses registry.
11:21:45.774 [DEBUG] [org.gradle.cache.internal.DefaultFileLockManager] Lock acquired on daemon addresses registry.
11:21:45.774 [DEBUG] [org.gradle.cache.internal.DefaultFileLockManager] Releasing lock on daemon addresses registry.
11:21:45.774 [DEBUG] [org.gradle.cache.internal.DefaultFileLockManager] Waiting to acquire shared lock on daemon addresses registry.
11:21:45.774 [DEBUG] [org.gradle.cache.internal.DefaultFileLockManager] Lock acquired on daemon addresses registry.
11:21:45.774 [DEBUG] [org.gradle.cache.internal.DefaultFileLockManager] Releasing lock on daemon addresses registry.
11:21:45.774 [DEBUG] [org.gradle.cache.internal.DefaultFileLockManager] Waiting to acquire shared lock on daemon addresses registry.
11:21:45.774 [DEBUG] [org.gradle.cache.internal.DefaultFileLockManager] Lock acquired on daemon addresses registry.
11:21:45.774 [DEBUG] [org.gradle.cache.internal.DefaultFileLockManager] Releasing lock on daemon addresses registry.
11:21:46.352 [DEBUG] [org.gradle.process.internal.health.memory.MemoryManager] Emitting OS memory status event {Total: 16440082432, Free: 14027776000}
11:21:46.352 [DEBUG] [org.gradle.launcher.daemon.server.health.LowMemoryDaemonExpirationStrategy] Received memory status update: {Total: 16440082432, Free: 14027776000}
11:21:46.352 [DEBUG] [org.gradle.process.internal.health.memory.MemoryManager] Emitting JVM memory status event {Maximum: 1073741824, Committed: 260046848}
11:21:51.352 [DEBUG] [org.gradle.process.internal.health.memory.MemoryManager] Emitting OS memory status event {Total: 16440082432, Free: 14027792384}
11:21:51.352 [DEBUG] [org.gradle.launcher.daemon.server.health.LowMemoryDaemonExpirationStrategy] Received memory status update: {Total: 16440082432, Free: 14027792384}
11:21:51.352 [DEBUG] [org.gradle.process.internal.health.memory.MemoryManager] Emitting JVM memory status event {Maximum: 1073741824, Committed: 260046848}
11:21:55.774 [DEBUG] [org.gradle.launcher.daemon.server.Daemon] DaemonExpirationPeriodicCheck running
11:21:55.774 [DEBUG] [org.gradle.cache.internal.DefaultFileLockManager] Waiting to acquire shared lock on daemon addresses registry.
11:21:55.774 [DEBUG] [org.gradle.cache.internal.DefaultFileLockManager] Lock acquired on daemon addresses registry.
11:21:55.774 [DEBUG] [org.gradle.cache.internal.DefaultFileLockManager] Releasing lock on daemon addresses registry.
11:21:55.774 [DEBUG] [org.gradle.cache.internal.DefaultFileLockManager] Waiting to acquire shared lock on daemon addresses registry.
11:21:55.774 [DEBUG] [org.gradle.cache.internal.DefaultFileLockManager] Lock acquired on daemon addresses registry.
11:21:55.774 [DEBUG] [org.gradle.cache.internal.DefaultFileLockManager] Releasing lock on daemon addresses registry.
11:21:55.774 [DEBUG] [org.gradle.cache.internal.DefaultFileLockManager] Waiting to acquire shared lock on daemon addresses registry.
11:21:55.774 [DEBUG] [org.gradle.cache.internal.DefaultFileLockManager] Lock acquired on daemon addresses registry.
11:21:55.774 [DEBUG] [org.gradle.cache.internal.DefaultFileLockManager] Releasing lock on daemon addresses registry.
11:21:56.351 [DEBUG] [org.gradle.process.internal.health.memory.MemoryManager] Emitting OS memory status event {Total: 16440082432, Free: 14027284480}
11:21:56.351 [DEBUG] [org.gradle.launcher.daemon.server.health.LowMemoryDaemonExpirationStrategy] Received memory status update: {Total: 16440082432, Free: 14027284480}
11:21:56.351 [DEBUG] [org.gradle.process.internal.health.memory.MemoryManager] Emitting JVM memory status event {Maximum: 1073741824, Committed: 260046848}
11:22:01.352 [DEBUG] [org.gradle.process.internal.health.memory.MemoryManager] Emitting OS memory status event {Total: 16440082432, Free: 14028292096}
11:22:01.352 [DEBUG] [org.gradle.launcher.daemon.server.health.LowMemoryDaemonExpirationStrategy] Received memory status update: {Total: 16440082432, Free: 14028292096}
11:22:01.352 [DEBUG] [org.gradle.process.internal.health.memory.MemoryManager] Emitting JVM memory status event {Maximum: 1073741824, Committed: 260046848}
11:22:05.774 [DEBUG] [org.gradle.launcher.daemon.server.Daemon] DaemonExpirationPeriodicCheck running
11:22:05.774 [DEBUG] [org.gradle.cache.internal.DefaultFileLockManager] Waiting to acquire shared lock on daemon addresses registry.
11:22:05.774 [DEBUG] [org.gradle.cache.internal.DefaultFileLockManager] Lock acquired on daemon addresses registry.
11:22:05.774 [DEBUG] [org.gradle.cache.internal.DefaultFileLockManager] Releasing lock on daemon addresses registry.
11:22:05.774 [DEBUG] [org.gradle.cache.internal.DefaultFileLockManager] Waiting to acquire shared lock on daemon addresses registry.
11:22:05.774 [DEBUG] [org.gradle.cache.internal.DefaultFileLockManager] Lock acquired on daemon addresses registry.
11:22:05.774 [DEBUG] [org.gradle.cache.internal.DefaultFileLockManager] Releasing lock on daemon addresses registry.
11:22:05.774 [DEBUG] [org.gradle.cache.internal.DefaultFileLockManager] Waiting to acquire shared lock on daemon addresses registry.
11:22:05.774 [DEBUG] [org.gradle.cache.internal.DefaultFileLockManager] Lock acquired on daemon addresses registry.
11:22:05.774 [DEBUG] [org.gradle.cache.internal.DefaultFileLockManager] Releasing lock on daemon addresses registry.
11:22:06.352 [DEBUG] [org.gradle.process.internal.health.memory.MemoryManager] Emitting OS memory status event {Total: 16440082432, Free: 14029791232}
11:22:06.352 [DEBUG] [org.gradle.launcher.daemon.server.health.LowMemoryDaemonExpirationStrategy] Received memory status update: {Total: 16440082432, Free: 14029791232}
11:22:06.352 [DEBUG] [org.gradle.process.internal.health.memory.MemoryManager] Emitting JVM memory status event {Maximum: 1073741824, Committed: 260046848}
11:22:11.352 [DEBUG] [org.gradle.process.internal.health.memory.MemoryManager] Emitting OS memory status event {Total: 16440082432, Free: 14029799424}
11:22:11.352 [DEBUG] [org.gradle.launcher.daemon.server.health.LowMemoryDaemonExpirationStrategy] Received memory status update: {Total: 16440082432, Free: 14029799424}
11:22:11.352 [DEBUG] [org.gradle.process.internal.health.memory.MemoryManager] Emitting JVM memory status event {Maximum: 1073741824, Committed: 260046848}
11:22:15.774 [DEBUG] [org.gradle.launcher.daemon.server.Daemon] DaemonExpirationPeriodicCheck running
11:22:15.774 [DEBUG] [org.gradle.cache.internal.DefaultFileLockManager] Waiting to acquire shared lock on daemon addresses registry.
11:22:15.774 [DEBUG] [org.gradle.cache.internal.DefaultFileLockManager] Lock acquired on daemon addresses registry.
11:22:15.774 [DEBUG] [org.gradle.cache.internal.DefaultFileLockManager] Releasing lock on daemon addresses registry.
11:22:15.774 [DEBUG] [org.gradle.cache.internal.DefaultFileLockManager] Waiting to acquire shared lock on daemon addresses registry.
11:22:15.774 [DEBUG] [org.gradle.cache.internal.DefaultFileLockManager] Lock acquired on daemon addresses registry.
11:22:15.774 [DEBUG] [org.gradle.cache.internal.DefaultFileLockManager] Releasing lock on daemon addresses registry.
11:22:15.774 [DEBUG] [org.gradle.cache.internal.DefaultFileLockManager] Waiting to acquire shared lock on daemon addresses registry.
11:22:15.774 [DEBUG] [org.gradle.cache.internal.DefaultFileLockManager] Lock acquired on daemon addresses registry.
11:22:15.774 [DEBUG] [org.gradle.cache.internal.DefaultFileLockManager] Releasing lock on daemon addresses registry.
11:22:16.352 [DEBUG] [org.gradle.process.internal.health.memory.MemoryManager] Emitting OS memory status event {Total: 16440082432, Free: 14029807616}
11:22:16.352 [DEBUG] [org.gradle.launcher.daemon.server.health.LowMemoryDaemonExpirationStrategy] Received memory status update: {Total: 16440082432, Free: 14029807616}
11:22:16.352 [DEBUG] [org.gradle.process.internal.health.memory.MemoryManager] Emitting JVM memory status event {Maximum: 1073741824, Committed: 260046848}
11:22:21.352 [DEBUG] [org.gradle.process.internal.health.memory.MemoryManager] Emitting OS memory status event {Total: 16440082432, Free: 14029574144}
11:22:21.352 [DEBUG] [org.gradle.launcher.daemon.server.health.LowMemoryDaemonExpirationStrategy] Received memory status update: {Total: 16440082432, Free: 14029574144}
11:22:21.352 [DEBUG] [org.gradle.process.internal.health.memory.MemoryManager] Emitting JVM memory status event {Maximum: 1073741824, Committed: 260046848}
11:22:25.774 [DEBUG] [org.gradle.launcher.daemon.server.Daemon] DaemonExpirationPeriodicCheck running
11:22:25.774 [DEBUG] [org.gradle.cache.internal.DefaultFileLockManager] Waiting to acquire shared lock on daemon addresses registry.
11:22:25.774 [DEBUG] [org.gradle.cache.internal.DefaultFileLockManager] Lock acquired on daemon addresses registry.
11:22:25.774 [DEBUG] [org.gradle.cache.internal.DefaultFileLockManager] Releasing lock on daemon addresses registry.
11:22:25.774 [DEBUG] [org.gradle.cache.internal.DefaultFileLockManager] Waiting to acquire shared lock on daemon addresses registry.
11:22:25.774 [DEBUG] [org.gradle.cache.internal.DefaultFileLockManager] Lock acquired on daemon addresses registry.
11:22:25.774 [DEBUG] [org.gradle.cache.internal.DefaultFileLockManager] Releasing lock on daemon addresses registry.
11:22:25.774 [DEBUG] [org.gradle.cache.internal.DefaultFileLockManager] Waiting to acquire shared lock on daemon addresses registry.
11:22:25.774 [DEBUG] [org.gradle.cache.internal.DefaultFileLockManager] Lock acquired on daemon addresses registry.
11:22:25.774 [DEBUG] [org.gradle.cache.internal.DefaultFileLockManager] Releasing lock on daemon addresses registry.
11:22:26.352 [DEBUG] [org.gradle.process.internal.health.memory.MemoryManager] Emitting OS memory status event {Total: 16440082432, Free: 14029582336}
11:22:26.352 [DEBUG] [org.gradle.launcher.daemon.server.health.LowMemoryDaemonExpirationStrategy] Received memory status update: {Total: 16440082432, Free: 14029582336}
11:22:26.352 [DEBUG] [org.gradle.process.internal.health.memory.MemoryManager] Emitting JVM memory status event {Maximum: 1073741824, Committed: 260046848}
11:22:31.352 [DEBUG] [org.gradle.process.internal.health.memory.MemoryManager] Emitting OS memory status event {Total: 16440082432, Free: 14029590528}
11:22:31.352 [DEBUG] [org.gradle.launcher.daemon.server.health.LowMemoryDaemonExpirationStrategy] Received memory status update: {Total: 16440082432, Free: 14029590528}
11:22:31.352 [DEBUG] [org.gradle.process.internal.health.memory.MemoryManager] Emitting JVM memory status event {Maximum: 1073741824, Committed: 260046848}
11:22:35.774 [DEBUG] [org.gradle.launcher.daemon.server.Daemon] DaemonExpirationPeriodicCheck running
11:22:35.774 [DEBUG] [org.gradle.cache.internal.DefaultFileLockManager] Waiting to acquire shared lock on daemon addresses registry.
11:22:35.774 [DEBUG] [org.gradle.cache.internal.DefaultFileLockManager] Lock acquired on daemon addresses registry.
11:22:35.774 [DEBUG] [org.gradle.cache.internal.DefaultFileLockManager] Releasing lock on daemon addresses registry.
11:22:35.774 [DEBUG] [org.gradle.cache.internal.DefaultFileLockManager] Waiting to acquire shared lock on daemon addresses registry.
11:22:35.774 [DEBUG] [org.gradle.cache.internal.DefaultFileLockManager] Lock acquired on daemon addresses registry.
11:22:35.774 [DEBUG] [org.gradle.cache.internal.DefaultFileLockManager] Releasing lock on daemon addresses registry.
11:22:35.774 [DEBUG] [org.gradle.cache.internal.DefaultFileLockManager] Waiting to acquire shared lock on daemon addresses registry.
11:22:35.774 [DEBUG] [org.gradle.cache.internal.DefaultFileLockManager] Lock acquired on daemon addresses registry.
11:22:35.774 [DEBUG] [org.gradle.cache.internal.DefaultFileLockManager] Releasing lock on daemon addresses registry.
11:22:36.352 [DEBUG] [org.gradle.process.internal.health.memory.MemoryManager] Emitting OS memory status event {Total: 16440082432, Free: 14029598720}
11:22:36.352 [DEBUG] [org.gradle.launcher.daemon.server.health.LowMemoryDaemonExpirationStrategy] Received memory status update: {Total: 16440082432, Free: 14029598720}
11:22:36.352 [DEBUG] [org.gradle.process.internal.health.memory.MemoryManager] Emitting JVM memory status event {Maximum: 1073741824, Committed: 260046848}
11:22:41.352 [DEBUG] [org.gradle.process.internal.health.memory.MemoryManager] Emitting OS memory status event {Total: 16440082432, Free: 14029488128}
11:22:41.352 [DEBUG] [org.gradle.launcher.daemon.server.health.LowMemoryDaemonExpirationStrategy] Received memory status update: {Total: 16440082432, Free: 14029488128}
11:22:41.352 [DEBUG] [org.gradle.process.internal.health.memory.MemoryManager] Emitting JVM memory status event {Maximum: 1073741824, Committed: 260046848}
11:22:45.774 [DEBUG] [org.gradle.launcher.daemon.server.Daemon] DaemonExpirationPeriodicCheck running
11:22:45.774 [DEBUG] [org.gradle.cache.internal.DefaultFileLockManager] Waiting to acquire shared lock on daemon addresses registry.
11:22:45.774 [DEBUG] [org.gradle.cache.internal.DefaultFileLockManager] Lock acquired on daemon addresses registry.
11:22:45.774 [DEBUG] [org.gradle.cache.internal.DefaultFileLockManager] Releasing lock on daemon addresses registry.
11:22:45.774 [DEBUG] [org.gradle.cache.internal.DefaultFileLockManager] Waiting to acquire shared lock on daemon addresses registry.
11:22:45.774 [DEBUG] [org.gradle.cache.internal.DefaultFileLockManager] Lock acquired on daemon addresses registry.
11:22:45.774 [DEBUG] [org.gradle.cache.internal.DefaultFileLockManager] Releasing lock on daemon addresses registry.
11:22:45.774 [DEBUG] [org.gradle.cache.internal.DefaultFileLockManager] Waiting to acquire shared lock on daemon addresses registry.
11:22:45.774 [DEBUG] [org.gradle.cache.internal.DefaultFileLockManager] Lock acquired on daemon addresses registry.
11:22:45.774 [DEBUG] [org.gradle.cache.internal.DefaultFileLockManager] Releasing lock on daemon addresses registry.
11:22:46.352 [DEBUG] [org.gradle.process.internal.health.memory.MemoryManager] Emitting OS memory status event {Total: 16440082432, Free: 14029488128}
11:22:46.352 [DEBUG] [org.gradle.launcher.daemon.server.health.LowMemoryDaemonExpirationStrategy] Received memory status update: {Total: 16440082432, Free: 14029488128}
11:22:46.352 [DEBUG] [org.gradle.process.internal.health.memory.MemoryManager] Emitting JVM memory status event {Maximum: 1073741824, Committed: 260046848}
11:22:51.352 [DEBUG] [org.gradle.process.internal.health.memory.MemoryManager] Emitting OS memory status event {Total: 16440082432, Free: 14029254656}
11:22:51.352 [DEBUG] [org.gradle.launcher.daemon.server.health.LowMemoryDaemonExpirationStrategy] Received memory status update: {Total: 16440082432, Free: 14029254656}
11:22:51.352 [DEBUG] [org.gradle.process.internal.health.memory.MemoryManager] Emitting JVM memory status event {Maximum: 1073741824, Committed: 260046848}
11:22:55.774 [DEBUG] [org.gradle.launcher.daemon.server.Daemon] DaemonExpirationPeriodicCheck running
11:22:55.774 [DEBUG] [org.gradle.cache.internal.DefaultFileLockManager] Waiting to acquire shared lock on daemon addresses registry.
11:22:55.774 [DEBUG] [org.gradle.cache.internal.DefaultFileLockManager] Lock acquired on daemon addresses registry.
11:22:55.774 [DEBUG] [org.gradle.cache.internal.DefaultFileLockManager] Releasing lock on daemon addresses registry.
11:22:55.774 [DEBUG] [org.gradle.cache.internal.DefaultFileLockManager] Waiting to acquire shared lock on daemon addresses registry.
11:22:55.774 [DEBUG] [org.gradle.cache.internal.DefaultFileLockManager] Lock acquired on daemon addresses registry.
11:22:55.774 [DEBUG] [org.gradle.cache.internal.DefaultFileLockManager] Releasing lock on daemon addresses registry.
11:22:55.774 [DEBUG] [org.gradle.cache.internal.DefaultFileLockManager] Waiting to acquire shared lock on daemon addresses registry.
11:22:55.774 [DEBUG] [org.gradle.cache.internal.DefaultFileLockManager] Lock acquired on daemon addresses registry.
11:22:55.774 [DEBUG] [org.gradle.cache.internal.DefaultFileLockManager] Releasing lock on daemon addresses registry.
11:22:56.352 [DEBUG] [org.gradle.process.internal.health.memory.MemoryManager] Emitting OS memory status event {Total: 16440082432, Free: 14029283328}
11:22:56.352 [DEBUG] [org.gradle.launcher.daemon.server.health.LowMemoryDaemonExpirationStrategy] Received memory status update: {Total: 16440082432, Free: 14029283328}
11:22:56.352 [DEBUG] [org.gradle.process.internal.health.memory.MemoryManager] Emitting JVM memory status event {Maximum: 1073741824, Committed: 260046848}
11:23:01.352 [DEBUG] [org.gradle.process.internal.health.memory.MemoryManager] Emitting OS memory status event {Total: 16440082432, Free: 14029283328}
11:23:01.352 [DEBUG] [org.gradle.launcher.daemon.server.health.LowMemoryDaemonExpirationStrategy] Received memory status update: {Total: 16440082432, Free: 14029283328}
11:23:01.352 [DEBUG] [org.gradle.process.internal.health.memory.MemoryManager] Emitting JVM memory status event {Maximum: 1073741824, Committed: 260046848}
11:23:05.774 [DEBUG] [org.gradle.launcher.daemon.server.Daemon] DaemonExpirationPeriodicCheck running
11:23:05.774 [DEBUG] [org.gradle.cache.internal.DefaultFileLockManager] Waiting to acquire shared lock on daemon addresses registry.
11:23:05.774 [DEBUG] [org.gradle.cache.internal.DefaultFileLockManager] Lock acquired on daemon addresses registry.
11:23:05.774 [DEBUG] [org.gradle.cache.internal.DefaultFileLockManager] Releasing lock on daemon addresses registry.
11:23:05.774 [DEBUG] [org.gradle.cache.internal.DefaultFileLockManager] Waiting to acquire shared lock on daemon addresses registry.
11:23:05.774 [DEBUG] [org.gradle.cache.internal.DefaultFileLockManager] Lock acquired on daemon addresses registry.
11:23:05.774 [DEBUG] [org.gradle.cache.internal.DefaultFileLockManager] Releasing lock on daemon addresses registry.
11:23:05.774 [DEBUG] [org.gradle.cache.internal.DefaultFileLockManager] Waiting to acquire shared lock on daemon addresses registry.
11:23:05.774 [DEBUG] [org.gradle.cache.internal.DefaultFileLockManager] Lock acquired on daemon addresses registry.
11:23:05.774 [DEBUG] [org.gradle.cache.internal.DefaultFileLockManager] Releasing lock on daemon addresses registry.
11:23:06.352 [DEBUG] [org.gradle.process.internal.health.memory.MemoryManager] Emitting OS memory status event {Total: 16440082432, Free: 14029287424}
11:23:06.352 [DEBUG] [org.gradle.launcher.daemon.server.health.LowMemoryDaemonExpirationStrategy] Received memory status update: {Total: 16440082432, Free: 14029287424}
11:23:06.352 [DEBUG] [org.gradle.process.internal.health.memory.MemoryManager] Emitting JVM memory status event {Maximum: 1073741824, Committed: 260046848}
11:23:11.352 [DEBUG] [org.gradle.process.internal.health.memory.MemoryManager] Emitting OS memory status event {Total: 16440082432, Free: 14029340672}
11:23:11.352 [DEBUG] [org.gradle.launcher.daemon.server.health.LowMemoryDaemonExpirationStrategy] Received memory status update: {Total: 16440082432, Free: 14029340672}
11:23:11.352 [DEBUG] [org.gradle.process.internal.health.memory.MemoryManager] Emitting JVM memory status event {Maximum: 1073741824, Committed: 260046848}
11:23:15.774 [DEBUG] [org.gradle.launcher.daemon.server.Daemon] DaemonExpirationPeriodicCheck running
11:23:15.774 [DEBUG] [org.gradle.cache.internal.DefaultFileLockManager] Waiting to acquire shared lock on daemon addresses registry.
11:23:15.774 [DEBUG] [org.gradle.cache.internal.DefaultFileLockManager] Lock acquired on daemon addresses registry.
11:23:15.774 [DEBUG] [org.gradle.cache.internal.DefaultFileLockManager] Releasing lock on daemon addresses registry.
11:23:15.774 [DEBUG] [org.gradle.cache.internal.DefaultFileLockManager] Waiting to acquire shared lock on daemon addresses registry.
11:23:15.774 [DEBUG] [org.gradle.cache.internal.DefaultFileLockManager] Lock acquired on daemon addresses registry.
11:23:15.774 [DEBUG] [org.gradle.cache.internal.DefaultFileLockManager] Releasing lock on daemon addresses registry.
11:23:15.774 [DEBUG] [org.gradle.cache.internal.DefaultFileLockManager] Waiting to acquire shared lock on daemon addresses registry.
11:23:15.774 [DEBUG] [org.gradle.cache.internal.DefaultFileLockManager] Lock acquired on daemon addresses registry.
11:23:15.774 [DEBUG] [org.gradle.cache.internal.DefaultFileLockManager] Releasing lock on daemon addresses registry.
11:23:16.352 [DEBUG] [org.gradle.process.internal.health.memory.MemoryManager] Emitting OS memory status event {Total: 16440082432, Free: 14029402112}
11:23:16.352 [DEBUG] [org.gradle.launcher.daemon.server.health.LowMemoryDaemonExpirationStrategy] Received memory status update: {Total: 16440082432, Free: 14029402112}
11:23:16.352 [DEBUG] [org.gradle.process.internal.health.memory.MemoryManager] Emitting JVM memory status event {Maximum: 1073741824, Committed: 260046848}
11:23:21.352 [DEBUG] [org.gradle.process.internal.health.memory.MemoryManager] Emitting OS memory status event {Total: 16440082432, Free: 14029406208}
11:23:21.352 [DEBUG] [org.gradle.launcher.daemon.server.health.LowMemoryDaemonExpirationStrategy] Received memory status update: {Total: 16440082432, Free: 14029406208}
11:23:21.352 [DEBUG] [org.gradle.process.internal.health.memory.MemoryManager] Emitting JVM memory status event {Maximum: 1073741824, Committed: 260046848}
11:23:25.774 [DEBUG] [org.gradle.launcher.daemon.server.Daemon] DaemonExpirationPeriodicCheck running
11:23:25.774 [DEBUG] [org.gradle.cache.internal.DefaultFileLockManager] Waiting to acquire shared lock on daemon addresses registry.
11:23:25.774 [DEBUG] [org.gradle.cache.internal.DefaultFileLockManager] Lock acquired on daemon addresses registry.
11:23:25.774 [DEBUG] [org.gradle.cache.internal.DefaultFileLockManager] Releasing lock on daemon addresses registry.
11:23:25.774 [DEBUG] [org.gradle.cache.internal.DefaultFileLockManager] Waiting to acquire shared lock on daemon addresses registry.
11:23:25.774 [DEBUG] [org.gradle.cache.internal.DefaultFileLockManager] Lock acquired on daemon addresses registry.
11:23:25.774 [DEBUG] [org.gradle.cache.internal.DefaultFileLockManager] Releasing lock on daemon addresses registry.
11:23:25.774 [DEBUG] [org.gradle.cache.internal.DefaultFileLockManager] Waiting to acquire shared lock on daemon addresses registry.
11:23:25.774 [DEBUG] [org.gradle.cache.internal.DefaultFileLockManager] Lock acquired on daemon addresses registry.
11:23:25.774 [DEBUG] [org.gradle.cache.internal.DefaultFileLockManager] Releasing lock on daemon addresses registry.
11:23:26.352 [DEBUG] [org.gradle.process.internal.health.memory.MemoryManager] Emitting OS memory status event {Total: 16440082432, Free: 14029148160}
11:23:26.352 [DEBUG] [org.gradle.launcher.daemon.server.health.LowMemoryDaemonExpirationStrategy] Received memory status update: {Total: 16440082432, Free: 14029148160}
11:23:26.352 [DEBUG] [org.gradle.process.internal.health.memory.MemoryManager] Emitting JVM memory status event {Maximum: 1073741824, Committed: 260046848}
11:23:31.352 [DEBUG] [org.gradle.process.internal.health.memory.MemoryManager] Emitting OS memory status event {Total: 16440082432, Free: 14029148160}
11:23:31.352 [DEBUG] [org.gradle.launcher.daemon.server.health.LowMemoryDaemonExpirationStrategy] Received memory status update: {Total: 16440082432, Free: 14029148160}
11:23:31.352 [DEBUG] [org.gradle.process.internal.health.memory.MemoryManager] Emitting JVM memory status event {Maximum: 1073741824, Committed: 260046848}
11:23:35.774 [DEBUG] [org.gradle.launcher.daemon.server.Daemon] DaemonExpirationPeriodicCheck running
11:23:35.774 [DEBUG] [org.gradle.cache.internal.DefaultFileLockManager] Waiting to acquire shared lock on daemon addresses registry.
11:23:35.774 [DEBUG] [org.gradle.cache.internal.DefaultFileLockManager] Lock acquired on daemon addresses registry.
11:23:35.774 [DEBUG] [org.gradle.cache.internal.DefaultFileLockManager] Releasing lock on daemon addresses registry.
11:23:35.774 [DEBUG] [org.gradle.cache.internal.DefaultFileLockManager] Waiting to acquire shared lock on daemon addresses registry.
11:23:35.774 [DEBUG] [org.gradle.cache.internal.DefaultFileLockManager] Lock acquired on daemon addresses registry.
11:23:35.774 [DEBUG] [org.gradle.cache.internal.DefaultFileLockManager] Releasing lock on daemon addresses registry.
11:23:35.774 [DEBUG] [org.gradle.cache.internal.DefaultFileLockManager] Waiting to acquire shared lock on daemon addresses registry.
11:23:35.774 [DEBUG] [org.gradle.cache.internal.DefaultFileLockManager] Lock acquired on daemon addresses registry.
11:23:35.774 [DEBUG] [org.gradle.cache.internal.DefaultFileLockManager] Releasing lock on daemon addresses registry.
11:23:36.352 [DEBUG] [org.gradle.process.internal.health.memory.MemoryManager] Emitting OS memory status event {Total: 16440082432, Free: 14029156352}
11:23:36.352 [DEBUG] [org.gradle.launcher.daemon.server.health.LowMemoryDaemonExpirationStrategy] Received memory status update: {Total: 16440082432, Free: 14029156352}
11:23:36.352 [DEBUG] [org.gradle.process.internal.health.memory.MemoryManager] Emitting JVM memory status event {Maximum: 1073741824, Committed: 260046848}
11:23:41.352 [DEBUG] [org.gradle.process.internal.health.memory.MemoryManager] Emitting OS memory status event {Total: 16440082432, Free: 14028918784}
11:23:41.352 [DEBUG] [org.gradle.launcher.daemon.server.health.LowMemoryDaemonExpirationStrategy] Received memory status update: {Total: 16440082432, Free: 14028918784}
11:23:41.352 [DEBUG] [org.gradle.process.internal.health.memory.MemoryManager] Emitting JVM memory status event {Maximum: 1073741824, Committed: 260046848}
11:23:45.774 [DEBUG] [org.gradle.launcher.daemon.server.Daemon] DaemonExpirationPeriodicCheck running
11:23:45.774 [DEBUG] [org.gradle.cache.internal.DefaultFileLockManager] Waiting to acquire shared lock on daemon addresses registry.
11:23:45.774 [DEBUG] [org.gradle.cache.internal.DefaultFileLockManager] Lock acquired on daemon addresses registry.
11:23:45.774 [DEBUG] [org.gradle.cache.internal.DefaultFileLockManager] Releasing lock on daemon addresses registry.
11:23:45.774 [DEBUG] [org.gradle.cache.internal.DefaultFileLockManager] Waiting to acquire shared lock on daemon addresses registry.
11:23:45.774 [DEBUG] [org.gradle.cache.internal.DefaultFileLockManager] Lock acquired on daemon addresses registry.
11:23:45.774 [DEBUG] [org.gradle.cache.internal.DefaultFileLockManager] Releasing lock on daemon addresses registry.
11:23:45.774 [DEBUG] [org.gradle.cache.internal.DefaultFileLockManager] Waiting to acquire shared lock on daemon addresses registry.
11:23:45.774 [DEBUG] [org.gradle.cache.internal.DefaultFileLockManager] Lock acquired on daemon addresses registry.
11:23:45.774 [DEBUG] [org.gradle.cache.internal.DefaultFileLockManager] Releasing lock on daemon addresses registry.
11:23:46.352 [DEBUG] [org.gradle.process.internal.health.memory.MemoryManager] Emitting OS memory status event {Total: 16440082432, Free: 14028984320}
11:23:46.352 [DEBUG] [org.gradle.launcher.daemon.server.health.LowMemoryDaemonExpirationStrategy] Received memory status update: {Total: 16440082432, Free: 14028984320}
11:23:46.352 [DEBUG] [org.gradle.process.internal.health.memory.MemoryManager] Emitting JVM memory status event {Maximum: 1073741824, Committed: 260046848}
11:23:51.352 [DEBUG] [org.gradle.process.internal.health.memory.MemoryManager] Emitting OS memory status event {Total: 16440082432, Free: 14027620352}
11:23:51.352 [DEBUG] [org.gradle.launcher.daemon.server.health.LowMemoryDaemonExpirationStrategy] Received memory status update: {Total: 16440082432, Free: 14027620352}
11:23:51.352 [DEBUG] [org.gradle.process.internal.health.memory.MemoryManager] Emitting JVM memory status event {Maximum: 1073741824, Committed: 260046848}
11:23:55.774 [DEBUG] [org.gradle.launcher.daemon.server.Daemon] DaemonExpirationPeriodicCheck running
11:23:55.774 [DEBUG] [org.gradle.cache.internal.DefaultFileLockManager] Waiting to acquire shared lock on daemon addresses registry.
11:23:55.774 [DEBUG] [org.gradle.cache.internal.DefaultFileLockManager] Lock acquired on daemon addresses registry.
11:23:55.774 [DEBUG] [org.gradle.cache.internal.DefaultFileLockManager] Releasing lock on daemon addresses registry.
11:23:55.774 [DEBUG] [org.gradle.cache.internal.DefaultFileLockManager] Waiting to acquire shared lock on daemon addresses registry.
11:23:55.774 [DEBUG] [org.gradle.cache.internal.DefaultFileLockManager] Lock acquired on daemon addresses registry.
11:23:55.774 [DEBUG] [org.gradle.cache.internal.DefaultFileLockManager] Releasing lock on daemon addresses registry.
11:23:55.774 [DEBUG] [org.gradle.cache.internal.DefaultFileLockManager] Waiting to acquire shared lock on daemon addresses registry.
11:23:55.774 [DEBUG] [org.gradle.cache.internal.DefaultFileLockManager] Lock acquired on daemon addresses registry.
11:23:55.774 [DEBUG] [org.gradle.cache.internal.DefaultFileLockManager] Releasing lock on daemon addresses registry.
11:23:56.352 [DEBUG] [org.gradle.process.internal.health.memory.MemoryManager] Emitting OS memory status event {Total: 16440082432, Free: 14014881792}
11:23:56.352 [DEBUG] [org.gradle.launcher.daemon.server.health.LowMemoryDaemonExpirationStrategy] Received memory status update: {Total: 16440082432, Free: 14014881792}
11:23:56.352 [DEBUG] [org.gradle.process.internal.health.memory.MemoryManager] Emitting JVM memory status event {Maximum: 1073741824, Committed: 260046848}
11:24:01.352 [DEBUG] [org.gradle.process.internal.health.memory.MemoryManager] Emitting OS memory status event {Total: 16440082432, Free: 13996494848}
11:24:01.352 [DEBUG] [org.gradle.launcher.daemon.server.health.LowMemoryDaemonExpirationStrategy] Received memory status update: {Total: 16440082432, Free: 13996494848}
11:24:01.352 [DEBUG] [org.gradle.process.internal.health.memory.MemoryManager] Emitting JVM memory status event {Maximum: 1073741824, Committed: 260046848}
11:24:05.774 [DEBUG] [org.gradle.launcher.daemon.server.Daemon] DaemonExpirationPeriodicCheck running
11:24:05.774 [DEBUG] [org.gradle.cache.internal.DefaultFileLockManager] Waiting to acquire shared lock on daemon addresses registry.
11:24:05.774 [DEBUG] [org.gradle.cache.internal.DefaultFileLockManager] Lock acquired on daemon addresses registry.
11:24:05.774 [DEBUG] [org.gradle.cache.internal.DefaultFileLockManager] Releasing lock on daemon addresses registry.
11:24:05.774 [DEBUG] [org.gradle.cache.internal.DefaultFileLockManager] Waiting to acquire shared lock on daemon addresses registry.
11:24:05.774 [DEBUG] [org.gradle.cache.internal.DefaultFileLockManager] Lock acquired on daemon addresses registry.
11:24:05.774 [DEBUG] [org.gradle.cache.internal.DefaultFileLockManager] Releasing lock on daemon addresses registry.
11:24:05.774 [DEBUG] [org.gradle.cache.internal.DefaultFileLockManager] Waiting to acquire shared lock on daemon addresses registry.
11:24:05.774 [DEBUG] [org.gradle.cache.internal.DefaultFileLockManager] Lock acquired on daemon addresses registry.
11:24:05.774 [DEBUG] [org.gradle.cache.internal.DefaultFileLockManager] Releasing lock on daemon addresses registry.
11:24:06.352 [DEBUG] [org.gradle.process.internal.health.memory.MemoryManager] Emitting OS memory status event {Total: 16440082432, Free: 14049030144}
11:24:06.352 [DEBUG] [org.gradle.launcher.daemon.server.health.LowMemoryDaemonExpirationStrategy] Received memory status update: {Total: 16440082432, Free: 14049030144}
11:24:06.352 [DEBUG] [org.gradle.process.internal.health.memory.MemoryManager] Emitting JVM memory status event {Maximum: 1073741824, Committed: 260046848}
11:24:11.352 [DEBUG] [org.gradle.process.internal.health.memory.MemoryManager] Emitting OS memory status event {Total: 16440082432, Free: 14079455232}
11:24:11.352 [DEBUG] [org.gradle.launcher.daemon.server.health.LowMemoryDaemonExpirationStrategy] Received memory status update: {Total: 16440082432, Free: 14079455232}
11:24:11.352 [DEBUG] [org.gradle.process.internal.health.memory.MemoryManager] Emitting JVM memory status event {Maximum: 1073741824, Committed: 260046848}
11:24:15.774 [DEBUG] [org.gradle.launcher.daemon.server.Daemon] DaemonExpirationPeriodicCheck running
11:24:15.774 [DEBUG] [org.gradle.cache.internal.DefaultFileLockManager] Waiting to acquire shared lock on daemon addresses registry.
11:24:15.774 [DEBUG] [org.gradle.cache.internal.DefaultFileLockManager] Lock acquired on daemon addresses registry.
11:24:15.774 [DEBUG] [org.gradle.cache.internal.DefaultFileLockManager] Releasing lock on daemon addresses registry.
11:24:15.774 [DEBUG] [org.gradle.cache.internal.DefaultFileLockManager] Waiting to acquire shared lock on daemon addresses registry.
11:24:15.774 [DEBUG] [org.gradle.cache.internal.DefaultFileLockManager] Lock acquired on daemon addresses registry.
11:24:15.774 [DEBUG] [org.gradle.cache.internal.DefaultFileLockManager] Releasing lock on daemon addresses registry.
11:24:15.774 [DEBUG] [org.gradle.cache.internal.DefaultFileLockManager] Waiting to acquire shared lock on daemon addresses registry.
11:24:15.774 [DEBUG] [org.gradle.cache.internal.DefaultFileLockManager] Lock acquired on daemon addresses registry.
11:24:15.774 [DEBUG] [org.gradle.cache.internal.DefaultFileLockManager] Releasing lock on daemon addresses registry.
11:24:16.352 [DEBUG] [org.gradle.process.internal.health.memory.MemoryManager] Emitting OS memory status event {Total: 16440082432, Free: 14079475712}
11:24:16.352 [DEBUG] [org.gradle.launcher.daemon.server.health.LowMemoryDaemonExpirationStrategy] Received memory status update: {Total: 16440082432, Free: 14079475712}
11:24:16.352 [DEBUG] [org.gradle.process.internal.health.memory.MemoryManager] Emitting JVM memory status event {Maximum: 1073741824, Committed: 260046848}
11:24:21.352 [DEBUG] [org.gradle.process.internal.health.memory.MemoryManager] Emitting OS memory status event {Total: 16440082432, Free: 14115512320}
11:24:21.352 [DEBUG] [org.gradle.launcher.daemon.server.health.LowMemoryDaemonExpirationStrategy] Received memory status update: {Total: 16440082432, Free: 14115512320}
11:24:21.352 [DEBUG] [org.gradle.process.internal.health.memory.MemoryManager] Emitting JVM memory status event {Maximum: 1073741824, Committed: 260046848}
11:24:25.774 [DEBUG] [org.gradle.launcher.daemon.server.Daemon] DaemonExpirationPeriodicCheck running
11:24:25.774 [DEBUG] [org.gradle.cache.internal.DefaultFileLockManager] Waiting to acquire shared lock on daemon addresses registry.
11:24:25.774 [DEBUG] [org.gradle.cache.internal.DefaultFileLockManager] Lock acquired on daemon addresses registry.
11:24:25.774 [DEBUG] [org.gradle.cache.internal.DefaultFileLockManager] Releasing lock on daemon addresses registry.
11:24:25.774 [DEBUG] [org.gradle.cache.internal.DefaultFileLockManager] Waiting to acquire shared lock on daemon addresses registry.
11:24:25.774 [DEBUG] [org.gradle.cache.internal.DefaultFileLockManager] Lock acquired on daemon addresses registry.
11:24:25.774 [DEBUG] [org.gradle.cache.internal.DefaultFileLockManager] Releasing lock on daemon addresses registry.
11:24:25.774 [DEBUG] [org.gradle.cache.internal.DefaultFileLockManager] Waiting to acquire shared lock on daemon addresses registry.
11:24:25.774 [DEBUG] [org.gradle.cache.internal.DefaultFileLockManager] Lock acquired on daemon addresses registry.
11:24:25.774 [DEBUG] [org.gradle.cache.internal.DefaultFileLockManager] Releasing lock on daemon addresses registry.
11:24:26.352 [DEBUG] [org.gradle.process.internal.health.memory.MemoryManager] Emitting OS memory status event {Total: 16440082432, Free: 14122573824}
11:24:26.352 [DEBUG] [org.gradle.launcher.daemon.server.health.LowMemoryDaemonExpirationStrategy] Received memory status update: {Total: 16440082432, Free: 14122573824}
11:24:26.352 [DEBUG] [org.gradle.process.internal.health.memory.MemoryManager] Emitting JVM memory status event {Maximum: 1073741824, Committed: 260046848}
